event_id,file_name,start_sample,event_time_s,peak_rank,frequency_khz,magnitude
1,20221018_110039.mat,83779,0.083779,1,155,0.0432153040050188
2,20221018_110039.mat,153628,0.153628,1,160,0.031005858494081
3,20221018_110039.mat,183478,0.183478,1,155,0.0306454326741886
4,20221018_110039.mat,213328,0.213328,1,160,0.0391257209526549
5,20221018_110039.mat,452924,0.452924,1,165,0.0408174999170166
6,20221018_110039.mat,502873,0.502873,1,170,0.0290811663221691
7,20221018_110039.mat,544862,0.544862,1,165,0.0958676530420665
8,20221018_110039.mat,545061,0.545061,1,165,0.128481077370577
9,20221018_110039.mat,631029,0.631029,1,160,0.0942245445498161
10,20221018_110039.mat,631228,0.631228,1,160,0.13512185850023
11,20221018_110039.mat,672421,0.672421,1,180,0.0408354058435721
12,20221018_110039.mat,708440,0.70844,1,340,0.0793357386241726
13,20221018_110039.mat,752220,0.75222,1,185,0.0312817201346016
14,20221018_110039.mat,872018,0.872018,1,280,0.0285557423024181
15,20221018_110039.mat,971916,0.971916,1,280,0.0360670408675961
16,20221018_110039.mat,1091515,1.091515,1,155,0.0315107703568198
17,20221018_110039.mat,1141464,1.141464,1,155,0.0331559697273198
18,20221018_110039.mat,1189224,1.189224,1,160,0.125517629289216
19,20221018_110039.mat,1360961,1.360961,1,160,0.0270709441212332
20,20221018_110039.mat,1391010,1.39101,1,185,0.0455139121169321
21,20221018_110039.mat,1510609,1.510609,1,225,0.0369319780714991
22,20221018_110039.mat,1610507,1.610507,1,170,0.0384980464298053
23,20221018_110039.mat,1720156,1.720156,1,185,0.0295321256633094
24,20221018_110039.mat,1820054,1.820054,1,160,0.034795882923837
25,20221018_110039.mat,1929703,1.929703,1,170,0.0481938572046313
26,20221018_110039.mat,1979652,1.979652,1,175,0.0430790737405564
27,20221018_110039.mat,1999552,1.999552,1,255,0.0292517427355834
28,20221018_110039.mat,2108007,2.108007,1,160,0.0533795212474375
29,20221018_110039.mat,2169299,2.169299,1,175,0.0331789576942557
30,20221018_110039.mat,2268998,2.268998,1,160,0.0307488817955835
31,20221018_110039.mat,2299047,2.299047,1,220,0.0283647190562721
32,20221018_110039.mat,2308997,2.308997,1,285,0.0257518644311229
33,20221018_110039.mat,2398746,2.398746,1,160,0.0397911354711413
34,20221018_110039.mat,2418845,2.418845,1,165,0.0397545276674867
35,20221018_110039.mat,2538444,2.538444,1,235,0.0291909287231087
36,20221018_110039.mat,2548394,2.548394,1,170,0.0299374504051532
37,20221018_110039.mat,2568493,2.568493,1,185,0.034575722886887
38,20221018_110039.mat,2668192,2.668192,1,245,0.0306080061114939
39,20221018_110039.mat,2728091,2.728091,1,180,0.0515630916586389
40,20221018_110039.mat,2847889,2.847889,1,220,0.0342242733920231
41,20221018_110039.mat,2897639,2.897639,1,185,0.0303563834306812
42,20221018_110039.mat,3226984,3.226984,1,170,0.0307405421605154
43,20221018_110039.mat,3266983,3.266983,1,215,0.0346260172705518
44,20221018_110039.mat,3446481,3.446481,1,205,0.035913872046639
45,20221018_110039.mat,3536429,3.536429,1,165,0.0279266675585165
46,20221018_110039.mat,3586179,3.586179,1,160,0.03107246515407
47,20221018_110039.mat,3594736,3.594736,1,155,5.02412425107803
48,20221018_110039.mat,3594935,3.594935,1,160,1.27797757979411
49,20221018_110039.mat,3595134,3.595134,1,160,0.428890929729714
50,20221018_110039.mat,3595333,3.595333,1,160,0.131007605335234
51,20221018_110039.mat,3696027,3.696027,1,225,0.0341279979094186
52,20221018_110039.mat,3875525,3.875525,1,175,0.0284493740879833
53,20221018_110039.mat,3905574,3.905574,1,255,0.0280929532722204
54,20221018_110039.mat,3955523,3.955523,1,225,0.0264062782431293
55,20221018_110039.mat,3975423,3.975423,1,180,0.0378481688980054
56,20221018_110039.mat,4065172,4.065172,1,195,0.0286515716610372
57,20221018_110039.mat,4075122,4.075122,1,140,0.0317649409402957
58,20221018_110039.mat,4254819,4.254819,1,165,0.0385863032935077
59,20221018_110039.mat,4404467,4.404467,1,165,0.0324131627910483
60,20221018_110039.mat,4424367,4.424367,1,170,0.0375124179187396
61,20221018_110039.mat,4474316,4.474316,1,245,0.0384898664120132
62,20221018_110039.mat,4514116,4.514116,1,165,0.0447753772009006
63,20221018_110039.mat,4544165,4.544165,1,225,0.0304189079357505
64,20221018_110039.mat,4574015,4.574015,1,175,0.0327613630942035
65,20221018_110039.mat,4654013,4.654013,1,175,0.0294317246684501
66,20221018_110039.mat,4663963,4.663963,1,180,0.0309342722008003
67,20221018_110039.mat,4773612,4.773612,1,160,0.046078637442142
68,20221018_110039.mat,4893410,4.89341,1,165,0.0445515117647857
69,20221018_110044.mat,10348,0.010348,1,195,0.11654550219635
70,20221018_110044.mat,10547,0.010547,1,160,0.988476398612702
71,20221018_110044.mat,10746,0.010746,1,175,0.0935614473818108
72,20221018_110044.mat,192632,0.192632,1,165,0.038406820998392
73,20221018_110044.mat,262481,0.262481,1,245,0.0305136325869666
74,20221018_110044.mat,287953,0.287953,1,230,0.0443765817360906
75,20221018_110044.mat,322380,0.32238,1,255,0.0300880239834454
76,20221018_110044.mat,356011,0.356011,1,225,0.701470741290439
77,20221018_110044.mat,356210,0.35621,1,180,0.72356698384485
78,20221018_110044.mat,356409,0.356409,1,160,0.149771657853115
79,20221018_110044.mat,358200,0.3582,1,160,0.0600279003575743
80,20221018_110044.mat,422079,0.422079,1,185,0.0308917927266061
81,20221018_110044.mat,462078,0.462078,1,175,0.0459564480699958
82,20221018_110044.mat,512027,0.512027,1,230,0.0361322669253922
83,20221018_110044.mat,530932,0.530932,1,180,0.812747571984129
84,20221018_110044.mat,531131,0.531131,1,175,0.403984970917213
85,20221018_110044.mat,531330,0.53133,1,175,0.0766520378670989
86,20221018_110044.mat,551827,0.551827,1,220,0.0289982238851549
87,20221018_110044.mat,591826,0.591826,1,200,0.0285784557209574
88,20221018_110044.mat,681575,0.681575,1,225,0.0372471916366304
89,20221018_110044.mat,696500,0.6965,1,160,1.14819209536189
90,20221018_110044.mat,696699,0.696699,1,160,0.224894100119433
91,20221018_110044.mat,696898,0.696898,1,160,0.169245536551528
92,20221018_110044.mat,700679,0.700679,1,170,0.808134138418227
93,20221018_110044.mat,700878,0.700878,1,160,1.16528043283522
94,20221018_110044.mat,701077,0.701077,1,175,0.192641213177299
95,20221018_110044.mat,813910,0.81391,1,225,0.0765763851556397
96,20221018_110044.mat,880575,0.880575,1,160,0.297511066214917
97,20221018_110044.mat,913012,0.913012,1,160,0.0526992950427515
98,20221018_110044.mat,991020,0.99102,1,250,0.0350953343934856
99,20221018_110044.mat,1015497,1.015497,1,180,0.0753171451449905
100,20221018_110044.mat,1015696,1.015696,1,160,0.234080891831439
101,20221018_110044.mat,1015895,1.015895,1,160,0.0534640091960207
102,20221018_110044.mat,1031417,1.031417,1,165,0.30330315012288
103,20221018_110044.mat,1031616,1.031616,1,160,0.693229405700968
104,20221018_110044.mat,1031815,1.031815,1,160,0.195526268474053
105,20221018_110044.mat,1032014,1.032014,1,160,0.106204545992807
106,20221018_110044.mat,1060272,1.060272,1,225,0.650982212449117
107,20221018_110044.mat,1060471,1.060471,1,175,1.60886235160058
108,20221018_110044.mat,1060670,1.06067,1,175,0.398513265203742
109,20221018_110044.mat,1060869,1.060869,1,160,0.0746248853858016
110,20221018_110044.mat,1280366,1.280366,1,165,0.0380360710340018
111,20221018_110044.mat,1400363,1.400363,1,175,0.0832303158837762
112,20221018_110044.mat,1400562,1.400562,1,160,0.127124854457896
113,20221018_110044.mat,1467028,1.467028,1,180,0.0527624772394165
114,20221018_110044.mat,1483545,1.483545,1,160,0.105683360138138
115,20221018_110044.mat,1515982,1.515982,1,155,0.0512642944992575
116,20221018_110044.mat,1539862,1.539862,1,165,0.0361115688866321
117,20221018_110044.mat,1569712,1.569712,1,185,0.0345248998713141
118,20221018_110044.mat,1599761,1.599761,1,220,0.0303660370311411
119,20221018_110044.mat,1619661,1.619661,1,170,0.048532041854067
120,20221018_110044.mat,1669610,1.66961,1,160,0.0389308949086587
121,20221018_110044.mat,1799358,1.799358,1,175,0.0318121901606818
122,20221018_110044.mat,1801746,1.801746,1,245,0.131742768245145
123,20221018_110044.mat,1801945,1.801945,1,175,0.509591085346012
124,20221018_110044.mat,1802144,1.802144,1,160,0.230510617244396
125,20221018_110044.mat,1802343,1.802343,1,160,0.0866435226936513
126,20221018_110044.mat,1816671,1.816671,1,160,0.12374087829399
127,20221018_110044.mat,1816870,1.81687,1,160,0.183145162442684
128,20221018_110044.mat,1839158,1.839158,1,160,0.0377202278572153
129,20221018_110044.mat,1859257,1.859257,1,160,0.0343512642350547
130,20221018_110044.mat,1968906,1.968906,1,160,0.0316220142806327
131,20221018_110044.mat,2040944,2.040944,1,160,0.206344694714661
132,20221018_110044.mat,2041143,2.041143,1,165,0.123730060568348
133,20221018_110044.mat,2049899,2.049899,1,230,0.0614423229132746
134,20221018_110044.mat,2050098,2.050098,1,160,0.528212570376897
135,20221018_110044.mat,2060247,2.060247,1,165,0.0631462351898738
136,20221018_110044.mat,2064824,2.064824,1,160,0.0652263472667952
137,20221018_110044.mat,2068008,2.068008,1,160,0.132571689597749
138,20221018_110044.mat,2068605,2.068605,1,160,0.333820173818359
139,20221018_110044.mat,2068804,2.068804,1,165,0.112961466075724
140,20221018_110044.mat,2075769,2.075769,1,165,1.08908905955167
141,20221018_110044.mat,2075968,2.075968,1,165,0.333611528638467
142,20221018_110044.mat,2076167,2.076167,1,160,0.161790208699632
143,20221018_110044.mat,2080147,2.080147,1,165,0.0403702132584356
144,20221018_110044.mat,2080346,2.080346,1,160,0.161565279288711
145,20221018_110044.mat,2080545,2.080545,1,160,10.2172648711089
146,20221018_110044.mat,2080744,2.080744,1,165,3.40499393306739
147,20221018_110044.mat,2080943,2.080943,1,160,1.6456605033017
148,20221018_110044.mat,2081142,2.081142,1,160,0.469740049246159
149,20221018_110044.mat,2081739,2.081739,1,160,0.547970735634678
150,20221018_110044.mat,2081938,2.081938,1,165,0.185461229226638
151,20221018_110044.mat,2118554,2.118554,1,185,0.0368605287994559
152,20221018_110044.mat,2228402,2.228402,1,165,0.0397623458763395
153,20221018_110044.mat,2291684,2.291684,1,160,0.778381046166677
154,20221018_110044.mat,2291883,2.291883,1,160,1.34169695651503
155,20221018_110044.mat,2292082,2.292082,1,160,0.316863814962072
156,20221018_110044.mat,2292281,2.292281,1,160,0.113385901325449
157,20221018_110044.mat,2408099,2.408099,1,230,0.0327927287993508
158,20221018_110044.mat,2426805,2.426805,1,165,0.153200600566852
159,20221018_110044.mat,2427004,2.427004,1,165,0.132206179255173
160,20221018_110044.mat,2504415,2.504415,1,235,0.905075009866237
161,20221018_110044.mat,2504614,2.504614,1,170,0.316327134063109
162,20221018_110044.mat,2504813,2.504813,1,160,0.148509303873445
163,20221018_110044.mat,2617646,2.617646,1,130,0.0286815707402515
164,20221018_110044.mat,2618840,2.61884,1,215,0.137645517338088
165,20221018_110044.mat,2619039,2.619039,1,160,0.842903863560256
166,20221018_110044.mat,2619238,2.619238,1,175,0.0501779198355491
167,20221018_110044.mat,2657446,2.657446,1,180,0.0400565571460586
168,20221018_110044.mat,2667396,2.667396,1,240,0.028439496007808
169,20221018_110044.mat,2680331,2.680331,1,160,0.0921534170953593
170,20221018_110044.mat,2687097,2.687097,1,275,0.15305014627227
171,20221018_110044.mat,2687296,2.687296,1,180,0.587572245095736
172,20221018_110044.mat,2687495,2.687495,1,160,0.0775560564565004
173,20221018_110044.mat,2693266,2.693266,1,280,0.438347825114754
174,20221018_110044.mat,2693465,2.693465,1,180,1.04109798933981
175,20221018_110044.mat,2693664,2.693664,1,160,0.111741903238121
176,20221018_110044.mat,2735454,2.735454,1,155,0.442787324669879
177,20221018_110044.mat,2735653,2.735653,1,180,0.854627876303448
178,20221018_110044.mat,2735852,2.735852,1,160,0.211825236045066
179,20221018_110044.mat,2737245,2.737245,1,180,0.0470859897925615
180,20221018_110044.mat,2752568,2.752568,1,125,0.277249342951137
181,20221018_110044.mat,2752767,2.752767,1,160,0.507600619720841
182,20221018_110044.mat,2752966,2.752966,1,160,7.32201644482535
183,20221018_110044.mat,2753165,2.753165,1,175,1.93002601255743
184,20221018_110044.mat,2753364,2.753364,1,180,0.933619801019868
185,20221018_110044.mat,2753563,2.753563,1,160,0.199076067858979
186,20221018_110044.mat,2753762,2.753762,1,160,1.07765196683882
187,20221018_110044.mat,2753961,2.753961,1,175,0.341611709358179
188,20221018_110044.mat,2754160,2.75416,1,160,0.111494737365848
189,20221018_110044.mat,2754558,2.754558,1,145,0.158982968897662
190,20221018_110044.mat,2754757,2.754757,1,180,0.742025479726696
191,20221018_110044.mat,2754956,2.754956,1,175,0.172062996160809
192,20221018_110044.mat,2757344,2.757344,1,155,0.12223523433731
193,20221018_110044.mat,2757543,2.757543,1,155,0.0972050223897532
194,20221018_110044.mat,2768687,2.768687,1,150,0.218929458457663
195,20221018_110044.mat,2768886,2.768886,1,175,0.0472480714245244
196,20221018_110044.mat,2797144,2.797144,1,100,0.0258692729216937
197,20221018_110044.mat,2816049,2.816049,1,280,1.41878223100989
198,20221018_110044.mat,2816248,2.816248,1,160,2.23941612906158
199,20221018_110044.mat,2816447,2.816447,1,175,0.807319917627587
200,20221018_110044.mat,2816646,2.816646,1,160,0.421114537180745
201,20221018_110044.mat,2816845,2.816845,1,160,0.0833992154038236
202,20221018_110044.mat,2822218,2.822218,1,225,0.549146635146612
203,20221018_110044.mat,2822417,2.822417,1,160,0.180393312580574
204,20221018_110044.mat,2822616,2.822616,1,160,0.0893626826704969
205,20221018_110044.mat,2847093,2.847093,1,240,0.0341081486710746
206,20221018_110044.mat,2848685,2.848685,1,230,0.239402280951817
207,20221018_110044.mat,2848884,2.848884,1,155,0.0517800779023828
208,20221018_110044.mat,2856247,2.856247,1,180,0.119664817699099
209,20221018_110044.mat,2869779,2.869779,1,180,0.0684146146261171
210,20221018_110044.mat,2869978,2.869978,1,160,0.150054380323489
211,20221018_110044.mat,2879729,2.879729,1,160,0.0548677169908619
212,20221018_110044.mat,2929280,2.92928,1,180,0.104751772079595
213,20221018_110044.mat,2936842,2.936842,1,290,0.031819041798839
214,20221018_110044.mat,2956941,2.956941,1,170,0.0506308152538592
215,20221018_110044.mat,2957936,2.957936,1,180,0.292580669007466
216,20221018_110044.mat,2958135,2.958135,1,175,0.0896316678274237
217,20221018_110044.mat,2996542,2.996542,1,285,0.381617593631386
218,20221018_110044.mat,2996741,2.996741,1,180,0.550842880461147
219,20221018_110044.mat,2996940,2.99694,1,160,0.208367618391209
220,20221018_110044.mat,3036740,3.03674,1,160,0.0341155257013046
221,20221018_110044.mat,3056640,3.05664,1,105,0.0281448324350207
222,20221018_110044.mat,3104997,3.104997,1,180,0.735042924635671
223,20221018_110044.mat,3105196,3.105196,1,160,0.353596468372684
224,20221018_110044.mat,3105395,3.105395,1,160,0.100222156317013
225,20221018_110044.mat,3106589,3.106589,1,180,0.0371059374834163
226,20221018_110044.mat,3116539,3.116539,1,250,0.0300964036887039
227,20221018_110044.mat,3126688,3.126688,1,150,0.0906935384730096
228,20221018_110044.mat,3146389,3.146389,1,185,0.0330302435256387
229,20221018_110044.mat,3193154,3.193154,1,175,0.0635973514621076
230,20221018_110044.mat,3193353,3.193353,1,175,0.0480102363923573
231,20221018_110044.mat,3198129,3.198129,1,185,0.0346851639247475
232,20221018_110044.mat,3198328,3.198328,1,175,0.0452147261151562
233,20221018_110044.mat,3217432,3.217432,1,175,0.989037525748103
234,20221018_110044.mat,3217631,3.217631,1,180,1.08526032630287
235,20221018_110044.mat,3217830,3.21783,1,160,0.0915857197203697
236,20221018_110044.mat,3222407,3.222407,1,170,0.0559650196671168
237,20221018_110044.mat,3233153,3.233153,1,180,0.0572170235562072
238,20221018_110044.mat,3236337,3.236337,1,180,0.0307178975312473
239,20221018_110044.mat,3299619,3.299619,1,240,0.041274547535628
240,20221018_110044.mat,3299818,3.299818,1,180,0.100384620096956
241,20221018_110044.mat,3340016,3.340016,1,155,0.363901826526042
242,20221018_110044.mat,3340215,3.340215,1,180,0.199132430437315
243,20221018_110044.mat,3340414,3.340414,1,160,0.0763090461512858
244,20221018_110044.mat,3458620,3.45862,1,175,0.86402007307855
245,20221018_110044.mat,3458819,3.458819,1,155,0.893065892226644
246,20221018_110044.mat,3459018,3.459018,1,175,0.145515744729398
247,20221018_110044.mat,3535434,3.535434,1,170,0.123261939929709
248,20221018_110044.mat,3535633,3.535633,1,165,0.0882293696612531
249,20221018_110044.mat,3643093,3.643093,1,225,0.0780401741856199
250,20221018_110044.mat,3655829,3.655829,1,175,0.060745206005648
251,20221018_110044.mat,3688266,3.688266,1,225,0.076116991810188
252,20221018_110044.mat,3688465,3.688465,1,180,0.966110684512679
253,20221018_110044.mat,3688664,3.688664,1,160,0.197746647624923
254,20221018_110044.mat,3733837,3.733837,1,155,0.0956597428039042
255,20221018_110044.mat,3734036,3.734036,1,280,46.844275331299
256,20221018_110044.mat,3734235,3.734235,1,155,7.32113101367224
257,20221018_110044.mat,3734434,3.734434,1,160,1.47887753975212
258,20221018_110044.mat,3734633,3.734633,1,175,0.28653362449699
259,20221018_110044.mat,3734832,3.734832,1,160,0.763324706861406
260,20221018_110044.mat,3735031,3.735031,1,160,0.445416140569847
261,20221018_110044.mat,3735230,3.73523,1,160,0.0628963566748979
262,20221018_110044.mat,3743588,3.743588,1,165,0.138164346928345
263,20221018_110044.mat,3743787,3.743787,1,185,0.136382846444424
264,20221018_110044.mat,3747767,3.747767,1,160,0.756631266935396
265,20221018_110044.mat,3750951,3.750951,1,165,0.0768448986130238
266,20221018_110044.mat,3751150,3.75115,1,160,0.0605740008504673
267,20221018_110044.mat,3755329,3.755329,1,160,4.22424134702873
268,20221018_110044.mat,3755528,3.755528,1,160,1.03565828330237
269,20221018_110044.mat,3755727,3.755727,1,160,0.212850852907567
270,20221018_110044.mat,3766075,3.766075,1,160,3.80889084813749
271,20221018_110044.mat,3766274,3.766274,1,165,0.854169509841787
272,20221018_110044.mat,3766473,3.766473,1,160,0.18409626144853
273,20221018_110044.mat,3780204,3.780204,1,180,0.727692988347288
274,20221018_110044.mat,3780403,3.780403,1,175,0.420479821576438
275,20221018_110044.mat,3780602,3.780602,1,160,0.138068676404322
276,20221018_110044.mat,3785179,3.785179,1,230,0.0397952053954436
277,20221018_110044.mat,3792343,3.792343,1,240,1.42144569742003
278,20221018_110044.mat,3792542,3.792542,1,180,1.98901698574531
279,20221018_110044.mat,3792741,3.792741,1,160,0.544458584475982
280,20221018_110044.mat,3792940,3.79294,1,160,0.16135036370975
281,20221018_110044.mat,3810651,3.810651,1,180,0.129083245847008
282,20221018_110044.mat,3811248,3.811248,1,160,46.7122918488356
283,20221018_110044.mat,3811447,3.811447,1,160,14.2712636222849
284,20221018_110044.mat,3811646,3.811646,1,160,7.84371989226108
285,20221018_110044.mat,3811845,3.811845,1,160,1.97410898958726
286,20221018_110044.mat,3812044,3.812044,1,160,0.242437942193857
287,20221018_110044.mat,3812243,3.812243,1,160,0.0860678728763003
288,20221018_110044.mat,3838511,3.838511,1,160,0.0688806831217867
289,20221018_110044.mat,3867167,3.867167,1,170,0.14191205862522
290,20221018_110044.mat,3867366,3.867366,1,155,0.302416363684478
291,20221018_110044.mat,3867565,3.867565,1,160,0.0455450340593902
292,20221018_110044.mat,3914927,3.914927,1,170,0.0313038818645242
293,20221018_110044.mat,3918708,3.918708,1,170,0.3288697385176
294,20221018_110044.mat,3924877,3.924877,1,160,0.039936204466426
295,20221018_110044.mat,3934827,3.934827,1,235,0.0308886871765209
296,20221018_110044.mat,3939603,3.939603,1,150,0.29038344136224
297,20221018_110044.mat,3939802,3.939802,1,160,0.133417896918434
298,20221018_110044.mat,3943384,3.943384,1,105,0.0416559918572834
299,20221018_110044.mat,3943583,3.943583,1,160,0.372543154138146
300,20221018_110044.mat,3943782,3.943782,1,175,0.118176787910002
301,20221018_110044.mat,3949354,3.949354,1,230,0.0488074713282557
302,20221018_110044.mat,3997313,3.997313,1,160,0.923485084837516
303,20221018_110044.mat,3997512,3.997512,1,170,0.100371622386415
304,20221018_110044.mat,4022984,4.022984,1,170,0.0809640348646839
305,20221018_110044.mat,4023183,4.023183,1,160,0.127672312338493
306,20221018_110044.mat,4024576,4.024576,1,175,0.0408701919437578
307,20221018_110044.mat,4070744,4.070744,1,165,0.10105916375534
308,20221018_110044.mat,4110146,4.110146,1,165,0.855542594691403
309,20221018_110044.mat,4110345,4.110345,1,165,0.541041083468029
310,20221018_110044.mat,4110544,4.110544,1,160,0.102242858291668
311,20221018_110044.mat,4164274,4.164274,1,210,0.0320212624538214
312,20221018_110044.mat,4174224,4.174224,1,150,0.0292252316152814
313,20221018_110044.mat,4244272,4.244272,1,165,0.0375030879492772
314,20221018_110044.mat,4264172,4.264172,1,185,0.034431394758621
315,20221018_110044.mat,4294022,4.294022,1,170,0.0290915382061163
316,20221018_110044.mat,4326857,4.326857,1,180,0.766657986679363
317,20221018_110044.mat,4327056,4.327056,1,160,0.139357096948172
318,20221018_110044.mat,4357105,4.357105,1,160,0.392692138934305
319,20221018_110044.mat,4357702,4.357702,1,180,0.0746658853903489
320,20221018_110044.mat,4383970,4.38397,1,160,0.0388806905880275
321,20221018_110044.mat,4396308,4.396308,1,180,0.0817516408523533
322,20221018_110044.mat,4433720,4.43372,1,55,0.0335455884060501
323,20221018_110044.mat,4443670,4.44367,1,200,0.0277858868573433
324,20221018_110044.mat,4492823,4.492823,1,170,0.184148884870298
325,20221018_110044.mat,4493022,4.493022,1,165,0.0942364970257864
326,20221018_110044.mat,4543568,4.543568,1,205,0.0291622061647049
327,20221018_110044.mat,4588741,4.588741,1,180,0.104606274759034
328,20221018_110044.mat,4588940,4.58894,1,180,0.115504679885845
329,20221018_110044.mat,4599288,4.599288,1,180,0.0745419750159915
330,20221018_110044.mat,4643267,4.643267,1,185,0.0412410890424332
331,20221018_110044.mat,4693216,4.693216,1,170,0.0376222498523076
332,20221018_110044.mat,4720678,4.720678,1,230,2.07570872935044
333,20221018_110044.mat,4720877,4.720877,1,160,11.6863742550178
334,20221018_110044.mat,4721076,4.721076,1,175,1.07228937293133
335,20221018_110044.mat,4721275,4.721275,1,160,0.59323455505392
336,20221018_110044.mat,4721474,4.721474,1,160,0.087808288176349
337,20221018_110044.mat,4799482,4.799482,1,160,2.11261605488849
338,20221018_110044.mat,4799681,4.799681,1,160,2.83372154693153
339,20221018_110044.mat,4799880,4.79988,1,175,0.804115600366761
340,20221018_110044.mat,4800079,4.800079,1,160,0.506726073280648
341,20221018_110044.mat,4800278,4.800278,1,160,0.0860648052680451
342,20221018_110044.mat,4810626,4.810626,1,200,0.0693691449458809
343,20221018_110044.mat,4810825,4.810825,1,165,0.733906363869789
344,20221018_110044.mat,4811024,4.811024,1,160,0.152062564689185
345,20221018_110044.mat,4815601,4.815601,1,180,0.114785200448081
346,20221018_110044.mat,4862963,4.862963,1,180,0.0318964719537009
347,20221018_110044.mat,4879082,4.879082,1,165,0.18814725962697
348,20221018_110044.mat,4879281,4.879281,1,165,0.133149202026296
349,20221018_110044.mat,4903161,4.903161,1,215,2.46747223419805
350,20221018_110044.mat,4903360,4.90336,1,165,6.79240942097664
351,20221018_110044.mat,4903559,4.903559,1,175,0.721159949736814
352,20221018_110044.mat,4903758,4.903758,1,160,0.273013176728731
353,20221018_110044.mat,4909529,4.909529,1,180,0.0579068882352786
354,20221018_110044.mat,4912713,4.912713,1,155,0.0906341165043071
355,20221018_110044.mat,4912912,4.912912,1,165,0.0603865701395594
356,20221018_110049.mat,24676,0.024676,1,155,0.0356887448414882
357,20221018_110049.mat,48158,0.048158,1,165,0.0672203043125189
358,20221018_110049.mat,51740,0.05174,1,230,0.174998005363239
359,20221018_110049.mat,51939,0.051939,1,160,0.276894171750826
360,20221018_110049.mat,54526,0.054526,1,165,0.0319666711640033
361,20221018_110049.mat,72635,0.072635,1,180,0.253891321535321
362,20221018_110049.mat,84575,0.084575,1,160,0.099411673579966
363,20221018_110049.mat,86565,0.086565,1,180,0.4347231157428
364,20221018_110049.mat,86764,0.086764,1,160,0.0579126520310393
365,20221018_110049.mat,119798,0.119798,1,160,48.1457217418525
366,20221018_110049.mat,119997,0.119997,1,155,12.2646022483756
367,20221018_110049.mat,120196,0.120196,1,160,2.82433393082092
368,20221018_110049.mat,120395,0.120395,1,160,1.00178743450426
369,20221018_110049.mat,120594,0.120594,1,155,0.136282979949378
370,20221018_110049.mat,128355,0.128355,1,155,0.13239683417272
371,20221018_110049.mat,128554,0.128554,1,160,0.0604080075813039
372,20221018_110049.mat,130146,0.130146,1,180,0.133890224329613
373,20221018_110049.mat,130942,0.130942,1,165,0.144949632883875
374,20221018_110049.mat,131141,0.131141,1,175,0.0699794269429133
375,20221018_110049.mat,132136,0.132136,1,160,0.199423576571628
376,20221018_110049.mat,132335,0.132335,1,160,0.0974946168117752
377,20221018_110049.mat,140693,0.140693,1,165,0.515530874402619
378,20221018_110049.mat,140892,0.140892,1,160,0.679249039964164
379,20221018_110049.mat,141091,0.141091,1,160,0.115528048123102
380,20221018_110049.mat,144076,0.144076,1,225,0.241212001127676
381,20221018_110049.mat,177508,0.177508,1,170,0.114377436072633
382,20221018_110049.mat,177707,0.177707,1,160,0.127310427218726
383,20221018_110049.mat,194224,0.194224,1,180,0.0308725370287697
384,20221018_110049.mat,311037,0.311037,1,200,0.186171240825516
385,20221018_110049.mat,311236,0.311236,1,175,0.334355313822473
386,20221018_110049.mat,327952,0.327952,1,185,0.0817823911988748
387,20221018_110049.mat,363971,0.363971,1,255,0.0264541232889197
388,20221018_110049.mat,403771,0.403771,1,220,0.0354557544906993
389,20221018_110049.mat,406159,0.406159,1,235,0.0605638357159617
390,20221018_110049.mat,433422,0.433422,1,225,0.821788431464659
391,20221018_110049.mat,433621,0.433621,1,185,0.219827563356455
392,20221018_110049.mat,484963,0.484963,1,165,0.0690723527837901
393,20221018_110049.mat,485162,0.485162,1,160,0.141512556756918
394,20221018_110049.mat,487152,0.487152,1,180,0.127282605920729
395,20221018_110049.mat,487351,0.487351,1,180,0.118066409550789
396,20221018_110049.mat,489142,0.489142,1,210,0.0366977844102347
397,20221018_110049.mat,489341,0.489341,1,180,0.454908233291179
398,20221018_110049.mat,489540,0.48954,1,160,0.0722071544828978
399,20221018_110049.mat,495510,0.49551,1,180,0.191000102744903
400,20221018_110049.mat,501281,0.501281,1,155,0.050580751557612
401,20221018_110049.mat,607746,0.607746,1,170,2.31802932651317
402,20221018_110049.mat,607945,0.607945,1,160,0.507560060315263
403,20221018_110049.mat,608144,0.608144,1,160,0.140831916273146
404,20221018_110049.mat,635208,0.635208,1,215,0.0991277180670541
405,20221018_110049.mat,635407,0.635407,1,160,0.682845753774931
406,20221018_110049.mat,635606,0.635606,1,160,0.058603082283725
407,20221018_110049.mat,663267,0.663267,1,160,0.0365025681878339
408,20221018_110049.mat,687744,0.687744,1,175,0.0835161304677179
409,20221018_110049.mat,687943,0.687943,1,160,0.263073784325837
410,20221018_110049.mat,693316,0.693316,1,170,0.0293529086530867
411,20221018_110049.mat,739285,0.739285,1,225,1.50206952513884
412,20221018_110049.mat,739484,0.739484,1,160,7.91284812390368
413,20221018_110049.mat,739683,0.739683,1,160,201.819240709394
414,20221018_110049.mat,739882,0.739882,1,160,23.1571270655137
415,20221018_110049.mat,740081,0.740081,1,160,21.531789868408
416,20221018_110049.mat,740280,0.74028,1,160,3.92841531551945
417,20221018_110049.mat,740479,0.740479,1,230,0.615781961487476
418,20221018_110049.mat,740678,0.740678,1,180,0.33842331084481
419,20221018_110049.mat,742071,0.742071,1,160,83.7071888519997
420,20221018_110049.mat,742270,0.74227,1,155,16.7181500184264
421,20221018_110049.mat,742469,0.742469,1,160,8.73435059264253
422,20221018_110049.mat,742668,0.742668,1,160,2.30627860382121
423,20221018_110049.mat,742867,0.742867,1,165,0.650547863807717
424,20221018_110049.mat,743066,0.743066,1,165,0.54005079691158
425,20221018_110049.mat,743265,0.743265,1,160,0.162095945707625
426,20221018_110049.mat,746051,0.746051,1,160,0.126606984907486
427,20221018_110049.mat,746250,0.74625,1,170,0.0711794692375782
428,20221018_110049.mat,833014,0.833014,1,170,0.0367606480315049
429,20221018_110049.mat,875799,0.875799,1,160,0.188975666522415
430,20221018_110049.mat,888933,0.888933,1,160,0.148912305868924
431,20221018_110049.mat,980274,0.980274,1,225,0.0531195891144474
432,20221018_110049.mat,980473,0.980473,1,160,0.0930083000989513
433,20221018_110049.mat,1188229,1.188229,1,210,0.767509835199374
434,20221018_110049.mat,1188428,1.188428,1,175,1.29433013986972
435,20221018_110049.mat,1188627,1.188627,1,160,0.223438930848804
436,20221018_110049.mat,1188826,1.188826,1,160,0.0962127244265212
437,20221018_110049.mat,1195393,1.195393,1,160,0.0783662383669687
438,20221018_110049.mat,1202159,1.202159,1,225,0.0303265381138526
439,20221018_110049.mat,1212109,1.212109,1,130,0.0314793013171071
440,20221018_110049.mat,1277381,1.277381,1,160,1.67403192611758
441,20221018_110049.mat,1277580,1.27758,1,175,0.598682883811618
442,20221018_110049.mat,1277779,1.277779,1,160,0.194663167987988
443,20221018_110049.mat,1291908,1.291908,1,160,0.0412995248185846
444,20221018_110049.mat,1300664,1.300664,1,225,0.0873677602846335
445,20221018_110049.mat,1300863,1.300863,1,160,0.142382927548626
446,20221018_110049.mat,1371309,1.371309,1,180,1.07969620702238
447,20221018_110049.mat,1371508,1.371508,1,160,0.500619661658446
448,20221018_110049.mat,1371707,1.371707,1,160,0.121234854944706
449,20221018_110049.mat,1499266,1.499266,1,160,0.062002316890682
450,20221018_110049.mat,1531504,1.531504,1,180,0.0301576572700274
451,20221018_110049.mat,1532300,1.5323,1,165,0.314933492097689
452,20221018_110049.mat,1532499,1.532499,1,175,0.501802739710935
453,20221018_110049.mat,1532698,1.532698,1,160,0.183206125975251
454,20221018_110049.mat,1535285,1.535285,1,160,1.01821027443846
455,20221018_110049.mat,1535484,1.535484,1,160,0.460750022642743
456,20221018_110049.mat,1535683,1.535683,1,160,0.141439018487309
457,20221018_110049.mat,1561951,1.561951,1,160,0.0703713857768445
458,20221018_110049.mat,1562150,1.56215,1,165,0.0566264358207741
459,20221018_110049.mat,1581453,1.581453,1,160,0.0379994400287606
460,20221018_110049.mat,1591403,1.591403,1,230,0.027046343446146
461,20221018_110049.mat,1594189,1.594189,1,175,0.193743976496633
462,20221018_110049.mat,1614686,1.614686,1,160,0.083443809206956
463,20221018_110049.mat,1651302,1.651302,1,180,0.0359765722819968
464,20221018_110049.mat,1655282,1.655282,1,160,1.99340110536429
465,20221018_110049.mat,1655481,1.655481,1,170,0.532525046384124
466,20221018_110049.mat,1655680,1.65568,1,160,0.0910943806831545
467,20221018_110049.mat,1664436,1.664436,1,180,3.42133283872564
468,20221018_110049.mat,1664635,1.664635,1,160,2.87311455297431
469,20221018_110049.mat,1664834,1.664834,1,160,0.498720619273861
470,20221018_110049.mat,1665033,1.665033,1,160,0.200629099655418
471,20221018_110049.mat,1731101,1.731101,1,230,0.030951684043868
472,20221018_110049.mat,1741051,1.741051,1,160,0.029831539302874
473,20221018_110049.mat,1930698,1.930698,1,265,0.0257640741769834
474,20221018_110049.mat,1938857,1.938857,1,165,0.302627909794432
475,20221018_110049.mat,1939056,1.939056,1,160,0.121081400165332
476,20221018_110049.mat,1970498,1.970498,1,180,0.0272138475072073
477,20221018_110049.mat,2034377,2.034377,1,160,1.47049852416977
478,20221018_110049.mat,2034576,2.034576,1,160,1.92671617248256
479,20221018_110049.mat,2034775,2.034775,1,160,0.329989128934245
480,20221018_110049.mat,2034974,2.034974,1,160,0.174067269079559
481,20221018_110049.mat,2108803,2.108803,1,160,0.323965437555377
482,20221018_110049.mat,2109002,2.109002,1,160,0.463653651549033
483,20221018_110049.mat,2109201,2.109201,1,160,0.15945152976734
484,20221018_110049.mat,2120345,2.120345,1,180,0.0402272941458535
485,20221018_110049.mat,2143628,2.143628,1,175,0.141832085998042
486,20221018_110049.mat,2173478,2.173478,1,225,0.24514541810961
487,20221018_110049.mat,2173677,2.173677,1,155,0.115778586929269
488,20221018_110049.mat,2294072,2.294072,1,105,0.056542839969718
489,20221018_110049.mat,2388398,2.388398,1,155,0.0650107609715589
490,20221018_110049.mat,2388597,2.388597,1,165,0.13154131872745
491,20221018_110049.mat,2519340,2.51934,1,165,0.0552937766232166
492,20221018_110049.mat,2559339,2.559339,1,160,0.0506005713050542
493,20221018_110049.mat,2564911,2.564911,1,160,0.0717585976170287
494,20221018_110049.mat,2732071,2.732071,1,160,0.0523384452076931
495,20221018_110049.mat,2778836,2.778836,1,235,0.0348641156668612
496,20221018_110049.mat,2847690,2.84769,1,195,0.0616232571619626
497,20221018_110049.mat,2847889,2.847889,1,165,0.19821243467194
498,20221018_110049.mat,2849680,2.84968,1,155,4.31384210229353
499,20221018_110049.mat,2849879,2.849879,1,160,5.04257041984605
500,20221018_110049.mat,2850078,2.850078,1,160,0.474678072943349
501,20221018_110049.mat,2850277,2.850277,1,160,0.24280038990171
502,20221018_110049.mat,2851670,2.85167,1,135,0.517175976758158
503,20221018_110049.mat,2851869,2.851869,1,160,0.759469645155745
504,20221018_110049.mat,2852068,2.852068,1,160,0.103230933123383
505,20221018_110049.mat,2854655,2.854655,1,155,0.30986456480805
506,20221018_110049.mat,2854854,2.854854,1,160,0.36207978062346
507,20221018_110049.mat,2858635,2.858635,1,160,2.36820936555655
508,20221018_110049.mat,2858834,2.858834,1,155,0.308680735034232
509,20221018_110049.mat,2859033,2.859033,1,160,0.239447805659441
510,20221018_110049.mat,2874555,2.874555,1,160,0.356282127405525
511,20221018_110049.mat,2956145,2.956145,1,175,0.216689693579314
512,20221018_110049.mat,2956344,2.956344,1,160,2.0502225653199
513,20221018_110049.mat,2956543,2.956543,1,160,0.25881579443375
514,20221018_110049.mat,2956742,2.956742,1,160,0.184098570366966
515,20221018_110049.mat,2960324,2.960324,1,170,0.479928961124018
516,20221018_110049.mat,2960523,2.960523,1,160,0.910637673171662
517,20221018_110049.mat,2960722,2.960722,1,160,0.123542017062402
518,20221018_110049.mat,2989776,2.989776,1,230,0.129891715708035
519,20221018_110049.mat,2989975,2.989975,1,160,1.5865464088161
520,20221018_110049.mat,2990174,2.990174,1,170,0.143628466169179
521,20221018_110049.mat,2990373,2.990373,1,160,0.125845156547442
522,20221018_110049.mat,3038332,3.038332,1,240,0.0353660553038027
523,20221018_110049.mat,3057038,3.057038,1,230,0.146708746603245
524,20221018_110049.mat,3108181,3.108181,1,155,0.0345835381456326
525,20221018_110049.mat,3118131,3.118131,1,160,0.0378012349279996
526,20221018_110049.mat,3187980,3.18798,1,185,0.0439053271732465
527,20221018_110049.mat,3262804,3.262804,1,155,0.369953527345576
528,20221018_110049.mat,3263003,3.263003,1,160,0.415428002717717
529,20221018_110049.mat,3265590,3.26559,1,160,0.102092610540702
530,20221018_110049.mat,3265789,3.265789,1,160,0.0505396261152098
531,20221018_110049.mat,3307778,3.307778,1,275,0.0277425264448857
532,20221018_110049.mat,3407676,3.407676,1,155,0.0320392879266709
533,20221018_110049.mat,3413646,3.413646,1,230,0.180536229251028
534,20221018_110049.mat,3413845,3.413845,1,165,0.244388782396716
535,20221018_110049.mat,3507375,3.507375,1,180,0.0300676500376205
536,20221018_110049.mat,3517325,3.517325,1,170,0.0393279450622089
537,20221018_110049.mat,3627372,3.627372,1,160,1.77825653997072
538,20221018_110049.mat,3627571,3.627571,1,175,0.166819486244013
539,20221018_110049.mat,3627770,3.62777,1,160,0.109649889870358
540,20221018_110049.mat,3637123,3.637123,1,165,0.0314968745858667
541,20221018_110049.mat,3651053,3.651053,1,160,0.064636317439736
542,20221018_110049.mat,3651252,3.651252,1,155,0.0819843081683607
543,20221018_110049.mat,3651451,3.651451,1,160,0.0945166454241899
544,20221018_110049.mat,3657023,3.657023,1,190,0.0321315606015382
545,20221018_110049.mat,3737021,3.737021,1,180,0.0333466944670582
546,20221018_110049.mat,3745180,3.74518,1,165,0.117306655166335
547,20221018_110049.mat,3836720,3.83672,1,180,0.0393912207388212
548,20221018_110049.mat,3867963,3.867963,1,165,0.0941942321537298
549,20221018_110049.mat,3906569,3.906569,1,160,0.0312165995550252
550,20221018_110049.mat,3924678,3.924678,1,160,0.0991004728507958
551,20221018_110049.mat,3924877,3.924877,1,160,0.0804945883804706
552,20221018_110049.mat,3926270,3.92627,1,160,0.563410683327091
553,20221018_110049.mat,3926469,3.926469,1,160,0.0845312276684177
554,20221018_110049.mat,3926668,3.926668,1,160,2.16724885907056
555,20221018_110049.mat,3926867,3.926867,1,160,3.54540994628628
556,20221018_110049.mat,3927066,3.927066,1,155,1.71067253027694
557,20221018_110049.mat,3927265,3.927265,1,160,0.716152660014659
558,20221018_110049.mat,3927464,3.927464,1,160,0.359564527776497
559,20221018_110049.mat,3927663,3.927663,1,160,2.43317433747466
560,20221018_110049.mat,3927862,3.927862,1,160,7.15834648183915
561,20221018_110049.mat,3928061,3.928061,1,160,1.7489613775298
562,20221018_110049.mat,3928260,3.92826,1,160,14.480360704776
563,20221018_110049.mat,3928459,3.928459,1,160,1.75075193796089
564,20221018_110049.mat,3928658,3.928658,1,160,0.797708279493111
565,20221018_110049.mat,3928857,3.928857,1,160,0.117025310313435
566,20221018_110049.mat,3929056,3.929056,1,160,1.81191910431685
567,20221018_110049.mat,3929255,3.929255,1,165,0.329050115088723
568,20221018_110049.mat,3929454,3.929454,1,160,0.121211867909188
569,20221018_110049.mat,3929852,3.929852,1,225,0.605563999800855
570,20221018_110049.mat,3930051,3.930051,1,160,0.132024145505123
571,20221018_110049.mat,4098405,4.098405,1,160,1.88723594747744
572,20221018_110049.mat,4098604,4.098604,1,155,0.241369383637622
573,20221018_110049.mat,4098803,4.098803,1,160,0.205883113568361
574,20221018_110049.mat,4145966,4.145966,1,175,0.0781447734036413
575,20221018_110049.mat,4146165,4.146165,1,155,0.0430149479338724
576,20221018_110049.mat,4146563,4.146563,1,160,0.218164414544083
577,20221018_110049.mat,4149349,4.149349,1,180,0.244315488890349
578,20221018_110049.mat,4149548,4.149548,1,180,0.30478069050297
579,20221018_110049.mat,4162284,4.162284,1,165,0.0814140400462492
580,20221018_110049.mat,4206064,4.206064,1,170,0.0401364190636991
581,20221018_110049.mat,4216014,4.216014,1,160,2.2076977624461
582,20221018_110049.mat,4216213,4.216213,1,165,0.488574271684449
583,20221018_110049.mat,4216412,4.216412,1,160,0.20161721070609
584,20221018_110049.mat,4258003,4.258003,1,210,0.310633950288331
585,20221018_110049.mat,4258202,4.258202,1,185,0.787414420815825
586,20221018_110049.mat,4258401,4.258401,1,175,0.0486342385437065
587,20221018_110049.mat,4271535,4.271535,1,165,0.113103391316668
588,20221018_110049.mat,4278102,4.278102,1,160,0.512173062003756
589,20221018_110049.mat,4278301,4.278301,1,165,0.0971084626751019
590,20221018_110049.mat,4278500,4.2785,1,160,0.122339205273542
591,20221018_110049.mat,4286858,4.286858,1,285,0.0386287249694049
592,20221018_110049.mat,4287057,4.287057,1,165,0.795228741413814
593,20221018_110049.mat,4287256,4.287256,1,160,0.162772231874404
594,20221018_110049.mat,4326061,4.326061,1,160,0.102415397155295
595,20221018_110049.mat,4405462,4.405462,1,160,0.584216208811251
596,20221018_110049.mat,4405661,4.405661,1,160,0.08488042834266
597,20221018_110049.mat,4455411,4.455411,1,200,0.0249143471035276
598,20221018_110049.mat,4495410,4.49541,1,245,0.030035744826912
599,20221018_110049.mat,4554115,4.554115,1,160,3.18376937378394
600,20221018_110049.mat,4554314,4.554314,1,165,1.42021081900708
601,20221018_110049.mat,4554513,4.554513,1,160,4.65433430684948
602,20221018_110049.mat,4554712,4.554712,1,160,0.728592688020903
603,20221018_110049.mat,4554911,4.554911,1,160,0.408362365661896
604,20221018_110049.mat,4638690,4.63869,1,180,0.285967437427148
605,20221018_110049.mat,4638889,4.638889,1,165,0.155217943996047
606,20221018_110049.mat,4656003,4.656003,1,200,0.0514716848833373
607,20221018_110049.mat,4656202,4.656202,1,160,0.0711159635397652
608,20221018_110049.mat,4663764,4.663764,1,160,0.0680122169568893
609,20221018_110049.mat,4665157,4.665157,1,340,0.036610430132226
610,20221018_110049.mat,4760876,4.760876,1,155,0.0659668256082648
611,20221018_110049.mat,4804855,4.804855,1,220,0.0310383218734148
612,20221018_110049.mat,4808835,4.808835,1,180,0.0525883594425019
613,20221018_110049.mat,4914504,4.914504,1,350,0.0308021369168791
614,20221018_110049.mat,4975199,4.975199,1,230,0.0667465753345377
615,20221018_110049.mat,4975398,4.975398,1,165,0.117845513794304
616,20221018_110049.mat,4984353,4.984353,1,175,0.0312183112236946
617,20221018_110054.mat,21094,0.021094,1,230,0.105788398362955
618,20221018_110054.mat,21293,0.021293,1,160,17.1074851635863
619,20221018_110054.mat,21492,0.021492,1,160,2.68529299160834
620,20221018_110054.mat,21691,0.021691,1,160,1.07980428655836
621,20221018_110054.mat,21890,0.02189,1,160,0.156571995223471
622,20221018_110054.mat,22885,0.022885,1,160,0.513176444756656
623,20221018_110054.mat,23084,0.023084,1,160,0.353514176071467
624,20221018_110054.mat,23482,0.023482,1,160,0.945779087711792
625,20221018_110054.mat,23681,0.023681,1,160,0.386401481832772
626,20221018_110054.mat,23880,0.02388,1,160,0.0895691888830915
627,20221018_110054.mat,28258,0.028258,1,180,0.0591400307135238
628,20221018_110054.mat,33432,0.033432,1,230,0.345142348667434
629,20221018_110054.mat,33631,0.033631,1,175,0.072949385498194
630,20221018_110054.mat,43581,0.043581,1,230,0.196051198181982
631,20221018_110054.mat,80595,0.080595,1,160,0.309876385120266
632,20221018_110054.mat,80794,0.080794,1,165,0.108290443017726
633,20221018_110054.mat,96117,0.096117,1,175,0.280373820095916
634,20221018_110054.mat,96316,0.096316,1,160,1.26212297126797
635,20221018_110054.mat,135718,0.135718,1,160,0.618575550388775
636,20221018_110054.mat,135917,0.135917,1,175,0.117006020877861
637,20221018_110054.mat,150643,0.150643,1,165,1.57385145453684
638,20221018_110054.mat,150842,0.150842,1,165,1.84658159966866
639,20221018_110054.mat,151041,0.151041,1,160,0.371941587486735
640,20221018_110054.mat,151240,0.15124,1,160,0.188799791003396
641,20221018_110054.mat,151638,0.151638,1,175,0.57759885935456
642,20221018_110054.mat,151837,0.151837,1,180,0.3182250717414
643,20221018_110054.mat,152036,0.152036,1,160,0.0819366374623509
644,20221018_110054.mat,152633,0.152633,1,160,0.0798195547275962
645,20221018_110054.mat,153827,0.153827,1,160,0.157307573916733
646,20221018_110054.mat,154424,0.154424,1,155,0.0440678849225921
647,20221018_110054.mat,154822,0.154822,1,160,0.0846941753176771
648,20221018_110054.mat,156812,0.156812,1,225,2.4977321654677
649,20221018_110054.mat,157011,0.157011,1,160,0.532279964634253
650,20221018_110054.mat,157210,0.15721,1,160,0.291231547185772
651,20221018_110054.mat,160195,0.160195,1,175,0.623188150932054
652,20221018_110054.mat,160394,0.160394,1,165,0.284033266428326
653,20221018_110054.mat,160593,0.160593,1,160,0.119743166741719
654,20221018_110054.mat,173329,0.173329,1,230,0.523710895959836
655,20221018_110054.mat,173528,0.173528,1,175,0.134694434975305
656,20221018_110054.mat,193030,0.19303,1,160,2.62342520409518
657,20221018_110054.mat,193229,0.193229,1,155,0.0655594014190869
658,20221018_110054.mat,235616,0.235616,1,160,0.184866732900684
659,20221018_110054.mat,235815,0.235815,1,160,0.100827365481846
660,20221018_110054.mat,284769,0.284769,1,160,0.0528268529373573
661,20221018_110054.mat,284968,0.284968,1,170,0.0501744050898418
662,20221018_110054.mat,285167,0.285167,1,160,0.0989237350995132
663,20221018_110054.mat,286361,0.286361,1,175,0.0378016184030154
664,20221018_110054.mat,292928,0.292928,1,230,0.0602266854634034
665,20221018_110054.mat,296510,0.29651,1,160,0.085500185242019
666,20221018_110054.mat,388050,0.38805,1,185,0.18281275002933
667,20221018_110054.mat,388249,0.388249,1,150,0.696935416308199
668,20221018_110054.mat,388448,0.388448,1,160,0.201286104599073
669,20221018_110054.mat,388647,0.388647,1,160,0.0848376076757775
670,20221018_110054.mat,487152,0.487152,1,165,0.16519890069762
671,20221018_110054.mat,487351,0.487351,1,160,0.083927999532609
672,20221018_110054.mat,628243,0.628243,1,165,0.740400159887431
673,20221018_110054.mat,628442,0.628442,1,160,1.02851273427996
674,20221018_110054.mat,628641,0.628641,1,160,0.121680439408301
675,20221018_110054.mat,635009,0.635009,1,235,0.0620716808410715
676,20221018_110054.mat,645556,0.645556,1,160,0.115393859959264
677,20221018_110054.mat,675406,0.675406,1,200,0.0356709483858267
678,20221018_110054.mat,675605,0.675605,1,160,1.13218060166929
679,20221018_110054.mat,675804,0.675804,1,160,0.110079280300796
680,20221018_110054.mat,677197,0.677197,1,165,0.774560780911747
681,20221018_110054.mat,677396,0.677396,1,160,0.866849161766359
682,20221018_110054.mat,677595,0.677595,1,160,0.155312865623464
683,20221018_110054.mat,678988,0.678988,1,160,0.338733903750499
684,20221018_110054.mat,679187,0.679187,1,165,4.89923754497938
685,20221018_110054.mat,679386,0.679386,1,160,1.46936052287572
686,20221018_110054.mat,679585,0.679585,1,160,0.314961874658684
687,20221018_110054.mat,732519,0.732519,1,195,0.105525949012869
688,20221018_110054.mat,732718,0.732718,1,180,1.49243882505914
689,20221018_110054.mat,732917,0.732917,1,160,0.242751032738458
690,20221018_110054.mat,783861,0.783861,1,225,1.00975905724704
691,20221018_110054.mat,784060,0.78406,1,175,0.189158868710253
692,20221018_110054.mat,805353,0.805353,1,220,0.0308562833530566
693,20221018_110054.mat,824855,0.824855,1,170,1.1938600337595
694,20221018_110054.mat,825054,0.825054,1,160,1.51597504848004
695,20221018_110054.mat,825253,0.825253,1,160,0.302387690528664
696,20221018_110054.mat,825452,0.825452,1,160,0.123177140978507
697,20221018_110054.mat,877192,0.877192,1,225,0.209444713959858
698,20221018_110054.mat,877391,0.877391,1,160,2.54641745689035
699,20221018_110054.mat,877590,0.87759,1,175,0.22628458641154
700,20221018_110054.mat,877789,0.877789,1,160,0.131300038027655
701,20221018_110054.mat,898883,0.898883,1,160,0.20011057075892
702,20221018_110054.mat,899082,0.899082,1,160,0.193939267098549
703,20221018_110054.mat,935101,0.935101,1,170,0.0261962145736948
704,20221018_110054.mat,955200,0.9552,1,225,1.40278314207589
705,20221018_110054.mat,955399,0.955399,1,175,0.445487853105203
706,20221018_110054.mat,955598,0.955598,1,160,0.213363334401986
707,20221018_110054.mat,1015099,1.015099,1,160,3.03959930853559
708,20221018_110054.mat,1015298,1.015298,1,155,0.350244539611214
709,20221018_110054.mat,1015497,1.015497,1,160,0.223746657674468
710,20221018_110054.mat,1094699,1.094699,1,160,0.0331080243587984
711,20221018_110054.mat,1095097,1.095097,1,335,0.436367093578084
712,20221018_110054.mat,1095296,1.095296,1,180,0.722391915104346
713,20221018_110054.mat,1095495,1.095495,1,160,0.128915400327993
714,20221018_110054.mat,1106838,1.106838,1,160,0.958843087881033
715,20221018_110054.mat,1107037,1.107037,1,160,0.940065518619114
716,20221018_110054.mat,1107236,1.107236,1,160,0.175033264473615
717,20221018_110054.mat,1159971,1.159971,1,190,0.154434977382265
718,20221018_110054.mat,1160170,1.16017,1,160,1.03172107582895
719,20221018_110054.mat,1160369,1.160369,1,160,0.109349191572349
720,20221018_110054.mat,1204547,1.204547,1,135,0.0302233347053536
721,20221018_110054.mat,1287729,1.287729,1,155,0.251875780345133
722,20221018_110054.mat,1287928,1.287928,1,165,0.0525436729275562
723,20221018_110054.mat,1294296,1.294296,1,155,0.0958821684687909
724,20221018_110054.mat,1294495,1.294495,1,160,1.21747904589339
725,20221018_110054.mat,1304843,1.304843,1,175,0.0756713789327925
726,20221018_110054.mat,1305042,1.305042,1,160,0.0794518216983104
727,20221018_110054.mat,1307629,1.307629,1,165,0.423585842717765
728,20221018_110054.mat,1307828,1.307828,1,160,0.0911690107446576
729,20221018_110054.mat,1404144,1.404144,1,160,0.0461621676564378
730,20221018_110054.mat,1404741,1.404741,1,160,0.69424553884199
731,20221018_110054.mat,1404940,1.40494,1,165,0.394887385186018
732,20221018_110054.mat,1405139,1.405139,1,160,0.131817846524854
733,20221018_110054.mat,1434790,1.43479,1,160,23.7619680708588
734,20221018_110054.mat,1434989,1.434989,1,160,4.69278294143911
735,20221018_110054.mat,1435188,1.435188,1,160,0.66186447220731
736,20221018_110054.mat,1435387,1.435387,1,160,0.286084236566667
737,20221018_110054.mat,1464839,1.464839,1,160,0.19979159505174
738,20221018_110054.mat,1468222,1.468222,1,160,0.202202437238049
739,20221018_110054.mat,1519166,1.519166,1,175,0.146013397560383
740,20221018_110054.mat,1519365,1.519365,1,160,0.394339666488949
741,20221018_110054.mat,1533892,1.533892,1,185,0.0356604003913895
742,20221018_110054.mat,1573891,1.573891,1,170,0.0277365361173201
743,20221018_110054.mat,1576876,1.576876,1,180,0.0365345456491283
744,20221018_110054.mat,1577075,1.577075,1,160,0.0844665037383606
745,20221018_110054.mat,1608119,1.608119,1,160,0.195503466007641
746,20221018_110054.mat,1613691,1.613691,1,160,0.0313707925513207
747,20221018_110054.mat,1653491,1.653491,1,170,0.0541268068563945
748,20221018_110054.mat,1653690,1.65369,1,160,0.554524314975262
749,20221018_110054.mat,1653889,1.653889,1,160,0.0606704299984746
750,20221018_110054.mat,1737071,1.737071,1,160,1.81104085903242
751,20221018_110054.mat,1737270,1.73727,1,160,0.266056625222238
752,20221018_110054.mat,1737469,1.737469,1,160,0.254517297826841
753,20221018_110054.mat,1758364,1.758364,1,160,0.258864361452377
754,20221018_110054.mat,1758563,1.758563,1,165,0.0773653596537227
755,20221018_110054.mat,1767717,1.767717,1,155,0.515413423952279
756,20221018_110054.mat,1767916,1.767916,1,180,0.229344162980103
757,20221018_110054.mat,1853287,1.853287,1,185,0.0415169537809221
758,20221018_110054.mat,1983433,1.983433,1,190,0.16337614097231
759,20221018_110054.mat,1983632,1.983632,1,160,0.791871919006037
760,20221018_110054.mat,1983831,1.983831,1,160,0.14156397118022
761,20221018_110054.mat,1984030,1.98403,1,160,0.101702458972278
762,20221018_110054.mat,2007512,2.007512,1,225,0.294783606763043
763,20221018_110054.mat,2007711,2.007711,1,170,0.0548999761682107
764,20221018_110054.mat,2041143,2.041143,1,160,0.115326710660838
765,20221018_110054.mat,2043929,2.043929,1,160,0.480018609339471
766,20221018_110054.mat,2044128,2.044128,1,160,0.370083767269447
767,20221018_110054.mat,2052884,2.052884,1,180,0.0499811875449396
768,20221018_110054.mat,2104823,2.104823,1,160,0.560634504299321
769,20221018_110054.mat,2132484,2.132484,1,160,0.0603795992887952
770,20221018_110054.mat,2133081,2.133081,1,225,0.0438983169274444
771,20221018_110054.mat,2133280,2.13328,1,160,0.0992821686790571
772,20221018_110054.mat,2143827,2.143827,1,160,21.9654141898116
773,20221018_110054.mat,2144026,2.144026,1,160,5.65204833089351
774,20221018_110054.mat,2144225,2.144225,1,160,1.52350518445508
775,20221018_110054.mat,2144424,2.144424,1,160,0.538428218713642
776,20221018_110054.mat,2144623,2.144623,1,160,37.7646333780943
777,20221018_110054.mat,2144822,2.144822,1,175,3.66720328465889
778,20221018_110054.mat,2145021,2.145021,1,160,1.56495075923969
779,20221018_110054.mat,2145220,2.14522,1,160,0.227704880862184
780,20221018_110054.mat,2145618,2.145618,1,160,0.384942961110279
781,20221018_110054.mat,2145817,2.145817,1,165,0.130039328088095
782,20221018_110054.mat,2146215,2.146215,1,160,0.134110244401786
783,20221018_110054.mat,2154971,2.154971,1,230,5.3150781085946
784,20221018_110054.mat,2155170,2.15517,1,160,0.867494480434424
785,20221018_110054.mat,2155369,2.155369,1,160,0.209479963371975
786,20221018_110054.mat,2163130,2.16313,1,230,1.13470509192212
787,20221018_110054.mat,2163329,2.163329,1,235,1.94851577351249
788,20221018_110054.mat,2163528,2.163528,1,160,0.683462664215468
789,20221018_110054.mat,2163727,2.163727,1,160,0.143767003896854
790,20221018_110054.mat,2163926,2.163926,1,230,0.162114436984867
791,20221018_110054.mat,2164125,2.164125,1,165,0.505439225446003
792,20221018_110054.mat,2164324,2.164324,1,165,0.227793411150441
793,20221018_110054.mat,2165319,2.165319,1,165,19.3352263714591
794,20221018_110054.mat,2165518,2.165518,1,160,12.1645108694616
795,20221018_110054.mat,2165717,2.165717,1,160,1.99937371141623
796,20221018_110054.mat,2165916,2.165916,1,160,0.895314597180434
797,20221018_110054.mat,2166115,2.166115,1,160,0.0633660867416179
798,20221018_110054.mat,2168503,2.168503,1,225,0.0914287431751997
799,20221018_110054.mat,2168702,2.168702,1,180,0.0579803005029415
800,20221018_110054.mat,2169697,2.169697,1,165,0.0726456524033775
801,20221018_110054.mat,2174473,2.174473,1,160,0.136544580160038
802,20221018_110054.mat,2174672,2.174672,1,160,0.160934077700227
803,20221018_110054.mat,2174871,2.174871,1,160,0.18851296149796
804,20221018_110054.mat,2187010,2.18701,1,165,0.0476530645857977
805,20221018_110054.mat,2196164,2.196164,1,160,1.16117104772751
806,20221018_110054.mat,2196363,2.196363,1,160,0.472039799378398
807,20221018_110054.mat,2196562,2.196562,1,160,0.17370259366569
808,20221018_110054.mat,2201338,2.201338,1,160,0.269394066880775
809,20221018_110054.mat,2201537,2.201537,1,160,0.498767755536899
810,20221018_110054.mat,2206313,2.206313,1,170,0.0479247496354537
811,20221018_110054.mat,2231984,2.231984,1,160,2.61349525991463
812,20221018_110054.mat,2232183,2.232183,1,160,0.409784049094499
813,20221018_110054.mat,2232382,2.232382,1,160,0.2138847545369
814,20221018_110054.mat,2232581,2.232581,1,160,0.0577871079199073
815,20221018_110054.mat,2245914,2.245914,1,165,1.15562078493373
816,20221018_110054.mat,2246113,2.246113,1,160,1.68038176576101
817,20221018_110054.mat,2246312,2.246312,1,160,0.189741793095557
818,20221018_110054.mat,2246511,2.246511,1,160,0.098279257262883
819,20221018_110054.mat,2284719,2.284719,1,165,0.0378176541696133
820,20221018_110054.mat,2284918,2.284918,1,160,0.130756654722532
821,20221018_110054.mat,2342230,2.34223,1,225,0.0312865093290568
822,20221018_110054.mat,2461033,2.461033,1,165,2.51985882782042
823,20221018_110054.mat,2461232,2.461232,1,165,9.13943264052424
824,20221018_110054.mat,2461431,2.461431,1,165,3.47747481437144
825,20221018_110054.mat,2461630,2.46163,1,160,0.678609309684263
826,20221018_110054.mat,2461829,2.461829,1,160,0.252559402744698
827,20221018_110054.mat,2468396,2.468396,1,160,0.241357000750232
828,20221018_110054.mat,2468595,2.468595,1,160,0.101399983354172
829,20221018_110054.mat,2468794,2.468794,1,165,0.445534242285815
830,20221018_110054.mat,2468993,2.468993,1,165,0.301439564652171
831,20221018_110054.mat,2469192,2.469192,1,160,0.0716348226247176
832,20221018_110054.mat,2474366,2.474366,1,165,0.419084735315886
833,20221018_110054.mat,2474565,2.474565,1,150,0.590372741215072
834,20221018_110054.mat,2474764,2.474764,1,170,0.0831526469348642
835,20221018_110054.mat,2475759,2.475759,1,160,0.0720356472466304
836,20221018_110054.mat,2520534,2.520534,1,165,0.166338503826005
837,20221018_110054.mat,2520733,2.520733,1,165,0.204152740499798
838,20221018_110054.mat,2520932,2.520932,1,165,0.0967174883246714
839,20221018_110054.mat,2521927,2.521927,1,160,0.0335440595341271
840,20221018_110054.mat,2528892,2.528892,1,160,0.982649672950292
841,20221018_110054.mat,2557747,2.557747,1,165,2.5890827966878
842,20221018_110054.mat,2557946,2.557946,1,160,1.24884556345866
843,20221018_110054.mat,2558145,2.558145,1,160,0.285870237282816
844,20221018_110054.mat,2558344,2.558344,1,160,0.13933218338037
845,20221018_110054.mat,2563319,2.563319,1,160,0.143635989084423
846,20221018_110054.mat,2577050,2.57705,1,225,0.164102133984601
847,20221018_110054.mat,2636352,2.636352,1,170,0.559943083432105
848,20221018_110054.mat,2636551,2.636551,1,155,0.107644744947272
849,20221018_110054.mat,2647496,2.647496,1,180,0.648719975837253
850,20221018_110054.mat,2647695,2.647695,1,130,0.121569543146205
851,20221018_110054.mat,2723713,2.723713,1,160,0.412143381720831
852,20221018_110054.mat,2723912,2.723912,1,160,0.710238067630304
853,20221018_110054.mat,2724111,2.724111,1,160,0.117370597768677
854,20221018_110054.mat,2724310,2.72431,1,160,0.433863886569506
855,20221018_110054.mat,2724509,2.724509,1,150,0.0923630495979977
856,20221018_110054.mat,2742021,2.742021,1,180,0.0740728784914063
857,20221018_110054.mat,2791373,2.791373,1,155,0.043467264625177
858,20221018_110054.mat,2801920,2.80192,1,180,0.115485358762136
859,20221018_110054.mat,2802119,2.802119,1,160,0.468998051941418
860,20221018_110054.mat,2815054,2.815054,1,160,1.2503501998533
861,20221018_110054.mat,2815253,2.815253,1,160,1.00319800042839
862,20221018_110054.mat,2815452,2.815452,1,160,0.190387003172895
863,20221018_110054.mat,2851471,2.851471,1,160,0.315235674089095
864,20221018_110054.mat,2871371,2.871371,1,160,0.461481498155884
865,20221018_110054.mat,2890276,2.890276,1,225,8.87432475696206
866,20221018_110054.mat,2890475,2.890475,1,165,19.8889563585265
867,20221018_110054.mat,2890674,2.890674,1,185,3.54337787867726
868,20221018_110054.mat,2890873,2.890873,1,160,1.66036069858736
869,20221018_110054.mat,2891072,2.891072,1,160,0.464095298037932
870,20221018_110054.mat,2891271,2.891271,1,160,0.0415616254346053
871,20221018_110054.mat,2892465,2.892465,1,225,0.0865922925167975
872,20221018_110054.mat,2901221,2.901221,1,160,0.120404463341492
873,20221018_110054.mat,2901619,2.901619,1,145,0.0534612009618771
874,20221018_110054.mat,2901818,2.901818,1,160,0.229347152697288
875,20221018_110054.mat,2906395,2.906395,1,175,0.0587414328444083
876,20221018_110054.mat,2932663,2.932663,1,165,0.857466207371104
877,20221018_110054.mat,2932862,2.932862,1,155,0.250912011216127
878,20221018_110054.mat,2933061,2.933061,1,160,0.133338765284927
879,20221018_110054.mat,2941220,2.94122,1,165,0.453483604375177
880,20221018_110054.mat,2941419,2.941419,1,160,0.857231867188741
881,20221018_110054.mat,2941618,2.941618,1,165,0.0752245582487833
882,20221018_110054.mat,2945399,2.945399,1,165,0.619957024719327
883,20221018_110054.mat,2945598,2.945598,1,165,0.18151295375791
884,20221018_110054.mat,2946195,2.946195,1,170,0.0459394229100525
885,20221018_110054.mat,2946394,2.946394,1,180,0.0833287878658251
886,20221018_110054.mat,3030969,3.030969,1,170,0.0290976216057484
887,20221018_110054.mat,3100022,3.100022,1,230,0.0902628685313023
888,20221018_110054.mat,3100221,3.100221,1,155,0.0868079793641886
889,20221018_110054.mat,3110768,3.110768,1,165,0.0320614277935849
890,20221018_110054.mat,3130668,3.130668,1,265,0.0321347396481316
891,20221018_110054.mat,3210467,3.210467,1,185,0.033945395102009
892,20221018_110054.mat,3248476,3.248476,1,180,0.270301992816897
893,20221018_110054.mat,3248675,3.248675,1,185,0.147799128733409
894,20221018_110054.mat,3248874,3.248874,1,160,0.0908913344776169
895,20221018_110054.mat,3258824,3.258824,1,160,1.26184483931158
896,20221018_110054.mat,3259023,3.259023,1,130,0.140679282340708
897,20221018_110054.mat,3259222,3.259222,1,160,0.0979771327340399
898,20221018_110054.mat,3266585,3.266585,1,160,0.791928984170821
899,20221018_110054.mat,3266784,3.266784,1,165,0.441297519835611
900,20221018_110054.mat,3266983,3.266983,1,160,0.0947865574029671
901,20221018_110054.mat,3273550,3.27355,1,165,0.614135711840279
902,20221018_110054.mat,3273749,3.273749,1,155,0.245727305091496
903,20221018_110054.mat,3283699,3.283699,1,230,0.0316613346849925
904,20221018_110054.mat,3283898,3.283898,1,160,0.968742056422619
905,20221018_110054.mat,3284097,3.284097,1,160,0.158366540543603
906,20221018_110054.mat,3284296,3.284296,1,160,0.0894879715736303
907,20221018_110054.mat,3330265,3.330265,1,170,0.027789634627821
908,20221018_110054.mat,3368274,3.368274,1,155,0.101774556355138
909,20221018_110054.mat,3368473,3.368473,1,165,0.156721451486335
910,20221018_110054.mat,3370264,3.370264,1,180,0.0422221331922275
911,20221018_110054.mat,3371458,3.371458,1,175,1.14039821035936
912,20221018_110054.mat,3371657,3.371657,1,160,0.1430444856427
913,20221018_110054.mat,3412850,3.41285,1,230,0.0502340337364679
914,20221018_110054.mat,3477923,3.477923,1,160,0.0772466303601554
915,20221018_110054.mat,3490062,3.490062,1,170,0.104725049948487
916,20221018_110054.mat,3490261,3.490261,1,230,1.03888987043294
917,20221018_110054.mat,3490460,3.49046,1,160,0.182349103821946
918,20221018_110054.mat,3563095,3.563095,1,190,0.299399981246212
919,20221018_110054.mat,3563294,3.563294,1,160,3.68787888715321
920,20221018_110054.mat,3563493,3.563493,1,160,0.44280051435955
921,20221018_110054.mat,3563692,3.563692,1,160,0.238203851315004
922,20221018_110054.mat,3584587,3.584587,1,170,0.0939819215867348
923,20221018_110054.mat,3584786,3.584786,1,160,0.342893665791231
924,20221018_110054.mat,3590756,3.590756,1,160,3.7485760071023
925,20221018_110054.mat,3590955,3.590955,1,160,0.765444681501868
926,20221018_110054.mat,3591154,3.591154,1,160,0.330156475134656
927,20221018_110054.mat,3599910,3.59991,1,180,0.0324008988169849
928,20221018_110054.mat,3642297,3.642297,1,350,0.0323910888542964
929,20221018_110054.mat,3642496,3.642496,1,180,0.215665115678091
930,20221018_110054.mat,3689659,3.689659,1,160,0.0342714977505749
931,20221018_110054.mat,3713937,3.713937,1,165,0.159926667246263
932,20221018_110054.mat,3714136,3.714136,1,180,0.108105555284795
933,20221018_110054.mat,3733638,3.733638,1,160,0.626431256014164
934,20221018_110054.mat,3733837,3.733837,1,160,0.121353243415234
935,20221018_110054.mat,3749558,3.749558,1,190,0.0391346430425919
936,20221018_110054.mat,3772045,3.772045,1,165,0.185016419775117
937,20221018_110054.mat,3772244,3.772244,1,155,0.226330417441063
938,20221018_110054.mat,3830153,3.830153,1,160,0.470078640477537
939,20221018_110054.mat,3870749,3.870749,1,155,0.0667567116558696
940,20221018_110054.mat,3870948,3.870948,1,160,0.100901056256267
941,20221018_110054.mat,3889256,3.889256,1,160,0.0349205963969816
942,20221018_110054.mat,3918310,3.91831,1,160,0.0539729697858094
943,20221018_110054.mat,3922688,3.922688,1,160,0.999246327107477
944,20221018_110054.mat,3922887,3.922887,1,160,0.552178887417905
945,20221018_110054.mat,3928260,3.92826,1,160,0.199212292744751
946,20221018_110054.mat,4021591,4.021591,1,190,0.168947952763688
947,20221018_110054.mat,4021790,4.02179,1,160,0.265929725146133
948,20221018_110054.mat,4078903,4.078903,1,180,0.0404487554579379
949,20221018_110054.mat,4088853,4.088853,1,230,3.65448347716488
950,20221018_110054.mat,4089052,4.089052,1,160,0.68428262186421
951,20221018_110054.mat,4089251,4.089251,1,160,0.150190428831088
952,20221018_110054.mat,4090246,4.090246,1,160,0.240828109910375
953,20221018_110054.mat,4128852,4.128852,1,155,0.0368346626309475
954,20221018_110054.mat,4208651,4.208651,1,180,0.0328551454078662
955,20221018_110054.mat,4221984,4.221984,1,160,0.152008070350246
956,20221018_110054.mat,4222183,4.222183,1,155,0.0758950479993356
957,20221018_110054.mat,4298400,4.2984,1,155,0.0403419894797657
958,20221018_110054.mat,4345762,4.345762,1,160,0.0533009198409945
959,20221018_110054.mat,4407651,4.407651,1,230,0.176111531307206
960,20221018_110054.mat,4407850,4.40785,1,165,0.447087366528676
961,20221018_110054.mat,4411631,4.411631,1,180,1.33383541015931
962,20221018_110054.mat,4411830,4.41183,1,160,4.8153510703559
963,20221018_110054.mat,4412029,4.412029,1,160,4.37168929363553
964,20221018_110054.mat,4412228,4.412228,1,160,2.12400032299095
965,20221018_110054.mat,4412427,4.412427,1,160,0.84816880175707
966,20221018_110054.mat,4412626,4.412626,1,160,0.118038470686314
967,20221018_110054.mat,4412825,4.412825,1,160,0.102761768533754
968,20221018_110054.mat,4413024,4.413024,1,160,0.980239059332975
969,20221018_110054.mat,4413223,4.413223,1,160,2.52731811300536
970,20221018_110054.mat,4413422,4.413422,1,160,0.525971665975866
971,20221018_110054.mat,4413621,4.413621,1,160,0.182664608064773
972,20221018_110054.mat,4413820,4.41382,1,160,0.0812958374820375
973,20221018_110054.mat,4415014,4.415014,1,160,0.095356921928347
974,20221018_110054.mat,4416208,4.416208,1,160,0.0429806522518873
975,20221018_110054.mat,4427551,4.427551,1,230,0.10435965201494
976,20221018_110054.mat,4427750,4.42775,1,155,0.043555343244126
977,20221018_110054.mat,4434715,4.434715,1,165,0.149796650525077
978,20221018_110054.mat,4434914,4.434914,1,160,0.0750780849615987
979,20221018_110054.mat,4435909,4.435909,1,195,0.327320708658159
980,20221018_110054.mat,4436108,4.436108,1,160,8.89235079557655
981,20221018_110054.mat,4436307,4.436307,1,160,1.27263557888776
982,20221018_110054.mat,4436506,4.436506,1,165,0.328376583272635
983,20221018_110054.mat,4436705,4.436705,1,160,0.331786936489923
984,20221018_110054.mat,4436904,4.436904,1,160,0.998449575258099
985,20221018_110054.mat,4437103,4.437103,1,160,0.71145178321521
986,20221018_110054.mat,4437302,4.437302,1,160,0.252889930401376
987,20221018_110054.mat,4438098,4.438098,1,185,0.0324131024339279
988,20221018_110054.mat,4440088,4.440088,1,180,0.273062750849625
989,20221018_110054.mat,4440287,4.440287,1,180,0.0599439629022254
990,20221018_110054.mat,4445461,4.445461,1,230,0.0800844505385687
991,20221018_110054.mat,4455610,4.45561,1,160,0.202414961745542
992,20221018_110054.mat,4466356,4.466356,1,180,0.301536101090433
993,20221018_110054.mat,4466555,4.466555,1,180,0.0850342833879295
994,20221018_110054.mat,4475709,4.475709,1,160,0.185919128620046
995,20221018_110054.mat,4478893,4.478893,1,160,0.112926677365318
996,20221018_110054.mat,4497400,4.4974,1,160,0.213994697535838
997,20221018_110054.mat,4507947,4.507947,1,180,0.0263490227436537
998,20221018_110054.mat,4560085,4.560085,1,180,0.178158798434549
999,20221018_110054.mat,4560284,4.560284,1,175,0.135327738727667
1000,20221018_110054.mat,4560483,4.560483,1,155,3.36974114434525
1001,20221018_110054.mat,4560682,4.560682,1,160,0.709620789031653
1002,20221018_110054.mat,4560881,4.560881,1,160,0.224313289020088
1003,20221018_110054.mat,4574811,4.574811,1,165,0.0362657949400879
1004,20221018_110054.mat,4575010,4.57501,1,230,0.0782525921232217
1005,20221018_110054.mat,4578194,4.578194,1,160,0.969440567523565
1006,20221018_110054.mat,4578393,4.578393,1,155,0.128089590725757
1007,20221018_110054.mat,4578592,4.578592,1,160,0.0992255450681186
1008,20221018_110054.mat,4668142,4.668142,1,225,1.10508375846894
1009,20221018_110054.mat,4668341,4.668341,1,160,0.420588832278391
1010,20221018_110054.mat,4668540,4.66854,1,160,0.276498279875524
1011,20221018_110054.mat,4681873,4.681873,1,230,0.428127220792494
1012,20221018_110054.mat,4682072,4.682072,1,180,0.246568685738137
1013,20221018_110054.mat,4682271,4.682271,1,160,0.0896702157961865
1014,20221018_110054.mat,4763662,4.763662,1,160,0.0994268163845911
1015,20221018_110054.mat,4877291,4.877291,1,170,0.0365892603682924
1016,20221018_110054.mat,4907340,4.90734,1,145,0.0288305283973527
1017,20221018_110054.mat,4915300,4.9153,1,170,0.0616634416277867
1018,20221018_110054.mat,4993905,4.993905,1,160,0.16249155070675
1019,20221018_110054.mat,4994104,4.994104,1,185,0.0904102211091558
1020,20221018_110054.mat,4997089,4.997089,1,160,0.0448925766200887
1021,20221018_110059.mat,45969,0.045969,1,160,1.07814584518253
1022,20221018_110059.mat,46168,0.046168,1,160,0.184327202402073
1023,20221018_110059.mat,46367,0.046367,1,160,0.125597196736985
1024,20221018_110059.mat,47959,0.047959,1,160,0.291577522117386
1025,20221018_110059.mat,48158,0.048158,1,165,0.119032628284241
1026,20221018_110059.mat,52138,0.052138,1,160,0.489418007927699
1027,20221018_110059.mat,52337,0.052337,1,230,0.129806515002546
1028,20221018_110059.mat,60098,0.060098,1,165,0.0303417715193828
1029,20221018_110059.mat,135718,0.135718,1,160,0.308382806079815
1030,20221018_110059.mat,135917,0.135917,1,160,0.196216311223251
1031,20221018_110059.mat,139897,0.139897,1,165,0.0358853878664466
1032,20221018_110059.mat,174523,0.174523,1,160,0.504855047392687
1033,20221018_110059.mat,174722,0.174722,1,155,0.0604478124184026
1034,20221018_110059.mat,239198,0.239198,1,165,0.0681890713952241
1035,20221018_110059.mat,309644,0.309644,1,125,0.0365301725646855
1036,20221018_110059.mat,322181,0.322181,1,230,0.17328620494976
1037,20221018_110059.mat,322380,0.32238,1,180,0.0771087647184706
1038,20221018_110059.mat,359593,0.359593,1,220,0.0364692182549548
1039,20221018_110059.mat,370737,0.370737,1,230,0.0592002342108373
1040,20221018_110059.mat,463073,0.463073,1,160,0.718603554859466
1041,20221018_110059.mat,463272,0.463272,1,165,0.482759749866691
1042,20221018_110059.mat,463471,0.463471,1,160,0.111531329647189
1043,20221018_110059.mat,495311,0.495311,1,225,0.0522570565237829
1044,20221018_110059.mat,495510,0.49551,1,160,0.167532697267114
1045,20221018_110059.mat,559190,0.55919,1,170,0.0350049924884821
1046,20221018_110059.mat,604164,0.604164,1,170,0.0787264919032407
1047,20221018_110059.mat,604363,0.604363,1,160,0.165243942512127
1048,20221018_110059.mat,604960,0.60496,1,160,0.0588727441154848
1049,20221018_110059.mat,615706,0.615706,1,160,0.0823218812561369
1050,20221018_110059.mat,617099,0.617099,1,115,0.256211993902019
1051,20221018_110059.mat,617298,0.617298,1,115,0.0895587290573689
1052,20221018_110059.mat,713017,0.713017,1,280,0.0495019535726614
1053,20221018_110059.mat,713216,0.713216,1,175,0.187004401058163
1054,20221018_110059.mat,778687,0.778687,1,180,0.0368808125408948
1055,20221018_110059.mat,782070,0.78207,1,165,0.0722889647890758
1056,20221018_110059.mat,797592,0.797592,1,165,0.139147234010846
1057,20221018_110059.mat,797791,0.797791,1,165,0.0741458529032512
1058,20221018_110059.mat,835800,0.8358,1,225,0.0790309173152035
1059,20221018_110059.mat,869630,0.86963,1,160,0.15008428955304
1060,20221018_110059.mat,880575,0.880575,1,160,0.157704388340847
1061,20221018_110059.mat,918783,0.918783,1,225,0.0492722263107083
1062,20221018_110059.mat,921569,0.921569,1,180,0.0766323431127519
1063,20221018_110059.mat,932315,0.932315,1,225,0.219700634569238
1064,20221018_110059.mat,932514,0.932514,1,155,0.123682135757196
1065,20221018_110059.mat,954802,0.954802,1,160,0.83586015310638
1066,20221018_110059.mat,955001,0.955001,1,160,0.0559679209958482
1067,20221018_110059.mat,963757,0.963757,1,165,0.19889635680327
1068,20221018_110059.mat,986642,0.986642,1,165,0.0447324836176801
1069,20221018_110059.mat,986841,0.986841,1,160,0.106044781796952
1070,20221018_110059.mat,1071416,1.071416,1,175,0.26589172472063
1071,20221018_110059.mat,1071615,1.071615,1,155,0.280203384766588
1072,20221018_110059.mat,1071814,1.071814,1,160,0.0843836645388569
1073,20221018_110059.mat,1237780,1.23778,1,170,0.0336452307938743
1074,20221018_110059.mat,1256287,1.256287,1,165,0.349389638367166
1075,20221018_110059.mat,1256486,1.256486,1,165,0.151029541975152
1076,20221018_110059.mat,1260267,1.260267,1,165,0.077704166181742
1077,20221018_110059.mat,1293699,1.293699,1,165,0.149552151662733
1078,20221018_110059.mat,1293898,1.293898,1,160,0.313925236927227
1079,20221018_110059.mat,1294097,1.294097,1,160,0.0914393332013078
1080,20221018_110059.mat,1327529,1.327529,1,170,0.0320152003067442
1081,20221018_110059.mat,1333300,1.3333,1,165,0.0446700388356509
1082,20221018_110059.mat,1374095,1.374095,1,180,0.16794304869252
1083,20221018_110059.mat,1374294,1.374294,1,160,0.12616564998375
1084,20221018_110059.mat,1454690,1.45469,1,155,0.175087620619454
1085,20221018_110059.mat,1454889,1.454889,1,155,1.88135017680596
1086,20221018_110059.mat,1455088,1.455088,1,165,3.40538450501501
1087,20221018_110059.mat,1455287,1.455287,1,135,0.253393319469174
1088,20221018_110059.mat,1455486,1.455486,1,160,0.0645656184457055
1089,20221018_110059.mat,1509813,1.509813,1,235,0.0827253754104216
1090,20221018_110059.mat,1510012,1.510012,1,160,1.08004798887404
1091,20221018_110059.mat,1510211,1.510211,1,155,0.0880969380830586
1092,20221018_110059.mat,1557175,1.557175,1,160,0.0369778121028668
1093,20221018_110059.mat,1559165,1.559165,1,230,0.0620515263309934
1094,20221018_110059.mat,1670207,1.670207,1,160,0.082515965540529
1095,20221018_110059.mat,1686923,1.686923,1,175,0.0340740011145361
1096,20221018_110059.mat,1710206,1.710206,1,230,0.171888395327581
1097,20221018_110059.mat,1710405,1.710405,1,230,0.105592850474295
1098,20221018_110059.mat,1722146,1.722146,1,165,0.487466693572594
1099,20221018_110059.mat,1722345,1.722345,1,130,0.0897586109366189
1100,20221018_110059.mat,1722544,1.722544,1,160,0.0706189861609073
1101,20221018_110059.mat,1722743,1.722743,1,160,0.0817170718539615
1102,20221018_110059.mat,1756772,1.756772,1,165,0.0295544366479077
1103,20221018_110059.mat,1973682,1.973682,1,160,0.276691747505294
1104,20221018_110059.mat,1976269,1.976269,1,165,0.0314136206970772
1105,20221018_110059.mat,2069600,2.0696,1,170,3.0091390627796
1106,20221018_110059.mat,2069799,2.069799,1,175,4.1076022513479
1107,20221018_110059.mat,2069998,2.069998,1,160,0.979064330598546
1108,20221018_110059.mat,2070197,2.070197,1,160,0.397381584478113
1109,20221018_110059.mat,2070396,2.070396,1,70,0.0677941681401808
1110,20221018_110059.mat,2247307,2.247307,1,230,0.0413427506448901
1111,20221018_110059.mat,2247506,2.247506,1,160,0.0570674342851298
1112,20221018_110059.mat,2265814,2.265814,1,185,0.0371484676035618
1113,20221018_110059.mat,2345613,2.345613,1,135,0.035363524837207
1114,20221018_110059.mat,2502823,2.502823,1,180,0.0369703171985247
1115,20221018_110059.mat,2503022,2.503022,1,165,0.501099594803091
1116,20221018_110059.mat,2503221,2.503221,1,175,0.0911930576276868
1117,20221018_110059.mat,2505012,2.505012,1,185,0.0583474482346245
1118,20221018_110059.mat,2505211,2.505211,1,170,0.14455335433004
1119,20221018_110059.mat,2545210,2.54521,1,275,0.0336611295712857
1120,20221018_110059.mat,2641924,2.641924,1,165,0.0818895676726423
1121,20221018_110059.mat,2734857,2.734857,1,240,0.0299221069790152
1122,20221018_110059.mat,2953558,2.953558,1,230,0.198567788244303
1123,20221018_110059.mat,3008681,3.008681,1,160,0.0821115680716973
1124,20221018_110059.mat,3144001,3.144001,1,160,0.0503660146035558
1125,20221018_110059.mat,3188776,3.188776,1,170,0.280927466481143
1126,20221018_110059.mat,3188975,3.188975,1,165,0.278150958080087
1127,20221018_110059.mat,3203701,3.203701,1,160,0.488707617904052
1128,20221018_110059.mat,3203900,3.2039,1,160,0.116401666044634
1129,20221018_110059.mat,3233949,3.233949,1,175,0.0652031016000716
1130,20221018_110059.mat,3234148,3.234148,1,160,0.0587721548822506
1131,20221018_110059.mat,3324096,3.324096,1,150,0.176424762352408
1132,20221018_110059.mat,3509365,3.509365,1,165,0.0730664428024954
1133,20221018_110059.mat,3511753,3.511753,1,170,0.294321300364113
1134,20221018_110059.mat,3511952,3.511952,1,165,0.151246896332264
1135,20221018_110059.mat,3559513,3.559513,1,160,1.79960742363521
1136,20221018_110059.mat,3559712,3.559712,1,160,0.74312007418314
1137,20221018_110059.mat,3559911,3.559911,1,160,0.194584570133715
1138,20221018_110059.mat,3572050,3.57205,1,180,0.118943006546426
1139,20221018_110059.mat,3572249,3.572249,1,160,0.0618240046294325
1140,20221018_110059.mat,3682893,3.682893,1,155,0.0396230121096588
1141,20221018_110059.mat,3684883,3.684883,1,165,3.30135592232033
1142,20221018_110059.mat,3685082,3.685082,1,180,0.403311584003006
1143,20221018_110059.mat,3685281,3.685281,1,160,0.318254838854164
1144,20221018_110059.mat,3695231,3.695231,1,165,0.0621137282276238
1145,20221018_110059.mat,3697818,3.697818,1,165,0.458995092894933
1146,20221018_110059.mat,3698017,3.698017,1,175,0.0854151162181048
1147,20221018_110059.mat,3699410,3.69941,1,155,0.0609695195212188
1148,20221018_110059.mat,3703987,3.703987,1,160,2.81134882903069
1149,20221018_110059.mat,3704186,3.704186,1,170,0.265929137654554
1150,20221018_110059.mat,3704385,3.704385,1,155,1.50200798697418
1151,20221018_110059.mat,3704584,3.704584,1,160,0.568904348626352
1152,20221018_110059.mat,3704783,3.704783,1,160,0.178373500587914
1153,20221018_110059.mat,3704982,3.704982,1,160,0.495956793141112
1154,20221018_110059.mat,3705181,3.705181,1,165,2.24661145967678
1155,20221018_110059.mat,3705380,3.70538,1,160,26.2390967172032
1156,20221018_110059.mat,3705579,3.705579,1,160,3.74161373561487
1157,20221018_110059.mat,3705778,3.705778,1,160,1.72878870785791
1158,20221018_110059.mat,3705977,3.705977,1,160,0.156833139480691
1159,20221018_110059.mat,3706375,3.706375,1,175,0.703052903945595
1160,20221018_110059.mat,3706574,3.706574,1,160,0.342874158000138
1161,20221018_110059.mat,3706773,3.706773,1,180,0.15592872836821
1162,20221018_110059.mat,3722892,3.722892,1,180,0.0435507235317133
1163,20221018_110059.mat,3734235,3.734235,1,175,0.0338412025890338
1164,20221018_110059.mat,3734434,3.734434,1,160,0.26519748843909
1165,20221018_110059.mat,3775428,3.775428,1,165,0.0606923264855749
1166,20221018_110059.mat,3822591,3.822591,1,175,0.0424312755207806
1167,20221018_110059.mat,3839904,3.839904,1,170,0.0602214427542989
1168,20221018_110059.mat,4029352,4.029352,1,160,0.439587806548706
1169,20221018_110059.mat,4029551,4.029551,1,165,0.0965398371627686
1170,20221018_110059.mat,4030148,4.030148,1,160,0.323464327447822
1171,20221018_110059.mat,4032934,4.032934,1,160,0.087091702202493
1172,20221018_110059.mat,4033133,4.033133,1,160,0.524807809288088
1173,20221018_110059.mat,4034924,4.034924,1,160,0.140913500828194
1174,20221018_110059.mat,4060794,4.060794,1,160,0.213195970851268
1175,20221018_110059.mat,4060993,4.060993,1,165,0.125046963130435
1176,20221018_110059.mat,4094425,4.094425,1,165,0.0427779975075894
1177,20221018_110059.mat,4126862,4.126862,1,175,0.448911253699241
1178,20221018_110059.mat,4127061,4.127061,1,160,0.058529743583924
1179,20221018_110059.mat,4166065,4.166065,1,170,0.549476576530829
1180,20221018_110059.mat,4166264,4.166264,1,175,0.24556159224537
1181,20221018_110059.mat,4223974,4.223974,1,170,0.157596974630523
1182,20221018_110059.mat,4233725,4.233725,1,250,0.122469341384844
1183,20221018_110059.mat,4233924,4.233924,1,160,1.85271567503338
1184,20221018_110059.mat,4234123,4.234123,1,155,0.233057447423197
1185,20221018_110059.mat,4234322,4.234322,1,160,0.112461242858415
1186,20221018_110059.mat,4240093,4.240093,1,160,0.0997639630140098
1187,20221018_110059.mat,4261784,4.261784,1,170,0.0392365828153022
1188,20221018_110059.mat,4337802,4.337802,1,160,0.248446484839981
1189,20221018_110059.mat,4348548,4.348548,1,170,0.260699908114984
1190,20221018_110059.mat,4348747,4.348747,1,155,0.319674712469587
1191,20221018_110059.mat,4348946,4.348946,1,160,0.0925009063795059
1192,20221018_110059.mat,4349543,4.349543,1,160,0.0907340610551609
1193,20221018_110059.mat,4402477,4.402477,1,165,0.8772514404835
1194,20221018_110059.mat,4402676,4.402676,1,165,0.969678486789473
1195,20221018_110059.mat,4402875,4.402875,1,160,0.167366902128074
1196,20221018_110059.mat,4461381,4.461381,1,160,0.148035441590041
1197,20221018_110059.mat,4515509,4.515509,1,165,0.0584940759778225
1198,20221018_110059.mat,4531230,4.53123,1,175,0.0315497168997961
1199,20221018_110059.mat,4570035,4.570035,1,155,0.0592944337200927
1200,20221018_110059.mat,4607447,4.607447,1,165,0.278110300391492
1201,20221018_110059.mat,4607646,4.607646,1,160,0.0892950250877378
1202,20221018_110059.mat,4658789,4.658789,1,165,0.694174680006179
1203,20221018_110059.mat,4658988,4.658988,1,175,0.201817015151262
1204,20221018_110059.mat,4659187,4.659187,1,160,0.0792794769023552
1205,20221018_110059.mat,4660978,4.660978,1,165,0.0408997342774493
1206,20221018_110059.mat,4663366,4.663366,1,165,0.0703477698172289
1207,20221018_110059.mat,4673913,4.673913,1,230,0.198075020107089
1208,20221018_110059.mat,4674112,4.674112,1,160,0.105429567142004
1209,20221018_110059.mat,4693017,4.693017,1,165,0.19269859156533
1210,20221018_110059.mat,4693216,4.693216,1,170,0.0854799679132586
1211,20221018_110059.mat,4700977,4.700977,1,170,0.19455815628839
1212,20221018_110059.mat,4701176,4.701176,1,155,0.090197301410482
1213,20221018_110059.mat,4769632,4.769632,1,165,0.22589440263461
1214,20221018_110059.mat,4769831,4.769831,1,175,0.106217990941395
1215,20221018_110059.mat,4860376,4.860376,1,160,1.09889960979195
1216,20221018_110059.mat,4860575,4.860575,1,150,0.12018506746279
1217,20221018_110059.mat,4870525,4.870525,1,185,0.0346101126864881
1218,20221018_110059.mat,4968433,4.968433,1,160,0.251999793608079
1219,20221018_110059.mat,4968632,4.968632,1,160,0.175218455487736
1220,20221018_110059.mat,4970423,4.970423,1,190,0.0332369846474736
1221,20221018_110104.mat,25671,0.025671,1,160,0.289524168511995
1222,20221018_110104.mat,25870,0.02587,1,160,0.102787710694203
1223,20221018_110104.mat,75620,0.07562,1,165,0.0395507780538184
1224,20221018_110104.mat,93132,0.093132,1,170,0.07846825853492
1225,20221018_110104.mat,115818,0.115818,1,165,0.0622293133663064
1226,20221018_110104.mat,128156,0.128156,1,160,0.272687411687336
1227,20221018_110104.mat,172334,0.172334,1,160,0.275610242861881
1228,20221018_110104.mat,172533,0.172533,1,160,0.0688975321421093
1229,20221018_110104.mat,199995,0.199995,1,190,0.122434186005806
1230,20221018_110104.mat,200194,0.200194,1,165,1.08683062211778
1231,20221018_110104.mat,200393,0.200393,1,170,0.0855846224670098
1232,20221018_110104.mat,293326,0.293326,1,225,0.0451856650015013
1233,20221018_110104.mat,334718,0.334718,1,165,0.0819114671639132
1234,20221018_110104.mat,353822,0.353822,1,170,0.0731600541465714
1235,20221018_110104.mat,364966,0.364966,1,160,0.0363690336612335
1236,20221018_110104.mat,387652,0.387652,1,165,0.81029531279565
1237,20221018_110104.mat,387851,0.387851,1,160,1.70465388834695
1238,20221018_110104.mat,388050,0.38805,1,160,0.240427619918795
1239,20221018_110104.mat,388249,0.388249,1,160,0.0914621867705234
1240,20221018_110104.mat,411134,0.411134,1,190,0.0346967589082023
1241,20221018_110104.mat,411333,0.411333,1,160,0.833306344535616
1242,20221018_110104.mat,411532,0.411532,1,165,0.0896525940238892
1243,20221018_110104.mat,424865,0.424865,1,170,0.0310726314310535
1244,20221018_110104.mat,440586,0.440586,1,160,0.619541920669409
1245,20221018_110104.mat,501679,0.501679,1,160,1.86825857578451
1246,20221018_110104.mat,501878,0.501878,1,175,0.206433852634431
1247,20221018_110104.mat,502077,0.502077,1,160,0.0993042012998159
1248,20221018_110104.mat,513818,0.513818,1,225,0.0627299730547812
1249,20221018_110104.mat,514017,0.514017,1,230,0.526870737497603
1250,20221018_110104.mat,514216,0.514216,1,160,0.249037719716781
1251,20221018_110104.mat,532524,0.532524,1,160,0.333600774438217
1252,20221018_110104.mat,574513,0.574513,1,170,0.0290080971101227
1253,20221018_110104.mat,580284,0.580284,1,230,0.0590808918146394
1254,20221018_110104.mat,654312,0.654312,1,180,0.0377562417751265
1255,20221018_110104.mat,674411,0.674411,1,170,0.0427609325381151
1256,20221018_110104.mat,684361,0.684361,1,280,0.0337820519914245
1257,20221018_110104.mat,734310,0.73431,1,180,0.0351340960039274
1258,20221018_110104.mat,745852,0.745852,1,160,0.239717682999406
1259,20221018_110104.mat,746051,0.746051,1,165,0.109459015523768
1260,20221018_110104.mat,796199,0.796199,1,160,0.0556700003183414
1261,20221018_110104.mat,797990,0.79799,1,230,0.0387301525483028
1262,20221018_110104.mat,798189,0.798189,1,160,0.0759656352891789
1263,20221018_110104.mat,879182,0.879182,1,160,0.740696986832934
1264,20221018_110104.mat,879381,0.879381,1,160,0.13290625077671
1265,20221018_110104.mat,912216,0.912216,1,175,0.0658911278426814
1266,20221018_110104.mat,914206,0.914206,1,215,0.173709215717368
1267,20221018_110104.mat,914405,0.914405,1,160,0.436367587180783
1268,20221018_110104.mat,914604,0.914604,1,175,0.144836559910428
1269,20221018_110104.mat,928534,0.928534,1,155,0.42651834283911
1270,20221018_110104.mat,928733,0.928733,1,180,0.381444130223849
1271,20221018_110104.mat,928932,0.928932,1,145,0.0524737527626914
1272,20221018_110104.mat,942663,0.942663,1,160,0.238403979035096
1273,20221018_110104.mat,961767,0.961767,1,170,0.129303146462404
1274,20221018_110104.mat,987836,0.987836,1,210,0.405408421195398
1275,20221018_110104.mat,988035,0.988035,1,160,0.840400500667564
1276,20221018_110104.mat,988234,0.988234,1,160,0.132654295126796
1277,20221018_110104.mat,1003756,1.003756,1,165,0.071194287131454
1278,20221018_110104.mat,1013706,1.013706,1,170,0.0348313670095374
1279,20221018_110104.mat,1018880,1.01888,1,165,0.717729150101716
1280,20221018_110104.mat,1019079,1.019079,1,160,0.219791060343352
1281,20221018_110104.mat,1028631,1.028631,1,175,3.20934784790855
1282,20221018_110104.mat,1028830,1.02883,1,155,0.486996448434468
1283,20221018_110104.mat,1029029,1.029029,1,160,0.155087766494655
1284,20221018_110104.mat,1072013,1.072013,1,160,1.0919391109922
1285,20221018_110104.mat,1072212,1.072212,1,160,0.3038255264643
1286,20221018_110104.mat,1113405,1.113405,1,170,0.035780776194525
1287,20221018_110104.mat,1254297,1.254297,1,160,2.70052780378669
1288,20221018_110104.mat,1254496,1.254496,1,160,0.618928464394033
1289,20221018_110104.mat,1254695,1.254695,1,160,0.242812601169126
1290,20221018_110104.mat,1288127,1.288127,1,165,0.0705577172957711
1291,20221018_110104.mat,1368722,1.368722,1,175,0.387020103660559
1292,20221018_110104.mat,1368921,1.368921,1,160,2.00012825897065
1293,20221018_110104.mat,1369120,1.36912,1,160,0.279003605043141
1294,20221018_110104.mat,1369319,1.369319,1,160,0.129093146037514
1295,20221018_110104.mat,1377677,1.377677,1,180,0.493979567213881
1296,20221018_110104.mat,1377876,1.377876,1,165,0.142189665740236
1297,20221018_110104.mat,1378473,1.378473,1,160,0.129270778762277
1298,20221018_110104.mat,1387428,1.387428,1,165,0.099508081760087
1299,20221018_110104.mat,1422850,1.42285,1,260,0.0316489259713811
1300,20221018_110104.mat,1435984,1.435984,1,165,0.0500312767442107
1301,20221018_110104.mat,1436183,1.436183,1,165,0.111225746003349
1302,20221018_110104.mat,1470212,1.470212,1,160,0.0435123345848689
1303,20221018_110104.mat,1509415,1.509415,1,215,0.333980263866171
1304,20221018_110104.mat,1509614,1.509614,1,180,0.81040261159983
1305,20221018_110104.mat,1509813,1.509813,1,155,0.0802785084884294
1306,20221018_110104.mat,1522748,1.522748,1,160,0.0413309580405121
1307,20221018_110104.mat,1597572,1.597572,1,160,0.0718795275743613
1308,20221018_110104.mat,1608318,1.608318,1,160,0.272423548037627
1309,20221018_110104.mat,1608517,1.608517,1,165,0.0504125895217904
1310,20221018_110104.mat,1661451,1.661451,1,180,0.204057613512767
1311,20221018_110104.mat,1661650,1.66165,1,160,1.09108981809314
1312,20221018_110104.mat,1661849,1.661849,1,175,0.111315348208759
1313,20221018_110104.mat,1678764,1.678764,1,165,0.13832149850546
1314,20221018_110104.mat,1682943,1.682943,1,180,0.11097585169993
1315,20221018_110104.mat,1816074,1.816074,1,155,0.99893523263416
1316,20221018_110104.mat,1816273,1.816273,1,180,0.661672246842859
1317,20221018_110104.mat,1816472,1.816472,1,175,0.0825915020692552
1318,20221018_110104.mat,1832193,1.832193,1,230,0.0313298706893308
1319,20221018_110104.mat,1919355,1.919355,1,165,0.0775318520668929
1320,20221018_110104.mat,2081739,2.081739,1,175,0.0519922491739769
1321,20221018_110104.mat,2081938,2.081938,1,165,0.0739963241755128
1322,20221018_110104.mat,2098654,2.098654,1,165,0.0733133947040423
1323,20221018_110104.mat,2098853,2.098853,1,160,0.385237226323414
1324,20221018_110104.mat,2102037,2.102037,1,155,0.133595964100166
1325,20221018_110104.mat,2102236,2.102236,1,170,0.160278625406745
1326,20221018_110104.mat,2211288,2.211288,1,160,0.0353717498198732
1327,20221018_110104.mat,2262431,2.262431,1,245,0.204077935213656
1328,20221018_110104.mat,2262630,2.26263,1,160,2.50141700579484
1329,20221018_110104.mat,2262829,2.262829,1,175,0.407547845552566
1330,20221018_110104.mat,2263028,2.263028,1,160,0.154662072211978
1331,20221018_110104.mat,2281336,2.281336,1,160,0.0308732902125983
1332,20221018_110104.mat,2368299,2.368299,1,165,0.192484166423063
1333,20221018_110104.mat,2368498,2.368498,1,180,0.0549565758359867
1334,20221018_110104.mat,2432974,2.432974,1,175,0.0515056913956878
1335,20221018_110104.mat,2462824,2.462824,1,230,0.0473746939493035
1336,20221018_110104.mat,2479341,2.479341,1,220,0.429070708240458
1337,20221018_110104.mat,2479540,2.47954,1,230,0.54619402587981
1338,20221018_110104.mat,2479739,2.479739,1,175,0.0708341100533026
1339,20221018_110104.mat,2485709,2.485709,1,170,0.0555834189170245
1340,20221018_110104.mat,2506405,2.506405,1,165,0.143300757322363
1341,20221018_110104.mat,2517947,2.517947,1,165,3.16811175267149
1342,20221018_110104.mat,2518146,2.518146,1,155,0.967830310339136
1343,20221018_110104.mat,2518345,2.518345,1,160,0.229294271635456
1344,20221018_110104.mat,2535061,2.535061,1,225,0.0391072865583901
1345,20221018_110104.mat,2579040,2.57904,1,170,0.114690921630677
1346,20221018_110104.mat,2579239,2.579239,1,180,0.0590607200652481
1347,20221018_110104.mat,2622422,2.622422,1,230,0.0761609228643641
1348,20221018_110104.mat,2622621,2.622621,1,165,0.0916909768486221
1349,20221018_110104.mat,2628989,2.628989,1,170,0.14178552650301
1350,20221018_110104.mat,2629188,2.629188,1,180,0.0635648380448347
1351,20221018_110104.mat,2631775,2.631775,1,160,0.554667784773934
1352,20221018_110104.mat,2631974,2.631974,1,175,0.116881890310791
1353,20221018_110104.mat,2650879,2.650879,1,170,0.146062009235861
1354,20221018_110104.mat,2651078,2.651078,1,180,0.0718581795043668
1355,20221018_110104.mat,2654660,2.65466,1,180,0.0610873000861457
1356,20221018_110104.mat,2654859,2.654859,1,165,0.0541245318391268
1357,20221018_110104.mat,2677346,2.677346,1,160,4.44369240427541
1358,20221018_110104.mat,2677545,2.677545,1,160,0.981775170790177
1359,20221018_110104.mat,2677744,2.677744,1,175,0.0940388454658226
1360,20221018_110104.mat,2690480,2.69048,1,195,0.0290702592154761
1361,20221018_110104.mat,2846695,2.846695,1,165,0.0759583441373325
1362,20221018_110104.mat,2850476,2.850476,1,160,0.906657432912078
1363,20221018_110104.mat,2850675,2.850675,1,160,0.191327049003125
1364,20221018_110104.mat,2964702,2.964702,1,160,0.114126216690656
1365,20221018_110104.mat,2971269,2.971269,1,170,0.0924524974654992
1366,20221018_110104.mat,3002711,3.002711,1,165,0.317080266188879
1367,20221018_110104.mat,3002910,3.00291,1,170,0.0841310589494564
1368,20221018_110104.mat,3003109,3.003109,1,165,2.62413417921315
1369,20221018_110104.mat,3003308,3.003308,1,160,2.05593485625034
1370,20221018_110104.mat,3003507,3.003507,1,160,0.439522870925774
1371,20221018_110104.mat,3003706,3.003706,1,160,0.0712243120445597
1372,20221018_110104.mat,3008681,3.008681,1,165,0.123876601832404
1373,20221018_110104.mat,3009875,3.009875,1,165,0.0560959628911675
1374,20221018_110104.mat,3019427,3.019427,1,230,0.0934698827462813
1375,20221018_110104.mat,3033755,3.033755,1,170,0.0617022636992987
1376,20221018_110104.mat,3048879,3.048879,1,180,0.0624130282029588
1377,20221018_110104.mat,3049078,3.049078,1,165,0.109884787755994
1378,20221018_110104.mat,3049675,3.049675,1,170,0.0398520523486323
1379,20221018_110104.mat,3060023,3.060023,1,170,0.171508159338277
1380,20221018_110104.mat,3069774,3.069774,1,170,0.0413844525983466
1381,20221018_110104.mat,3102410,3.10241,1,160,1.12902236207845
1382,20221018_110104.mat,3102609,3.102609,1,160,0.123458115634482
1383,20221018_110104.mat,3159523,3.159523,1,160,0.0987428051393625
1384,20221018_110104.mat,3178030,3.17803,1,165,0.0614202694652806
1385,20221018_110104.mat,3289271,3.289271,1,165,0.034828139313224
1386,20221018_110104.mat,3299221,3.299221,1,215,0.0312379111193241
1387,20221018_110104.mat,3319320,3.31932,1,160,0.033124778269593
1388,20221018_110104.mat,3323499,3.323499,1,125,0.0468844045305251
1389,20221018_110104.mat,3323698,3.323698,1,165,0.0522675341784822
1390,20221018_110104.mat,3331658,3.331658,1,155,0.0768885670001893
1391,20221018_110104.mat,3452451,3.452451,1,165,0.0973280767011292
1392,20221018_110104.mat,3563095,3.563095,1,165,1.24227186679856
1393,20221018_110104.mat,3563294,3.563294,1,155,2.04975514953804
1394,20221018_110104.mat,3563493,3.563493,1,160,0.859744780697368
1395,20221018_110104.mat,3563692,3.563692,1,160,0.172784206606005
1396,20221018_110104.mat,3563891,3.563891,1,165,4.40841379187784
1397,20221018_110104.mat,3564090,3.56409,1,160,3.03701809703313
1398,20221018_110104.mat,3564289,3.564289,1,155,1.2103986294189
1399,20221018_110104.mat,3564488,3.564488,1,155,0.23832084035966
1400,20221018_110104.mat,3564687,3.564687,1,160,0.115663403020625
1401,20221018_110104.mat,3565284,3.565284,1,205,0.252132461405052
1402,20221018_110104.mat,3565483,3.565483,1,160,13.403728244832
1403,20221018_110104.mat,3565682,3.565682,1,160,4.2635524303158
1404,20221018_110104.mat,3565881,3.565881,1,175,1.57191770135795
1405,20221018_110104.mat,3566080,3.56608,1,155,1.72033318914191
1406,20221018_110104.mat,3566279,3.566279,1,155,0.228664784963288
1407,20221018_110104.mat,3566478,3.566478,1,160,0.100807950643237
1408,20221018_110104.mat,3571055,3.571055,1,160,0.170084355117548
1409,20221018_110104.mat,3578219,3.578219,1,165,0.106680541981831
1410,20221018_110104.mat,3578418,3.578418,1,165,0.122921389831353
1411,20221018_110104.mat,3578617,3.578617,1,160,0.188926949186845
1412,20221018_110104.mat,3578816,3.578816,1,165,0.053161719045177
1413,20221018_110104.mat,3579612,3.579612,1,160,0.451383519986418
1414,20221018_110104.mat,3579811,3.579811,1,160,0.047610662162382
1415,20221018_110104.mat,3598915,3.598915,1,160,0.239165729620755
1416,20221018_110104.mat,3620407,3.620407,1,160,0.0971353597889116
1417,20221018_110104.mat,3624785,3.624785,1,160,0.164804944695888
1418,20221018_110104.mat,3630954,3.630954,1,160,0.149692490485427
1419,20221018_110104.mat,3632745,3.632745,1,160,0.451297606224761
1420,20221018_110104.mat,3632944,3.632944,1,160,0.524471866918714
1421,20221018_110104.mat,3633143,3.633143,1,165,0.154149427057951
1422,20221018_110104.mat,3633342,3.633342,1,160,0.151150439009466
1423,20221018_110104.mat,3685281,3.685281,1,160,0.21606971080796
1424,20221018_110104.mat,3685480,3.68548,1,155,0.242469324380402
1425,20221018_110104.mat,3685679,3.685679,1,160,0.907789445842173
1426,20221018_110104.mat,3685878,3.685878,1,160,0.0616047123609515
1427,20221018_110104.mat,3693042,3.693042,1,165,0.0908576093842774
1428,20221018_110104.mat,3693241,3.693241,1,155,0.747415710362112
1429,20221018_110104.mat,3693440,3.69344,1,175,0.0584863370973362
1430,20221018_110104.mat,3695231,3.695231,1,180,0.0517640553503028
1431,20221018_110104.mat,3695430,3.69543,1,160,0.515890594908534
1432,20221018_110104.mat,3700007,3.700007,1,155,0.0586662828110112
1433,20221018_110104.mat,3700206,3.700206,1,160,0.214441958443571
1434,20221018_110104.mat,3704584,3.704584,1,155,0.202054166585952
1435,20221018_110104.mat,3712345,3.712345,1,165,0.306134911646569
1436,20221018_110104.mat,3712544,3.712544,1,160,0.095191631412707
1437,20221018_110104.mat,3713141,3.713141,1,160,0.155470406144405
1438,20221018_110104.mat,3726872,3.726872,1,155,1.08108299913928
1439,20221018_110104.mat,3727071,3.727071,1,160,0.234523898499235
1440,20221018_110104.mat,3788363,3.788363,1,165,0.626550003396479
1441,20221018_110104.mat,3788562,3.788562,1,155,0.113916639093057
1442,20221018_110104.mat,3990149,3.990149,1,170,0.0460933144612134
1443,20221018_110104.mat,3990348,3.990348,1,155,0.0946174272530013
1444,20221018_110104.mat,4007860,4.00786,1,225,0.0368406419528853
1445,20221018_110104.mat,4015422,4.015422,1,170,0.0875242604584551
1446,20221018_110104.mat,4047859,4.047859,1,165,0.0749262409619338
1447,20221018_110104.mat,4087858,4.087858,1,160,0.042997039273401
1448,20221018_110104.mat,4094823,4.094823,1,160,0.353439167784683
1449,20221018_110104.mat,4095022,4.095022,1,180,0.0571676594724387
1450,20221018_110104.mat,4105768,4.105768,1,160,0.301192959618177
1451,20221018_110104.mat,4105967,4.105967,1,165,0.169294341986865
1452,20221018_110104.mat,4107758,4.107758,1,175,0.0326091036785686
1453,20221018_110104.mat,4124076,4.124076,1,170,0.694557034377105
1454,20221018_110104.mat,4124275,4.124275,1,170,0.695459067912437
1455,20221018_110104.mat,4124474,4.124474,1,165,0.0774772179145975
1456,20221018_110104.mat,4169846,4.169846,1,150,0.0628352860327706
1457,20221018_110104.mat,4170045,4.170045,1,160,0.0681745295903355
1458,20221018_110104.mat,4225964,4.225964,1,170,0.217780409042581
1459,20221018_110104.mat,4226163,4.226163,1,160,0.336747239341144
1460,20221018_110104.mat,4226959,4.226959,1,165,0.14972564728921
1461,20221018_110104.mat,4252829,4.252829,1,170,0.08061039142268
1462,20221018_110104.mat,4268550,4.26855,1,160,0.222870201609467
1463,20221018_110104.mat,4268749,4.268749,1,165,0.0742762549827725
1464,20221018_110104.mat,4269147,4.269147,1,160,0.100112742944245
1465,20221018_110104.mat,4293425,4.293425,1,165,0.0948667832294549
1466,20221018_110104.mat,4295813,4.295813,1,170,0.099239542593448
1467,20221018_110104.mat,4309345,4.309345,1,170,0.112877973502215
1468,20221018_110104.mat,4309544,4.309544,1,160,0.574699378266073
1469,20221018_110104.mat,4349145,4.349145,1,155,0.274876869949632
1470,20221018_110104.mat,4349344,4.349344,1,165,0.113868794120966
1471,20221018_110104.mat,4361881,4.361881,1,160,0.430971903459205
1472,20221018_110104.mat,4362080,4.36208,1,155,0.190687118188497
1473,20221018_110104.mat,4442078,4.442078,1,175,0.0894228990624063
1474,20221018_110104.mat,4459590,4.45959,1,160,1.52749744329649
1475,20221018_110104.mat,4459789,4.459789,1,165,1.05471344657308
1476,20221018_110104.mat,4459988,4.459988,1,160,0.149971126863662
1477,20221018_110104.mat,4460187,4.460187,1,160,0.09861317035509
1478,20221018_110104.mat,4467550,4.46755,1,160,0.397415773750007
1479,20221018_110104.mat,4467749,4.467749,1,160,0.496994053479898
1480,20221018_110104.mat,4468346,4.468346,1,165,0.11978607879187
1481,20221018_110104.mat,4468545,4.468545,1,180,0.0726539174984917
1482,20221018_110104.mat,4469938,4.469938,1,160,0.0720113379587972
1483,20221018_110104.mat,4472127,4.472127,1,160,0.0666480142153766
1484,20221018_110104.mat,4485062,4.485062,1,190,0.0686979617082684
1485,20221018_110104.mat,4485261,4.485261,1,160,12.8129291224903
1486,20221018_110104.mat,4485460,4.48546,1,160,5.2688701024835
1487,20221018_110104.mat,4485659,4.485659,1,160,3.06275244687947
1488,20221018_110104.mat,4485858,4.485858,1,160,0.708001950913953
1489,20221018_110104.mat,4486057,4.486057,1,165,0.0498683679545182
1490,20221018_110104.mat,4499589,4.499589,1,205,0.0543898020924356
1491,20221018_110104.mat,4499788,4.499788,1,175,0.238159696220232
1492,20221018_110104.mat,4506554,4.506554,1,165,0.210083023258181
1493,20221018_110104.mat,4506753,4.506753,1,160,0.056533928583118
1494,20221018_110104.mat,4516902,4.516902,1,235,0.0317059882253327
1495,20221018_110104.mat,4526852,4.526852,1,170,0.0291932938019619
1496,20221018_110104.mat,4547747,4.547747,1,160,0.0818486157924702
1497,20221018_110104.mat,4576204,4.576204,1,165,0.0684841222914079
1498,20221018_110104.mat,4583169,4.583169,1,160,0.683771643704964
1499,20221018_110104.mat,4583368,4.583368,1,160,0.136115142237363
1500,20221018_110104.mat,4637695,4.637695,1,160,1.7299587031763
1501,20221018_110104.mat,4637894,4.637894,1,170,0.189150449078971
1502,20221018_110104.mat,4638093,4.638093,1,160,0.11285189239552
1503,20221018_110104.mat,4641874,4.641874,1,160,0.672942943235206
1504,20221018_110104.mat,4642073,4.642073,1,155,0.170909741702948
1505,20221018_110104.mat,4642272,4.642272,1,160,0.067234610304257
1506,20221018_110104.mat,4643068,4.643068,1,155,0.470698791312248
1507,20221018_110104.mat,4643267,4.643267,1,160,0.0791761964652801
1508,20221018_110104.mat,4732021,4.732021,1,225,0.17324152492553
1509,20221018_110104.mat,4746946,4.746946,1,185,0.148849608845953
1510,20221018_110104.mat,4747145,4.747145,1,170,1.58527138527325
1511,20221018_110104.mat,4747344,4.747344,1,160,0.380903332803855
1512,20221018_110104.mat,4747543,4.747543,1,160,0.14265777271047
1513,20221018_110104.mat,4763662,4.763662,1,160,0.221896026030428
1514,20221018_110104.mat,4911718,4.911718,1,165,0.22971033101351
1515,20221018_110104.mat,4912514,4.912514,1,160,5.07530950198611
1516,20221018_110104.mat,4912713,4.912713,1,160,0.582769566126363
1517,20221018_110104.mat,4912912,4.912912,1,160,0.472699832526793
1518,20221018_110109.mat,398,0.000398,1,160,0.0452597086184965
1519,20221018_110109.mat,14129,0.014129,1,160,0.0632684023044094
1520,20221018_110109.mat,70247,0.070247,1,220,0.0321784250892344
1521,20221018_110109.mat,99500,0.0995,1,160,0.297814605166309
1522,20221018_110109.mat,99699,0.099699,1,160,0.209890392550578
1523,20221018_110109.mat,100097,0.100097,1,165,0.0318910816649272
1524,20221018_110109.mat,169946,0.169946,1,170,0.0314612243172095
1525,20221018_110109.mat,419691,0.419691,1,280,0.0470721435393615
1526,20221018_110109.mat,476605,0.476605,1,175,0.436579052327907
1527,20221018_110109.mat,476804,0.476804,1,165,1.57223009034778
1528,20221018_110109.mat,477003,0.477003,1,165,0.224989579327343
1529,20221018_110109.mat,477202,0.477202,1,160,0.0984038387716486
1530,20221018_110109.mat,479391,0.479391,1,165,0.0305690991874366
1531,20221018_110109.mat,492923,0.492923,1,170,0.260915344380484
1532,20221018_110109.mat,493122,0.493122,1,160,0.13752125437617
1533,20221018_110109.mat,499291,0.499291,1,175,0.0504161280972793
1534,20221018_110109.mat,559190,0.55919,1,170,0.0305210002929174
1535,20221018_110109.mat,594214,0.594214,1,180,0.145301674311692
1536,20221018_110109.mat,594413,0.594413,1,165,0.0585704812514687
1537,20221018_110109.mat,607945,0.607945,1,165,0.353563465095583
1538,20221018_110109.mat,608144,0.608144,1,150,0.118509111481689
1539,20221018_110109.mat,634412,0.634412,1,165,3.12481254063734
1540,20221018_110109.mat,634611,0.634611,1,165,28.164190875838
1541,20221018_110109.mat,634810,0.63481,1,160,1.40292886596126
1542,20221018_110109.mat,635009,0.635009,1,160,1.06877746104095
1543,20221018_110109.mat,635208,0.635208,1,160,0.280372879828001
1544,20221018_110109.mat,635407,0.635407,1,160,0.0762192189605693
1545,20221018_110109.mat,659088,0.659088,1,190,0.029629744445533
1546,20221018_110109.mat,660879,0.660879,1,155,0.200164751752138
1547,20221018_110109.mat,661078,0.661078,1,160,0.0757121210011736
1548,20221018_110109.mat,661277,0.661277,1,160,0.399437060888819
1549,20221018_110109.mat,661476,0.661476,1,165,0.0785090266929078
1550,20221018_110109.mat,679983,0.679983,1,165,0.0553402887084692
1551,20221018_110109.mat,691326,0.691326,1,160,0.247145568997318
1552,20221018_110109.mat,691525,0.691525,1,160,0.0692668198939947
1553,20221018_110109.mat,699087,0.699087,1,180,0.041621594372448
1554,20221018_110109.mat,717793,0.717793,1,160,0.643613945890314
1555,20221018_110109.mat,717992,0.717992,1,170,0.277050530993818
1556,20221018_110109.mat,718191,0.718191,1,160,0.0609186972158014
1557,20221018_110109.mat,728937,0.728937,1,255,0.0318617943327323
1558,20221018_110109.mat,769931,0.769931,1,170,0.0380302743023712
1559,20221018_110109.mat,770130,0.77013,1,165,0.271143144633936
1560,20221018_110109.mat,770329,0.770329,1,150,0.0749599580116573
1561,20221018_110109.mat,792816,0.792816,1,180,0.265109878414982
1562,20221018_110109.mat,859282,0.859282,1,230,1.83900798382612
1563,20221018_110109.mat,859481,0.859481,1,175,0.364993838247668
1564,20221018_110109.mat,859680,0.85968,1,135,0.0659544378888703
1565,20221018_110109.mat,877391,0.877391,1,160,0.0983979676643271
1566,20221018_110109.mat,906445,0.906445,1,160,0.080609900178322
1567,20221018_110109.mat,947041,0.947041,1,155,0.152802135557944
1568,20221018_110109.mat,947240,0.94724,1,160,2.7637724919029
1569,20221018_110109.mat,947439,0.947439,1,165,0.133567723410886
1570,20221018_110109.mat,947638,0.947638,1,160,0.199750379583653
1571,20221018_110109.mat,972513,0.972513,1,155,0.0474040126812653
1572,20221018_110109.mat,972712,0.972712,1,170,0.714988910904482
1573,20221018_110109.mat,972911,0.972911,1,160,0.167969716862766
1574,20221018_110109.mat,1073605,1.073605,1,170,0.540345733937375
1575,20221018_110109.mat,1073804,1.073804,1,160,0.0947924492954522
1576,20221018_110109.mat,1081764,1.081764,1,160,0.243640510726391
1577,20221018_110109.mat,1093505,1.093505,1,165,0.313515456324887
1578,20221018_110109.mat,1106042,1.106042,1,165,3.15917961331107
1579,20221018_110109.mat,1106241,1.106241,1,175,0.826817214021953
1580,20221018_110109.mat,1106440,1.10644,1,160,0.552264773953529
1581,20221018_110109.mat,1106639,1.106639,1,160,0.181000364727122
1582,20221018_110109.mat,1120370,1.12037,1,165,0.0723528237944768
1583,20221018_110109.mat,1124748,1.124748,1,165,0.379371020414173
1584,20221018_110109.mat,1124947,1.124947,1,170,0.180157152323313
1585,20221018_110109.mat,1125146,1.125146,1,160,0.0617341904691398
1586,20221018_110109.mat,1143056,1.143056,1,170,0.169374933771539
1587,20221018_110109.mat,1143255,1.143255,1,175,0.106373356485342
1588,20221018_110109.mat,1151613,1.151613,1,165,0.277173980962716
1589,20221018_110109.mat,1151812,1.151812,1,160,0.286414607357433
1590,20221018_110109.mat,1174498,1.174498,1,235,0.0962889900524574
1591,20221018_110109.mat,1231611,1.231611,1,160,0.0581693031518091
1592,20221018_110109.mat,1347827,1.347827,1,245,0.0285877273886179
1593,20221018_110109.mat,1367727,1.367727,1,150,0.0258959899940762
1594,20221018_110109.mat,1419865,1.419865,1,170,0.173124458137429
1595,20221018_110109.mat,1420064,1.420064,1,155,0.0488565386465229
1596,20221018_110109.mat,1437576,1.437576,1,160,0.0402996707743324
1597,20221018_110109.mat,1440959,1.440959,1,165,0.40679105704802
1598,20221018_110109.mat,1470610,1.47061,1,225,0.0486755530662959
1599,20221018_110109.mat,1504639,1.504639,1,180,0.075104370384947
1600,20221018_110109.mat,1513793,1.513793,1,160,0.0921327236331068
1601,20221018_110109.mat,1663441,1.663441,1,165,0.121564579998315
1602,20221018_110109.mat,1756971,1.756971,1,160,1.16340025613419
1603,20221018_110109.mat,1757170,1.75717,1,160,0.413539490440363
1604,20221018_110109.mat,1757369,1.757369,1,160,0.0910230879195736
1605,20221018_110109.mat,1763936,1.763936,1,165,2.31579545405074
1606,20221018_110109.mat,1764135,1.764135,1,160,0.428685790575052
1607,20221018_110109.mat,1764334,1.764334,1,160,0.219357845243571
1608,20221018_110109.mat,1777070,1.77707,1,215,0.03305997630036
1609,20221018_110109.mat,1852292,1.852292,1,165,0.271576479380376
1610,20221018_110109.mat,1852491,1.852491,1,150,0.0860480936502059
1611,20221018_110109.mat,1886719,1.886719,1,160,0.0503461069437716
1612,20221018_110109.mat,1960747,1.960747,1,175,1.274951689502
1613,20221018_110109.mat,1960946,1.960946,1,175,0.561732826594593
1614,20221018_110109.mat,1961145,1.961145,1,160,0.191383290155639
1615,20221018_110109.mat,2006517,2.006517,1,250,0.0323465172045709
1616,20221018_110109.mat,2046118,2.046118,1,165,1.81895548060167
1617,20221018_110109.mat,2046317,2.046317,1,175,1.22896142400639
1618,20221018_110109.mat,2046516,2.046516,1,160,0.449201237339202
1619,20221018_110109.mat,2046715,2.046715,1,160,0.151983618029766
1620,20221018_110109.mat,2117957,2.117957,1,160,0.051287718351611
1621,20221018_110109.mat,2118355,2.118355,1,160,0.903193692279042
1622,20221018_110109.mat,2118554,2.118554,1,160,0.117770326902623
1623,20221018_110109.mat,2141240,2.14124,1,170,0.0575944095354694
1624,20221018_110109.mat,2141439,2.141439,1,160,0.24409060397659
1625,20221018_110109.mat,2141638,2.141638,1,165,0.293410497846443
1626,20221018_110109.mat,2141837,2.141837,1,150,0.130389610174486
1627,20221018_110109.mat,2226213,2.226213,1,250,0.0347161896602073
1628,20221018_110109.mat,2227009,2.227009,1,175,0.0758194539641775
1629,20221018_110109.mat,2289296,2.289296,1,165,0.621171669830409
1630,20221018_110109.mat,2289495,2.289495,1,160,0.780164945417928
1631,20221018_110109.mat,2289694,2.289694,1,160,0.185571765621761
1632,20221018_110109.mat,2307803,2.307803,1,165,1.24980449575508
1633,20221018_110109.mat,2308002,2.308002,1,165,0.231175683742523
1634,20221018_110109.mat,2333275,2.333275,1,170,0.0774420794590049
1635,20221018_110109.mat,2334469,2.334469,1,160,0.0489122618312667
1636,20221018_110109.mat,2350787,2.350787,1,165,0.111969446738452
1637,20221018_110109.mat,2405910,2.40591,1,165,0.0400095450431241
1638,20221018_110109.mat,2468396,2.468396,1,155,0.0614665701460201
1639,20221018_110109.mat,2549389,2.549389,1,165,0.263298088420057
1640,20221018_110109.mat,2549588,2.549588,1,165,0.577787173701738
1641,20221018_110109.mat,2549787,2.549787,1,160,0.0877550237418191
1642,20221018_110109.mat,2565110,2.56511,1,175,0.0949910370227112
1643,20221018_110109.mat,2565309,2.565309,1,155,0.235642429149134
1644,20221018_110109.mat,2565508,2.565508,1,160,0.0514340251850954
1645,20221018_110109.mat,2665406,2.665406,1,250,0.0311049654524495
1646,20221018_110109.mat,2680729,2.680729,1,160,0.210179587828906
1647,20221018_110109.mat,2735255,2.735255,1,160,0.0324901672273513
1648,20221018_110109.mat,2876943,2.876943,1,165,0.0622985185717925
1649,20221018_110109.mat,2907390,2.90739,1,225,0.0439520835858405
1650,20221018_110109.mat,2930673,2.930673,1,230,0.169343727386607
1651,20221018_110109.mat,2962911,2.962911,1,160,0.304577899567487
1652,20221018_110109.mat,2984801,2.984801,1,170,0.0283362677854408
1653,20221018_110109.mat,2989378,2.989378,1,180,0.120627381950488
1654,20221018_110109.mat,3009676,3.009676,1,160,0.418559835983209
1655,20221018_110109.mat,3009875,3.009875,1,160,0.108599653419671
1656,20221018_110109.mat,3066988,3.066988,1,165,0.0727240172819445
1657,20221018_110109.mat,3107385,3.107385,1,340,0.0439098591646036
1658,20221018_110109.mat,3131464,3.131464,1,165,0.0622256925220808
1659,20221018_110109.mat,3144200,3.1442,1,165,1.41459823742981
1660,20221018_110109.mat,3144399,3.144399,1,160,0.517495579450535
1661,20221018_110109.mat,3144598,3.144598,1,160,0.135997304512575
1662,20221018_110109.mat,3174647,3.174647,1,170,1.22164295913821
1663,20221018_110109.mat,3174846,3.174846,1,165,1.15787129124233
1664,20221018_110109.mat,3175045,3.175045,1,160,0.16443578035482
1665,20221018_110109.mat,3200716,3.200716,1,165,0.237910972366134
1666,20221018_110109.mat,3200915,3.200915,1,175,0.332607255469726
1667,20221018_110109.mat,3201114,3.201114,1,160,0.0800336891653273
1668,20221018_110109.mat,3203104,3.203104,1,165,0.717303306141547
1669,20221018_110109.mat,3203303,3.203303,1,155,0.0973606258595293
1670,20221018_110109.mat,3301410,3.30141,1,170,0.354678386790613
1671,20221018_110109.mat,3301609,3.301609,1,170,0.0692449754365862
1672,20221018_110109.mat,3316335,3.316335,1,170,0.591550631668537
1673,20221018_110109.mat,3316534,3.316534,1,165,0.437590181199753
1674,20221018_110109.mat,3350563,3.350563,1,175,0.0499726906583318
1675,20221018_110109.mat,3374642,3.374642,1,165,0.146696576892127
1676,20221018_110109.mat,3387975,3.387975,1,160,1.29173990393836
1677,20221018_110109.mat,3388174,3.388174,1,175,0.477518821780877
1678,20221018_110109.mat,3388373,3.388373,1,160,0.24052445806254
1679,20221018_110109.mat,3403497,3.403497,1,165,0.107248863973159
1680,20221018_110109.mat,3417228,3.417228,1,160,0.0879099062514866
1681,20221018_110109.mat,3417427,3.417427,1,160,0.551600492914165
1682,20221018_110109.mat,3417626,3.417626,1,160,0.0895223635519173
1683,20221018_110109.mat,3442302,3.442302,1,165,0.407588435075043
1684,20221018_110109.mat,3442501,3.442501,1,165,0.446201505932154
1685,20221018_110109.mat,3446083,3.446083,1,160,0.0811343847441562
1686,20221018_110109.mat,3474142,3.474142,1,180,0.0373830815856286
1687,20221018_110109.mat,3481306,3.481306,1,160,5.29722534128036
1688,20221018_110109.mat,3481505,3.481505,1,160,1.22970361778221
1689,20221018_110109.mat,3481704,3.481704,1,160,0.68088408461029
1690,20221018_110109.mat,3481903,3.481903,1,160,0.166915931478664
1691,20221018_110109.mat,3485485,3.485485,1,170,0.346836615294202
1692,20221018_110109.mat,3485684,3.485684,1,165,0.0666926594986498
1693,20221018_110109.mat,3490261,3.490261,1,165,0.352414412387163
1694,20221018_110109.mat,3490460,3.49046,1,175,0.205741115794334
1695,20221018_110109.mat,3496231,3.496231,1,170,0.406371937441808
1696,20221018_110109.mat,3496430,3.49643,1,165,0.229033751270673
1697,20221018_110109.mat,3539215,3.539215,1,170,2.12684478951474
1698,20221018_110109.mat,3539414,3.539414,1,165,0.728354662368382
1699,20221018_110109.mat,3539613,3.539613,1,160,0.261216684943598
1700,20221018_110109.mat,3562896,3.562896,1,170,0.34954010949734
1701,20221018_110109.mat,3563095,3.563095,1,160,0.061843564536283
1702,20221018_110109.mat,3563891,3.563891,1,200,0.0304273412520598
1703,20221018_110109.mat,3571254,3.571254,1,170,0.0970185918763401
1704,20221018_110109.mat,3575035,3.575035,1,170,0.0390404398441773
1705,20221018_110109.mat,3575234,3.575234,1,175,0.0680092297992134
1706,20221018_110109.mat,3595930,3.59593,1,160,0.0646748670625867
1707,20221018_110109.mat,3633740,3.63374,1,155,0.0322376149496367
1708,20221018_110109.mat,3652247,3.652247,1,160,0.0583695592441257
1709,20221018_110109.mat,3883485,3.883485,1,170,0.168912714981176
1710,20221018_110109.mat,3883684,3.883684,1,160,0.207856392214039
1711,20221018_110109.mat,3903385,3.903385,1,220,0.0286360527583925
1712,20221018_110109.mat,3903783,3.903783,1,160,0.0624179663812647
1713,20221018_110109.mat,3943384,3.943384,1,185,0.0457849648981841
1714,20221018_110109.mat,3968856,3.968856,1,175,22.4264571461122
1715,20221018_110109.mat,3969055,3.969055,1,165,7.74129304159046
1716,20221018_110109.mat,3969254,3.969254,1,175,2.44623688737881
1717,20221018_110109.mat,3969453,3.969453,1,160,0.566790202255268
1718,20221018_110109.mat,3969652,3.969652,1,160,0.24203731583547
1719,20221018_110109.mat,3969851,3.969851,1,160,0.0860432503782699
1720,20221018_110109.mat,3992338,3.992338,1,180,0.0927896843373388
1721,20221018_110109.mat,3992537,3.992537,1,155,0.132893100391544
1722,20221018_110109.mat,3999104,3.999104,1,165,0.0990616714748367
1723,20221018_110109.mat,4005273,4.005273,1,165,0.0653842020526509
1724,20221018_110109.mat,4026765,4.026765,1,165,0.211573877942169
1725,20221018_110109.mat,4026964,4.026964,1,155,0.0719004187960656
1726,20221018_110109.mat,4043083,4.043083,1,185,0.0358493588880669
1727,20221018_110109.mat,4086067,4.086067,1,160,1.92574169129663
1728,20221018_110109.mat,4086266,4.086266,1,160,0.435753612565589
1729,20221018_110109.mat,4086465,4.086465,1,160,0.130889165047374
1730,20221018_110109.mat,4096813,4.096813,1,165,0.864946766465782
1731,20221018_110109.mat,4097012,4.097012,1,185,0.497102802974612
1732,20221018_110109.mat,4097211,4.097211,1,160,0.164594194793613
1733,20221018_110109.mat,4118703,4.118703,1,160,0.0618013478781575
1734,20221018_110109.mat,4172234,4.172234,1,160,0.254277410178074
1735,20221018_110109.mat,4173826,4.173826,1,225,0.0692921379739262
1736,20221018_110109.mat,4235914,4.235914,1,160,1.50922027660082
1737,20221018_110109.mat,4236113,4.236113,1,160,0.152494388621146
1738,20221018_110109.mat,4236312,4.236312,1,160,0.159541096569555
1739,20221018_110109.mat,4236909,4.236909,1,160,1.73698514801267
1740,20221018_110109.mat,4237108,4.237108,1,155,0.17445995944123
1741,20221018_110109.mat,4237307,4.237307,1,160,0.20381898623971
1742,20221018_110109.mat,4376408,4.376408,1,165,0.0476343038241125
1743,20221018_110109.mat,4403472,4.403472,1,170,1.91751603300152
1744,20221018_110109.mat,4403671,4.403671,1,160,0.401763017850424
1745,20221018_110109.mat,4403870,4.40387,1,160,0.163806339523849
1746,20221018_110109.mat,4457998,4.457998,1,165,0.362275871943879
1747,20221018_110109.mat,4458197,4.458197,1,155,0.0588925260995309
1748,20221018_110109.mat,4514912,4.514912,1,230,0.108129222567943
1749,20221018_110109.mat,4522474,4.522474,1,170,0.0314171242235773
1750,20221018_110109.mat,4573020,4.57302,1,175,0.0655071654132995
1751,20221018_110109.mat,4581179,4.581179,1,170,0.0588436183843777
1752,20221018_110109.mat,4581378,4.581378,1,160,0.107845504039004
1753,20221018_110109.mat,4608442,4.608442,1,160,0.603216128126175
1754,20221018_110109.mat,4608641,4.608641,1,175,0.507227451713313
1755,20221018_110109.mat,4608840,4.60884,1,160,0.159551923111725
1756,20221018_110109.mat,4611825,4.611825,1,175,0.102706405781236
1757,20221018_110109.mat,4612024,4.612024,1,165,0.105013568908649
1758,20221018_110109.mat,4612223,4.612223,1,160,0.0490229217532976
1759,20221018_110109.mat,4642272,4.642272,1,175,0.0303396001823998
1760,20221018_110109.mat,4702171,4.702171,1,205,0.0329555678618251
1761,20221018_110109.mat,4766647,4.766647,1,170,0.0835637933432417
1762,20221018_110109.mat,4766846,4.766846,1,175,0.0604107576436222
1763,20221018_110109.mat,4772020,4.77202,1,170,0.114653809632082
1764,20221018_110109.mat,4861769,4.861769,1,160,0.760902333666286
1765,20221018_110109.mat,4861968,4.861968,1,175,0.220315590735722
1766,20221018_110109.mat,4862167,4.862167,1,160,0.0828190197563263
1767,20221018_110109.mat,4993507,4.993507,1,180,0.100812666247092
1768,20221018_110109.mat,4993706,4.993706,1,170,0.430606371925264
1769,20221018_110109.mat,4993905,4.993905,1,160,0.104804924801668
1770,20221018_110114.mat,123380,0.12338,1,165,0.0364639957238328
1771,20221018_110114.mat,350041,0.350041,1,160,0.226601489869161
1772,20221018_110114.mat,359593,0.359593,1,165,0.220306371145649
1773,20221018_110114.mat,362379,0.362379,1,230,0.0760644700150312
1774,20221018_110114.mat,410139,0.410139,1,165,0.165223881636238
1775,20221018_110114.mat,461481,0.461481,1,170,0.585576164272178
1776,20221018_110114.mat,461680,0.46168,1,165,0.0991069964926356
1777,20221018_110114.mat,461879,0.461879,1,160,0.0721557033713481
1778,20221018_110114.mat,462078,0.462078,1,160,0.432155639257354
1779,20221018_110114.mat,462277,0.462277,1,160,0.0936687665873529
1780,20221018_110114.mat,473023,0.473023,1,165,0.0290765347597145
1781,20221018_110114.mat,532922,0.532922,1,170,0.0429258776159122
1782,20221018_110114.mat,553817,0.553817,1,175,0.0505952786829006
1783,20221018_110114.mat,562772,0.562772,1,160,1.0678196050982
1784,20221018_110114.mat,562971,0.562971,1,160,0.240005051933293
1785,20221018_110114.mat,563170,0.56317,1,160,0.135410034504722
1786,20221018_110114.mat,569538,0.569538,1,160,1.70540134059238
1787,20221018_110114.mat,569737,0.569737,1,150,0.642537815089776
1788,20221018_110114.mat,569936,0.569936,1,160,0.345092406519854
1789,20221018_110114.mat,588841,0.588841,1,160,0.146755750952833
1790,20221018_110114.mat,589040,0.58904,1,160,0.0813052472258899
1791,20221018_110114.mat,641775,0.641775,1,180,0.0456483717731217
1792,20221018_110114.mat,641974,0.641974,1,165,0.528090871775612
1793,20221018_110114.mat,642173,0.642173,1,160,0.0756634418825459
1794,20221018_110114.mat,676202,0.676202,1,170,0.147723695773466
1795,20221018_110114.mat,700878,0.700878,1,160,0.0833351644919534
1796,20221018_110114.mat,701077,0.701077,1,160,0.0710147553958871
1797,20221018_110114.mat,821870,0.82187,1,175,0.0544249576971964
1798,20221018_110114.mat,826049,0.826049,1,165,0.0677761601371907
1799,20221018_110114.mat,932315,0.932315,1,180,0.0313273319705375
1800,20221018_110114.mat,948434,0.948434,1,160,0.088047462829191
1801,20221018_110114.mat,982264,0.982264,1,205,0.0371335848219094
1802,20221018_110114.mat,1017288,1.017288,1,165,0.163712508468886
1803,20221018_110114.mat,1017487,1.017487,1,175,0.356450118241469
1804,20221018_110114.mat,1052113,1.052113,1,160,0.0390666812217844
1805,20221018_110114.mat,1061864,1.061864,1,165,0.0600146011382154
1806,20221018_110114.mat,1062063,1.062063,1,170,0.0357751423084319
1807,20221018_110114.mat,1062859,1.062859,1,165,1.29663788939253
1808,20221018_110114.mat,1063058,1.063058,1,175,0.324708374423219
1809,20221018_110114.mat,1063257,1.063257,1,165,1.32914659167001
1810,20221018_110114.mat,1063456,1.063456,1,170,0.956463106496595
1811,20221018_110114.mat,1063655,1.063655,1,160,0.144890645612085
1812,20221018_110114.mat,1106241,1.106241,1,170,0.701003555740284
1813,20221018_110114.mat,1106440,1.10644,1,175,0.136762196509098
1814,20221018_110114.mat,1186438,1.186438,1,160,1.55744165724139
1815,20221018_110114.mat,1186637,1.186637,1,160,0.295399776496276
1816,20221018_110114.mat,1205343,1.205343,1,165,0.285073476219476
1817,20221018_110114.mat,1205542,1.205542,1,165,0.0933862640192623
1818,20221018_110114.mat,1247730,1.24773,1,185,0.058736634794764
1819,20221018_110114.mat,1247929,1.247929,1,175,0.435210827011972
1820,20221018_110114.mat,1248128,1.248128,1,175,0.0996509167152244
1821,20221018_110114.mat,1270217,1.270217,1,160,0.0539421753707452
1822,20221018_110114.mat,1305639,1.305639,1,160,0.0434279522018829
1823,20221018_110114.mat,1315191,1.315191,1,160,2.13118600377626
1824,20221018_110114.mat,1315390,1.31539,1,155,0.214174181654834
1825,20221018_110114.mat,1315589,1.315589,1,160,0.117165576829204
1826,20221018_110114.mat,1316385,1.316385,1,160,0.0931582751854615
1827,20221018_110114.mat,1316584,1.316584,1,175,0.241489225128333
1828,20221018_110114.mat,1325141,1.325141,1,155,0.0547811069497666
1829,20221018_110114.mat,1331708,1.331708,1,165,0.0528923802130047
1830,20221018_110114.mat,1333897,1.333897,1,160,0.167543902225104
1831,20221018_110114.mat,1334096,1.334096,1,175,0.171168717690866
1832,20221018_110114.mat,1433198,1.433198,1,165,0.0807030493855319
1833,20221018_110114.mat,1442352,1.442352,1,235,0.0624714700490158
1834,20221018_110114.mat,1442551,1.442551,1,160,0.318971944570015
1835,20221018_110114.mat,1442750,1.44275,1,160,0.0635053051928453
1836,20221018_110114.mat,1484739,1.484739,1,160,0.0559955208933209
1837,20221018_110114.mat,1501455,1.501455,1,165,0.0412182857629928
1838,20221018_110114.mat,1510609,1.510609,1,175,0.0363449831870581
1839,20221018_110114.mat,1534091,1.534091,1,160,0.0741609027965332
1840,20221018_110114.mat,1558369,1.558369,1,275,0.0469722715554763
1841,20221018_110114.mat,1558568,1.558568,1,160,0.216956223471334
1842,20221018_110114.mat,1630208,1.630208,1,165,0.0967562451868855
1843,20221018_110114.mat,1701848,1.701848,1,165,0.0643105203614126
1844,20221018_110114.mat,1753389,1.753389,1,160,1.9485399807799
1845,20221018_110114.mat,1753588,1.753588,1,165,1.09289621214999
1846,20221018_110114.mat,1753787,1.753787,1,160,0.0865130936193384
1847,20221018_110114.mat,1792791,1.792791,1,165,0.822937480607105
1848,20221018_110114.mat,1792990,1.79299,1,170,0.635526360736535
1849,20221018_110114.mat,1793189,1.793189,1,175,0.131579197111188
1850,20221018_110114.mat,1800950,1.80095,1,165,0.03225608535362
1851,20221018_110114.mat,1822243,1.822243,1,160,0.0622803430342491
1852,20221018_110114.mat,1822442,1.822442,1,160,0.0695743193835663
1853,20221018_110114.mat,1822641,1.822641,1,165,0.0896095851767335
1854,20221018_110114.mat,1822840,1.82284,1,155,0.106926272649998
1855,20221018_110114.mat,1894082,1.894082,1,175,0.120485942008431
1856,20221018_110114.mat,1894281,1.894281,1,165,0.0408481842657328
1857,20221018_110114.mat,1899057,1.899057,1,175,0.64520671274205
1858,20221018_110114.mat,1899256,1.899256,1,175,0.17626999785292
1859,20221018_110114.mat,1933484,1.933484,1,160,0.385937010237895
1860,20221018_110114.mat,1933683,1.933683,1,175,0.172303659244436
1861,20221018_110114.mat,1933882,1.933882,1,280,0.0593895415886652
1862,20221018_110114.mat,1934081,1.934081,1,160,0.264039215929043
1863,20221018_110114.mat,1936469,1.936469,1,160,0.0666436711142255
1864,20221018_110114.mat,1960747,1.960747,1,165,0.0332247575304222
1865,20221018_110114.mat,1980846,1.980846,1,265,0.0341012700982229
1866,20221018_110114.mat,1983831,1.983831,1,240,0.0918296264926772
1867,20221018_110114.mat,1984030,1.98403,1,175,1.08063778065321
1868,20221018_110114.mat,1984229,1.984229,1,160,0.185119635663457
1869,20221018_110114.mat,1984428,1.984428,1,170,0.255055467257151
1870,20221018_110114.mat,1984627,1.984627,1,175,0.0730112593812893
1871,20221018_110114.mat,1991990,1.99199,1,170,0.297630303026181
1872,20221018_110114.mat,1992189,1.992189,1,170,0.092314783507614
1873,20221018_110114.mat,2009502,2.009502,1,160,0.0545034331764105
1874,20221018_110114.mat,2025223,2.025223,1,170,0.158862111444103
1875,20221018_110114.mat,2025422,2.025422,1,180,0.0476339029786427
1876,20221018_110114.mat,2031790,2.03179,1,165,0.32540036854911
1877,20221018_110114.mat,2067013,2.067013,1,175,0.0797961755720986
1878,20221018_110114.mat,2075371,2.075371,1,175,0.715479217728981
1879,20221018_110114.mat,2075570,2.07557,1,175,0.230252843527674
1880,20221018_110114.mat,2075769,2.075769,1,175,0.065342562170693
1881,20221018_110114.mat,2077162,2.077162,1,170,0.0739000443110127
1882,20221018_110114.mat,2077361,2.077361,1,160,0.235379956721676
1883,20221018_110114.mat,2093679,2.093679,1,165,0.121173627823543
1884,20221018_110114.mat,2093878,2.093878,1,165,0.420027473482702
1885,20221018_110114.mat,2118355,2.118355,1,165,0.363212899416086
1886,20221018_110114.mat,2118554,2.118554,1,165,0.592710526512719
1887,20221018_110114.mat,2118753,2.118753,1,160,0.0935725438657885
1888,20221018_110114.mat,2136066,2.136066,1,160,0.321715938113516
1889,20221018_110114.mat,2136265,2.136265,1,165,0.760620539839698
1890,20221018_110114.mat,2136464,2.136464,1,160,0.100600685914775
1891,20221018_110114.mat,2138255,2.138255,1,160,0.0668316905400103
1892,20221018_110114.mat,2141439,2.141439,1,225,0.0830986224554865
1893,20221018_110114.mat,2153379,2.153379,1,165,1.36934210726894
1894,20221018_110114.mat,2153578,2.153578,1,170,0.732713868043252
1895,20221018_110114.mat,2153777,2.153777,1,160,0.159225132135443
1896,20221018_110114.mat,2155369,2.155369,1,170,0.275816369232593
1897,20221018_110114.mat,2155568,2.155568,1,165,1.88311393311945
1898,20221018_110114.mat,2155767,2.155767,1,155,0.235515050320945
1899,20221018_110114.mat,2156364,2.156364,1,230,0.0652066893358631
1900,20221018_110114.mat,2156563,2.156563,1,180,0.0593327674767168
1901,20221018_110114.mat,2164523,2.164523,1,170,0.594036506641433
1902,20221018_110114.mat,2164722,2.164722,1,165,0.19201374199469
1903,20221018_110114.mat,2165916,2.165916,1,170,0.603855175314944
1904,20221018_110114.mat,2166115,2.166115,1,175,0.321652882185429
1905,20221018_110114.mat,2166314,2.166314,1,165,0.0655535010410068
1906,20221018_110114.mat,2167906,2.167906,1,230,0.0474274991236258
1907,20221018_110114.mat,2181040,2.18104,1,170,0.0961931997726337
1908,20221018_110114.mat,2181637,2.181637,1,175,0.198069991818762
1909,20221018_110114.mat,2181836,2.181836,1,160,0.21005898935225
1910,20221018_110114.mat,2187607,2.187607,1,150,0.233156054116518
1911,20221018_110114.mat,2187806,2.187806,1,160,0.0623288103798229
1912,20221018_110114.mat,2240740,2.24074,1,165,0.181860347608446
1913,20221018_110114.mat,2288699,2.288699,1,165,0.0507640766846144
1914,20221018_110114.mat,2311186,2.311186,1,160,0.10503903569499
1915,20221018_110114.mat,2320340,2.32034,1,160,0.0360830916475743
1916,20221018_110114.mat,2352180,2.35218,1,225,0.884599687245032
1917,20221018_110114.mat,2352379,2.352379,1,175,0.507332275100743
1918,20221018_110114.mat,2370886,2.370886,1,165,0.29006034793922
1919,20221018_110114.mat,2372279,2.372279,1,160,0.0513287742801467
1920,20221018_110114.mat,2388796,2.388796,1,160,0.537416510450319
1921,20221018_110114.mat,2388995,2.388995,1,160,0.128709821327903
1922,20221018_110114.mat,2407701,2.407701,1,165,0.493792467471254
1923,20221018_110114.mat,2407900,2.4079,1,175,0.180114132467566
1924,20221018_110114.mat,2470585,2.470585,1,165,0.120438651799929
1925,20221018_110114.mat,2470784,2.470784,1,175,0.0589902451926024
1926,20221018_110114.mat,2500037,2.500037,1,150,0.032425019504111
1927,20221018_110114.mat,2528693,2.528693,1,165,0.0533927561612012
1928,20221018_110114.mat,2597149,2.597149,1,165,0.0832615182785379
1929,20221018_110114.mat,2607696,2.607696,1,165,0.427221937940091
1930,20221018_110114.mat,2607895,2.607895,1,160,0.113574228757517
1931,20221018_110114.mat,2617248,2.617248,1,175,1.02328523595756
1932,20221018_110114.mat,2617447,2.617447,1,160,0.433795981924343
1933,20221018_110114.mat,2617646,2.617646,1,160,0.077756884260039
1934,20221018_110114.mat,2629785,2.629785,1,210,0.0328884319431159
1935,20221018_110114.mat,2674958,2.674958,1,170,0.12242925903186
1936,20221018_110114.mat,2675157,2.675157,1,160,0.0777819516544356
1937,20221018_110114.mat,2708788,2.708788,1,160,0.0643299916022261
1938,20221018_110114.mat,2708987,2.708987,1,160,0.101338882397641
1939,20221018_110114.mat,2745006,2.745006,1,185,0.0360559165919057
1940,20221018_110114.mat,2745205,2.745205,1,165,0.0556410055805804
1941,20221018_110114.mat,2770080,2.77008,1,180,0.0982464131178543
1942,20221018_110114.mat,2770279,2.770279,1,160,3.29358260666747
1943,20221018_110114.mat,2770478,2.770478,1,175,0.262271518825716
1944,20221018_110114.mat,2770677,2.770677,1,160,0.0881730634948089
1945,20221018_110114.mat,2868784,2.868784,1,165,0.39856448858366
1946,20221018_110114.mat,2868983,2.868983,1,175,0.984120152296334
1947,20221018_110114.mat,2869182,2.869182,1,160,0.205016843040126
1948,20221018_110114.mat,2869381,2.869381,1,160,0.0661170343663329
1949,20221018_110114.mat,2879331,2.879331,1,170,0.234021890612994
1950,20221018_110114.mat,2879530,2.87953,1,175,0.0615671018932231
1951,20221018_110114.mat,2905002,2.905002,1,165,0.196769616566563
1952,20221018_110114.mat,2908584,2.908584,1,165,0.798372676647548
1953,20221018_110114.mat,2908783,2.908783,1,160,0.0688231609496768
1954,20221018_110114.mat,2959329,2.959329,1,240,0.0288477224928579
1955,20221018_110114.mat,2990174,2.990174,1,160,0.848138360653712
1956,20221018_110114.mat,2990373,2.990373,1,155,0.677584997208792
1957,20221018_110114.mat,2990572,2.990572,1,160,0.166274245873232
1958,20221018_110114.mat,3002114,3.002114,1,230,0.0482560757220761
1959,20221018_110114.mat,3007288,3.007288,1,165,0.0722846096441401
1960,20221018_110114.mat,3009278,3.009278,1,160,1.37414238050858
1961,20221018_110114.mat,3009477,3.009477,1,180,0.152986109678641
1962,20221018_110114.mat,3009676,3.009676,1,160,0.164277133386015
1963,20221018_110114.mat,3041118,3.041118,1,165,0.0933820873060961
1964,20221018_110114.mat,3041317,3.041317,1,160,0.129747489829007
1965,20221018_110114.mat,3045894,3.045894,1,230,0.248789119387697
1966,20221018_110114.mat,3046093,3.046093,1,160,0.180805294267235
1967,20221018_110114.mat,3091266,3.091266,1,175,0.162162223864541
1968,20221018_110114.mat,3105196,3.105196,1,160,0.0560607298149499
1969,20221018_110114.mat,3120320,3.12032,1,160,0.0495842832059128
1970,20221018_110114.mat,3131265,3.131265,1,170,0.0958216742022096
1971,20221018_110114.mat,3150767,3.150767,1,170,0.216382121146535
1972,20221018_110114.mat,3161314,3.161314,1,275,0.0846182633103615
1973,20221018_110114.mat,3161513,3.161513,1,160,0.891086796404548
1974,20221018_110114.mat,3161712,3.161712,1,155,0.0693912072781431
1975,20221018_110114.mat,3254247,3.254247,1,165,0.239993803470073
1976,20221018_110114.mat,3254446,3.254446,1,165,0.253882435630618
1977,20221018_110114.mat,3265988,3.265988,1,160,0.151302129720764
1978,20221018_110114.mat,3281311,3.281311,1,165,0.0647743872075966
1979,20221018_110114.mat,3283301,3.283301,1,195,0.0494593082961536
1980,20221018_110114.mat,3283500,3.2835,1,170,0.341232396163249
1981,20221018_110114.mat,3283699,3.283699,1,160,0.0801945767857179
1982,20221018_110114.mat,3289470,3.28947,1,175,1.23170402656392
1983,20221018_110114.mat,3289669,3.289669,1,175,1.31044793821282
1984,20221018_110114.mat,3289868,3.289868,1,175,0.207855260325467
1985,20221018_110114.mat,3318126,3.318126,1,165,0.560052245154271
1986,20221018_110114.mat,3318325,3.318325,1,165,0.862198626809778
1987,20221018_110114.mat,3318524,3.318524,1,175,0.123419792806454
1988,20221018_110114.mat,3332653,3.332653,1,175,0.0774829774666543
1989,20221018_110114.mat,3332852,3.332852,1,160,0.0593754099956425
1990,20221018_110114.mat,3357926,3.357926,1,170,0.0839335185369351
1991,20221018_110114.mat,3358125,3.358125,1,165,0.55071299322001
1992,20221018_110114.mat,3376831,3.376831,1,180,0.0555507900937325
1993,20221018_110114.mat,3377030,3.37703,1,160,0.13323874200827
1994,20221018_110114.mat,3397129,3.397129,1,160,0.0594082634525986
1995,20221018_110114.mat,3400910,3.40091,1,165,0.244501609532905
1996,20221018_110114.mat,3407875,3.407875,1,165,0.130494451100805
1997,20221018_110114.mat,3412850,3.41285,1,160,0.0846575917588994
1998,20221018_110114.mat,3413049,3.413049,1,160,0.168618745025332
1999,20221018_110114.mat,3415636,3.415636,1,165,0.87968991366304
2000,20221018_110114.mat,3415835,3.415835,1,165,1.19733681640011
2001,20221018_110114.mat,3416034,3.416034,1,175,0.0731604376896876
2002,20221018_110114.mat,3421606,3.421606,1,165,0.208628807806804
2003,20221018_110114.mat,3421805,3.421805,1,175,0.143993932982896
2004,20221018_110114.mat,3451456,3.451456,1,155,0.0932709181327948
2005,20221018_110114.mat,3515136,3.515136,1,165,0.323603672108111
2006,20221018_110114.mat,3515335,3.515335,1,175,0.306426316696129
2007,20221018_110114.mat,3568468,3.568468,1,235,0.0274965605964291
2008,20221018_110114.mat,3580209,3.580209,1,175,0.0631349218624837
2009,20221018_110114.mat,3586179,3.586179,1,160,0.979075609782657
2010,20221018_110114.mat,3586378,3.586378,1,170,0.147082920823937
2011,20221018_110114.mat,3586577,3.586577,1,160,0.0603264048814443
2012,20221018_110114.mat,3609860,3.60986,1,170,0.0941174273209362
2013,20221018_110114.mat,3648267,3.648267,1,195,0.0296253241079595
2014,20221018_110114.mat,3649262,3.649262,1,225,0.367473402609395
2015,20221018_110114.mat,3649461,3.649461,1,130,0.053240758477818
2016,20221018_110114.mat,3662396,3.662396,1,165,1.06084097473964
2017,20221018_110114.mat,3662595,3.662595,1,160,0.752356855568114
2018,20221018_110114.mat,3662794,3.662794,1,160,0.126997792975944
2019,20221018_110114.mat,3738215,3.738215,1,205,0.0271698443788027
2020,20221018_110114.mat,3828163,3.828163,1,135,0.0370392623249987
2021,20221018_110114.mat,3840302,3.840302,1,165,0.219823034326986
2022,20221018_110114.mat,3840501,3.840501,1,175,0.28082244803349
2023,20221018_110114.mat,3840700,3.8407,1,160,0.0874317300715154
2024,20221018_110114.mat,3845476,3.845476,1,165,0.0867825207900504
2025,20221018_110114.mat,3845675,3.845675,1,160,0.0704622050999392
2026,20221018_110114.mat,3855824,3.855824,1,160,1.28870519550235
2027,20221018_110114.mat,3856023,3.856023,1,170,0.451757033418348
2028,20221018_110114.mat,3856222,3.856222,1,160,0.217356192241252
2029,20221018_110114.mat,3897216,3.897216,1,170,0.16476364911413
2030,20221018_110114.mat,3897415,3.897415,1,160,0.0699177078907224
2031,20221018_110114.mat,3926071,3.926071,1,165,0.733799059846149
2032,20221018_110114.mat,3926270,3.92627,1,175,0.846283311995674
2033,20221018_110114.mat,3926469,3.926469,1,160,0.187852600630787
2034,20221018_110114.mat,3976418,3.976418,1,170,1.33931191866449
2035,20221018_110114.mat,3976617,3.976617,1,175,0.231943914024899
2036,20221018_110114.mat,3976816,3.976816,1,160,0.0890211363307249
2037,20221018_110114.mat,3978010,3.97801,1,230,0.0448440546805189
2038,20221018_110114.mat,3978209,3.978209,1,175,0.0876383822145382
2039,20221018_110114.mat,3989950,3.98995,1,165,0.417910859778629
2040,20221018_110114.mat,3990149,3.990149,1,165,0.117961950041414
2041,20221018_110114.mat,4035919,4.035919,1,160,0.048795013074557
2042,20221018_110114.mat,4098803,4.098803,1,170,0.240018174854894
2043,20221018_110114.mat,4099002,4.099002,1,180,0.27548122487047
2044,20221018_110114.mat,4105967,4.105967,1,165,0.298397663304989
2045,20221018_110114.mat,4106166,4.106166,1,160,0.86268828219057
2046,20221018_110114.mat,4106365,4.106365,1,175,0.116671899670027
2047,20221018_110114.mat,4106564,4.106564,1,160,0.0937890002557182
2048,20221018_110114.mat,4118703,4.118703,1,160,0.172055903296784
2049,20221018_110114.mat,4162881,4.162881,1,170,0.6891346812526
2050,20221018_110114.mat,4163080,4.16308,1,165,0.147205668764692
2051,20221018_110114.mat,4233725,4.233725,1,155,0.197882976288596
2052,20221018_110114.mat,4233924,4.233924,1,160,0.151034683056923
2053,20221018_110114.mat,4239894,4.239894,1,155,0.250104049449654
2054,20221018_110114.mat,4240093,4.240093,1,180,0.0852671640340674
2055,20221018_110114.mat,4240292,4.240292,1,160,0.119509995125238
2056,20221018_110114.mat,4240491,4.240491,1,160,0.354260104597426
2057,20221018_110114.mat,4242680,4.24268,1,175,0.167299591155953
2058,20221018_110114.mat,4242879,4.242879,1,175,0.936357231653381
2059,20221018_110114.mat,4243078,4.243078,1,175,0.128868417459634
2060,20221018_110114.mat,4283873,4.283873,1,160,0.0867706255765309
2061,20221018_110114.mat,4284072,4.284072,1,155,0.0693229082070287
2062,20221018_110114.mat,4294022,4.294022,1,165,0.168402063844762
2063,20221018_110114.mat,4294221,4.294221,1,175,0.277437214212456
2064,20221018_110114.mat,4302778,4.302778,1,160,0.0703661799847348
2065,20221018_110114.mat,4302977,4.302977,1,175,0.0873883494762221
2066,20221018_110114.mat,4307355,4.307355,1,165,0.21334782863869
2067,20221018_110114.mat,4319693,4.319693,1,165,0.595121665213383
2068,20221018_110114.mat,4319892,4.319892,1,165,0.998012865288636
2069,20221018_110114.mat,4320091,4.320091,1,160,0.100630750366318
2070,20221018_110114.mat,4325464,4.325464,1,170,1.30298491208381
2071,20221018_110114.mat,4325663,4.325663,1,170,0.251554537000024
2072,20221018_110114.mat,4325862,4.325862,1,160,0.103694982281248
2073,20221018_110114.mat,4333623,4.333623,1,170,0.0719829117106356
2074,20221018_110114.mat,4351931,4.351931,1,170,0.0928003692696
2075,20221018_110114.mat,4353125,4.353125,1,165,1.09376583999888
2076,20221018_110114.mat,4353324,4.353324,1,160,0.13065312083166
2077,20221018_110114.mat,4416407,4.416407,1,165,6.57635337133577
2078,20221018_110114.mat,4416606,4.416606,1,175,1.63647818841679
2079,20221018_110114.mat,4416805,4.416805,1,160,0.402065119986511
2080,20221018_110114.mat,4417004,4.417004,1,160,0.126809275496555
2081,20221018_110114.mat,4420387,4.420387,1,165,0.321871201378845
2082,20221018_110114.mat,4420586,4.420586,1,180,0.251071599723345
2083,20221018_110114.mat,4420785,4.420785,1,160,0.103503689773364
2084,20221018_110114.mat,4447451,4.447451,1,170,0.168667149976687
2085,20221018_110114.mat,4462177,4.462177,1,165,0.386886172810481
2086,20221018_110114.mat,4462376,4.462376,1,175,1.21407055234811
2087,20221018_110114.mat,4462575,4.462575,1,160,0.253275076131416
2088,20221018_110114.mat,4462774,4.462774,1,160,0.0755012037030427
2089,20221018_110114.mat,4467550,4.46755,1,170,2.05894549153285
2090,20221018_110114.mat,4467749,4.467749,1,170,0.3639942613912
2091,20221018_110114.mat,4467948,4.467948,1,160,0.129382299419453
2092,20221018_110114.mat,4476505,4.476505,1,160,0.0434693586374256
2093,20221018_110114.mat,4476704,4.476704,1,160,1.06880810657688
2094,20221018_110114.mat,4476903,4.476903,1,160,0.246536617041602
2095,20221018_110114.mat,4477102,4.477102,1,160,0.0686943490033504
2096,20221018_110114.mat,4519489,4.519489,1,160,0.0449243321813925
2097,20221018_110114.mat,4519688,4.519688,1,155,0.203224637625312
2098,20221018_110114.mat,4528842,4.528842,1,170,0.323877891030986
2099,20221018_110114.mat,4529041,4.529041,1,175,0.149235319047511
2100,20221018_110114.mat,4543767,4.543767,1,180,0.0715854355999309
2101,20221018_110114.mat,4543966,4.543966,1,160,0.114985856845913
2102,20221018_110114.mat,4570831,4.570831,1,160,0.463255547919369
2103,20221018_110114.mat,4571030,4.57103,1,175,0.133548234797827
2104,20221018_110114.mat,4574015,4.574015,1,160,1.32947480891969
2105,20221018_110114.mat,4574214,4.574214,1,175,0.297455742789425
2106,20221018_110114.mat,4574413,4.574413,1,160,0.129757864262016
2107,20221018_110114.mat,4582174,4.582174,1,170,1.06338371597413
2108,20221018_110114.mat,4582373,4.582373,1,165,0.385042412364916
2109,20221018_110114.mat,4582572,4.582572,1,160,0.132627792460161
2110,20221018_110114.mat,4591129,4.591129,1,165,0.290253552803777
2111,20221018_110114.mat,4591328,4.591328,1,165,0.107610434112418
2112,20221018_110114.mat,4601278,4.601278,1,170,0.102829419388087
2113,20221018_110114.mat,4604462,4.604462,1,160,1.53026504423351
2114,20221018_110114.mat,4604661,4.604661,1,175,0.359525875593691
2115,20221018_110114.mat,4604860,4.60486,1,160,0.101012645839892
2116,20221018_110114.mat,4612422,4.612422,1,160,3.25002889322968
2117,20221018_110114.mat,4612621,4.612621,1,175,0.958978128041414
2118,20221018_110114.mat,4612820,4.61282,1,160,0.184798061098533
2119,20221018_110114.mat,4614014,4.614014,1,160,1.20802632103883
2120,20221018_110114.mat,4614213,4.614213,1,165,0.53005930147091
2121,20221018_110114.mat,4614412,4.614412,1,160,0.074376233177287
2122,20221018_110114.mat,4619984,4.619984,1,165,0.0916659578538375
2123,20221018_110114.mat,4638889,4.638889,1,170,0.0438113883807028
2124,20221018_110114.mat,4639088,4.639088,1,160,0.150563599505168
2125,20221018_110114.mat,4665356,4.665356,1,175,0.961751142473591
2126,20221018_110114.mat,4665555,4.665555,1,175,0.225305108373212
2127,20221018_110114.mat,4682072,4.682072,1,170,0.0921931423741867
2128,20221018_110114.mat,4697395,4.697395,1,160,1.0153742962411
2129,20221018_110114.mat,4697594,4.697594,1,165,0.429824897012581
2130,20221018_110114.mat,4697793,4.697793,1,160,0.19782331451402
2131,20221018_110114.mat,4712121,4.712121,1,205,0.122301191563277
2132,20221018_110114.mat,4712320,4.71232,1,175,1.48914651778812
2133,20221018_110114.mat,4712519,4.712519,1,175,0.223145127824925
2134,20221018_110114.mat,4716698,4.716698,1,270,0.0891115509919832
2135,20221018_110114.mat,4716897,4.716897,1,175,2.61103930551765
2136,20221018_110114.mat,4717096,4.717096,1,175,0.498931240007209
2137,20221018_110114.mat,4717295,4.717295,1,160,0.18678452246396
2138,20221018_110114.mat,4724061,4.724061,1,165,0.327233258911282
2139,20221018_110114.mat,4724260,4.72426,1,175,0.19941161151999
2140,20221018_110114.mat,4726051,4.726051,1,165,0.0749106865491682
2141,20221018_110114.mat,4729434,4.729434,1,160,1.34094079695855
2142,20221018_110114.mat,4729633,4.729633,1,160,0.213350493690475
2143,20221018_110114.mat,4729832,4.729832,1,160,0.114768919674653
2144,20221018_110114.mat,4732419,4.732419,1,170,3.56575568632822
2145,20221018_110114.mat,4732618,4.732618,1,175,1.56318698370465
2146,20221018_110114.mat,4732817,4.732817,1,160,0.397295879841374
2147,20221018_110114.mat,4733016,4.733016,1,160,0.102031360783563
2148,20221018_110114.mat,4736996,4.736996,1,165,0.427390474860474
2149,20221018_110114.mat,4737195,4.737195,1,170,0.218199052593096
2150,20221018_110114.mat,4740180,4.74018,1,160,1.31236807345718
2151,20221018_110114.mat,4740379,4.740379,1,160,0.617528505743265
2152,20221018_110114.mat,4740578,4.740578,1,160,0.15281102629089
2153,20221018_110114.mat,4740777,4.740777,1,165,1.83568447017028
2154,20221018_110114.mat,4740976,4.740976,1,165,1.59291914267445
2155,20221018_110114.mat,4741175,4.741175,1,160,0.29286767092266
2156,20221018_110114.mat,4741374,4.741374,1,160,0.0908495874725001
2157,20221018_110114.mat,4750926,4.750926,1,160,1.67986728490598
2158,20221018_110114.mat,4751125,4.751125,1,175,0.357636774843256
2159,20221018_110114.mat,4751324,4.751324,1,160,0.134158645356843
2160,20221018_110114.mat,4752518,4.752518,1,170,0.837309173507733
2161,20221018_110114.mat,4752717,4.752717,1,165,0.177923782890798
2162,20221018_110114.mat,4752916,4.752916,1,160,0.0956791606790472
2163,20221018_110114.mat,4753513,4.753513,1,165,0.0435575397966781
2164,20221018_110114.mat,4753712,4.753712,1,160,0.131341100661517
2165,20221018_110114.mat,4790527,4.790527,1,170,0.593540795662379
2166,20221018_110114.mat,4790726,4.790726,1,175,0.139780137984426
2167,20221018_110114.mat,4855003,4.855003,1,170,1.91367882944973
2168,20221018_110114.mat,4855202,4.855202,1,170,0.418520246777841
2169,20221018_110114.mat,4855401,4.855401,1,160,0.235483016767345
2170,20221018_110114.mat,4865948,4.865948,1,210,0.597201809009316
2171,20221018_110114.mat,4866147,4.866147,1,175,1.72561596349182
2172,20221018_110114.mat,4866346,4.866346,1,175,0.293005933986235
2173,20221018_110114.mat,4874903,4.874903,1,175,1.6938939616166
2174,20221018_110114.mat,4875102,4.875102,1,175,0.530454518837578
2175,20221018_110114.mat,4875301,4.875301,1,160,0.165500281629041
2176,20221018_110114.mat,4876694,4.876694,1,170,0.448809797336462
2177,20221018_110114.mat,4876893,4.876893,1,175,1.87156085393709
2178,20221018_110114.mat,4877092,4.877092,1,175,0.28641291047345
2179,20221018_110114.mat,4877291,4.877291,1,160,0.0826090088546765
2180,20221018_110114.mat,4880475,4.880475,1,230,0.0548758745973489
2181,20221018_110114.mat,4896594,4.896594,1,165,0.085862535546196
2182,20221018_110114.mat,4926444,4.926444,1,240,0.0311753251722731
2183,20221018_110114.mat,4957687,4.957687,1,170,0.32304755306724
2184,20221018_110114.mat,4957886,4.957886,1,160,0.0848998650621576
2185,20221018_110114.mat,4958682,4.958682,1,165,0.80883499913364
2186,20221018_110114.mat,4958881,4.958881,1,160,0.51540203857559
2187,20221018_110114.mat,4959080,4.95908,1,160,0.107293752853567
2188,20221018_110114.mat,4974204,4.974204,1,345,0.0987016569360521
2189,20221018_110119.mat,117211,0.117211,1,180,0.210359904802574
2190,20221018_110119.mat,117410,0.11741,1,160,0.326421778277068
2191,20221018_110119.mat,220691,0.220691,1,160,0.0767287264014326
2192,20221018_110119.mat,222084,0.222084,1,160,0.0425877341530535
2193,20221018_110119.mat,254521,0.254521,1,160,0.0756389103233154
2194,20221018_110119.mat,318400,0.3184,1,170,0.242836337487563
2195,20221018_110119.mat,318599,0.318599,1,165,0.0928953374213021
2196,20221018_110119.mat,321385,0.321385,1,160,0.0692995745088224
2197,20221018_110119.mat,358399,0.358399,1,160,0.0996251651318125
2198,20221018_110119.mat,380886,0.380886,1,225,0.400468191780031
2199,20221018_110119.mat,381085,0.381085,1,155,0.761770473184448
2200,20221018_110119.mat,381284,0.381284,1,155,0.139138077966849
2201,20221018_110119.mat,381682,0.381682,1,160,0.0363613309875999
2202,20221018_110119.mat,539290,0.53929,1,165,0.0988439680838307
2203,20221018_110119.mat,539489,0.539489,1,175,0.106429297778579
2204,20221018_110119.mat,554016,0.554016,1,170,0.0484635333571882
2205,20221018_110119.mat,607348,0.607348,1,160,0.0721613320309676
2206,20221018_110119.mat,607547,0.607547,1,165,0.369210125564799
2207,20221018_110119.mat,614910,0.61491,1,155,0.0634575885759001
2208,20221018_110119.mat,648342,0.648342,1,200,0.072135608111303
2209,20221018_110119.mat,648541,0.648541,1,160,0.158332031150926
2210,20221018_110119.mat,723763,0.723763,1,160,0.0506843072379171
2211,20221018_110119.mat,723962,0.723962,1,180,0.0634466881784308
2212,20221018_110119.mat,729136,0.729136,1,280,0.0736325798449987
2213,20221018_110119.mat,729335,0.729335,1,165,0.0670267422513277
2214,20221018_110119.mat,730529,0.730529,1,170,0.0690891532358494
2215,20221018_110119.mat,940474,0.940474,1,225,1.56508860709445
2216,20221018_110119.mat,940673,0.940673,1,180,1.07119426734883
2217,20221018_110119.mat,940872,0.940872,1,160,0.141495254591719
2218,20221018_110119.mat,946842,0.946842,1,225,0.0411643492134932
2219,20221018_110119.mat,947041,0.947041,1,170,0.0860310987307317
2220,20221018_110119.mat,972911,0.972911,1,155,0.285961163012614
2221,20221018_110119.mat,1010721,1.010721,1,190,0.031457332348495
2222,20221018_110119.mat,1049327,1.049327,1,160,1.273398980847
2223,20221018_110119.mat,1049526,1.049526,1,160,0.308411675342724
2224,20221018_110119.mat,1049725,1.049725,1,160,0.0624145862826332
2225,20221018_110119.mat,1097883,1.097883,1,165,0.115183823729594
2226,20221018_110119.mat,1123753,1.123753,1,165,0.0549895598746303
2227,20221018_110119.mat,1123952,1.123952,1,160,0.135955970498921
2228,20221018_110119.mat,1269819,1.269819,1,165,1.03844653703912
2229,20221018_110119.mat,1270018,1.270018,1,160,1.9605414842356
2230,20221018_110119.mat,1270217,1.270217,1,160,0.15769403565889
2231,20221018_110119.mat,1270416,1.270416,1,160,0.0598293424921389
2232,20221018_110119.mat,1420064,1.420064,1,265,0.0309977992858201
2233,20221018_110119.mat,1422651,1.422651,1,175,0.0626859711163599
2234,20221018_110119.mat,1424840,1.42484,1,160,2.75635703529195
2235,20221018_110119.mat,1425039,1.425039,1,160,0.711856899945465
2236,20221018_110119.mat,1425238,1.425238,1,160,0.197650344037575
2237,20221018_110119.mat,1431009,1.431009,1,170,1.23427288786663
2238,20221018_110119.mat,1431208,1.431208,1,160,0.307268261669912
2239,20221018_110119.mat,1431407,1.431407,1,160,0.110215273851447
2240,20221018_110119.mat,1519962,1.519962,1,170,0.0516027197752166
2241,20221018_110119.mat,1643541,1.643541,1,160,0.248577434127184
2242,20221018_110119.mat,1702445,1.702445,1,165,0.0635713526159587
2243,20221018_110119.mat,1883535,1.883535,1,170,0.0418353461849051
2244,20221018_110119.mat,1916967,1.916967,1,230,0.0930020631969564
2245,20221018_110119.mat,1917166,1.917166,1,160,0.126265028234451
2246,20221018_110119.mat,1919753,1.919753,1,155,0.0453351475032841
2247,20221018_110119.mat,1919952,1.919952,1,155,0.0776818048280156
2248,20221018_110119.mat,1959354,1.959354,1,170,0.0354264333387416
2249,20221018_110119.mat,1960946,1.960946,1,160,0.106208502532586
2250,20221018_110119.mat,1983632,1.983632,1,160,0.116699429308487
2251,20221018_110119.mat,1983831,1.983831,1,160,0.161897839963936
2252,20221018_110119.mat,1994776,1.994776,1,165,0.350910580489044
2253,20221018_110119.mat,1994975,1.994975,1,175,0.0872453480833533
2254,20221018_110119.mat,2000945,2.000945,1,165,0.0685125641647833
2255,20221018_110119.mat,2001343,2.001343,1,160,0.148934548490696
2256,20221018_110119.mat,2002935,2.002935,1,160,0.118764911966734
2257,20221018_110119.mat,2003930,2.00393,1,160,10.7034507641102
2258,20221018_110119.mat,2004129,2.004129,1,175,2.48737169099964
2259,20221018_110119.mat,2004328,2.004328,1,160,0.626094743627725
2260,20221018_110119.mat,2004527,2.004527,1,160,0.157910408648126
2261,20221018_110119.mat,2004726,2.004726,1,160,0.115847516177374
2262,20221018_110119.mat,2010099,2.010099,1,160,0.218260307047596
2263,20221018_110119.mat,2012288,2.012288,1,160,5.66337150566226
2264,20221018_110119.mat,2012487,2.012487,1,160,2.311559870316
2265,20221018_110119.mat,2012686,2.012686,1,160,2.04464392797708
2266,20221018_110119.mat,2012885,2.012885,1,170,1.14660391222428
2267,20221018_110119.mat,2013084,2.013084,1,165,0.861488515842364
2268,20221018_110119.mat,2013283,2.013283,1,175,0.291088379156702
2269,20221018_110119.mat,2013482,2.013482,1,160,1.64123588377162
2270,20221018_110119.mat,2013681,2.013681,1,175,0.127391985697426
2271,20221018_110119.mat,2014875,2.014875,1,160,0.071554652737701
2272,20221018_110119.mat,2016069,2.016069,1,165,0.105702294912427
2273,20221018_110119.mat,2016268,2.016268,1,160,0.448257720937322
2274,20221018_110119.mat,2016467,2.016467,1,155,4.23772271539957
2275,20221018_110119.mat,2016666,2.016666,1,175,1.74232003162735
2276,20221018_110119.mat,2016865,2.016865,1,165,0.743479514606523
2277,20221018_110119.mat,2017064,2.017064,1,165,0.353841243685985
2278,20221018_110119.mat,2017263,2.017263,1,160,0.14063429743378
2279,20221018_110119.mat,2019054,2.019054,1,160,4.45508922498273
2280,20221018_110119.mat,2019253,2.019253,1,175,1.46217662374164
2281,20221018_110119.mat,2019452,2.019452,1,160,0.344047781460217
2282,20221018_110119.mat,2019651,2.019651,1,160,0.107165782226394
2283,20221018_110119.mat,2046914,2.046914,1,160,2.16863555863752
2284,20221018_110119.mat,2047113,2.047113,1,175,0.658360449830967
2285,20221018_110119.mat,2047312,2.047312,1,175,0.101880302437419
2286,20221018_110119.mat,2069202,2.069202,1,180,0.038641716514282
2287,20221018_110119.mat,2077958,2.077958,1,240,0.0980981992151021
2288,20221018_110119.mat,2078157,2.078157,1,160,1.11444072757633
2289,20221018_110119.mat,2078356,2.078356,1,175,0.0760798889613993
2290,20221018_110119.mat,2094873,2.094873,1,165,0.0407130475952057
2291,20221018_110119.mat,2095072,2.095072,1,160,0.101795128354884
2292,20221018_110119.mat,2108803,2.108803,1,160,0.0935181017844955
2293,20221018_110119.mat,2114176,2.114176,1,160,3.53009775624263
2294,20221018_110119.mat,2114375,2.114375,1,175,0.666656796596402
2295,20221018_110119.mat,2114574,2.114574,1,160,0.289487742218704
2296,20221018_110119.mat,2115370,2.11537,1,165,0.0805942335424396
2297,20221018_110119.mat,2123131,2.123131,1,165,0.0827757691211922
2298,20221018_110119.mat,2123330,2.12333,1,160,0.0802330754213764
2299,20221018_110119.mat,2130096,2.130096,1,160,6.84198857675163
2300,20221018_110119.mat,2130295,2.130295,1,165,0.67719729513721
2301,20221018_110119.mat,2130494,2.130494,1,160,0.428810853902436
2302,20221018_110119.mat,2130693,2.130693,1,160,0.104999382404016
2303,20221018_110119.mat,2131688,2.131688,1,160,2.49304601339326
2304,20221018_110119.mat,2131887,2.131887,1,160,1.01745732916008
2305,20221018_110119.mat,2132086,2.132086,1,160,0.140693481140457
2306,20221018_110119.mat,2132882,2.132882,1,165,0.124251281186273
2307,20221018_110119.mat,2133081,2.133081,1,160,0.0701085919489971
2308,20221018_110119.mat,2136066,2.136066,1,160,0.127360848633829
2309,20221018_110119.mat,2136265,2.136265,1,160,0.143389784583972
2310,20221018_110119.mat,2138852,2.138852,1,175,0.170384802362857
2311,20221018_110119.mat,2139051,2.139051,1,160,0.169937675839162
2312,20221018_110119.mat,2140046,2.140046,1,160,3.18300608917954
2313,20221018_110119.mat,2140245,2.140245,1,165,0.864132402511075
2314,20221018_110119.mat,2140444,2.140444,1,160,0.365029109528018
2315,20221018_110119.mat,2140643,2.140643,1,160,0.125088462731458
2316,20221018_110119.mat,2145817,2.145817,1,170,0.200600816335037
2317,20221018_110119.mat,2146016,2.146016,1,160,0.999606833180052
2318,20221018_110119.mat,2146215,2.146215,1,160,0.0893479871048395
2319,20221018_110119.mat,2151389,2.151389,1,165,0.0504130090076624
2320,20221018_110119.mat,2169896,2.169896,1,165,0.364943968539561
2321,20221018_110119.mat,2170095,2.170095,1,160,0.719539151347809
2322,20221018_110119.mat,2170294,2.170294,1,175,0.0656803331718098
2323,20221018_110119.mat,2227208,2.227208,1,170,0.246196899010738
2324,20221018_110119.mat,2227407,2.227407,1,165,0.0804256034794277
2325,20221018_110119.mat,2239745,2.239745,1,170,0.0585544557304178
2326,20221018_110119.mat,2239944,2.239944,1,160,0.210736029025866
2327,20221018_110119.mat,2252282,2.252282,1,185,0.117508999806272
2328,20221018_110119.mat,2252481,2.252481,1,160,5.37839413882841
2329,20221018_110119.mat,2252680,2.25268,1,160,1.07951343210877
2330,20221018_110119.mat,2252879,2.252879,1,160,0.632539216545565
2331,20221018_110119.mat,2253078,2.253078,1,160,0.0981420205936963
2332,20221018_110119.mat,2268003,2.268003,1,165,0.100146308619925
2333,20221018_110119.mat,2268202,2.268202,1,160,11.5559849739939
2334,20221018_110119.mat,2268401,2.268401,1,175,1.12952206980804
2335,20221018_110119.mat,2268600,2.2686,1,160,0.344714983825233
2336,20221018_110119.mat,2268799,2.268799,1,160,0.0429666867072978
2337,20221018_110119.mat,2272978,2.272978,1,165,0.0824294513208097
2338,20221018_110119.mat,2277953,2.277953,1,160,1.35942595149324
2339,20221018_110119.mat,2278152,2.278152,1,160,2.03584921858269
2340,20221018_110119.mat,2278351,2.278351,1,165,0.199602758619338
2341,20221018_110119.mat,2278550,2.27855,1,160,30.3390408142374
2342,20221018_110119.mat,2278749,2.278749,1,175,6.63514130666073
2343,20221018_110119.mat,2278948,2.278948,1,175,1.4786601772297
2344,20221018_110119.mat,2279147,2.279147,1,160,1.12661192942942
2345,20221018_110119.mat,2279346,2.279346,1,160,0.0900521666239808
2346,20221018_110119.mat,2279545,2.279545,1,225,0.452379154725127
2347,20221018_110119.mat,2279744,2.279744,1,180,0.214693491450915
2348,20221018_110119.mat,2281336,2.281336,1,160,0.0832067345251171
2349,20221018_110119.mat,2290092,2.290092,1,170,0.253466412979497
2350,20221018_110119.mat,2290291,2.290291,1,175,0.160178360096332
2351,20221018_110119.mat,2291087,2.291087,1,165,0.156879611805234
2352,20221018_110119.mat,2291286,2.291286,1,160,0.0912923387575741
2353,20221018_110119.mat,2338250,2.33825,1,160,0.0646739042245348
2354,20221018_110119.mat,2338648,2.338648,1,165,0.0332520213257147
2355,20221018_110119.mat,2340837,2.340837,1,165,0.205390902426524
2356,20221018_110119.mat,2341036,2.341036,1,165,0.942355743540569
2357,20221018_110119.mat,2341235,2.341235,1,160,0.110368551939642
2358,20221018_110119.mat,2344419,2.344419,1,225,5.32277657523424
2359,20221018_110119.mat,2344618,2.344618,1,155,1.74551988553693
2360,20221018_110119.mat,2344817,2.344817,1,160,1.42498566176581
2361,20221018_110119.mat,2345016,2.345016,1,160,0.344603498399309
2362,20221018_110119.mat,2350190,2.35019,1,165,0.186537700393252
2363,20221018_110119.mat,2351981,2.351981,1,225,0.0718204942808789
2364,20221018_110119.mat,2370488,2.370488,1,180,0.125553418028914
2365,20221018_110119.mat,2370687,2.370687,1,165,0.141622646949876
2366,20221018_110119.mat,2386209,2.386209,1,160,0.149195595550826
2367,20221018_110119.mat,2388199,2.388199,1,165,0.0675289057245261
2368,20221018_110119.mat,2388398,2.388398,1,180,0.0596353396089122
2369,20221018_110119.mat,2396159,2.396159,1,165,1.16547026346665
2370,20221018_110119.mat,2396358,2.396358,1,170,0.388806673392256
2371,20221018_110119.mat,2396557,2.396557,1,160,0.109755250795166
2372,20221018_110119.mat,2397950,2.39795,1,160,1.8308849912083
2373,20221018_110119.mat,2398149,2.398149,1,175,0.243859952955257
2374,20221018_110119.mat,2398348,2.398348,1,160,0.129515535335171
2375,20221018_110119.mat,2398547,2.398547,1,160,0.0862965421237034
2376,20221018_110119.mat,2403920,2.40392,1,175,0.485200359450307
2377,20221018_110119.mat,2404119,2.404119,1,165,0.119908315546017
2378,20221018_110119.mat,2404318,2.404318,1,175,0.168847705614861
2379,20221018_110119.mat,2404517,2.404517,1,165,0.136473665067603
2380,20221018_110119.mat,2406308,2.406308,1,165,0.31954869448809
2381,20221018_110119.mat,2406507,2.406507,1,165,2.01150703487639
2382,20221018_110119.mat,2406706,2.406706,1,175,0.228763809917286
2383,20221018_110119.mat,2406905,2.406905,1,160,0.132020567157324
2384,20221018_110119.mat,2415661,2.415661,1,160,1.37170058990537
2385,20221018_110119.mat,2415860,2.41586,1,175,0.158381260696668
2386,20221018_110119.mat,2416059,2.416059,1,160,0.10794306482564
2387,20221018_110119.mat,2423820,2.42382,1,170,0.0738619515733301
2388,20221018_110119.mat,2424019,2.424019,1,160,0.177046804529503
2389,20221018_110119.mat,2424218,2.424218,1,175,0.0581645979912545
2390,20221018_110119.mat,2439541,2.439541,1,160,0.107959139216484
2391,20221018_110119.mat,2446506,2.446506,1,165,0.0848508091162911
2392,20221018_110119.mat,2448496,2.448496,1,180,0.0443389600156609
2393,20221018_110119.mat,2455461,2.455461,1,160,0.0675138561697251
2394,20221018_110119.mat,2457252,2.457252,1,170,0.0768158120797295
2395,20221018_110119.mat,2458048,2.458048,1,160,0.143743612604743
2396,20221018_110119.mat,2460635,2.460635,1,190,0.101616798186795
2397,20221018_110119.mat,2460834,2.460834,1,175,1.00838634175475
2398,20221018_110119.mat,2461033,2.461033,1,175,0.838072821585796
2399,20221018_110119.mat,2461232,2.461232,1,160,0.133116955310344
2400,20221018_110119.mat,2461630,2.46163,1,160,0.0632040688068637
2401,20221018_110119.mat,2462227,2.462227,1,160,0.118376858114211
2402,20221018_110119.mat,2463620,2.46362,1,170,10.4898628027706
2403,20221018_110119.mat,2463819,2.463819,1,185,7.64938525124864
2404,20221018_110119.mat,2464018,2.464018,1,160,1.52342028580979
2405,20221018_110119.mat,2464217,2.464217,1,165,0.482886823195831
2406,20221018_110119.mat,2464416,2.464416,1,160,0.262449552697132
2407,20221018_110119.mat,2476157,2.476157,1,165,0.0943704369856364
2408,20221018_110119.mat,2487898,2.487898,1,165,0.0532844408585225
2409,20221018_110119.mat,2488097,2.488097,1,160,0.09929595446471
2410,20221018_110119.mat,2499042,2.499042,1,165,0.0852736485555845
2411,20221018_110119.mat,2499241,2.499241,1,160,0.0789826178931025
2412,20221018_110119.mat,2501430,2.50143,1,160,0.0972807112507844
2413,20221018_110119.mat,2501629,2.501629,1,160,0.0870379985641919
2414,20221018_110119.mat,2502624,2.502624,1,165,0.361886101723461
2415,20221018_110119.mat,2502823,2.502823,1,165,0.107014300959696
2416,20221018_110119.mat,2554961,2.554961,1,160,0.34840796597582
2417,20221018_110119.mat,2555160,2.55516,1,160,0.100758987869326
2418,20221018_110119.mat,2562921,2.562921,1,165,0.182755374025585
2419,20221018_110119.mat,2624611,2.624611,1,165,0.116380508082615
2420,20221018_110119.mat,2705206,2.705206,1,155,0.0531646066061388
2421,20221018_110119.mat,2705405,2.705405,1,165,0.0860288247132488
2422,20221018_110119.mat,2729285,2.729285,1,165,0.0591945133214015
2423,20221018_110119.mat,2729484,2.729484,1,175,0.0770486044897877
2424,20221018_110119.mat,2733066,2.733066,1,160,0.174386799230801
2425,20221018_110119.mat,2745802,2.745802,1,165,0.0691525760176564
2426,20221018_110119.mat,2750976,2.750976,1,165,1.24394267087533
2427,20221018_110119.mat,2751175,2.751175,1,160,1.88912824672606
2428,20221018_110119.mat,2751374,2.751374,1,160,0.278761584695311
2429,20221018_110119.mat,2751573,2.751573,1,160,0.0871322851785507
2430,20221018_110119.mat,2765702,2.765702,1,160,0.0885227312482717
2431,20221018_110119.mat,2783015,2.783015,1,165,0.583936471469716
2432,20221018_110119.mat,2783214,2.783214,1,160,0.172398884822264
2433,20221018_110119.mat,2783612,2.783612,1,165,0.0956079228628348
2434,20221018_110119.mat,2783811,2.783811,1,160,0.137514578670682
2435,20221018_110119.mat,2784010,2.78401,1,165,0.0905204471314037
2436,20221018_110119.mat,2787791,2.787791,1,165,0.476701756271858
2437,20221018_110119.mat,2787990,2.78799,1,165,0.121220750870528
2438,20221018_110119.mat,2792169,2.792169,1,180,0.0921033904989888
2439,20221018_110119.mat,2796348,2.796348,1,165,0.0589352495423629
2440,20221018_110119.mat,2800726,2.800726,1,170,0.0927357221217807
2441,20221018_110119.mat,2800925,2.800925,1,160,2.34762344894104
2442,20221018_110119.mat,2801124,2.801124,1,100,0.325834391960884
2443,20221018_110119.mat,2801323,2.801323,1,160,0.224670701946002
2444,20221018_110119.mat,2802318,2.802318,1,165,0.0787282128195592
2445,20221018_110119.mat,2810079,2.810079,1,165,0.10162479017772
2446,20221018_110119.mat,2810278,2.810278,1,160,0.574609869711773
2447,20221018_110119.mat,2810477,2.810477,1,165,0.141814249149132
2448,20221018_110119.mat,2810676,2.810676,1,160,0.0907556085345701
2449,20221018_110119.mat,2871172,2.871172,1,160,0.228685088051498
2450,20221018_110119.mat,2872963,2.872963,1,225,1.10818647105321
2451,20221018_110119.mat,2873162,2.873162,1,160,1.84922543319647
2452,20221018_110119.mat,2873361,2.873361,1,160,0.21461236027663
2453,20221018_110119.mat,2873958,2.873958,1,170,0.0669015770657119
2454,20221018_110119.mat,2874157,2.874157,1,225,1.27563908210469
2455,20221018_110119.mat,2874356,2.874356,1,175,0.334478244025997
2456,20221018_110119.mat,2874555,2.874555,1,165,0.779080504870327
2457,20221018_110119.mat,2874754,2.874754,1,180,2.47061725894288
2458,20221018_110119.mat,2874953,2.874953,1,160,0.305529046029401
2459,20221018_110119.mat,2875152,2.875152,1,175,0.0714966836015232
2460,20221018_110119.mat,2875351,2.875351,1,230,0.102685750115467
2461,20221018_110119.mat,2876147,2.876147,1,170,0.129266637014418
2462,20221018_110119.mat,2876346,2.876346,1,160,0.164028076214461
2463,20221018_110119.mat,2879928,2.879928,1,225,0.104996113547571
2464,20221018_110119.mat,2880127,2.880127,1,175,0.401997094043833
2465,20221018_110119.mat,2880326,2.880326,1,175,0.182779159172223
2466,20221018_110119.mat,2893062,2.893062,1,170,0.0679475325354574
2467,20221018_110119.mat,2893261,2.893261,1,170,0.0621539107260818
2468,20221018_110119.mat,3020820,3.02082,1,225,0.0487466746454983
2469,20221018_110119.mat,3032959,3.032959,1,165,0.716043839634993
2470,20221018_110119.mat,3033158,3.033158,1,160,0.441779314649251
2471,20221018_110119.mat,3033357,3.033357,1,160,0.0909446939729038
2472,20221018_110119.mat,3100022,3.100022,1,155,0.0538427491839861
2473,20221018_110119.mat,3105992,3.105992,1,180,0.345280803945512
2474,20221018_110119.mat,3106191,3.106191,1,170,1.18511074690372
2475,20221018_110119.mat,3106390,3.10639,1,175,0.270585581368874
2476,20221018_110119.mat,3142409,3.142409,1,165,0.224655576612234
2477,20221018_110119.mat,3142608,3.142608,1,175,0.117216668748565
2478,20221018_110119.mat,3147384,3.147384,1,165,0.0351154018565037
2479,20221018_110119.mat,3186587,3.186587,1,165,0.235535351643714
2480,20221018_110119.mat,3186786,3.186786,1,175,0.0721987257519825
2481,20221018_110119.mat,3186985,3.186985,1,175,0.157702835441364
2482,20221018_110119.mat,3187184,3.187184,1,165,0.0541086888544661
2483,20221018_110119.mat,3217233,3.217233,1,185,0.0352642055697804
2484,20221018_110119.mat,3228377,3.228377,1,170,0.0947795367018983
2485,20221018_110119.mat,3235143,3.235143,1,175,1.13526895101647
2486,20221018_110119.mat,3235342,3.235342,1,170,2.75454129152997
2487,20221018_110119.mat,3235541,3.235541,1,170,0.408195254428799
2488,20221018_110119.mat,3235740,3.23574,1,160,0.169728784161298
2489,20221018_110119.mat,3236138,3.236138,1,165,0.0835422120926394
2490,20221018_110119.mat,3236337,3.236337,1,165,0.0722625492792028
2491,20221018_110119.mat,3238526,3.238526,1,180,0.0502153594861261
2492,20221018_110119.mat,3238725,3.238725,1,170,0.157014332223615
2493,20221018_110119.mat,3239919,3.239919,1,160,0.0680442427863047
2494,20221018_110119.mat,3243700,3.2437,1,165,0.0997585342675526
2495,20221018_110119.mat,3247481,3.247481,1,170,0.116014661231299
2496,20221018_110119.mat,3257829,3.257829,1,170,0.0591938330183904
2497,20221018_110119.mat,3262804,3.262804,1,165,0.103223848656399
2498,20221018_110119.mat,3270167,3.270167,1,160,0.0568281251395858
2499,20221018_110119.mat,3270366,3.270366,1,175,0.0649826879701096
2500,20221018_110119.mat,3330862,3.330862,1,165,0.195716249881832
2501,20221018_110119.mat,3331061,3.331061,1,160,0.0626487449806206
2502,20221018_110119.mat,3360712,3.360712,1,175,0.0493247533963761
2503,20221018_110119.mat,3361508,3.361508,1,160,0.10306581746658
2504,20221018_110119.mat,3361707,3.361707,1,160,0.46698465783442
2505,20221018_110119.mat,3403497,3.403497,1,230,0.168162327301084
2506,20221018_110119.mat,3425586,3.425586,1,160,2.02378863151966
2507,20221018_110119.mat,3425785,3.425785,1,160,0.906722169139362
2508,20221018_110119.mat,3425984,3.425984,1,160,0.257807043372106
2509,20221018_110119.mat,3449466,3.449466,1,165,0.206428606689141
2510,20221018_110119.mat,3449665,3.449665,1,165,0.235893765949814
2511,20221018_110119.mat,3466182,3.466182,1,165,0.61387316870117
2512,20221018_110119.mat,3466381,3.466381,1,165,0.348258976574616
2513,20221018_110119.mat,3466580,3.46658,1,160,0.105666746682559
2514,20221018_110119.mat,3467973,3.467973,1,170,0.213611235010712
2515,20221018_110119.mat,3468172,3.468172,1,165,0.0916696961051307
2516,20221018_110119.mat,3553145,3.553145,1,230,0.842762765298475
2517,20221018_110119.mat,3553344,3.553344,1,155,0.164187529041606
2518,20221018_110119.mat,3586378,3.586378,1,170,0.0733879388333275
2519,20221018_110119.mat,3634536,3.634536,1,230,0.348759175935547
2520,20221018_110119.mat,3634735,3.634735,1,165,0.158561008561066
2521,20221018_110119.mat,3634934,3.634934,1,175,4.23133617678616
2522,20221018_110119.mat,3635133,3.635133,1,175,3.21740367975647
2523,20221018_110119.mat,3635332,3.635332,1,175,0.719763786440184
2524,20221018_110119.mat,3635531,3.635531,1,160,0.18499471924226
2525,20221018_110119.mat,3635730,3.63573,1,160,0.120957073216926
2526,20221018_110119.mat,3636327,3.636327,1,175,0.0928547069101275
2527,20221018_110119.mat,3636526,3.636526,1,170,0.156922838065592
2528,20221018_110119.mat,3636725,3.636725,1,160,0.115484658686981
2529,20221018_110119.mat,3637123,3.637123,1,160,0.109303392846729
2530,20221018_110119.mat,3637521,3.637521,1,165,0.0614941713564454
2531,20221018_110119.mat,3638715,3.638715,1,165,0.0996883174366967
2532,20221018_110119.mat,3638914,3.638914,1,175,0.111942581164427
2533,20221018_110119.mat,3643690,3.64369,1,160,0.0868382956651678
2534,20221018_110119.mat,3645083,3.645083,1,175,0.0741817432628186
2535,20221018_110119.mat,3645282,3.645282,1,160,0.126934371053586
2536,20221018_110119.mat,3647471,3.647471,1,175,0.0486763337170541
2537,20221018_110119.mat,3647670,3.64767,1,160,0.127615536558834
2538,20221018_110119.mat,3647869,3.647869,1,160,0.160170528955387
2539,20221018_110119.mat,3677321,3.677321,1,155,0.0478030683152702
2540,20221018_110119.mat,3678913,3.678913,1,160,0.069594417362804
2541,20221018_110119.mat,3690057,3.690057,1,170,0.069151558412162
2542,20221018_110119.mat,3690256,3.690256,1,165,0.0958553704535114
2543,20221018_110119.mat,3699808,3.699808,1,180,0.0875713171704771
2544,20221018_110119.mat,3705579,3.705579,1,170,0.0797108260335714
2545,20221018_110119.mat,3714534,3.714534,1,160,0.0894923532044886
2546,20221018_110119.mat,3725280,3.72528,1,160,0.293883050189352
2547,20221018_110119.mat,3742792,3.742792,1,160,0.0874003679162633
2548,20221018_110119.mat,3742991,3.742991,1,180,0.0671274438704821
2549,20221018_110119.mat,3782791,3.782791,1,170,0.264367395794724
2550,20221018_110119.mat,3792741,3.792741,1,165,0.336427761108012
2551,20221018_110119.mat,3792940,3.79294,1,165,0.0689611341740915
2552,20221018_110119.mat,3823984,3.823984,1,165,0.0748370289574634
2553,20221018_110119.mat,3900201,3.900201,1,165,0.0700532571507131
2554,20221018_110119.mat,3927464,3.927464,1,165,0.149174531888169
2555,20221018_110119.mat,3927663,3.927663,1,160,0.0751546160943332
2556,20221018_110119.mat,3950150,3.95015,1,160,0.0519722555957311
2557,20221018_110119.mat,3984378,3.984378,1,165,0.178877353752453
2558,20221018_110119.mat,4023780,4.02378,1,170,0.120795370827851
2559,20221018_110119.mat,4027760,4.02776,1,165,0.189601470810525
2560,20221018_110119.mat,4027959,4.027959,1,165,0.07473096017903
2561,20221018_110119.mat,4069351,4.069351,1,165,0.194477471322259
2562,20221018_110119.mat,4069550,4.06955,1,180,0.0665709350887417
2563,20221018_110119.mat,4075520,4.07552,1,165,0.0646980438951713
2564,20221018_110119.mat,4075719,4.075719,1,165,0.0565255657001908
2565,20221018_110119.mat,4111937,4.111937,1,165,0.470624406592676
2566,20221018_110119.mat,4112136,4.112136,1,160,0.408195148398842
2567,20221018_110119.mat,4112335,4.112335,1,160,0.0425635515586313
2568,20221018_110119.mat,4122285,4.122285,1,170,0.109019396607833
2569,20221018_110119.mat,4122484,4.122484,1,170,0.0791628590804333
2570,20221018_110119.mat,4146762,4.146762,1,165,0.124527867319906
2571,20221018_110119.mat,4175816,4.175816,1,155,0.0319014189712378
2572,20221018_110119.mat,4194124,4.194124,1,165,0.460947944361962
2573,20221018_110119.mat,4194323,4.194323,1,165,0.123807413807034
2574,20221018_110119.mat,4201288,4.201288,1,165,0.15130531222375
2575,20221018_110119.mat,4214024,4.214024,1,160,0.241686401657818
2576,20221018_110119.mat,4269744,4.269744,1,160,3.75536211333194
2577,20221018_110119.mat,4269943,4.269943,1,165,4.40912562443386
2578,20221018_110119.mat,4270142,4.270142,1,160,21.5197973511726
2579,20221018_110119.mat,4270341,4.270341,1,160,97.7836137819059
2580,20221018_110119.mat,4270540,4.27054,1,160,55.711954932182
2581,20221018_110119.mat,4270739,4.270739,1,160,9.0105544473224
2582,20221018_110119.mat,4270938,4.270938,1,160,2.81745585722458
2583,20221018_110119.mat,4271137,4.271137,1,160,0.517822876172374
2584,20221018_110119.mat,4271336,4.271336,1,160,0.193204885594822
2585,20221018_110119.mat,4271535,4.271535,1,160,0.0822776414239558
2586,20221018_110119.mat,4273525,4.273525,1,160,0.0758681907511764
2587,20221018_110119.mat,4273724,4.273724,1,155,0.0694737860725562
2588,20221018_110119.mat,4276510,4.27651,1,160,1.00777421436121
2589,20221018_110119.mat,4276709,4.276709,1,160,0.638104915964217
2590,20221018_110119.mat,4276908,4.276908,1,160,0.121612104840874
2591,20221018_110119.mat,4277306,4.277306,1,170,0.107768604609518
2592,20221018_110119.mat,4277505,4.277505,1,160,0.405825035743124
2593,20221018_110119.mat,4277704,4.277704,1,160,0.229481255047162
2594,20221018_110119.mat,4277903,4.277903,1,160,0.461331356465726
2595,20221018_110119.mat,4278102,4.278102,1,165,1.57324692493883
2596,20221018_110119.mat,4278301,4.278301,1,160,0.247721404954907
2597,20221018_110119.mat,4278500,4.2785,1,160,0.121963936754752
2598,20221018_110119.mat,4282679,4.282679,1,225,0.152285085334803
2599,20221018_110119.mat,4282878,4.282878,1,160,0.0681118976944871
2600,20221018_110119.mat,4283077,4.283077,1,160,73.155892231666
2601,20221018_110119.mat,4283276,4.283276,1,165,115.695825852905
2602,20221018_110119.mat,4283475,4.283475,1,160,16.8993759458071
2603,20221018_110119.mat,4283674,4.283674,1,160,6.34447569141001
2604,20221018_110119.mat,4283873,4.283873,1,160,1.47726544854405
2605,20221018_110119.mat,4284072,4.284072,1,160,0.460178109940977
2606,20221018_110119.mat,4284271,4.284271,1,160,0.0996905765279459
2607,20221018_110119.mat,4285266,4.285266,1,165,0.403486160980185
2608,20221018_110119.mat,4285465,4.285465,1,160,0.0942791200270488
2609,20221018_110119.mat,4285664,4.285664,1,160,0.0412997439153037
2610,20221018_110119.mat,4286062,4.286062,1,165,0.0651443334622205
2611,20221018_110119.mat,4286261,4.286261,1,165,0.0583168151126009
2612,20221018_110119.mat,4286460,4.28646,1,155,0.0901079549592368
2613,20221018_110119.mat,4293624,4.293624,1,170,0.0779835234123792
2614,20221018_110119.mat,4306559,4.306559,1,280,0.0534277054599559
2615,20221018_110119.mat,4306758,4.306758,1,230,0.193523262476249
2616,20221018_110119.mat,4308151,4.308151,1,225,0.0830743330346068
2617,20221018_110119.mat,4319494,4.319494,1,225,0.182897339539492
2618,20221018_110119.mat,4319693,4.319693,1,160,0.274741674041121
2619,20221018_110119.mat,4322877,4.322877,1,165,0.10372030543351
2620,20221018_110119.mat,4337006,4.337006,1,165,0.125323915548889
2621,20221018_110119.mat,4337205,4.337205,1,165,0.0511086408771342
2622,20221018_110119.mat,4338996,4.338996,1,165,0.105432681428602
2623,20221018_110119.mat,4339195,4.339195,1,170,0.164446657354055
2624,20221018_110119.mat,4354319,4.354319,1,160,0.0552193272377933
2625,20221018_110119.mat,4380189,4.380189,1,160,0.229762710523823
2626,20221018_110119.mat,4446655,4.446655,1,160,0.0772616447095933
2627,20221018_110119.mat,4461779,4.461779,1,350,0.140737195507827
2628,20221018_110119.mat,4481281,4.481281,1,165,0.173787643872759
2629,20221018_110119.mat,4483669,4.483669,1,165,0.112325255021944
2630,20221018_110119.mat,4494813,4.494813,1,170,0.0537305090633413
2631,20221018_110119.mat,4502375,4.502375,1,165,0.0903469437277449
2632,20221018_110119.mat,4528643,4.528643,1,170,0.114775765823437
2633,20221018_110119.mat,4565060,4.56506,1,175,0.0416066154421507
2634,20221018_110119.mat,4580781,4.580781,1,280,0.0551939837816403
2635,20221018_110119.mat,4613815,4.613815,1,165,0.0785808642691217
2636,20221018_110119.mat,4657794,4.657794,1,160,0.0645860654843438
2637,20221018_110119.mat,4657993,4.657993,1,170,0.315432305103741
2638,20221018_110119.mat,4695007,4.695007,1,185,0.0388966823501288
2639,20221018_110119.mat,4709335,4.709335,1,165,0.18149965819951
2640,20221018_110119.mat,4731822,4.731822,1,165,0.133978572403213
2641,20221018_110119.mat,4732021,4.732021,1,170,0.120271071094305
2642,20221018_110119.mat,4760876,4.760876,1,165,0.114319676647369
2643,20221018_110119.mat,4761075,4.761075,1,165,0.0547723551118867
2644,20221018_110119.mat,4771423,4.771423,1,170,0.239931800693875
2645,20221018_110119.mat,4775005,4.775005,1,160,0.0393571810360482
2646,20221018_110119.mat,4775204,4.775204,1,160,0.0799297710494482
2647,20221018_110119.mat,4776995,4.776995,1,165,0.0959852475231117
2648,20221018_110119.mat,4777194,4.777194,1,165,0.126422909405398
2649,20221018_110119.mat,4791323,4.791323,1,165,0.0567728816060835
2650,20221018_110119.mat,4797890,4.79789,1,165,0.144592685906509
2651,20221018_110119.mat,4874704,4.874704,1,180,0.0369350061130177
2652,20221018_110119.mat,4889231,4.889231,1,165,0.0536917537374559
2653,20221018_110119.mat,4889430,4.88943,1,160,0.0903801282253495
2654,20221018_110119.mat,4930225,4.930225,1,180,0.0621560810423674
2655,20221018_110119.mat,4972413,4.972413,1,155,0.912580168948834
2656,20221018_110119.mat,4972612,4.972612,1,155,0.202773051768304
2657,20221018_110119.mat,4972811,4.972811,1,135,0.0520968369774112
2658,20221018_110119.mat,4996293,4.996293,1,165,0.117328064711519
2659,20221018_110124.mat,5373,0.005373,1,165,0.112661260469638
2660,20221018_110124.mat,5572,0.005572,1,160,0.159511541079527
2661,20221018_110124.mat,11542,0.011542,1,160,0.0777162499813282
2662,20221018_110124.mat,52735,0.052735,1,165,0.0651232077260919
2663,20221018_110124.mat,190244,0.190244,1,160,0.0573992714642864
2664,20221018_110124.mat,190642,0.190642,1,165,0.0908825218744092
2665,20221018_110124.mat,274023,0.274023,1,160,0.202984466946136
2666,20221018_110124.mat,392428,0.392428,1,170,0.0568169299765545
2667,20221018_110124.mat,440785,0.440785,1,170,0.212939834091588
2668,20221018_110124.mat,517798,0.517798,1,255,0.0331992338314599
2669,20221018_110124.mat,614711,0.614711,1,165,0.0675712564289849
2670,20221018_110124.mat,1074003,1.074003,1,160,0.0597991693143955
2671,20221018_110124.mat,1074202,1.074202,1,160,0.0515067042859278
2672,20221018_110124.mat,1161961,1.161961,1,170,0.085382295666813
2673,20221018_110124.mat,1178279,1.178279,1,170,0.132351977845578
2674,20221018_110124.mat,1179871,1.179871,1,230,0.0747400802299776
2675,20221018_110124.mat,1286734,1.286734,1,200,0.0343298923324791
2676,20221018_110124.mat,1355986,1.355986,1,160,12.1400786757322
2677,20221018_110124.mat,1356185,1.356185,1,170,1.34016651710959
2678,20221018_110124.mat,1356384,1.356384,1,160,0.906208498697151
2679,20221018_110124.mat,1356583,1.356583,1,160,0.187283863714665
2680,20221018_110124.mat,1446531,1.446531,1,205,0.032672058823003
2681,20221018_110124.mat,1715579,1.715579,1,180,0.0786776078672382
2682,20221018_110124.mat,1753588,1.753588,1,160,0.0585109739966136
2683,20221018_110124.mat,1825825,1.825825,1,155,0.0327046117092037
2684,20221018_110124.mat,1975672,1.975672,1,135,0.0352395384611802
2685,20221018_110124.mat,2055670,2.05567,1,185,0.0310242001883026
2686,20221018_110124.mat,2125519,2.125519,1,160,0.0398497131516733
2687,20221018_110124.mat,2155369,2.155369,1,280,0.0347693279037006
2688,20221018_110124.mat,2175468,2.175468,1,165,0.0365822604226985
2689,20221018_110124.mat,2177657,2.177657,1,170,1.06010409881025
2690,20221018_110124.mat,2177856,2.177856,1,160,0.316083154933207
2691,20221018_110124.mat,2178055,2.178055,1,160,0.138798277864747
2692,20221018_110124.mat,2194970,2.19497,1,170,0.526879118825594
2693,20221018_110124.mat,2195169,2.195169,1,160,0.727222119362348
2694,20221018_110124.mat,2195368,2.195368,1,155,0.079467388574074
2695,20221018_110124.mat,2225417,2.225417,1,160,0.115356078265768
2696,20221018_110124.mat,2328101,2.328101,1,160,0.112925287112466
2697,20221018_110124.mat,2330887,2.330887,1,165,0.096768663459616
2698,20221018_110124.mat,2331086,2.331086,1,160,0.0710033295225259
2699,20221018_110124.mat,2418049,2.418049,1,175,0.0541486872117998
2700,20221018_110124.mat,2418248,2.418248,1,160,0.146296268044447
2701,20221018_110124.mat,2444914,2.444914,1,165,0.0446720035254406
2702,20221018_110124.mat,2504017,2.504017,1,230,0.427095112638785
2703,20221018_110124.mat,2504216,2.504216,1,160,2.63452979043598
2704,20221018_110124.mat,2504415,2.504415,1,160,0.172002391630641
2705,20221018_110124.mat,2504614,2.504614,1,160,0.122341963468739
2706,20221018_110124.mat,2584811,2.584811,1,110,0.0377718965412866
2707,20221018_110124.mat,2630183,2.630183,1,160,0.0747681890920894
2708,20221018_110124.mat,2742021,2.742021,1,155,0.0281452202037275
2709,20221018_110124.mat,2742220,2.74222,1,160,0.0626839052379011
2710,20221018_110124.mat,2746598,2.746598,1,155,0.0326456413693125
2711,20221018_110124.mat,2763314,2.763314,1,175,0.0720484677990716
2712,20221018_110124.mat,2763513,2.763513,1,160,0.108607077657314
2713,20221018_110124.mat,2798338,2.798338,1,165,0.254152768057273
2714,20221018_110124.mat,2798537,2.798537,1,165,0.187919641581814
2715,20221018_110124.mat,2808885,2.808885,1,160,0.177838828976554
2716,20221018_110124.mat,2809681,2.809681,1,160,0.114137454194296
2717,20221018_110124.mat,2889679,2.889679,1,160,0.147215540165791
2718,20221018_110124.mat,2889878,2.889878,1,170,0.0757250612916244
2719,20221018_110124.mat,2890077,2.890077,1,165,0.129418050550259
2720,20221018_110124.mat,2890276,2.890276,1,160,0.0551346666836533
2721,20221018_110124.mat,2923509,2.923509,1,170,0.381731347149579
2722,20221018_110124.mat,2923708,2.923708,1,175,0.058841378531464
2723,20221018_110124.mat,3039327,3.039327,1,170,0.189067281147049
2724,20221018_110124.mat,3144001,3.144001,1,170,0.0475136279088729
2725,20221018_110124.mat,3198726,3.198726,1,175,0.0540065178979522
2726,20221018_110124.mat,3219621,3.219621,1,160,0.0744564739447745
2727,20221018_110124.mat,3255043,3.255043,1,160,0.0442450689351168
2728,20221018_110124.mat,3486281,3.486281,1,155,0.129461537190238
2729,20221018_110124.mat,3486480,3.48648,1,165,0.0641632327981959
2730,20221018_110124.mat,3492052,3.492052,1,170,0.0781348827317647
2731,20221018_110124.mat,3503594,3.503594,1,160,0.0446440410007851
2732,20221018_110124.mat,3702196,3.702196,1,170,0.09209613196489
2733,20221018_110124.mat,3702395,3.702395,1,160,0.445820705202371
2734,20221018_110124.mat,3833138,3.833138,1,170,0.0512032680374255
2735,20221018_110124.mat,3860202,3.860202,1,165,0.0911455510164425
2736,20221018_110124.mat,3862988,3.862988,1,225,0.0281262101835878
2737,20221018_110124.mat,3905375,3.905375,1,170,0.0735921953929168
2738,20221018_110124.mat,3933036,3.933036,1,155,0.0314015477934375
2739,20221018_110124.mat,3942986,3.942986,1,185,0.0261974499367915
2740,20221018_110124.mat,3979403,3.979403,1,165,0.0655473576112225
2741,20221018_110124.mat,4082684,4.082684,1,180,0.0434181718422132
2742,20221018_110124.mat,4186363,4.186363,1,165,0.905554558920751
2743,20221018_110124.mat,4186562,4.186562,1,165,1.21132587737127
2744,20221018_110124.mat,4186761,4.186761,1,160,0.20392001445258
2745,20221018_110124.mat,4186960,4.18696,1,160,0.103515143444367
2746,20221018_110124.mat,4200293,4.200293,1,225,0.138495974760361
2747,20221018_110124.mat,4200492,4.200492,1,160,0.0581226162313085
2748,20221018_110124.mat,4392328,4.392328,1,175,0.0363936313420525
2749,20221018_110124.mat,4402278,4.402278,1,225,0.0352278845356049
2750,20221018_110124.mat,4442277,4.442277,1,185,0.0369320371745967
2751,20221018_110124.mat,4447053,4.447053,1,160,0.0823554913680641
2752,20221018_110124.mat,4479092,4.479092,1,230,0.288465484741673
2753,20221018_110124.mat,4502176,4.502176,1,150,0.034309927139419
2754,20221018_110124.mat,4514514,4.514514,1,160,0.420582450684288
2755,20221018_110124.mat,4514713,4.514713,1,155,0.174769788281217
2756,20221018_110124.mat,4537399,4.537399,1,165,0.0909019554699472
2757,20221018_110124.mat,4537598,4.537598,1,160,0.452943174449475
2758,20221018_110124.mat,4539588,4.539588,1,165,0.082897398138773
2759,20221018_110124.mat,4557697,4.557697,1,170,0.130368865236206
2760,20221018_110124.mat,4632123,4.632123,1,185,0.0322209164994857
2761,20221018_110124.mat,4862764,4.862764,1,170,0.267213923239276
2762,20221018_110124.mat,4862963,4.862963,1,175,0.240819662678169
2763,20221018_110124.mat,4943359,4.943359,1,170,0.0699608355083526
2764,20221018_110129.mat,77212,0.077212,1,175,0.0770228621463685
2765,20221018_110129.mat,77411,0.077411,1,175,0.0820912534742642
2766,20221018_110129.mat,78406,0.078406,1,170,0.0421591865556938
2767,20221018_110129.mat,78605,0.078605,1,175,0.106655561804001
2768,20221018_110129.mat,150444,0.150444,1,165,0.106581846376935
2769,20221018_110129.mat,154225,0.154225,1,165,0.0938084725196846
2770,20221018_110129.mat,154424,0.154424,1,160,0.197350339136616
2771,20221018_110129.mat,186264,0.186264,1,165,0.147807972685117
2772,20221018_110129.mat,186463,0.186463,1,160,0.548051632959372
2773,20221018_110129.mat,186662,0.186662,1,160,0.0456061804112397
2774,20221018_110129.mat,191637,0.191637,1,160,0.46175040321343
2775,20221018_110129.mat,191836,0.191836,1,165,0.087886605160452
2776,20221018_110129.mat,292928,0.292928,1,210,0.108144842905509
2777,20221018_110129.mat,293127,0.293127,1,175,0.121854858954825
2778,20221018_110129.mat,304470,0.30447,1,160,0.136974228381771
2779,20221018_110129.mat,304669,0.304669,1,160,0.135400065217407
2780,20221018_110129.mat,316211,0.316211,1,185,0.033608359245675
2781,20221018_110129.mat,378697,0.378697,1,160,0.0353033685563552
2782,20221018_110129.mat,484366,0.484366,1,160,0.0645724908568321
2783,20221018_110129.mat,484565,0.484565,1,175,0.709259265702166
2784,20221018_110129.mat,484764,0.484764,1,160,4.61431979387597
2785,20221018_110129.mat,484963,0.484963,1,160,0.982971919510228
2786,20221018_110129.mat,485162,0.485162,1,160,0.325684416077739
2787,20221018_110129.mat,496107,0.496107,1,160,0.0307788546640378
2788,20221018_110129.mat,566155,0.566155,1,170,0.098274035392452
2789,20221018_110129.mat,612721,0.612721,1,160,1.99526378494865
2790,20221018_110129.mat,612920,0.61292,1,155,0.228628179762169
2791,20221018_110129.mat,613119,0.613119,1,160,0.265259411282026
2792,20221018_110129.mat,695704,0.695704,1,180,0.0428069815994597
2793,20221018_110129.mat,765752,0.765752,1,230,0.0321270632136231
2794,20221018_110129.mat,774110,0.77411,1,175,0.102372112830171
2795,20221018_110129.mat,800577,0.800577,1,160,0.109422844288513
2796,20221018_110129.mat,845551,0.845551,1,185,0.0361391407842388
2797,20221018_110129.mat,855103,0.855103,1,165,0.167100980006974
2798,20221018_110129.mat,855302,0.855302,1,160,1.19534010870405
2799,20221018_110129.mat,855501,0.855501,1,160,0.117498153579982
2800,20221018_110129.mat,917788,0.917788,1,205,0.107267190411511
2801,20221018_110129.mat,917987,0.917987,1,160,0.630772057641656
2802,20221018_110129.mat,927340,0.92734,1,230,0.309534263886754
2803,20221018_110129.mat,927539,0.927539,1,160,0.0884157868788898
2804,20221018_110129.mat,945449,0.945449,1,155,0.0288316879500643
2805,20221018_110129.mat,955399,0.955399,1,170,0.0396938227781171
2806,20221018_110129.mat,961568,0.961568,1,175,13.5849436744573
2807,20221018_110129.mat,961767,0.961767,1,160,4.02120856972977
2808,20221018_110129.mat,961966,0.961966,1,160,0.971942667861961
2809,20221018_110129.mat,962165,0.962165,1,160,0.131910925985084
2810,20221018_110129.mat,974105,0.974105,1,160,0.0933425317346631
2811,20221018_110129.mat,975498,0.975498,1,160,0.0423838894598906
2812,20221018_110129.mat,1000373,1.000373,1,160,0.436298638385419
2813,20221018_110129.mat,1000572,1.000572,1,160,0.292272336558917
2814,20221018_110129.mat,1032611,1.032611,1,160,0.239947645853951
2815,20221018_110129.mat,1035397,1.035397,1,170,0.0302581561764241
2816,20221018_110129.mat,1035596,1.035596,1,165,0.577287327972496
2817,20221018_110129.mat,1035795,1.035795,1,165,0.204833862339671
2818,20221018_110129.mat,1050919,1.050919,1,165,0.128532089689526
2819,20221018_110129.mat,1103853,1.103853,1,160,0.312794666436361
2820,20221018_110129.mat,1115196,1.115196,1,160,0.0369555893072046
2821,20221018_110129.mat,1197980,1.19798,1,165,0.0710080685609743
2822,20221018_110129.mat,1221064,1.221064,1,215,0.19821329681513
2823,20221018_110129.mat,1234994,1.234994,1,165,0.190051465640385
2824,20221018_110129.mat,1235193,1.235193,1,165,0.1295439740974
2825,20221018_110129.mat,1264645,1.264645,1,160,0.0775360522256952
2826,20221018_110129.mat,1345041,1.345041,1,160,0.0571174515631062
2827,20221018_110129.mat,1345240,1.34524,1,160,0.0948957272670243
2828,20221018_110129.mat,1350414,1.350414,1,170,0.0590295011841734
2829,20221018_110129.mat,1350613,1.350613,1,165,0.0662486148819741
2830,20221018_110129.mat,1558966,1.558966,1,155,0.048290202975526
2831,20221018_110129.mat,1614686,1.614686,1,155,0.0365503099908098
2832,20221018_110129.mat,1664635,1.664635,1,180,0.0430486962177367
2833,20221018_110129.mat,1743439,1.743439,1,230,0.0489062741907678
2834,20221018_110129.mat,1743638,1.743638,1,160,0.268767266282624
2835,20221018_110129.mat,1775080,1.77508,1,175,0.436490171994378
2836,20221018_110129.mat,1775279,1.775279,1,175,0.0586523827710579
2837,20221018_110129.mat,1784433,1.784433,1,160,0.262051186674519
2838,20221018_110129.mat,1784632,1.784632,1,160,0.28415069430206
2839,20221018_110129.mat,1869008,1.869008,1,165,0.212017912733518
2840,20221018_110129.mat,1869207,1.869207,1,165,0.115570932789273
2841,20221018_110129.mat,1870600,1.8706,1,225,0.074748088799971
2842,20221018_110129.mat,1870799,1.870799,1,160,0.0463348612769068
2843,20221018_110129.mat,1874978,1.874978,1,175,0.0587900360662182
2844,20221018_110129.mat,1925325,1.925325,1,170,1.11863147110544
2845,20221018_110129.mat,1925524,1.925524,1,160,0.482084243920516
2846,20221018_110129.mat,1925723,1.925723,1,160,0.0882815543822289
2847,20221018_110129.mat,1968906,1.968906,1,160,0.0573616502406082
2848,20221018_110129.mat,2037561,2.037561,1,170,1.92770114603602
2849,20221018_110129.mat,2037760,2.03776,1,160,1.03844324763694
2850,20221018_110129.mat,2037959,2.037959,1,160,0.21616572078024
2851,20221018_110129.mat,2061839,2.061839,1,170,0.419504440024169
2852,20221018_110129.mat,2062038,2.062038,1,175,0.08477341604464
2853,20221018_110129.mat,2064227,2.064227,1,240,0.0244767482134225
2854,20221018_110129.mat,2065819,2.065819,1,160,0.125294203639679
2855,20221018_110129.mat,2123330,2.12333,1,160,0.444998387303493
2856,20221018_110129.mat,2123529,2.123529,1,160,0.949307108174666
2857,20221018_110129.mat,2123728,2.123728,1,160,0.0832270821064841
2858,20221018_110129.mat,2170095,2.170095,1,160,0.358741091400785
2859,20221018_110129.mat,2189796,2.189796,1,170,0.0903016366502796
2860,20221018_110129.mat,2209696,2.209696,1,175,0.0539768228182106
2861,20221018_110129.mat,2209895,2.209895,1,160,0.174919079785194
2862,20221018_110129.mat,2211288,2.211288,1,160,0.197322654276464
2863,20221018_110129.mat,2266610,2.26661,1,225,0.0821068250215064
2864,20221018_110129.mat,2274371,2.274371,1,280,1.75265691847249
2865,20221018_110129.mat,2274570,2.27457,1,155,0.289558590065926
2866,20221018_110129.mat,2274769,2.274769,1,160,0.187245921068658
2867,20221018_110129.mat,2302032,2.302032,1,170,0.0560595064160826
2868,20221018_110129.mat,2302231,2.302231,1,160,0.145961178725859
2869,20221018_110129.mat,2331086,2.331086,1,260,0.697208839503213
2870,20221018_110129.mat,2331285,2.331285,1,280,1.85051790301894
2871,20221018_110129.mat,2331484,2.331484,1,160,0.479033404689498
2872,20221018_110129.mat,2331683,2.331683,1,160,0.186434155568294
2873,20221018_110129.mat,2350787,2.350787,1,225,0.15254517044933
2874,20221018_110129.mat,2435362,2.435362,1,160,0.179092935670584
2875,20221018_110129.mat,2485510,2.48551,1,175,1.78030090577785
2876,20221018_110129.mat,2485709,2.485709,1,160,0.220734325382041
2877,20221018_110129.mat,2493470,2.49347,1,285,0.0466837490645312
2878,20221018_110129.mat,2493669,2.493669,1,160,0.0591319666235392
2879,20221018_110129.mat,2499042,2.499042,1,160,0.0450694410619911
2880,20221018_110129.mat,2499639,2.499639,1,160,0.0414886364819551
2881,20221018_110129.mat,2527499,2.527499,1,160,0.375274035734315
2882,20221018_110129.mat,2527698,2.527698,1,160,0.11084519925889
2883,20221018_110129.mat,2564314,2.564314,1,170,0.534063824384236
2884,20221018_110129.mat,2564513,2.564513,1,160,0.292505079927306
2885,20221018_110129.mat,2592771,2.592771,1,225,0.0655077946327249
2886,20221018_110129.mat,2629387,2.629387,1,220,0.121557367830607
2887,20221018_110129.mat,2629586,2.629586,1,160,1.98669230801677
2888,20221018_110129.mat,2629785,2.629785,1,160,0.239314046384071
2889,20221018_110129.mat,2629984,2.629984,1,160,0.127341649071804
2890,20221018_110129.mat,2648292,2.648292,1,180,0.097300839544192
2891,20221018_110129.mat,2648491,2.648491,1,160,0.133612725793165
2892,20221018_110129.mat,2674361,2.674361,1,160,0.0650269097966606
2893,20221018_110129.mat,2674560,2.67456,1,160,0.0571902614424023
2894,20221018_110129.mat,2764110,2.76411,1,165,0.0531841621843776
2895,20221018_110129.mat,2764309,2.764309,1,170,0.064044807058453
2896,20221018_110129.mat,2783214,2.783214,1,165,0.0279101248238253
2897,20221018_110129.mat,2832765,2.832765,1,165,0.152795907358986
2898,20221018_110129.mat,2832964,2.832964,1,165,0.0802693663489717
2899,20221018_110129.mat,2849282,2.849282,1,160,0.141203406795945
2900,20221018_110129.mat,2938235,2.938235,1,160,0.0834356907172392
2901,20221018_110129.mat,2999328,2.999328,1,160,1.49353135492954
2902,20221018_110129.mat,2999527,2.999527,1,160,0.159678760863169
2903,20221018_110129.mat,3000920,3.00092,1,215,0.0305399118231622
2904,20221018_110129.mat,3001119,3.001119,1,165,0.32231407330496
2905,20221018_110129.mat,3008681,3.008681,1,160,1.18122371960487
2906,20221018_110129.mat,3008880,3.00888,1,165,0.386824213734043
2907,20221018_110129.mat,3009079,3.009079,1,160,0.124396221774303
2908,20221018_110129.mat,3017636,3.017636,1,165,0.144991064449587
2909,20221018_110129.mat,3017835,3.017835,1,175,0.0384370372812612
2910,20221018_110129.mat,3020621,3.020621,1,165,0.10507069824196
2911,20221018_110129.mat,3020820,3.02082,1,175,0.122316414938035
2912,20221018_110129.mat,3070371,3.070371,1,160,0.069633257409923
2913,20221018_110129.mat,3167483,3.167483,1,170,0.184208434012751
2914,20221018_110129.mat,3167682,3.167682,1,160,0.314248605712655
2915,20221018_110129.mat,3167881,3.167881,1,160,0.114415892020073
2916,20221018_110129.mat,3202706,3.202706,1,160,0.0419712069118593
2917,20221018_110129.mat,3257232,3.257232,1,160,0.269327369551427
2918,20221018_110129.mat,3257431,3.257431,1,165,0.158187897361405
2919,20221018_110129.mat,3287082,3.287082,1,170,0.570568475824759
2920,20221018_110129.mat,3287281,3.287281,1,180,0.180270865088837
2921,20221018_110129.mat,3303997,3.303997,1,165,0.148399257114267
2922,20221018_110129.mat,3304196,3.304196,1,165,0.0889557396031024
2923,20221018_110129.mat,3316534,3.316534,1,170,0.0962452719773897
2924,20221018_110129.mat,3353548,3.353548,1,170,0.087100198444511
2925,20221018_110129.mat,3353747,3.353747,1,160,0.112943978713596
2926,20221018_110129.mat,3404492,3.404492,1,175,0.33734064540325
2927,20221018_110129.mat,3404691,3.404691,1,155,0.0776724814835829
2928,20221018_110129.mat,3460411,3.460411,1,165,0.0487395715205191
2929,20221018_110129.mat,3460610,3.46061,1,175,0.0502450771641166
2930,20221018_110129.mat,3471754,3.471754,1,160,0.0604682004494764
2931,20221018_110129.mat,3471953,3.471953,1,160,0.0926904082875102
2932,20221018_110129.mat,3497027,3.497027,1,165,0.0824146495885948
2933,20221018_110129.mat,3497425,3.497425,1,160,0.768673182769136
2934,20221018_110129.mat,3497624,3.497624,1,165,0.146898891879727
2935,20221018_110129.mat,3497823,3.497823,1,160,0.11746808805362
2936,20221018_110129.mat,3518917,3.518917,1,170,0.0820281576940362
2937,20221018_110129.mat,3533842,3.533842,1,225,0.157777780574091
2938,20221018_110129.mat,3534041,3.534041,1,180,0.0492919631545284
2939,20221018_110129.mat,3587373,3.587373,1,160,0.17832280836583
2940,20221018_110129.mat,3590358,3.590358,1,155,11.8794102736244
2941,20221018_110129.mat,3590557,3.590557,1,160,1.45984011945547
2942,20221018_110129.mat,3590756,3.590756,1,160,0.350177529376293
2943,20221018_110129.mat,3657023,3.657023,1,155,0.28577733757903
2944,20221018_110129.mat,3657222,3.657222,1,185,0.165177707772276
2945,20221018_110129.mat,3678913,3.678913,1,280,0.194171091400439
2946,20221018_110129.mat,3679112,3.679112,1,160,1.30042954140917
2947,20221018_110129.mat,3679311,3.679311,1,160,0.190381031572107
2948,20221018_110129.mat,3688664,3.688664,1,185,0.109019445672855
2949,20221018_110129.mat,3698216,3.698216,1,280,0.043227806685087
2950,20221018_110129.mat,3698415,3.698415,1,160,0.0613130741735691
2951,20221018_110129.mat,3702196,3.702196,1,160,0.0446361159766276
2952,20221018_110129.mat,3740205,3.740205,1,170,0.100496233221403
2953,20221018_110129.mat,3750354,3.750354,1,160,0.0828622123513186
2954,20221018_110129.mat,3768463,3.768463,1,160,0.0662609780974654
2955,20221018_110129.mat,3792144,3.792144,1,185,0.0281059178274333
2956,20221018_110129.mat,3836123,3.836123,1,345,0.0535617199684716
2957,20221018_110129.mat,3836322,3.836322,1,160,0.1495102224511
2958,20221018_110129.mat,3842093,3.842093,1,170,0.0311636547130913
2959,20221018_110129.mat,3852043,3.852043,1,160,0.0554857104319062
2960,20221018_110129.mat,3927265,3.927265,1,165,1.42501555625466
2961,20221018_110129.mat,3927464,3.927464,1,160,0.42120644548325
2962,20221018_110129.mat,3927663,3.927663,1,160,0.13981171940881
2963,20221018_110129.mat,3931842,3.931842,1,165,0.0334334407872367
2964,20221018_110129.mat,3994129,3.994129,1,175,0.0765824954496934
2965,20221018_110129.mat,4016417,4.016417,1,160,0.0406392949104987
2966,20221018_110129.mat,4016616,4.016616,1,170,1.30961444180129
2967,20221018_110129.mat,4016815,4.016815,1,160,0.233410999670722
2968,20221018_110129.mat,4048456,4.048456,1,160,0.327311730477068
2969,20221018_110129.mat,4058804,4.058804,1,175,0.0641882362379371
2970,20221018_110129.mat,4059003,4.059003,1,180,0.0440613894293401
2971,20221018_110129.mat,4094027,4.094027,1,160,0.834858920579238
2972,20221018_110129.mat,4094226,4.094226,1,160,0.157586330610861
2973,20221018_110129.mat,4094425,4.094425,1,160,0.0929425088126782
2974,20221018_110129.mat,4107559,4.107559,1,170,0.103813470999885
2975,20221018_110129.mat,4179796,4.179796,1,170,0.272299691654821
2976,20221018_110129.mat,4179995,4.179995,1,160,0.353697410919509
2977,20221018_110129.mat,4222382,4.222382,1,160,0.187844016385945
2978,20221018_110129.mat,4223377,4.223377,1,165,0.14095777101756
2979,20221018_110129.mat,4223576,4.223576,1,160,0.0823277027342663
2980,20221018_110129.mat,4391333,4.391333,1,185,0.0347407189315646
2981,20221018_110129.mat,4519489,4.519489,1,230,0.550477057914725
2982,20221018_110129.mat,4519688,4.519688,1,165,0.986340332209016
2983,20221018_110129.mat,4519887,4.519887,1,160,0.322781785249062
2984,20221018_110129.mat,4520086,4.520086,1,160,0.0969069320903199
2985,20221018_110129.mat,4521678,4.521678,1,160,0.28243858595163
2986,20221018_110129.mat,4521877,4.521877,1,160,0.106422699747937
2987,20221018_110129.mat,4557697,4.557697,1,165,0.178387127941888
2988,20221018_110129.mat,4557896,4.557896,1,165,0.0964630262772519
2989,20221018_110129.mat,4589736,4.589736,1,165,0.162009438475074
2990,20221018_110129.mat,4589935,4.589935,1,165,0.283297623525109
2991,20221018_110129.mat,4597298,4.597298,1,165,1.40637676054932
2992,20221018_110129.mat,4597497,4.597497,1,155,0.369613995536869
2993,20221018_110129.mat,4597696,4.597696,1,160,0.227075987118035
2994,20221018_110129.mat,4621178,4.621178,1,280,1.42416116814357
2995,20221018_110129.mat,4621377,4.621377,1,165,1.90177097259638
2996,20221018_110129.mat,4621576,4.621576,1,160,0.471630643793574
2997,20221018_110129.mat,4621775,4.621775,1,160,0.175189985430044
2998,20221018_110129.mat,4681077,4.681077,1,190,0.025504219225982
2999,20221018_110129.mat,4726449,4.726449,1,295,0.292614867151931
3000,20221018_110129.mat,4726648,4.726648,1,160,1.47057876491925
3001,20221018_110129.mat,4726847,4.726847,1,160,0.117986671220741
3002,20221018_110129.mat,4729036,4.729036,1,285,0.388708039136165
3003,20221018_110129.mat,4729235,4.729235,1,160,0.609085057228507
3004,20221018_110129.mat,4729434,4.729434,1,160,0.150855254148799
3005,20221018_110129.mat,4815800,4.8158,1,280,0.0610719997929888
3006,20221018_110129.mat,4815999,4.815999,1,160,1.13933228237931
3007,20221018_110129.mat,4816198,4.816198,1,160,0.107621936136773
3008,20221018_110129.mat,4993905,4.993905,1,220,4.43994023794062
3009,20221018_110129.mat,4994104,4.994104,1,175,4.90069521409424
3010,20221018_110129.mat,4994303,4.994303,1,160,0.729668973285277
3011,20221018_110129.mat,4994502,4.994502,1,160,0.154544971188434
3012,20221018_110134.mat,26666,0.026666,1,165,0.104312814579582
3013,20221018_110134.mat,26865,0.026865,1,160,0.140664549834638
3014,20221018_110134.mat,50745,0.050745,1,225,0.305516378169069
3015,20221018_110134.mat,50944,0.050944,1,225,1.42676292181105
3016,20221018_110134.mat,51143,0.051143,1,175,0.302032006501549
3017,20221018_110134.mat,52536,0.052536,1,225,0.0342568675484483
3018,20221018_110134.mat,107261,0.107261,1,160,0.313427553172501
3019,20221018_110134.mat,206363,0.206363,1,160,0.233078769003617
3020,20221018_110134.mat,302082,0.302082,1,160,0.0548035446077724
3021,20221018_110134.mat,343474,0.343474,1,165,0.304285231353853
3022,20221018_110134.mat,343673,0.343673,1,165,1.14126769193208
3023,20221018_110134.mat,343872,0.343872,1,160,0.397239911013486
3024,20221018_110134.mat,344071,0.344071,1,160,0.213203239251606
3025,20221018_110134.mat,373125,0.373125,1,170,0.0425611453888124
3026,20221018_110134.mat,373324,0.373324,1,160,0.072209777880459
3027,20221018_110134.mat,373722,0.373722,1,160,0.115227175080687
3028,20221018_110134.mat,389045,0.389045,1,160,4.0293710011378
3029,20221018_110134.mat,389244,0.389244,1,160,1.20509737430764
3030,20221018_110134.mat,389443,0.389443,1,160,0.155142006646531
3031,20221018_110134.mat,389642,0.389642,1,160,0.161909786930665
3032,20221018_110134.mat,393821,0.393821,1,160,0.079706238145818
3033,20221018_110134.mat,394020,0.39402,1,160,0.452013851905552
3034,20221018_110134.mat,401980,0.40198,1,180,0.0761684194352923
3035,20221018_110134.mat,404766,0.404766,1,170,1.63440889168554
3036,20221018_110134.mat,404965,0.404965,1,160,0.452206894988809
3037,20221018_110134.mat,405164,0.405164,1,160,0.112979260482739
3038,20221018_110134.mat,439989,0.439989,1,170,1.92347681092686
3039,20221018_110134.mat,440188,0.440188,1,160,0.867777700832594
3040,20221018_110134.mat,440387,0.440387,1,160,0.194850671614307
3041,20221018_110134.mat,451531,0.451531,1,160,0.812522845440264
3042,20221018_110134.mat,451730,0.45173,1,160,0.610894126034338
3043,20221018_110134.mat,451929,0.451929,1,160,0.121922662258974
3044,20221018_110134.mat,503868,0.503868,1,165,0.264995151367319
3045,20221018_110134.mat,504067,0.504067,1,165,0.336412307759714
3046,20221018_110134.mat,587448,0.587448,1,170,0.0675162218961482
3047,20221018_110134.mat,630830,0.63083,1,160,0.341542036736445
3048,20221018_110134.mat,631029,0.631029,1,160,0.0975489288590018
3049,20221018_110134.mat,661476,0.661476,1,230,0.0505623682065355
3050,20221018_110134.mat,666252,0.666252,1,170,0.0831617207349232
3051,20221018_110134.mat,729534,0.729534,1,160,0.0832376032248761
3052,20221018_110134.mat,740479,0.740479,1,165,0.283973129432795
3053,20221018_110134.mat,740678,0.740678,1,160,0.211584949065232
3054,20221018_110134.mat,753812,0.753812,1,165,0.0949146867522846
3055,20221018_110134.mat,754011,0.754011,1,165,0.0586658711533185
3056,20221018_110134.mat,789433,0.789433,1,160,3.90917424657433
3057,20221018_110134.mat,789632,0.789632,1,170,0.398344858624425
3058,20221018_110134.mat,789831,0.789831,1,160,0.185520166468795
3059,20221018_110134.mat,795801,0.795801,1,280,0.302664404070247
3060,20221018_110134.mat,796000,0.796,1,160,2.25839519888057
3061,20221018_110134.mat,796199,0.796199,1,160,0.993859909074662
3062,20221018_110134.mat,796398,0.796398,1,160,0.234097424751949
3063,20221018_110134.mat,796597,0.796597,1,340,0.206175250298115
3064,20221018_110134.mat,805552,0.805552,1,165,0.557601797832769
3065,20221018_110134.mat,805751,0.805751,1,160,0.0867884356486654
3066,20221018_110134.mat,807343,0.807343,1,165,1.29320892327533
3067,20221018_110134.mat,807542,0.807542,1,155,0.553444085175313
3068,20221018_110134.mat,807741,0.807741,1,160,0.258398091571253
3069,20221018_110134.mat,812517,0.812517,1,160,0.0514478497109656
3070,20221018_110134.mat,812716,0.812716,1,160,0.163910661676802
3071,20221018_110134.mat,830228,0.830228,1,160,0.0643343795805233
3072,20221018_110134.mat,836596,0.836596,1,170,1.45655288317395
3073,20221018_110134.mat,836795,0.836795,1,160,0.270801672839859
3074,20221018_110134.mat,836994,0.836994,1,160,0.154307506645783
3075,20221018_110134.mat,854307,0.854307,1,165,0.0516569751330044
3076,20221018_110134.mat,872615,0.872615,1,160,0.225639960713941
3077,20221018_110134.mat,872814,0.872814,1,175,0.421968217344273
3078,20221018_110134.mat,873013,0.873013,1,160,0.203005025003606
3079,20221018_110134.mat,887142,0.887142,1,345,0.581938341472246
3080,20221018_110134.mat,887341,0.887341,1,165,0.246679476698558
3081,20221018_110134.mat,895301,0.895301,1,165,0.0546111206487046
3082,20221018_110134.mat,911221,0.911221,1,235,0.053880508979418
3083,20221018_110134.mat,911420,0.91142,1,160,0.141949305241003
3084,20221018_110134.mat,959976,0.959976,1,180,0.0803352746304337
3085,20221018_110134.mat,1006343,1.006343,1,215,0.517060675619311
3086,20221018_110134.mat,1006542,1.006542,1,175,0.631690551215779
3087,20221018_110134.mat,1006741,1.006741,1,160,0.13340447960896
3088,20221018_110134.mat,1011318,1.011318,1,165,0.0345200500616968
3089,20221018_110134.mat,1016890,1.01689,1,165,0.0656355235708758
3090,20221018_110134.mat,1054899,1.054899,1,160,0.0809633412731589
3091,20221018_110134.mat,1084948,1.084948,1,160,1.33717600185166
3092,20221018_110134.mat,1085147,1.085147,1,160,0.145766283801432
3093,20221018_110134.mat,1085346,1.085346,1,160,0.290880547525973
3094,20221018_110134.mat,1085545,1.085545,1,160,0.0696070191089412
3095,20221018_110134.mat,1123355,1.123355,1,160,0.293021230362089
3096,20221018_110134.mat,1123554,1.123554,1,160,0.110526544533364
3097,20221018_110134.mat,1159573,1.159573,1,165,0.0471478344825616
3098,20221018_110134.mat,1159772,1.159772,1,160,0.0746917524770251
3099,20221018_110134.mat,1188229,1.188229,1,165,0.103682695877872
3100,20221018_110134.mat,1188428,1.188428,1,160,0.178104464677819
3101,20221018_110134.mat,1220865,1.220865,1,170,0.0640698979317825
3102,20221018_110134.mat,1221064,1.221064,1,160,0.0918501017387454
3103,20221018_110134.mat,1223054,1.223054,1,165,0.86688776861302
3104,20221018_110134.mat,1223253,1.223253,1,160,0.159771166274494
3105,20221018_110134.mat,1223452,1.223452,1,160,0.0955085602915752
3106,20221018_110134.mat,1234198,1.234198,1,160,2.52528714164606
3107,20221018_110134.mat,1234397,1.234397,1,160,0.478472799393012
3108,20221018_110134.mat,1234596,1.234596,1,160,0.196584366547426
3109,20221018_110134.mat,1409517,1.409517,1,225,0.68547911583695
3110,20221018_110134.mat,1409716,1.409716,1,175,0.87429850263325
3111,20221018_110134.mat,1409915,1.409915,1,175,0.138475801964247
3112,20221018_110134.mat,1417477,1.417477,1,160,0.180712640572166
3113,20221018_110134.mat,1442949,1.442949,1,160,0.46911405702757
3114,20221018_110134.mat,1443148,1.443148,1,160,0.0957850843262091
3115,20221018_110134.mat,1494490,1.49449,1,160,0.0492584140543521
3116,20221018_110134.mat,1613293,1.613293,1,160,0.862862884936998
3117,20221018_110134.mat,1613492,1.613492,1,160,0.805159307971651
3118,20221018_110134.mat,1613691,1.613691,1,160,0.13811238877541
3119,20221018_110134.mat,1615880,1.61588,1,160,1.13148218339109
3120,20221018_110134.mat,1616079,1.616079,1,170,0.153247207135544
3121,20221018_110134.mat,1616278,1.616278,1,160,0.103668549899305
3122,20221018_110134.mat,1674187,1.674187,1,160,1.35475533354839
3123,20221018_110134.mat,1674386,1.674386,1,155,0.308823811325537
3124,20221018_110134.mat,1674585,1.674585,1,160,0.118789328277446
3125,20221018_110134.mat,1716574,1.716574,1,315,0.0508083340439588
3126,20221018_110134.mat,1716773,1.716773,1,160,0.494759592952691
3127,20221018_110134.mat,1731499,1.731499,1,160,0.220990333803314
3128,20221018_110134.mat,1731698,1.731698,1,160,0.0734317239098895
3129,20221018_110134.mat,1769508,1.769508,1,170,0.0768405347855699
3130,20221018_110134.mat,1773289,1.773289,1,160,0.506917880304471
3131,20221018_110134.mat,1773488,1.773488,1,160,0.283282578315618
3132,20221018_110134.mat,1795577,1.795577,1,160,0.130313041449421
3133,20221018_110134.mat,1831397,1.831397,1,160,3.0336718704007
3134,20221018_110134.mat,1831596,1.831596,1,160,0.908992993670442
3135,20221018_110134.mat,1831795,1.831795,1,160,0.317464717406592
3136,20221018_110134.mat,1840352,1.840352,1,275,0.0297049574908708
3137,20221018_110134.mat,1870799,1.870799,1,160,0.0700790896470716
3138,20221018_110134.mat,1896072,1.896072,1,165,0.0465986978133265
3139,20221018_110134.mat,1896271,1.896271,1,165,0.0739941133614397
3140,20221018_110134.mat,1910201,1.910201,1,160,0.0668398743878066
3141,20221018_110134.mat,1910400,1.9104,1,175,0.0551538947735127
3142,20221018_110134.mat,1924927,1.924927,1,180,0.188282976811062
3143,20221018_110134.mat,1974876,1.974876,1,170,0.0649619733359923
3144,20221018_110134.mat,1981244,1.981244,1,165,0.119546164902955
3145,20221018_110134.mat,2003532,2.003532,1,165,0.0722553490508394
3146,20221018_110134.mat,2139847,2.139847,1,290,0.171489587088362
3147,20221018_110134.mat,2140046,2.140046,1,160,0.227444733613396
3148,20221018_110134.mat,2151588,2.151588,1,280,0.0895812206192153
3149,20221018_110134.mat,2248899,2.248899,1,160,0.121962063027786
3150,20221018_110134.mat,2270988,2.270988,1,445,0.282368490647503
3151,20221018_110134.mat,2271187,2.271187,1,160,3.49456466105715
3152,20221018_110134.mat,2271386,2.271386,1,175,0.324818216737629
3153,20221018_110134.mat,2271585,2.271585,1,160,0.137485581586148
3154,20221018_110134.mat,2301833,2.301833,1,160,0.288935926509302
3155,20221018_110134.mat,2386806,2.386806,1,160,0.0497684953230201
3156,20221018_110134.mat,2426805,2.426805,1,345,0.14355050544689
3157,20221018_110134.mat,2427004,2.427004,1,185,0.0466704114322018
3158,20221018_110134.mat,2445312,2.445312,1,155,0.604838341793013
3159,20221018_110134.mat,2445511,2.445511,1,160,0.420100471798545
3160,20221018_110134.mat,2445710,2.44571,1,160,0.114620410158127
3161,20221018_110134.mat,2515360,2.51536,1,230,0.439146145472036
3162,20221018_110134.mat,2515559,2.515559,1,175,0.154043792853574
3163,20221018_110134.mat,2517350,2.51735,1,200,0.408659891128108
3164,20221018_110134.mat,2517549,2.517549,1,160,1.10218446870855
3165,20221018_110134.mat,2517748,2.517748,1,155,0.109438281156253
3166,20221018_110134.mat,2517947,2.517947,1,160,0.0904172182431091
3167,20221018_110134.mat,2536255,2.536255,1,170,0.820970334222267
3168,20221018_110134.mat,2536454,2.536454,1,175,0.253713817874625
3169,20221018_110134.mat,2536653,2.536653,1,160,0.0936910782769833
3170,20221018_110134.mat,2577846,2.577846,1,160,0.985590945415401
3171,20221018_110134.mat,2578045,2.578045,1,160,2.14314633177926
3172,20221018_110134.mat,2578244,2.578244,1,160,0.55027987003702
3173,20221018_110134.mat,2578443,2.578443,1,160,0.183441062245949
3174,20221018_110134.mat,2581030,2.58103,1,155,0.0927608230909595
3175,20221018_110134.mat,2619835,2.619835,1,160,0.161103283181564
3176,20221018_110134.mat,2625009,2.625009,1,170,0.592399513126022
3177,20221018_110134.mat,2625208,2.625208,1,170,2.21726206266294
3178,20221018_110134.mat,2625407,2.625407,1,160,0.536782572556586
3179,20221018_110134.mat,2625606,2.625606,1,160,0.123371502664826
3180,20221018_110134.mat,2640332,2.640332,1,165,6.47294471503303
3181,20221018_110134.mat,2640531,2.640531,1,165,7.50468144792808
3182,20221018_110134.mat,2640730,2.64073,1,160,2.28102403022398
3183,20221018_110134.mat,2640929,2.640929,1,160,0.349079728225901
3184,20221018_110134.mat,2641128,2.641128,1,155,0.310998294369612
3185,20221018_110134.mat,2641327,2.641327,1,160,1.72053018112291
3186,20221018_110134.mat,2641526,2.641526,1,160,0.541301395196518
3187,20221018_110134.mat,2641725,2.641725,1,160,0.209919447666605
3188,20221018_110134.mat,2644511,2.644511,1,165,0.154675618212249
3189,20221018_110134.mat,2644710,2.64471,1,170,0.338280306751995
3190,20221018_110134.mat,2644909,2.644909,1,160,0.104433077762987
3191,20221018_110134.mat,2651078,2.651078,1,160,0.203285990256473
3192,20221018_110134.mat,2651277,2.651277,1,160,0.230472025189453
3193,20221018_110134.mat,2661824,2.661824,1,160,0.85085046326681
3194,20221018_110134.mat,2662023,2.662023,1,160,0.210988743206928
3195,20221018_110134.mat,2662222,2.662222,1,160,0.11273390813233
3196,20221018_110134.mat,2694858,2.694858,1,170,2.33517914217118
3197,20221018_110134.mat,2695057,2.695057,1,160,0.813913491135768
3198,20221018_110134.mat,2695256,2.695256,1,160,0.244063929416634
3199,20221018_110134.mat,2699236,2.699236,1,180,0.0312058192955137
3200,20221018_110134.mat,2706599,2.706599,1,155,1.00750617590136
3201,20221018_110134.mat,2706798,2.706798,1,160,4.19032643957175
3202,20221018_110134.mat,2706997,2.706997,1,155,0.313554465692511
3203,20221018_110134.mat,2707196,2.707196,1,160,0.248708819224314
3204,20221018_110134.mat,2707793,2.707793,1,160,0.965605658360079
3205,20221018_110134.mat,2707992,2.707992,1,160,2.16419661071656
3206,20221018_110134.mat,2708191,2.708191,1,160,0.538957860005909
3207,20221018_110134.mat,2708390,2.70839,1,160,0.209498076166084
3208,20221018_110134.mat,2717942,2.717942,1,160,0.102565007703493
3209,20221018_110134.mat,2725305,2.725305,1,170,0.0923148866669011
3210,20221018_110134.mat,2725504,2.725504,1,160,0.0894150414709844
3211,20221018_110134.mat,2765105,2.765105,1,170,0.0497084159718255
3212,20221018_110134.mat,2765304,2.765304,1,165,0.128765178792517
3213,20221018_110134.mat,2766100,2.7661,1,165,0.104497123513012
3214,20221018_110134.mat,2771871,2.771871,1,165,0.0869099468380718
3215,20221018_110134.mat,2772070,2.77207,1,160,0.590049984509741
3216,20221018_110134.mat,2773264,2.773264,1,160,0.116856712925537
3217,20221018_110134.mat,2774657,2.774657,1,160,0.218686778951157
3218,20221018_110134.mat,2774856,2.774856,1,160,0.186155391814068
3219,20221018_110134.mat,2775851,2.775851,1,220,0.0920320568567341
3220,20221018_110134.mat,2776050,2.77605,1,175,0.156292615773058
3221,20221018_110134.mat,2776647,2.776647,1,160,0.12055246235759
3222,20221018_110134.mat,2778239,2.778239,1,175,1.97439177121758
3223,20221018_110134.mat,2778438,2.778438,1,175,0.881771000084096
3224,20221018_110134.mat,2778637,2.778637,1,160,0.310213560804314
3225,20221018_110134.mat,2778836,2.778836,1,155,0.0958885433372267
3226,20221018_110134.mat,2779433,2.779433,1,160,0.167522481584389
3227,20221018_110134.mat,2779632,2.779632,1,160,0.185896130985378
3228,20221018_110134.mat,2783015,2.783015,1,160,0.0802313763623654
3229,20221018_110134.mat,2784209,2.784209,1,165,0.647492760340816
3230,20221018_110134.mat,2784408,2.784408,1,160,0.345583421207698
3231,20221018_110134.mat,2784607,2.784607,1,160,0.0971973664579412
3232,20221018_110134.mat,2789184,2.789184,1,165,0.0582809469048323
3233,20221018_110134.mat,2789383,2.789383,1,160,0.118985524579236
3234,20221018_110134.mat,2791174,2.791174,1,165,0.115872543657041
3235,20221018_110134.mat,2791373,2.791373,1,160,0.103547976941479
3236,20221018_110134.mat,2792169,2.792169,1,160,0.19225237058334
3237,20221018_110134.mat,2794159,2.794159,1,160,0.0628862376585284
3238,20221018_110134.mat,2799930,2.79993,1,170,0.0495060198163914
3239,20221018_110134.mat,2800129,2.800129,1,160,0.099641147042556
3240,20221018_110134.mat,2823014,2.823014,1,165,0.0529494166588877
3241,20221018_110134.mat,2829183,2.829183,1,155,1.53645631621106
3242,20221018_110134.mat,2829382,2.829382,1,160,2.37688765309843
3243,20221018_110134.mat,2829581,2.829581,1,135,0.115457026039444
3244,20221018_110134.mat,2829780,2.82978,1,155,0.276393480722663
3245,20221018_110134.mat,2829979,2.829979,1,160,0.843886985852065
3246,20221018_110134.mat,2830178,2.830178,1,165,0.0393303842049771
3247,20221018_110134.mat,2865401,2.865401,1,180,1.70670101791506
3248,20221018_110134.mat,2865600,2.8656,1,160,0.105693845778241
3249,20221018_110134.mat,2865799,2.865799,1,160,0.112861854657472
3250,20221018_110134.mat,2869182,2.869182,1,180,0.0303228022213912
3251,20221018_110134.mat,2875948,2.875948,1,160,0.0928430629034713
3252,20221018_110134.mat,2876744,2.876744,1,160,0.496122568310664
3253,20221018_110134.mat,2876943,2.876943,1,160,0.331349269713558
3254,20221018_110134.mat,2936842,2.936842,1,160,0.590155705114238
3255,20221018_110134.mat,2937041,2.937041,1,160,0.627999834944573
3256,20221018_110134.mat,2940026,2.940026,1,170,0.0653630307018312
3257,20221018_110134.mat,2973060,2.97306,1,230,0.635086114048755
3258,20221018_110134.mat,2973259,2.973259,1,175,0.345130761276649
3259,20221018_110134.mat,2973458,2.973458,1,160,0.0849640061211299
3260,20221018_110134.mat,3009079,3.009079,1,175,0.108049715126979
3261,20221018_110134.mat,3009278,3.009278,1,160,0.832355813812386
3262,20221018_110134.mat,3009477,3.009477,1,140,0.11246224827504
3263,20221018_110134.mat,3009676,3.009676,1,135,0.0761675508269327
3264,20221018_110134.mat,3042113,3.042113,1,165,2.40472869376303
3265,20221018_110134.mat,3042312,3.042312,1,160,0.495133628289423
3266,20221018_110134.mat,3042511,3.042511,1,160,0.421583116872442
3267,20221018_110134.mat,3042710,3.04271,1,160,0.082671413867753
3268,20221018_110134.mat,3052262,3.052262,1,170,0.0991474881652183
3269,20221018_110134.mat,3114549,3.114549,1,175,0.462054991920754
3270,20221018_110134.mat,3114748,3.114748,1,175,0.111325958105646
3271,20221018_110134.mat,3128877,3.128877,1,170,0.0285748946444703
3272,20221018_110134.mat,3192955,3.192955,1,225,1.35029764270348
3273,20221018_110134.mat,3193154,3.193154,1,225,0.340312877571008
3274,20221018_110134.mat,3206487,3.206487,1,190,0.0569127255617795
3275,20221018_110134.mat,3206686,3.206686,1,170,0.0634330749598249
3276,20221018_110134.mat,3223004,3.223004,1,165,0.809629809694588
3277,20221018_110134.mat,3223203,3.223203,1,160,0.543400048567018
3278,20221018_110134.mat,3223402,3.223402,1,160,0.119261285576085
3279,20221018_110134.mat,3230765,3.230765,1,160,2.31824951171067
3280,20221018_110134.mat,3230964,3.230964,1,175,0.453422915964097
3281,20221018_110134.mat,3231163,3.231163,1,160,0.104061884914328
3282,20221018_110134.mat,3252456,3.252456,1,160,1.0426734892056
3283,20221018_110134.mat,3252655,3.252655,1,160,0.233804847044002
3284,20221018_110134.mat,3252854,3.252854,1,160,0.122405192112651
3285,20221018_110134.mat,3326882,3.326882,1,165,2.09783356190323
3286,20221018_110134.mat,3327081,3.327081,1,170,0.493582432715481
3287,20221018_110134.mat,3327280,3.32728,1,160,0.575690556185302
3288,20221018_110134.mat,3327479,3.327479,1,160,0.169933462806269
3289,20221018_110134.mat,3345389,3.345389,1,160,0.275079429030483
3290,20221018_110134.mat,3354742,3.354742,1,160,0.211441732908126
3291,20221018_110134.mat,3354941,3.354941,1,165,0.0809430341686814
3292,20221018_110134.mat,3355737,3.355737,1,165,0.0821751128247556
3293,20221018_110134.mat,3365488,3.365488,1,160,1.13786192081398
3294,20221018_110134.mat,3365687,3.365687,1,160,0.275890092978993
3295,20221018_110134.mat,3365886,3.365886,1,160,0.0923156576609439
3296,20221018_110134.mat,3368473,3.368473,1,160,0.0324439756802509
3297,20221018_110134.mat,3420810,3.42081,1,160,0.588882740305153
3298,20221018_110134.mat,3421009,3.421009,1,175,0.0970401069618348
3299,20221018_110134.mat,3430760,3.43076,1,160,0.0665647268945546
3300,20221018_110134.mat,3436133,3.436133,1,160,0.0988720872057123
3301,20221018_110134.mat,3459416,3.459416,1,170,0.0918132454458273
3302,20221018_110134.mat,3502400,3.5024,1,160,0.115372597537514
3303,20221018_110134.mat,3502599,3.502599,1,160,1.04104680518261
3304,20221018_110134.mat,3502798,3.502798,1,160,0.0967599896482908
3305,20221018_110134.mat,3521305,3.521305,1,225,0.131866539939549
3306,20221018_110134.mat,3524887,3.524887,1,155,0.067788588553874
3307,20221018_110134.mat,3551951,3.551951,1,165,0.065170805626876
3308,20221018_110134.mat,3552150,3.55215,1,160,0.101550297969385
3309,20221018_110134.mat,3585184,3.585184,1,155,0.320338281358328
3310,20221018_110134.mat,3585383,3.585383,1,160,0.154159799603942
3311,20221018_110134.mat,3608268,3.608268,1,165,0.0378151331446514
3312,20221018_110134.mat,3612845,3.612845,1,180,0.356116025691275
3313,20221018_110134.mat,3613044,3.613044,1,180,4.80585729014992
3314,20221018_110134.mat,3613243,3.613243,1,160,1.46868676856283
3315,20221018_110134.mat,3613442,3.613442,1,160,0.427646618551624
3316,20221018_110134.mat,3613641,3.613641,1,160,0.101732050686337
3317,20221018_110134.mat,3740802,3.740802,1,165,0.247744074261132
3318,20221018_110134.mat,3741001,3.741001,1,160,0.251209157683037
3319,20221018_110134.mat,3755528,3.755528,1,160,0.114681636584196
3320,20221018_110134.mat,3803686,3.803686,1,210,0.120116765301204
3321,20221018_110134.mat,3803885,3.803885,1,160,0.9801182221801
3322,20221018_110134.mat,3804084,3.804084,1,165,0.0829563760307176
3323,20221018_110134.mat,3808263,3.808263,1,165,0.100480800794833
3324,20221018_110134.mat,3808462,3.808462,1,155,0.260489555635087
3325,20221018_110134.mat,3811447,3.811447,1,160,0.0971827475654526
3326,20221018_110134.mat,3811646,3.811646,1,160,0.0686578510534347
3327,20221018_110134.mat,3812243,3.812243,1,165,0.367622354539192
3328,20221018_110134.mat,3812442,3.812442,1,160,0.698768407530904
3329,20221018_110134.mat,3812641,3.812641,1,145,0.0917026864327009
3330,20221018_110134.mat,3835128,3.835128,1,280,0.0946942285208202
3331,20221018_110134.mat,3835327,3.835327,1,160,0.1593824317262
3332,20221018_110134.mat,3840103,3.840103,1,165,0.101361305912386
3333,20221018_110134.mat,3840302,3.840302,1,155,0.153294911752383
3334,20221018_110134.mat,3857814,3.857814,1,160,0.0608920914588377
3335,20221018_110134.mat,3859207,3.859207,1,170,0.0573892363656208
3336,20221018_110134.mat,3860003,3.860003,1,170,0.38711854832731
3337,20221018_110134.mat,3860202,3.860202,1,175,0.214445070217176
3338,20221018_110134.mat,3865177,3.865177,1,170,0.663712967897003
3339,20221018_110134.mat,3865376,3.865376,1,160,0.248826954238936
3340,20221018_110134.mat,3868560,3.86856,1,160,0.417684072761332
3341,20221018_110134.mat,3868759,3.868759,1,160,0.0686562634937998
3342,20221018_110134.mat,3872938,3.872938,1,160,0.0879884531812591
3343,20221018_110134.mat,3873734,3.873734,1,170,0.324455801302937
3344,20221018_110134.mat,3873933,3.873933,1,170,0.0709499588450943
3345,20221018_110134.mat,3891047,3.891047,1,170,0.209299962468741
3346,20221018_110134.mat,3891246,3.891246,1,160,0.0663046889617347
3347,20221018_110134.mat,3900400,3.9004,1,170,0.192861096745667
3348,20221018_110134.mat,3900599,3.900599,1,165,0.109109469618611
3349,20221018_110134.mat,3904579,3.904579,1,170,0.0863992383054335
3350,20221018_110134.mat,3909156,3.909156,1,170,0.201621307379276
3351,20221018_110134.mat,3909355,3.909355,1,160,0.276000682598019
3352,20221018_110134.mat,3909554,3.909554,1,160,0.0841460431572984
3353,20221018_110134.mat,3910549,3.910549,1,165,0.0831341568820774
3354,20221018_110134.mat,3910748,3.910748,1,165,0.0966391133571164
3355,20221018_110134.mat,3912738,3.912738,1,160,0.0686993837282616
3356,20221018_110134.mat,3913932,3.913932,1,170,0.112521944857398
3357,20221018_110134.mat,3914330,3.91433,1,160,0.0744026886157257
3358,20221018_110134.mat,3917912,3.917912,1,170,0.0542415185592977
3359,20221018_110134.mat,3944976,3.944976,1,170,0.0585288231013447
3360,20221018_110134.mat,3945175,3.945175,1,170,0.0839814836485786
3361,20221018_110134.mat,3945573,3.945573,1,170,0.0774293923355013
3362,20221018_110134.mat,3947762,3.947762,1,190,0.0283747292072083
3363,20221018_110134.mat,3947961,3.947961,1,160,0.0823121148083967
3364,20221018_110134.mat,3958110,3.95811,1,170,0.0704407952065313
3365,20221018_110134.mat,3998706,3.998706,1,160,0.105441334723753
3366,20221018_110134.mat,4002686,4.002686,1,160,5.33604126669881
3367,20221018_110134.mat,4002885,4.002885,1,160,0.360468405158623
3368,20221018_110134.mat,4003084,4.003084,1,160,0.143545250644266
3369,20221018_110134.mat,4023780,4.02378,1,170,0.084441067572674
3370,20221018_110134.mat,4038705,4.038705,1,160,0.511087300914914
3371,20221018_110134.mat,4038904,4.038904,1,155,0.064707993149455
3372,20221018_110134.mat,4059600,4.0596,1,160,0.183010942328596
3373,20221018_110134.mat,4061988,4.061988,1,160,0.208886571807753
3374,20221018_110134.mat,4062784,4.062784,1,165,0.0709249107056933
3375,20221018_110134.mat,4062983,4.062983,1,170,0.26300738347334
3376,20221018_110134.mat,4070346,4.070346,1,170,0.242333725915469
3377,20221018_110134.mat,4070545,4.070545,1,160,0.100120449239848
3378,20221018_110134.mat,4073132,4.073132,1,170,0.156895292522079
3379,20221018_110134.mat,4075520,4.07552,1,160,0.045840488642612
3380,20221018_110134.mat,4075719,4.075719,1,160,0.104289150393143
3381,20221018_110134.mat,4086067,4.086067,1,170,0.089136904469601
3382,20221018_110134.mat,4105171,4.105171,1,160,0.0501417142494624
3383,20221018_110134.mat,4107758,4.107758,1,155,0.353868892984379
3384,20221018_110134.mat,4107957,4.107957,1,160,0.541157208488773
3385,20221018_110134.mat,4108156,4.108156,1,135,0.0866071905580241
3386,20221018_110134.mat,4113330,4.11333,1,160,0.182025816772233
3387,20221018_110134.mat,4113529,4.113529,1,160,0.413707830682327
3388,20221018_110134.mat,4121091,4.121091,1,160,0.0934039895751554
3389,20221018_110134.mat,4155518,4.155518,1,165,0.0831707564632578
3390,20221018_110134.mat,4155717,4.155717,1,160,0.0755674273836695
3391,20221018_110134.mat,4184572,4.184572,1,155,0.339904076393704
3392,20221018_110134.mat,4184771,4.184771,1,160,0.200973261064976
3393,20221018_110134.mat,4187557,4.187557,1,170,0.0585458285730274
3394,20221018_110134.mat,4208253,4.208253,1,170,0.168788839214802
3395,20221018_110134.mat,4220392,4.220392,1,160,0.0672324844154856
3396,20221018_110134.mat,4221984,4.221984,1,160,0.0809820066997777
3397,20221018_110134.mat,4228153,4.228153,1,155,0.0497469931890321
3398,20221018_110134.mat,4228352,4.228352,1,175,0.332882110599094
3399,20221018_110134.mat,4234123,4.234123,1,165,0.0917580633920898
3400,20221018_110134.mat,4234322,4.234322,1,160,0.0994759281513067
3401,20221018_110134.mat,4237506,4.237506,1,170,0.10388597216658
3402,20221018_110134.mat,4237705,4.237705,1,160,0.568294910125194
3403,20221018_110134.mat,4277505,4.277505,1,170,0.0523328217721104
3404,20221018_110134.mat,4280092,4.280092,1,185,0.136920876019467
3405,20221018_110134.mat,4280291,4.280291,1,160,0.905613239379383
3406,20221018_110134.mat,4280490,4.28049,1,140,0.101396806915504
3407,20221018_110134.mat,4280689,4.280689,1,160,0.0670143459273588
3408,20221018_110134.mat,4284470,4.28447,1,175,0.0788735362626142
3409,20221018_110134.mat,4284669,4.284669,1,160,0.0585847356764616
3410,20221018_110134.mat,4289246,4.289246,1,160,0.0419778295774433
3411,20221018_110134.mat,4289445,4.289445,1,160,0.563806971661074
3412,20221018_110134.mat,4289644,4.289644,1,160,0.167448946072359
3413,20221018_110134.mat,4296012,4.296012,1,175,0.0859696922526259
3414,20221018_110134.mat,4310539,4.310539,1,170,0.150867301991335
3415,20221018_110134.mat,4367453,4.367453,1,130,0.0370713114076074
3416,20221018_110134.mat,4399293,4.399293,1,225,1.90580969832125
3417,20221018_110134.mat,4399492,4.399492,1,165,2.3713378881532
3418,20221018_110134.mat,4399691,4.399691,1,160,0.932297388490711
3419,20221018_110134.mat,4399890,4.39989,1,160,0.339340097324266
3420,20221018_110134.mat,4407253,4.407253,1,170,0.118927276702144
3421,20221018_110134.mat,4407452,4.407452,1,160,0.0670362936330996
3422,20221018_110134.mat,4458197,4.458197,1,160,0.0851771155214848
3423,20221018_110134.mat,4463371,4.463371,1,160,0.725266935062024
3424,20221018_110134.mat,4463570,4.46357,1,160,0.574114917555655
3425,20221018_110134.mat,4517101,4.517101,1,275,0.0325729091319837
3426,20221018_110134.mat,4537399,4.537399,1,220,0.170011374143277
3427,20221018_110134.mat,4537598,4.537598,1,160,0.403464591086458
3428,20221018_110134.mat,4537797,4.537797,1,175,0.0685930877905536
3429,20221018_110134.mat,4553717,4.553717,1,160,0.970732123748386
3430,20221018_110134.mat,4553916,4.553916,1,165,0.277605804644739
3431,20221018_110134.mat,4554115,4.554115,1,160,0.104769763619734
3432,20221018_110134.mat,4584164,4.584164,1,160,0.0351956743014613
3433,20221018_110134.mat,4609039,4.609039,1,155,0.301603742904784
3434,20221018_110134.mat,4680480,4.68048,1,165,0.728855142661344
3435,20221018_110134.mat,4680679,4.680679,1,170,0.121298519424896
3436,20221018_110134.mat,4680878,4.680878,1,160,0.103471801659767
3437,20221018_110134.mat,4702768,4.702768,1,155,0.937467287006024
3438,20221018_110134.mat,4702967,4.702967,1,160,0.340780564899904
3439,20221018_110134.mat,4703166,4.703166,1,160,0.186865496191009
3440,20221018_110134.mat,4745951,4.745951,1,160,0.148074319191771
3441,20221018_110134.mat,4773811,4.773811,1,160,0.189780366621313
3442,20221018_110134.mat,4791721,4.791721,1,165,0.121836114918998
3443,20221018_110134.mat,4791920,4.79192,1,170,0.0686097397078141
3444,20221018_110134.mat,4792517,4.792517,1,170,0.272125065520221
3445,20221018_110134.mat,4792716,4.792716,1,165,0.161619172939395
3446,20221018_110134.mat,4799681,4.799681,1,165,1.11054841866489
3447,20221018_110134.mat,4799880,4.79988,1,160,0.194910718199
3448,20221018_110134.mat,4800079,4.800079,1,160,0.105135513927412
3449,20221018_110134.mat,4804059,4.804059,1,220,0.382896787218901
3450,20221018_110134.mat,4804258,4.804258,1,160,1.13839392392086
3451,20221018_110134.mat,4804457,4.804457,1,160,0.157300521534516
3452,20221018_110134.mat,4804656,4.804656,1,160,0.0914857530871119
3453,20221018_110134.mat,4819581,4.819581,1,160,0.0870013309644371
3454,20221018_110134.mat,4862764,4.862764,1,160,0.326621050855613
3455,20221018_110134.mat,4862963,4.862963,1,165,0.069475286371688
3456,20221018_110134.mat,4881868,4.881868,1,175,0.106563865025184
3457,20221018_110134.mat,4882067,4.882067,1,165,0.0757483673124349
3458,20221018_110134.mat,4925250,4.92525,1,160,0.139512152199595
3459,20221018_110134.mat,4928235,4.928235,1,220,0.128429719013347
3460,20221018_110134.mat,4928434,4.928434,1,165,0.0908105468327234
3461,20221018_110134.mat,4990323,4.990323,1,160,0.0828683750973084
3462,20221018_110139.mat,24477,0.024477,1,170,0.0433455911070842
3463,20221018_110139.mat,24676,0.024676,1,160,0.107631705754601
3464,20221018_110139.mat,58904,0.058904,1,175,0.0439074378661312
3465,20221018_110139.mat,59103,0.059103,1,160,1.16865611817943
3466,20221018_110139.mat,59302,0.059302,1,160,0.107367729815981
3467,20221018_110139.mat,78605,0.078605,1,160,1.20829312858928
3468,20221018_110139.mat,78804,0.078804,1,160,0.6351392465307
3469,20221018_110139.mat,79003,0.079003,1,160,0.183810760467714
3470,20221018_110139.mat,213527,0.213527,1,160,0.104018175347733
3471,20221018_110139.mat,218701,0.218701,1,160,0.7714674258502
3472,20221018_110139.mat,218900,0.2189,1,160,0.362520564294314
3473,20221018_110139.mat,220691,0.220691,1,160,3.16275500920406
3474,20221018_110139.mat,220890,0.22089,1,160,0.254332337476424
3475,20221018_110139.mat,221089,0.221089,1,160,0.212955938453132
3476,20221018_110139.mat,248750,0.24875,1,160,0.789220037074784
3477,20221018_110139.mat,248949,0.248949,1,160,0.372994385108028
3478,20221018_110139.mat,249148,0.249148,1,160,0.105398136929632
3479,20221018_110139.mat,334519,0.334519,1,160,0.0709290804260525
3480,20221018_110139.mat,343275,0.343275,1,170,0.183940775747266
3481,20221018_110139.mat,345066,0.345066,1,165,0.118602487945395
3482,20221018_110139.mat,345265,0.345265,1,170,0.722709466067341
3483,20221018_110139.mat,345464,0.345464,1,175,0.0931862929974683
3484,20221018_110139.mat,354220,0.35422,1,160,0.331314210108079
3485,20221018_110139.mat,354419,0.354419,1,165,2.74004599077665
3486,20221018_110139.mat,354618,0.354618,1,160,52.4719473313779
3487,20221018_110139.mat,354817,0.354817,1,160,27.7642768317411
3488,20221018_110139.mat,355016,0.355016,1,165,3.65735917358903
3489,20221018_110139.mat,355215,0.355215,1,135,1.22747878014148
3490,20221018_110139.mat,355414,0.355414,1,160,0.359811495894433
3491,20221018_110139.mat,355613,0.355613,1,160,1.22186650734125
3492,20221018_110139.mat,355812,0.355812,1,160,0.104648668954588
3493,20221018_110139.mat,356807,0.356807,1,165,0.0578446549664026
3494,20221018_110139.mat,357802,0.357802,1,155,0.120087955726718
3495,20221018_110139.mat,358001,0.358001,1,155,0.0953420938556949
3496,20221018_110139.mat,359991,0.359991,1,160,0.0776693076320628
3497,20221018_110139.mat,380090,0.38009,1,170,0.373128606220877
3498,20221018_110139.mat,380289,0.380289,1,160,0.208464687621857
3499,20221018_110139.mat,385861,0.385861,1,160,1.05916935548724
3500,20221018_110139.mat,386060,0.38606,1,175,0.151185433682771
3501,20221018_110139.mat,412527,0.412527,1,170,0.0746330844358837
3502,20221018_110139.mat,413920,0.41392,1,160,1.84684824933405
3503,20221018_110139.mat,414119,0.414119,1,160,1.1008553741933
3504,20221018_110139.mat,414318,0.414318,1,160,0.0873680813782962
3505,20221018_110139.mat,414517,0.414517,1,160,0.109839871454116
3506,20221018_110139.mat,424666,0.424666,1,230,0.143976529271674
3507,20221018_110139.mat,425860,0.42586,1,165,0.0786194988514746
3508,20221018_110139.mat,426059,0.426059,1,160,0.178752386227129
3509,20221018_110139.mat,458098,0.458098,1,160,0.442710037561131
3510,20221018_110139.mat,458297,0.458297,1,160,0.687317814781486
3511,20221018_110139.mat,458496,0.458496,1,160,0.115982144246177
3512,20221018_110139.mat,458695,0.458695,1,170,0.0989526153261282
3513,20221018_110139.mat,469640,0.46964,1,160,0.163708048133323
3514,20221018_110139.mat,473421,0.473421,1,160,0.695436880093491
3515,20221018_110139.mat,473620,0.47362,1,160,1.35159467258272
3516,20221018_110139.mat,473819,0.473819,1,160,0.259117652607605
3517,20221018_110139.mat,511430,0.51143,1,170,0.0713374654308444
3518,20221018_110139.mat,514813,0.514813,1,160,1.27656469554339
3519,20221018_110139.mat,515012,0.515012,1,170,0.320015532099886
3520,20221018_110139.mat,525360,0.52536,1,160,0.0971302109689542
3521,20221018_110139.mat,525559,0.525559,1,160,0.140982358908526
3522,20221018_110139.mat,527947,0.527947,1,160,0.0765690070683976
3523,20221018_110139.mat,528146,0.528146,1,160,0.0594888181951801
3524,20221018_110139.mat,557399,0.557399,1,160,0.117518190354788
3525,20221018_110139.mat,608542,0.608542,1,150,0.0550814670785729
3526,20221018_110139.mat,608741,0.608741,1,160,0.0622342489059086
3527,20221018_110139.mat,610532,0.610532,1,160,2.46120324059744
3528,20221018_110139.mat,610731,0.610731,1,160,0.968144885745273
3529,20221018_110139.mat,610930,0.61093,1,160,0.537503143304216
3530,20221018_110139.mat,611129,0.611129,1,160,0.136409312064421
3531,20221018_110139.mat,612522,0.612522,1,165,0.850201830782291
3532,20221018_110139.mat,612721,0.612721,1,175,0.112072030786278
3533,20221018_110139.mat,616502,0.616502,1,185,0.118369019811998
3534,20221018_110139.mat,616701,0.616701,1,165,2.04137772808023
3535,20221018_110139.mat,616900,0.6169,1,175,0.21395350318497
3536,20221018_110139.mat,617099,0.617099,1,160,0.141040114099239
3537,20221018_110139.mat,621477,0.621477,1,165,0.190709877902193
3538,20221018_110139.mat,621676,0.621676,1,160,0.165019637840268
3539,20221018_110139.mat,628442,0.628442,1,165,0.0382056296971315
3540,20221018_110139.mat,638193,0.638193,1,160,0.19481910030639
3541,20221018_110139.mat,638392,0.638392,1,175,0.0732391651614568
3542,20221018_110139.mat,657894,0.657894,1,165,0.742987849796211
3543,20221018_110139.mat,658093,0.658093,1,160,0.881325207628349
3544,20221018_110139.mat,658292,0.658292,1,160,0.153157733215646
3545,20221018_110139.mat,670232,0.670232,1,280,0.186738053628604
3546,20221018_110139.mat,670431,0.670431,1,160,1.35551072081405
3547,20221018_110139.mat,670630,0.67063,1,160,0.178532107046667
3548,20221018_110139.mat,692321,0.692321,1,165,0.0684227361660308
3549,20221018_110139.mat,703863,0.703863,1,185,0.0615081259386489
3550,20221018_110139.mat,704062,0.704062,1,160,1.97857725491127
3551,20221018_110139.mat,704261,0.704261,1,155,0.162109081538042
3552,20221018_110139.mat,704460,0.70446,1,160,0.146136530476942
3553,20221018_110139.mat,718390,0.71839,1,160,0.0345909522811968
3554,20221018_110139.mat,815502,0.815502,1,160,0.205621327580673
3555,20221018_110139.mat,833810,0.83381,1,160,1.2459506182143
3556,20221018_110139.mat,834009,0.834009,1,140,0.176577825671548
3557,20221018_110139.mat,853909,0.853909,1,160,0.742565140410278
3558,20221018_110139.mat,854108,0.854108,1,175,0.0864240939783624
3559,20221018_110139.mat,896694,0.896694,1,355,0.643999237183362
3560,20221018_110139.mat,896893,0.896893,1,160,6.3235688600528
3561,20221018_110139.mat,897092,0.897092,1,175,0.31327796888813
3562,20221018_110139.mat,897291,0.897291,1,160,0.121430915696244
3563,20221018_110139.mat,919579,0.919579,1,155,0.209361733990863
3564,20221018_110139.mat,919778,0.919778,1,160,0.297504198179779
3565,20221018_110139.mat,935897,0.935897,1,165,0.0595774008371924
3566,20221018_110139.mat,951220,0.95122,1,160,1.06101674342038
3567,20221018_110139.mat,951419,0.951419,1,170,0.138901031535406
3568,20221018_110139.mat,954603,0.954603,1,175,0.430939778692942
3569,20221018_110139.mat,954802,0.954802,1,160,0.944325507248499
3570,20221018_110139.mat,955001,0.955001,1,160,0.155822855850375
3571,20221018_110139.mat,981070,0.98107,1,160,0.354742285364905
3572,20221018_110139.mat,981269,0.981269,1,160,0.842519292096388
3573,20221018_110139.mat,981468,0.981468,1,175,0.1039095994516
3574,20221018_110139.mat,1017686,1.017686,1,170,0.876315100581073
3575,20221018_110139.mat,1017885,1.017885,1,160,0.211876560346554
3576,20221018_110139.mat,1088729,1.088729,1,165,1.86571265428417
3577,20221018_110139.mat,1088928,1.088928,1,175,0.364106710324849
3578,20221018_110139.mat,1089127,1.089127,1,160,0.0802474511302003
3579,20221018_110139.mat,1140469,1.140469,1,280,0.0555320415962137
3580,20221018_110139.mat,1140668,1.140668,1,230,0.0529965291987574
3581,20221018_110139.mat,1141464,1.141464,1,280,0.109940969736539
3582,20221018_110139.mat,1157981,1.157981,1,160,0.0768658426104929
3583,20221018_110139.mat,1170518,1.170518,1,160,0.255807530059511
3584,20221018_110139.mat,1240168,1.240168,1,160,4.08586201295597
3585,20221018_110139.mat,1240367,1.240367,1,160,0.546154160109318
3586,20221018_110139.mat,1240566,1.240566,1,160,0.467730206307418
3587,20221018_110139.mat,1240765,1.240765,1,160,0.092646282252076
3588,20221018_110139.mat,1249123,1.249123,1,160,21.0055699232766
3589,20221018_110139.mat,1249322,1.249322,1,160,40.6420094227253
3590,20221018_110139.mat,1249521,1.249521,1,155,3.21277507970778
3591,20221018_110139.mat,1249720,1.24972,1,160,2.41462530237515
3592,20221018_110139.mat,1249919,1.249919,1,160,0.609549957062204
3593,20221018_110139.mat,1250118,1.250118,1,160,0.0830009089159515
3594,20221018_110139.mat,1258277,1.258277,1,160,0.224175280258766
3595,20221018_110139.mat,1258476,1.258476,1,160,0.113981244140771
3596,20221018_110139.mat,1261660,1.26166,1,160,0.369982148644707
3597,20221018_110139.mat,1261859,1.261859,1,160,0.0857554194887956
3598,20221018_110139.mat,1306634,1.306634,1,170,0.0890649084239833
3599,20221018_110139.mat,1374692,1.374692,1,160,0.0691408964481608
3600,20221018_110139.mat,1404343,1.404343,1,160,0.212086260940734
3601,20221018_110139.mat,1404542,1.404542,1,160,0.164510274123044
3602,20221018_110139.mat,1428024,1.428024,1,160,4.65600486798045
3603,20221018_110139.mat,1428223,1.428223,1,160,2.80532998704116
3604,20221018_110139.mat,1428422,1.428422,1,160,1.13718463796558
3605,20221018_110139.mat,1428621,1.428621,1,160,0.393172880845797
3606,20221018_110139.mat,1430611,1.430611,1,160,0.176795629495495
3607,20221018_110139.mat,1430810,1.43081,1,160,0.0636004478145147
3608,20221018_110139.mat,1502649,1.502649,1,170,0.0913104245408862
3609,20221018_110139.mat,1502848,1.502848,1,160,0.832277106541169
3610,20221018_110139.mat,1503047,1.503047,1,160,0.0994127233602571
3611,20221018_110139.mat,1519365,1.519365,1,160,1.63078336855276
3612,20221018_110139.mat,1519564,1.519564,1,160,0.513929388131997
3613,20221018_110139.mat,1519763,1.519763,1,160,0.169169892215572
3614,20221018_110139.mat,1583045,1.583045,1,160,5.15224402627664
3615,20221018_110139.mat,1583244,1.583244,1,160,2.41909853788664
3616,20221018_110139.mat,1583443,1.583443,1,160,1.19062824029395
3617,20221018_110139.mat,1583642,1.583642,1,160,0.363417385258588
3618,20221018_110139.mat,1588418,1.588418,1,170,0.0419644612658442
3619,20221018_110139.mat,1588617,1.588617,1,170,0.0600690364368694
3620,20221018_110139.mat,1591005,1.591005,1,160,0.0752601158270221
3621,20221018_110139.mat,1596577,1.596577,1,155,0.375215645624217
3622,20221018_110139.mat,1596776,1.596776,1,165,0.110575461171388
3623,20221018_110139.mat,1596975,1.596975,1,165,0.0697587385528206
3624,20221018_110139.mat,1597174,1.597174,1,160,0.0550674101585135
3625,20221018_110139.mat,1630009,1.630009,1,160,0.0718784415353922
3626,20221018_110139.mat,1642745,1.642745,1,230,0.0653447644288895
3627,20221018_110139.mat,1657869,1.657869,1,160,7.68831525995
3628,20221018_110139.mat,1658068,1.658068,1,160,3.90625062853865
3629,20221018_110139.mat,1658267,1.658267,1,160,1.67072360631994
3630,20221018_110139.mat,1658466,1.658466,1,160,0.575885556252996
3631,20221018_110139.mat,1658665,1.658665,1,160,0.0812455339339491
3632,20221018_110139.mat,1696077,1.696077,1,160,0.0851844184899056
3633,20221018_110139.mat,1712992,1.712992,1,230,0.0807546768756734
3634,20221018_110139.mat,1713191,1.713191,1,160,0.0769509302249073
3635,20221018_110139.mat,1729708,1.729708,1,160,0.0737247267136284
3636,20221018_110139.mat,1750006,1.750006,1,160,6.30779639128071
3637,20221018_110139.mat,1750205,1.750205,1,160,1.07333935854799
3638,20221018_110139.mat,1750404,1.750404,1,160,0.943794117525231
3639,20221018_110139.mat,1750603,1.750603,1,160,0.144719886218058
3640,20221018_110139.mat,1758165,1.758165,1,160,0.0979830779362668
3641,20221018_110139.mat,1760354,1.760354,1,165,7.80699231490343
3642,20221018_110139.mat,1760553,1.760553,1,160,5.64910913319662
3643,20221018_110139.mat,1760752,1.760752,1,160,1.94003081966725
3644,20221018_110139.mat,1760951,1.760951,1,160,0.802018091702071
3645,20221018_110139.mat,1761150,1.76115,1,160,0.0595271713131404
3646,20221018_110139.mat,1795179,1.795179,1,170,0.054913247091066
3647,20221018_110139.mat,1823437,1.823437,1,165,0.558096117615728
3648,20221018_110139.mat,1823636,1.823636,1,160,0.10498163652801
3649,20221018_110139.mat,1962737,1.962737,1,165,0.0379723104075941
3650,20221018_110139.mat,1962936,1.962936,1,160,0.156114613097921
3651,20221018_110139.mat,2057063,2.057063,1,160,0.0609282234413085
3652,20221018_110139.mat,2082933,2.082933,1,230,0.0713472009854433
3653,20221018_110139.mat,2116962,2.116962,1,160,0.264543024234136
3654,20221018_110139.mat,2117161,2.117161,1,175,0.0637356792766082
3655,20221018_110139.mat,2144822,2.144822,1,170,0.0704872306973946
3656,20221018_110139.mat,2204920,2.20492,1,160,0.562957105600455
3657,20221018_110139.mat,2205119,2.205119,1,160,0.140723943818599
3658,20221018_110139.mat,2217656,2.217656,1,165,0.190729122734404
3659,20221018_110139.mat,2217855,2.217855,1,170,0.621307082164354
3660,20221018_110139.mat,2218054,2.218054,1,160,0.186622349560198
3661,20221018_110139.mat,2273973,2.273973,1,160,0.0487016016974906
3662,20221018_110139.mat,2274172,2.274172,1,160,0.11030178287287
3663,20221018_110139.mat,2318350,2.31835,1,280,0.0635972337002274
3664,20221018_110139.mat,2318549,2.318549,1,155,0.373360220302115
3665,20221018_110139.mat,2318748,2.318748,1,160,0.0739285952350796
3666,20221018_110139.mat,2335265,2.335265,1,230,0.0593585984890442
3667,20221018_110139.mat,2337852,2.337852,1,175,0.37145188441423
3668,20221018_110139.mat,2338051,2.338051,1,175,0.392236702720713
3669,20221018_110139.mat,2344817,2.344817,1,225,4.09825416514579
3670,20221018_110139.mat,2345016,2.345016,1,175,1.14065949498495
3671,20221018_110139.mat,2345215,2.345215,1,175,0.112050508306472
3672,20221018_110139.mat,2358349,2.358349,1,160,0.0734093669028775
3673,20221018_110139.mat,2358548,2.358548,1,160,0.0880767802180945
3674,20221018_110139.mat,2376458,2.376458,1,225,0.0317722165608089
3675,20221018_110139.mat,2424616,2.424616,1,160,0.448414447186657
3676,20221018_110139.mat,2508594,2.508594,1,180,0.210141106362848
3677,20221018_110139.mat,2508793,2.508793,1,160,1.19537723620864
3678,20221018_110139.mat,2508992,2.508992,1,175,0.0820246663850257
3679,20221018_110139.mat,2510186,2.510186,1,160,0.108489452839583
3680,20221018_110139.mat,2526305,2.526305,1,180,0.0462981378938058
3681,20221018_110139.mat,2553369,2.553369,1,160,0.804042652539076
3682,20221018_110139.mat,2553568,2.553568,1,170,0.252641907303113
3683,20221018_110139.mat,2596154,2.596154,1,165,0.0404294700285143
3684,20221018_110139.mat,2597945,2.597945,1,165,0.315025245298051
3685,20221018_110139.mat,2598144,2.598144,1,175,0.253929727477198
3686,20221018_110139.mat,2598343,2.598343,1,160,0.120305131827358
3687,20221018_110139.mat,2620034,2.620034,1,160,0.0863759832475759
3688,20221018_110139.mat,2639934,2.639934,1,215,0.299201668051269
3689,20221018_110139.mat,2640133,2.640133,1,185,0.402198756888238
3690,20221018_110139.mat,2640332,2.640332,1,160,0.0573338234735495
3691,20221018_110139.mat,2676152,2.676152,1,160,0.659511137651828
3692,20221018_110139.mat,2676351,2.676351,1,160,0.149361289150227
3693,20221018_110139.mat,2715753,2.715753,1,165,0.0746380760735366
3694,20221018_110139.mat,2787592,2.787592,1,155,0.104817555630669
3695,20221018_110139.mat,2787791,2.787791,1,160,0.0996683051702681
3696,20221018_110139.mat,2793761,2.793761,1,165,0.114042943391254
3697,20221018_110139.mat,2793960,2.79396,1,160,0.16942949155707
3698,20221018_110139.mat,2833561,2.833561,1,170,0.261051285999216
3699,20221018_110139.mat,2833760,2.83376,1,160,0.0737672724723606
3700,20221018_110139.mat,2934653,2.934653,1,235,0.0724039239397785
3701,20221018_110139.mat,2934852,2.934852,1,165,0.117247391856954
3702,20221018_110139.mat,2936444,2.936444,1,160,1.72815361574792
3703,20221018_110139.mat,2936643,2.936643,1,160,0.217002908695444
3704,20221018_110139.mat,2977438,2.977438,1,160,1.37064014449424
3705,20221018_110139.mat,2977637,2.977637,1,165,0.799929901499758
3706,20221018_110139.mat,2977836,2.977836,1,175,0.100977805141699
3707,20221018_110139.mat,3036740,3.03674,1,160,0.093508416239609
3708,20221018_110139.mat,3036939,3.036939,1,160,0.212328344742143
3709,20221018_110139.mat,3058829,3.058829,1,160,0.531790015021632
3710,20221018_110139.mat,3059028,3.059028,1,160,0.0837541835600229
3711,20221018_110139.mat,3066590,3.06659,1,160,0.186333189493778
3712,20221018_110139.mat,3066789,3.066789,1,160,0.0660846137842283
3713,20221018_110139.mat,3068580,3.06858,1,165,0.221930872763119
3714,20221018_110139.mat,3068779,3.068779,1,160,0.207072973298553
3715,20221018_110139.mat,3076938,3.076938,1,230,0.594414159364042
3716,20221018_110139.mat,3077137,3.077137,1,180,0.182044474710784
3717,20221018_110139.mat,3077336,3.077336,1,160,0.119738205687781
3718,20221018_110139.mat,3179622,3.179622,1,170,0.107699138970171
3719,20221018_110139.mat,3179821,3.179821,1,160,0.201603566358359
3720,20221018_110139.mat,3261610,3.26161,1,160,0.114759989160845
3721,20221018_110139.mat,3295241,3.295241,1,185,0.0335890338551238
3722,20221018_110139.mat,3305191,3.305191,1,185,0.034744203745741
3723,20221018_110139.mat,3337628,3.337628,1,165,0.0543590663267497
3724,20221018_110139.mat,3365289,3.365289,1,175,0.0436680958525785
3725,20221018_110139.mat,3374841,3.374841,1,155,0.683918787165236
3726,20221018_110139.mat,3375040,3.37504,1,160,1.31390470090688
3727,20221018_110139.mat,3375239,3.375239,1,160,0.291578125163146
3728,20221018_110139.mat,3376433,3.376433,1,175,0.235996921182214
3729,20221018_110139.mat,3376632,3.376632,1,175,0.157176126801596
3730,20221018_110139.mat,3417626,3.417626,1,180,0.0558167763121936
3731,20221018_110139.mat,3418621,3.418621,1,170,0.336301505059389
3732,20221018_110139.mat,3418820,3.41882,1,165,0.130970242894599
3733,20221018_110139.mat,3423994,3.423994,1,165,0.0542704450763979
3734,20221018_110139.mat,3474739,3.474739,1,160,0.18682330607899
3735,20221018_110139.mat,3485087,3.485087,1,225,0.0303381721677658
3736,20221018_110139.mat,3494241,3.494241,1,200,0.434892427833317
3737,20221018_110139.mat,3494440,3.49444,1,160,4.17226984419028
3738,20221018_110139.mat,3494639,3.494639,1,175,0.220274815975021
3739,20221018_110139.mat,3494838,3.494838,1,160,0.0779438877145469
3740,20221018_110139.mat,3511355,3.511355,1,160,0.366682983099427
3741,20221018_110139.mat,3522101,3.522101,1,160,0.0559320251121783
3742,20221018_110139.mat,3542001,3.542001,1,285,0.322179971099323
3743,20221018_110139.mat,3542200,3.5422,1,160,4.38396326800549
3744,20221018_110139.mat,3542399,3.542399,1,175,0.523188260754225
3745,20221018_110139.mat,3542598,3.542598,1,160,0.155213019384555
3746,20221018_110139.mat,3560707,3.560707,1,160,0.110112394021614
3747,20221018_110139.mat,3577622,3.577622,1,160,0.256450874763649
3748,20221018_110139.mat,3577821,3.577821,1,165,0.158044180897959
3749,20221018_110139.mat,3627770,3.62777,1,160,0.281871686843727
3750,20221018_110139.mat,3627969,3.627969,1,175,0.985937636304235
3751,20221018_110139.mat,3628168,3.628168,1,160,0.354450864291246
3752,20221018_110139.mat,3628367,3.628367,1,160,0.0939426403724334
3753,20221018_110139.mat,3671550,3.67155,1,160,0.257248445238288
3754,20221018_110139.mat,3671749,3.671749,1,160,0.175899418959599
3755,20221018_110139.mat,3676724,3.676724,1,215,0.127300448003727
3756,20221018_110139.mat,3676923,3.676923,1,160,0.703462671252674
3757,20221018_110139.mat,3677122,3.677122,1,160,0.162842882667246
3758,20221018_110139.mat,3734633,3.734633,1,160,0.0317031565071797
3759,20221018_110139.mat,3804482,3.804482,1,160,4.85753822279567
3760,20221018_110139.mat,3804681,3.804681,1,160,0.328224750979762
3761,20221018_110139.mat,3804880,3.80488,1,175,0.0651063456269051
3762,20221018_110139.mat,3813835,3.813835,1,170,0.0470819499909308
3763,20221018_110139.mat,3824979,3.824979,1,160,0.309063896323356
3764,20221018_110139.mat,3865376,3.865376,1,160,0.0947650474914074
3765,20221018_110139.mat,3873137,3.873137,1,280,0.0734191682362424
3766,20221018_110139.mat,3873336,3.873336,1,165,0.0589060993095685
3767,20221018_110139.mat,3874928,3.874928,1,225,0.0793017105570855
3768,20221018_110139.mat,3890649,3.890649,1,175,0.0819504983828662
3769,20221018_110139.mat,3944777,3.944777,1,225,0.0670064635309193
3770,20221018_110139.mat,3944976,3.944976,1,180,1.99842395783229
3771,20221018_110139.mat,3945175,3.945175,1,160,0.405385465809465
3772,20221018_110139.mat,3945374,3.945374,1,160,0.0577076730274296
3773,20221018_110139.mat,3956319,3.956319,1,160,0.840326709764461
3774,20221018_110139.mat,3956518,3.956518,1,160,0.183656878495103
3775,20221018_110139.mat,4001492,4.001492,1,160,0.333674623176145
3776,20221018_110139.mat,4001691,4.001691,1,160,0.277159092210984
3777,20221018_110139.mat,4053829,4.053829,1,160,1.52065920632033
3778,20221018_110139.mat,4054028,4.054028,1,160,0.155381748046233
3779,20221018_110139.mat,4054227,4.054227,1,160,0.0934837933057353
3780,20221018_110139.mat,4096216,4.096216,1,160,0.131496955754358
3781,20221018_110139.mat,4112335,4.112335,1,160,0.0514931379823997
3782,20221018_110139.mat,4112534,4.112534,1,170,0.159495748407158
3783,20221018_110139.mat,4148155,4.148155,1,160,0.250405955659023
3784,20221018_110139.mat,4328847,4.328847,1,160,0.110539696406376
3785,20221018_110139.mat,4329046,4.329046,1,160,0.138529314941101
3786,20221018_110139.mat,4340588,4.340588,1,225,0.139379720019025
3787,20221018_110139.mat,4375811,4.375811,1,160,0.908204384066465
3788,20221018_110139.mat,4376010,4.37601,1,160,0.203220889846509
3789,20221018_110139.mat,4392527,4.392527,1,170,0.160608697683559
3790,20221018_110139.mat,4448446,4.448446,1,160,0.85489383441282
3791,20221018_110139.mat,4448645,4.448645,1,160,0.239033608548253
3792,20221018_110139.mat,4455212,4.455212,1,165,0.102206040376358
3793,20221018_110139.mat,4456804,4.456804,1,160,0.611252396918699
3794,20221018_110139.mat,4457003,4.457003,1,170,0.0932376053470023
3795,20221018_110139.mat,4459391,4.459391,1,225,0.215124546043259
3796,20221018_110139.mat,4459590,4.45959,1,160,0.421604699201169
3797,20221018_110139.mat,4484266,4.484266,1,160,0.130786291702574
3798,20221018_110139.mat,4513718,4.513718,1,180,0.0305544240625899
3799,20221018_110139.mat,4536006,4.536006,1,170,0.0817302908433014
3800,20221018_110139.mat,4536205,4.536205,1,160,0.0778662566521538
3801,20221018_110139.mat,4563468,4.563468,1,160,2.66280480314718
3802,20221018_110139.mat,4563667,4.563667,1,165,0.128061064286988
3803,20221018_110139.mat,4636103,4.636103,1,160,0.0639216676848667
3804,20221018_110139.mat,4636302,4.636302,1,160,0.151696785288976
3805,20221018_110139.mat,4769831,4.769831,1,170,0.0659600560338105
3806,20221018_110139.mat,4770030,4.77003,1,165,0.0738352583496209
3807,20221018_110139.mat,4807044,4.807044,1,230,0.0516564072962982
3808,20221018_110139.mat,4865948,4.865948,1,160,1.30208404028152
3809,20221018_110139.mat,4866147,4.866147,1,155,0.230947210240946
3810,20221018_110139.mat,4866346,4.866346,1,160,0.0968102338612112
3811,20221018_110139.mat,4880077,4.880077,1,160,0.0605360516041164
3812,20221018_110139.mat,4914902,4.914902,1,165,0.441859567230094
3813,20221018_110139.mat,4915101,4.915101,1,175,0.157387275476146
3814,20221018_110139.mat,4928235,4.928235,1,170,0.342904512120139
3815,20221018_110139.mat,4928434,4.928434,1,160,1.00645528300373
3816,20221018_110139.mat,4928633,4.928633,1,160,0.0687315991086578
3817,20221018_110139.mat,4973607,4.973607,1,160,0.0735489424591331
3818,20221018_110139.mat,4976393,4.976393,1,160,0.457644594923794
3819,20221018_110139.mat,4993109,4.993109,1,230,0.0350606728844187
3820,20221018_110144.mat,18706,0.018706,1,160,0.483300176050135
3821,20221018_110144.mat,18905,0.018905,1,160,0.498399670031409
3822,20221018_110144.mat,43382,0.043382,1,160,0.317856734195222
3823,20221018_110144.mat,43581,0.043581,1,160,0.451689214957547
3824,20221018_110144.mat,44775,0.044775,1,170,0.172381501696757
3825,20221018_110144.mat,44974,0.044974,1,160,0.274128473055778
3826,20221018_110144.mat,66267,0.066267,1,165,0.0983662282562724
3827,20221018_110144.mat,66466,0.066466,1,160,0.0724540452430781
3828,20221018_110144.mat,104674,0.104674,1,160,0.0500902122578939
3829,20221018_110144.mat,136514,0.136514,1,175,0.302772915313612
3830,20221018_110144.mat,136713,0.136713,1,165,0.0801228064098284
3831,20221018_110144.mat,167558,0.167558,1,165,0.0721323471216207
3832,20221018_110144.mat,167757,0.167757,1,160,14.0305561638269
3833,20221018_110144.mat,167956,0.167956,1,180,2.3260566206594
3834,20221018_110144.mat,168155,0.168155,1,160,0.544241854851681
3835,20221018_110144.mat,168354,0.168354,1,160,0.287383137963912
3836,20221018_110144.mat,171339,0.171339,1,160,0.917137099795887
3837,20221018_110144.mat,171538,0.171538,1,160,0.638764407492586
3838,20221018_110144.mat,171737,0.171737,1,160,0.0875454912985621
3839,20221018_110144.mat,173727,0.173727,1,175,0.0394376162910466
3840,20221018_110144.mat,199995,0.199995,1,160,0.770542163055509
3841,20221018_110144.mat,200194,0.200194,1,160,0.264510204967819
3842,20221018_110144.mat,200393,0.200393,1,160,0.158404833023721
3843,20221018_110144.mat,224273,0.224273,1,160,0.133465060092222
3844,20221018_110144.mat,243775,0.243775,1,175,0.0667617704410339
3845,20221018_110144.mat,247556,0.247556,1,160,0.0580527466598417
3846,20221018_110144.mat,260292,0.260292,1,155,0.578888586143159
3847,20221018_110144.mat,260491,0.260491,1,160,0.416655285718041
3848,20221018_110144.mat,263675,0.263675,1,170,0.0372123128633088
3849,20221018_110144.mat,268650,0.26865,1,160,0.0742192771367388
3850,20221018_110144.mat,268849,0.268849,1,160,0.0772208827469338
3851,20221018_110144.mat,274620,0.27462,1,160,0.0801371884529344
3852,20221018_110144.mat,338101,0.338101,1,160,0.345518904050283
3853,20221018_110144.mat,338300,0.3383,1,175,0.0964633384607061
3854,20221018_110144.mat,338897,0.338897,1,230,0.0564529483469336
3855,20221018_110144.mat,376110,0.37611,1,165,1.43798783927389
3856,20221018_110144.mat,376309,0.376309,1,160,0.350862756666323
3857,20221018_110144.mat,376508,0.376508,1,160,0.12537548116162
3858,20221018_110144.mat,380090,0.38009,1,155,0.0595046844412829
3859,20221018_110144.mat,387254,0.387254,1,165,0.917610086296849
3860,20221018_110144.mat,387453,0.387453,1,170,0.185535058921554
3861,20221018_110144.mat,387652,0.387652,1,160,0.127777324651847
3862,20221018_110144.mat,393622,0.393622,1,205,0.0272101081219355
3863,20221018_110144.mat,417303,0.417303,1,230,0.0482253318350474
3864,20221018_110144.mat,466655,0.466655,1,170,0.86113240927716
3865,20221018_110144.mat,466854,0.466854,1,165,0.251322902041462
3866,20221018_110144.mat,467053,0.467053,1,160,0.0783100894836557
3867,20221018_110144.mat,481182,0.481182,1,170,0.0875032588997541
3868,20221018_110144.mat,481381,0.481381,1,165,0.129206033806646
3869,20221018_110144.mat,486754,0.486754,1,290,0.148903288836138
3870,20221018_110144.mat,486953,0.486953,1,160,0.258498813803092
3871,20221018_110144.mat,520783,0.520783,1,160,0.283629366997268
3872,20221018_110144.mat,520982,0.520982,1,160,0.289733465356075
3873,20221018_110144.mat,522773,0.522773,1,285,0.0676767667230888
3874,20221018_110144.mat,522972,0.522972,1,160,0.969109327730864
3875,20221018_110144.mat,523171,0.523171,1,180,0.17311657668323
3876,20221018_110144.mat,523370,0.52337,1,160,0.12732695252372
3877,20221018_110144.mat,562971,0.562971,1,160,0.415679069454834
3878,20221018_110144.mat,563170,0.56317,1,175,0.110262107138257
3879,20221018_110144.mat,563369,0.563369,1,160,0.0797174708746064
3880,20221018_110144.mat,573916,0.573916,1,165,0.153344339476376
3881,20221018_110144.mat,574115,0.574115,1,160,0.121788711069866
3882,20221018_110144.mat,595209,0.595209,1,160,0.219747808305194
3883,20221018_110144.mat,595408,0.595408,1,230,0.143740932501759
3884,20221018_110144.mat,613517,0.613517,1,325,0.0372003213437459
3885,20221018_110144.mat,613716,0.613716,1,160,2.6282803232885
3886,20221018_110144.mat,613915,0.613915,1,160,0.544357650073255
3887,20221018_110144.mat,614114,0.614114,1,160,0.198268071452314
3888,20221018_110144.mat,633616,0.633616,1,165,0.62904703659684
3889,20221018_110144.mat,633815,0.633815,1,175,0.0885455333850616
3890,20221018_110144.mat,656899,0.656899,1,160,0.0785695746283065
3891,20221018_110144.mat,672819,0.672819,1,165,0.0604719406806711
3892,20221018_110144.mat,673018,0.673018,1,160,0.196147544847799
3893,20221018_110144.mat,683963,0.683963,1,160,0.579702371378349
3894,20221018_110144.mat,684162,0.684162,1,175,0.0703870346419578
3895,20221018_110144.mat,688938,0.688938,1,170,0.139929746188422
3896,20221018_110144.mat,722370,0.72237,1,165,3.0073429511341
3897,20221018_110144.mat,722569,0.722569,1,160,0.912897223036187
3898,20221018_110144.mat,722768,0.722768,1,160,0.467443478670109
3899,20221018_110144.mat,722967,0.722967,1,160,0.105656376805291
3900,20221018_110144.mat,791821,0.791821,1,165,0.119170050775003
3901,20221018_110144.mat,792020,0.79202,1,165,0.0754964846542706
3902,20221018_110144.mat,851322,0.851322,1,155,0.0468063502367701
3903,20221018_110144.mat,851521,0.851521,1,165,0.0730520913798513
3904,20221018_110144.mat,890724,0.890724,1,165,0.0863804620655183
3905,20221018_110144.mat,934504,0.934504,1,160,0.0726434700323032
3906,20221018_110144.mat,935300,0.9353,1,155,0.283863875617016
3907,20221018_110144.mat,935499,0.935499,1,160,0.052698741318123
3908,20221018_110144.mat,939877,0.939877,1,155,0.382844994746537
3909,20221018_110144.mat,940076,0.940076,1,160,0.0813656276850739
3910,20221018_110144.mat,955200,0.9552,1,155,0.0504266136684579
3911,20221018_110144.mat,959180,0.95918,1,150,0.125756772752325
3912,20221018_110144.mat,959379,0.959379,1,160,0.299432843620615
3913,20221018_110144.mat,965548,0.965548,1,155,0.438898882810129
3914,20221018_110144.mat,965747,0.965747,1,160,0.0863714187715928
3915,20221018_110144.mat,970324,0.970324,1,170,0.12651839857775
3916,20221018_110144.mat,970523,0.970523,1,170,0.418712345570122
3917,20221018_110144.mat,975498,0.975498,1,230,0.0993368763564107
3918,20221018_110144.mat,1027238,1.027238,1,165,0.0757666275334621
3919,20221018_110144.mat,1078381,1.078381,1,160,3.40830027486208
3920,20221018_110144.mat,1078580,1.07858,1,160,2.05570025815932
3921,20221018_110144.mat,1078779,1.078779,1,165,0.108430208684837
3922,20221018_110144.mat,1078978,1.078978,1,160,0.115645679703105
3923,20221018_110144.mat,1086341,1.086341,1,180,0.0580261479707414
3924,20221018_110144.mat,1086938,1.086938,1,170,0.124519800559927
3925,20221018_110144.mat,1142459,1.142459,1,185,0.0415631315528215
3926,20221018_110144.mat,1142658,1.142658,1,165,0.0502068681921538
3927,20221018_110144.mat,1183851,1.183851,1,160,16.4942185223137
3928,20221018_110144.mat,1184050,1.18405,1,175,4.0202810766255
3929,20221018_110144.mat,1184249,1.184249,1,160,0.513090214459141
3930,20221018_110144.mat,1184448,1.184448,1,160,0.234879035927651
3931,20221018_110144.mat,1184647,1.184647,1,160,0.299880728103933
3932,20221018_110144.mat,1202557,1.202557,1,170,0.0609313234427784
3933,20221018_110144.mat,1202756,1.202756,1,180,0.0414873541061087
3934,20221018_110144.mat,1218477,1.218477,1,160,0.314508952210949
3935,20221018_110144.mat,1244745,1.244745,1,170,1.40272195002764
3936,20221018_110144.mat,1244944,1.244944,1,155,2.58333545476805
3937,20221018_110144.mat,1245143,1.245143,1,175,0.269076081936217
3938,20221018_110144.mat,1245342,1.245342,1,155,0.188463063908926
3939,20221018_110144.mat,1245740,1.24574,1,160,0.0699164752960613
3940,20221018_110144.mat,1245939,1.245939,1,155,0.0863052468118734
3941,20221018_110144.mat,1255093,1.255093,1,160,0.0587450385897643
3942,20221018_110144.mat,1291709,1.291709,1,340,0.720121562736843
3943,20221018_110144.mat,1291908,1.291908,1,180,1.94486962545522
3944,20221018_110144.mat,1292107,1.292107,1,160,0.516851152508217
3945,20221018_110144.mat,1292306,1.292306,1,160,0.14120317464737
3946,20221018_110144.mat,1332504,1.332504,1,160,0.0540218121707311
3947,20221018_110144.mat,1366135,1.366135,1,175,0.0562527521140524
3948,20221018_110144.mat,1374095,1.374095,1,170,0.123369711914705
3949,20221018_110144.mat,1374294,1.374294,1,155,0.0431009802688183
3950,20221018_110144.mat,1412502,1.412502,1,225,0.0294329743179154
3951,20221018_110144.mat,1415089,1.415089,1,170,1.90474080459015
3952,20221018_110144.mat,1415288,1.415288,1,155,0.536863624393621
3953,20221018_110144.mat,1415487,1.415487,1,160,0.0963964848271977
3954,20221018_110144.mat,1415686,1.415686,1,160,0.0912569219026178
3955,20221018_110144.mat,1467824,1.467824,1,170,0.0631272933395708
3956,20221018_110144.mat,1472401,1.472401,1,160,0.0508569306142102
3957,20221018_110144.mat,1512599,1.512599,1,160,0.0739973163965482
3958,20221018_110144.mat,1519564,1.519564,1,170,0.0473382534729089
3959,20221018_110144.mat,1535683,1.535683,1,225,3.40295796842573
3960,20221018_110144.mat,1535882,1.535882,1,160,0.266106901318464
3961,20221018_110144.mat,1536081,1.536081,1,160,0.170586147249337
3962,20221018_110144.mat,1562548,1.562548,1,170,1.42793705515601
3963,20221018_110144.mat,1562747,1.562747,1,160,0.50847824204005
3964,20221018_110144.mat,1562946,1.562946,1,160,0.0980033046517592
3965,20221018_110144.mat,1567523,1.567523,1,225,0.0552908574942232
3966,20221018_110144.mat,1567722,1.567722,1,160,0.154744763989852
3967,20221018_110144.mat,1577473,1.577473,1,165,0.0641542265990213
3968,20221018_110144.mat,1591602,1.591602,1,165,0.170038266122228
3969,20221018_110144.mat,1591801,1.591801,1,160,0.471273642078592
3970,20221018_110144.mat,1602348,1.602348,1,165,2.06899630471676
3971,20221018_110144.mat,1602547,1.602547,1,160,0.202609061696503
3972,20221018_110144.mat,1602746,1.602746,1,160,0.146423886649551
3973,20221018_110144.mat,1728713,1.728713,1,160,0.468651788724498
3974,20221018_110144.mat,1728912,1.728912,1,185,0.127459780165366
3975,20221018_110144.mat,1750802,1.750802,1,225,0.0443799709641361
3976,20221018_110144.mat,1753190,1.75319,1,160,0.969240005794535
3977,20221018_110144.mat,1753389,1.753389,1,175,0.0785634892934463
3978,20221018_110144.mat,1775279,1.775279,1,165,0.103417703600598
3979,20221018_110144.mat,1775478,1.775478,1,160,0.219353226958245
3980,20221018_110144.mat,1792990,1.79299,1,160,5.2091536861227
3981,20221018_110144.mat,1793189,1.793189,1,175,0.62971249956164
3982,20221018_110144.mat,1793388,1.793388,1,160,0.340313716439773
3983,20221018_110144.mat,1856471,1.856471,1,160,2.07951045507916
3984,20221018_110144.mat,1856670,1.85667,1,185,0.409248199684753
3985,20221018_110144.mat,1856869,1.856869,1,160,0.132864884242154
3986,20221018_110144.mat,1870998,1.870998,1,160,5.61023519866421
3987,20221018_110144.mat,1871197,1.871197,1,165,0.838321788142439
3988,20221018_110144.mat,1871396,1.871396,1,160,0.351566258050184
3989,20221018_110144.mat,1871595,1.871595,1,160,0.110514026016235
3990,20221018_110144.mat,1895077,1.895077,1,175,0.0667159830494741
3991,20221018_110144.mat,1903435,1.903435,1,170,0.0416367612037864
3992,20221018_110144.mat,1954777,1.954777,1,160,0.234943328588551
3993,20221018_110144.mat,1976070,1.97607,1,160,0.145769260587703
3994,20221018_110144.mat,1976269,1.976269,1,160,0.173902704341387
3995,20221018_110144.mat,1982239,1.982239,1,165,0.0766555552779517
3996,20221018_110144.mat,1999751,1.999751,1,175,0.186034363583938
3997,20221018_110144.mat,1999950,1.99995,1,165,0.403739290680233
3998,20221018_110144.mat,2018258,2.018258,1,160,0.854610475720917
3999,20221018_110144.mat,2018457,2.018457,1,160,0.297522540075812
4000,20221018_110144.mat,2061839,2.061839,1,160,0.0637041524071269
4001,20221018_110144.mat,2075371,2.075371,1,160,0.414015890231595
4002,20221018_110144.mat,2075570,2.07557,1,160,0.0678501722028896
4003,20221018_110144.mat,2091291,2.091291,1,165,0.0491473253779059
4004,20221018_110144.mat,2124723,2.124723,1,225,0.526218233279798
4005,20221018_110144.mat,2124922,2.124922,1,180,0.124120413926243
4006,20221018_110144.mat,2183627,2.183627,1,160,0.0967333879960109
4007,20221018_110144.mat,2268202,2.268202,1,160,0.137350366795178
4008,20221018_110144.mat,2312977,2.312977,1,180,0.0701332713217171
4009,20221018_110144.mat,2313176,2.313176,1,160,0.735466222734386
4010,20221018_110144.mat,2313375,2.313375,1,145,0.0734634635424497
4011,20221018_110144.mat,2321136,2.321136,1,160,0.042156310115382
4012,20221018_110144.mat,2348001,2.348001,1,160,2.0233693750519
4013,20221018_110144.mat,2348200,2.3482,1,165,0.907602748423686
4014,20221018_110144.mat,2348399,2.348399,1,175,0.123167063226164
4015,20221018_110144.mat,2365712,2.365712,1,155,0.0708845612026649
4016,20221018_110144.mat,2370687,2.370687,1,160,0.077174613180191
4017,20221018_110144.mat,2377055,2.377055,1,165,0.972010458107875
4018,20221018_110144.mat,2377254,2.377254,1,185,0.111177564248219
4019,20221018_110144.mat,2418646,2.418646,1,225,0.0792730934716698
4020,20221018_110144.mat,2418845,2.418845,1,185,0.0520550444700051
4021,20221018_110144.mat,2422427,2.422427,1,160,0.206328848985637
4022,20221018_110144.mat,2422626,2.422626,1,185,0.0587585614337156
4023,20221018_110144.mat,2462824,2.462824,1,175,0.302736118400164
4024,20221018_110144.mat,2463023,2.463023,1,165,0.315949529176408
4025,20221018_110144.mat,2467401,2.467401,1,160,0.082943785624135
4026,20221018_110144.mat,2486107,2.486107,1,165,0.23785269517015
4027,20221018_110144.mat,2524116,2.524116,1,165,0.0483963914687417
4028,20221018_110144.mat,2566304,2.566304,1,160,0.109368692976948
4029,20221018_110144.mat,2566503,2.566503,1,160,0.51425969123699
4030,20221018_110144.mat,2566702,2.566702,1,140,0.0578835482419726
4031,20221018_110144.mat,2670580,2.67058,1,275,0.280851023127303
4032,20221018_110144.mat,2670779,2.670779,1,180,0.666687822056329
4033,20221018_110144.mat,2670978,2.670978,1,160,0.0562196641972321
4034,20221018_110144.mat,2779831,2.779831,1,160,0.408267944596301
4035,20221018_110144.mat,2780030,2.78003,1,175,0.0718191688104679
4036,20221018_110144.mat,2780229,2.780229,1,220,0.120873685654403
4037,20221018_110144.mat,2780428,2.780428,1,160,0.597917812318207
4038,20221018_110144.mat,2780627,2.780627,1,165,2.07741059940491
4039,20221018_110144.mat,2780826,2.780826,1,160,0.569969645832305
4040,20221018_110144.mat,2781025,2.781025,1,175,0.064955767245497
4041,20221018_110144.mat,2782418,2.782418,1,160,0.0877359728921182
4042,20221018_110144.mat,2783015,2.783015,1,230,0.0891969550788682
4043,20221018_110144.mat,2783214,2.783214,1,160,0.133122936380809
4044,20221018_110144.mat,2784010,2.78401,1,175,1.75790967502649
4045,20221018_110144.mat,2784209,2.784209,1,165,1.37108808404964
4046,20221018_110144.mat,2784408,2.784408,1,160,0.21025181801419
4047,20221018_110144.mat,2896644,2.896644,1,170,0.0621030765312673
4048,20221018_110144.mat,2909380,2.90938,1,160,1.88111105231802
4049,20221018_110144.mat,2909579,2.909579,1,160,0.456703313631458
4050,20221018_110144.mat,2909778,2.909778,1,160,0.144036289877919
4051,20221018_110144.mat,2909977,2.909977,1,155,0.0944702103595834
4052,20221018_110144.mat,2910375,2.910375,1,175,0.308197103190595
4053,20221018_110144.mat,2910574,2.910574,1,175,0.0677851185604466
4054,20221018_110144.mat,2945797,2.945797,1,175,0.554477655992861
4055,20221018_110144.mat,2945996,2.945996,1,160,0.205825790461536
4056,20221018_110144.mat,2967687,2.967687,1,165,0.838930775466667
4057,20221018_110144.mat,2967886,2.967886,1,160,1.05406412548031
4058,20221018_110144.mat,2968085,2.968085,1,160,0.295842192648925
4059,20221018_110144.mat,2968284,2.968284,1,160,0.119273423867959
4060,20221018_110144.mat,3030770,3.03077,1,160,1.32453861536438
4061,20221018_110144.mat,3030969,3.030969,1,160,0.566646042124692
4062,20221018_110144.mat,3031168,3.031168,1,160,0.270818005709899
4063,20221018_110144.mat,3044302,3.044302,1,160,0.522095555033994
4064,20221018_110144.mat,3044501,3.044501,1,160,0.0939505223569894
4065,20221018_110144.mat,3046292,3.046292,1,160,0.666647959303024
4066,20221018_110144.mat,3046491,3.046491,1,160,0.118602557956586
4067,20221018_110144.mat,3062809,3.062809,1,170,0.148134922177189
4068,20221018_110144.mat,3076739,3.076739,1,160,0.2104034026846
4069,20221018_110144.mat,3076938,3.076938,1,160,0.15581817427465
4070,20221018_110144.mat,3148976,3.148976,1,160,0.547108686459525
4071,20221018_110144.mat,3149175,3.149175,1,160,0.131571484682002
4072,20221018_110144.mat,3150568,3.150568,1,170,0.0337882564340829
4073,20221018_110144.mat,3153354,3.153354,1,175,0.0540687345789919
4074,20221018_110144.mat,3207482,3.207482,1,175,0.141923447449155
4075,20221018_110144.mat,3211661,3.211661,1,175,0.607542745298019
4076,20221018_110144.mat,3211860,3.21186,1,165,0.777611603221669
4077,20221018_110144.mat,3212059,3.212059,1,160,0.0737239719534304
4078,20221018_110144.mat,3291858,3.291858,1,165,0.211496687330059
4079,20221018_110144.mat,3292057,3.292057,1,175,0.0784351027835186
4080,20221018_110144.mat,3295042,3.295042,1,170,0.0608987002184786
4081,20221018_110144.mat,3300614,3.300614,1,160,0.603439632502082
4082,20221018_110144.mat,3300813,3.300813,1,160,0.284236560405936
4083,20221018_110144.mat,3317927,3.317927,1,160,0.992198023107119
4084,20221018_110144.mat,3318126,3.318126,1,160,0.313061535019862
4085,20221018_110144.mat,3318325,3.318325,1,160,0.10419089180031
4086,20221018_110144.mat,3320514,3.320514,1,230,0.0459306242880323
4087,20221018_110144.mat,3343598,3.343598,1,160,0.0710419292331505
4088,20221018_110144.mat,3380413,3.380413,1,160,0.066058052519216
4089,20221018_110144.mat,3397328,3.397328,1,170,0.186952249163848
4090,20221018_110144.mat,3448272,3.448272,1,160,0.0709961462384876
4091,20221018_110144.mat,3461605,3.461605,1,360,0.129445104489482
4092,20221018_110144.mat,3461804,3.461804,1,160,1.84035036742915
4093,20221018_110144.mat,3462003,3.462003,1,160,0.329897483789938
4094,20221018_110144.mat,3463993,3.463993,1,335,1.43268598118128
4095,20221018_110144.mat,3464192,3.464192,1,160,2.27345243511897
4096,20221018_110144.mat,3464391,3.464391,1,160,0.406852559194135
4097,20221018_110144.mat,3464590,3.46459,1,160,0.188471452488811
4098,20221018_110144.mat,3467973,3.467973,1,175,0.0425810789760727
4099,20221018_110144.mat,3488470,3.48847,1,160,0.141774586273742
4100,20221018_110144.mat,3502599,3.502599,1,120,0.0729010763680556
4101,20221018_110144.mat,3502798,3.502798,1,160,0.360460940872715
4102,20221018_110144.mat,3502997,3.502997,1,175,0.0982411370283549
4103,20221018_110144.mat,3515335,3.515335,1,180,0.0481223746099014
4104,20221018_110144.mat,3515534,3.515534,1,160,0.182697883291062
4105,20221018_110144.mat,3606676,3.606676,1,160,0.231580490903634
4106,20221018_110144.mat,3641700,3.6417,1,160,4.67835166792004
4107,20221018_110144.mat,3641899,3.641899,1,165,1.45583330351256
4108,20221018_110144.mat,3642098,3.642098,1,160,0.634502668017484
4109,20221018_110144.mat,3642297,3.642297,1,160,0.223426354039774
4110,20221018_110144.mat,3660207,3.660207,1,165,1.11094641545018
4111,20221018_110144.mat,3660406,3.660406,1,160,0.89407098168001
4112,20221018_110144.mat,3660605,3.660605,1,160,0.139014695464959
4113,20221018_110144.mat,3660804,3.660804,1,160,0.0920485350855997
4114,20221018_110144.mat,3665182,3.665182,1,160,0.59429492099706
4115,20221018_110144.mat,3665381,3.665381,1,160,0.160614116317867
4116,20221018_110144.mat,3666177,3.666177,1,170,1.03415744406071
4117,20221018_110144.mat,3666376,3.666376,1,155,0.946719756862635
4118,20221018_110144.mat,3666575,3.666575,1,160,0.253755126966849
4119,20221018_110144.mat,3666774,3.666774,1,160,0.115702349209038
4120,20221018_110144.mat,3678316,3.678316,1,160,0.350681875394953
4121,20221018_110144.mat,3678515,3.678515,1,160,0.114995581608036
4122,20221018_110144.mat,3697818,3.697818,1,160,0.595943924765866
4123,20221018_110144.mat,3698017,3.698017,1,155,0.118171816930676
4124,20221018_110144.mat,3703987,3.703987,1,155,0.63229200802883
4125,20221018_110144.mat,3704186,3.704186,1,160,0.55187054057233
4126,20221018_110144.mat,3704385,3.704385,1,135,0.171659557614894
4127,20221018_110144.mat,3739011,3.739011,1,160,0.701263136077308
4128,20221018_110144.mat,3768264,3.768264,1,155,0.332166560546321
4129,20221018_110144.mat,3768463,3.768463,1,160,0.413009170658123
4130,20221018_110144.mat,3768662,3.768662,1,135,0.0643689281632691
4131,20221018_110144.mat,3791945,3.791945,1,160,64.2419614777087
4132,20221018_110144.mat,3792144,3.792144,1,160,106.900317014165
4133,20221018_110144.mat,3792343,3.792343,1,160,4.26486719243178
4134,20221018_110144.mat,3792542,3.792542,1,160,4.62425779742329
4135,20221018_110144.mat,3792741,3.792741,1,160,0.617900787756124
4136,20221018_110144.mat,3792940,3.79294,1,160,0.191752117680558
4137,20221018_110144.mat,3795328,3.795328,1,155,0.093423537727899
4138,20221018_110144.mat,3796323,3.796323,1,160,0.270433463864879
4139,20221018_110144.mat,3824979,3.824979,1,170,0.150620723892042
4140,20221018_110144.mat,3825974,3.825974,1,160,0.127541370069316
4141,20221018_110144.mat,3830750,3.83075,1,170,0.0764632888537755
4142,20221018_110144.mat,3835327,3.835327,1,165,1.45404398271134
4143,20221018_110144.mat,3835526,3.835526,1,160,1.65873873993841
4144,20221018_110144.mat,3835725,3.835725,1,155,0.0708341362381513
4145,20221018_110144.mat,3884082,3.884082,1,160,0.0990521378263007
4146,20221018_110144.mat,3925275,3.925275,1,225,0.0880806600190575
4147,20221018_110144.mat,3928459,3.928459,1,160,0.0646987008871594
4148,20221018_110144.mat,3941195,3.941195,1,170,0.107409062063077
4149,20221018_110144.mat,3977612,3.977612,1,160,0.0508586552623627
4150,20221018_110144.mat,3996119,3.996119,1,160,0.0786191172191379
4151,20221018_110144.mat,4028954,4.028954,1,160,0.234126718864128
4152,20221018_110144.mat,4034128,4.034128,1,170,0.0822945621812707
4153,20221018_110144.mat,4054028,4.054028,1,160,0.218219265262692
4154,20221018_110144.mat,4059003,4.059003,1,160,0.215529646568723
4155,20221018_110144.mat,4059202,4.059202,1,165,0.0857093839350084
4156,20221018_110144.mat,4072137,4.072137,1,230,0.0787190573986571
4157,20221018_110144.mat,4072336,4.072336,1,160,0.307695239239932
4158,20221018_110144.mat,4072535,4.072535,1,160,0.091198153787204
4159,20221018_110144.mat,4074724,4.074724,1,160,0.182930791360521
4160,20221018_110144.mat,4083082,4.083082,1,160,0.353920884268669
4161,20221018_110144.mat,4083281,4.083281,1,160,0.118551246463796
4162,20221018_110144.mat,4088455,4.088455,1,170,0.078063448404624
4163,20221018_110144.mat,4099599,4.099599,1,175,0.0777910097403326
4164,20221018_110144.mat,4129847,4.129847,1,165,2.21958822639568
4165,20221018_110144.mat,4130046,4.130046,1,160,0.82407975491951
4166,20221018_110144.mat,4130245,4.130245,1,160,0.280768085734394
4167,20221018_110144.mat,4130444,4.130444,1,160,0.0817351345551552
4168,20221018_110144.mat,4139598,4.139598,1,230,0.030833547589417
4169,20221018_110144.mat,4157110,4.15711,1,275,0.330728104572216
4170,20221018_110144.mat,4157309,4.157309,1,160,0.414980798820984
4171,20221018_110144.mat,4163279,4.163279,1,230,1.21595294452035
4172,20221018_110144.mat,4163478,4.163478,1,160,0.506840809039609
4173,20221018_110144.mat,4163677,4.163677,1,160,0.323650591290417
4174,20221018_110144.mat,4163876,4.163876,1,160,0.0898046135224738
4175,20221018_110144.mat,4168652,4.168652,1,160,0.589224958734965
4176,20221018_110144.mat,4168851,4.168851,1,165,0.147450375434164
4177,20221018_110144.mat,4180393,4.180393,1,230,2.72104296270856
4178,20221018_110144.mat,4180592,4.180592,1,180,0.764323030227414
4179,20221018_110144.mat,4180791,4.180791,1,160,0.552689287083304
4180,20221018_110144.mat,4180990,4.18099,1,160,0.172044559706131
4181,20221018_110144.mat,4199497,4.199497,1,165,0.0360424419624158
4182,20221018_110144.mat,4283475,4.283475,1,160,0.0950524603260217
4183,20221018_110144.mat,4351135,4.351135,1,160,0.112118736775915
4184,20221018_110144.mat,4351334,4.351334,1,160,0.376295005089551
4185,20221018_110144.mat,4351533,4.351533,1,160,0.0968840497192692
4186,20221018_110144.mat,4354319,4.354319,1,155,0.0800071205948022
4187,20221018_110144.mat,4369443,4.369443,1,165,0.0436621400387994
4188,20221018_110144.mat,4375214,4.375214,1,170,0.108080662589692
4189,20221018_110144.mat,4397502,4.397502,1,160,0.044058220392554
4190,20221018_110144.mat,4402079,4.402079,1,170,0.106975371003596
4191,20221018_110144.mat,4443272,4.443272,1,160,0.478347376535013
4192,20221018_110144.mat,4443471,4.443471,1,160,0.273444789682618
4193,20221018_110144.mat,4453819,4.453819,1,165,0.29986928830359
4194,20221018_110144.mat,4454018,4.454018,1,160,0.464768191354499
4195,20221018_110144.mat,4468147,4.468147,1,175,0.0401279258092309
4196,20221018_110144.mat,4481878,4.481878,1,165,0.361262516934193
4197,20221018_110144.mat,4482077,4.482077,1,160,1.6454445360862
4198,20221018_110144.mat,4482276,4.482276,1,160,0.404172464037187
4199,20221018_110144.mat,4482873,4.482873,1,160,0.810574003846813
4200,20221018_110144.mat,4483072,4.483072,1,160,0.523396695317445
4201,20221018_110144.mat,4484465,4.484465,1,160,0.171029840444779
4202,20221018_110144.mat,4550931,4.550931,1,175,0.0643635889573779
4203,20221018_110144.mat,4569239,4.569239,1,165,0.030178956244784
4204,20221018_110144.mat,4703962,4.703962,1,165,0.408933780986634
4205,20221018_110144.mat,4704161,4.704161,1,175,0.164623027243692
4206,20221018_110144.mat,4704360,4.70436,1,160,0.16157259021371
4207,20221018_110144.mat,4736598,4.736598,1,160,0.493932152433502
4208,20221018_110144.mat,4736797,4.736797,1,170,0.0587101948788047
4209,20221018_110144.mat,4760876,4.760876,1,160,0.409531480122991
4210,20221018_110144.mat,4761075,4.761075,1,160,0.169111825628453
4211,20221018_110144.mat,4789134,4.789134,1,165,0.326755635488564
4212,20221018_110144.mat,4789333,4.789333,1,160,1.27512669791786
4213,20221018_110144.mat,4789532,4.789532,1,160,0.462358077085115
4214,20221018_110144.mat,4789731,4.789731,1,160,0.11915273367961
4215,20221018_110144.mat,4840476,4.840476,1,160,0.184261558597911
4216,20221018_110144.mat,4850426,4.850426,1,155,0.0627323513700642
4217,20221018_110144.mat,4876296,4.876296,1,150,0.0428433677812626
4218,20221018_110144.mat,4920275,4.920275,1,160,1.05290965624223
4219,20221018_110144.mat,4920474,4.920474,1,155,0.149336966730255
4220,20221018_110144.mat,4920673,4.920673,1,160,0.103090729216186
4221,20221018_110144.mat,4965846,4.965846,1,225,0.0661684986962672
4222,20221018_110144.mat,4966045,4.966045,1,165,0.0554107203024484
4223,20221018_110149.mat,20298,0.020298,1,160,0.20465346927969
4224,20221018_110149.mat,20696,0.020696,1,165,0.0767462441374996
4225,20221018_110149.mat,20895,0.020895,1,160,0.102425005572465
4226,20221018_110149.mat,70048,0.070048,1,160,0.0656922645720141
4227,20221018_110149.mat,127957,0.127957,1,155,0.108746287270312
4228,20221018_110149.mat,128156,0.128156,1,160,0.091636783321526
4229,20221018_110149.mat,136514,0.136514,1,160,2.8199528621675
4230,20221018_110149.mat,136713,0.136713,1,175,0.180450487618475
4231,20221018_110149.mat,137907,0.137907,1,170,0.580561840303862
4232,20221018_110149.mat,138106,0.138106,1,165,0.320706580139473
4233,20221018_110149.mat,189249,0.189249,1,230,3.92993950380325
4234,20221018_110149.mat,189448,0.189448,1,160,1.07488862393194
4235,20221018_110149.mat,189647,0.189647,1,160,0.463265260892548
4236,20221018_110149.mat,189846,0.189846,1,160,0.0937870570080981
4237,20221018_110149.mat,255715,0.255715,1,210,0.0549664688475151
4238,20221018_110149.mat,255914,0.255914,1,160,0.264481317454768
4239,20221018_110149.mat,257108,0.257108,1,170,0.0708420422147794
4240,20221018_110149.mat,257307,0.257307,1,165,0.0848756243392558
4241,20221018_110149.mat,272630,0.27263,1,170,0.0635228806807374
4242,20221018_110149.mat,274819,0.274819,1,175,0.0548037846023542
4243,20221018_110149.mat,346857,0.346857,1,165,0.0429457790731268
4244,20221018_110149.mat,347056,0.347056,1,165,0.258086647380853
4245,20221018_110149.mat,359991,0.359991,1,160,0.774786703802762
4246,20221018_110149.mat,360190,0.36019,1,180,0.468459604814747
4247,20221018_110149.mat,360389,0.360389,1,160,0.305764242141326
4248,20221018_110149.mat,373722,0.373722,1,225,0.575674380123416
4249,20221018_110149.mat,413323,0.413323,1,160,0.169420243883746
4250,20221018_110149.mat,417701,0.417701,1,160,0.131672431820285
4251,20221018_110149.mat,430636,0.430636,1,160,0.507930286602108
4252,20221018_110149.mat,430835,0.430835,1,155,0.0774819081980502
4253,20221018_110149.mat,470038,0.470038,1,170,0.0700217522108238
4254,20221018_110149.mat,482774,0.482774,1,160,0.145110965230877
4255,20221018_110149.mat,484366,0.484366,1,160,0.0678930884264979
4256,20221018_110149.mat,489341,0.489341,1,275,0.0354986528743861
4257,20221018_110149.mat,489540,0.48954,1,160,0.23594448187073
4258,20221018_110149.mat,492326,0.492326,1,230,0.211412444944498
4259,20221018_110149.mat,505460,0.50546,1,165,0.608915965013138
4260,20221018_110149.mat,505659,0.505659,1,160,4.91482709690909
4261,20221018_110149.mat,505858,0.505858,1,175,0.247826868807842
4262,20221018_110149.mat,506057,0.506057,1,160,0.132280576332219
4263,20221018_110149.mat,526554,0.526554,1,160,2.41973214078071
4264,20221018_110149.mat,526753,0.526753,1,165,0.112109368054726
4265,20221018_110149.mat,526952,0.526952,1,160,0.106189369019263
4266,20221018_110149.mat,536703,0.536703,1,185,0.0286538214170196
4267,20221018_110149.mat,543270,0.54327,1,230,0.0683281802981702
4268,20221018_110149.mat,543668,0.543668,1,175,0.654376035462711
4269,20221018_110149.mat,543867,0.543867,1,160,0.541922489126899
4270,20221018_110149.mat,544066,0.544066,1,175,0.108403930790358
4271,20221018_110149.mat,553618,0.553618,1,160,0.329591115789178
4272,20221018_110149.mat,556802,0.556802,1,155,0.0802918949885993
4273,20221018_110149.mat,557001,0.557001,1,160,0.106230834120986
4274,20221018_110149.mat,561379,0.561379,1,345,0.05790471968431
4275,20221018_110149.mat,561578,0.561578,1,160,0.158790969798758
4276,20221018_110149.mat,563369,0.563369,1,160,0.616027009813319
4277,20221018_110149.mat,563568,0.563568,1,160,0.307015261627047
4278,20221018_110149.mat,563767,0.563767,1,160,0.0816529308897715
4279,20221018_110149.mat,579687,0.579687,1,165,0.0608301866667357
4280,20221018_110149.mat,596005,0.596005,1,165,0.46526559869011
4281,20221018_110149.mat,596204,0.596204,1,160,0.702103311066532
4282,20221018_110149.mat,596403,0.596403,1,175,0.0545117542406133
4283,20221018_110149.mat,611328,0.611328,1,160,0.120521122998413
4284,20221018_110149.mat,611527,0.611527,1,160,0.418967638675412
4285,20221018_110149.mat,611726,0.611726,1,160,0.0717624934401328
4286,20221018_110149.mat,627248,0.627248,1,220,0.0526702014228794
4287,20221018_110149.mat,627447,0.627447,1,165,0.0545098423265054
4288,20221018_110149.mat,635805,0.635805,1,180,0.218369405171771
4289,20221018_110149.mat,636004,0.636004,1,155,0.0666807224644446
4290,20221018_110149.mat,661078,0.661078,1,150,0.0532534386740932
4291,20221018_110149.mat,661277,0.661277,1,170,0.0917501255522881
4292,20221018_110149.mat,666451,0.666451,1,160,0.218720138647731
4293,20221018_110149.mat,707445,0.707445,1,230,0.0543952534282586
4294,20221018_110149.mat,715206,0.715206,1,165,0.181339194845884
4295,20221018_110149.mat,715405,0.715405,1,175,0.163807175961389
4296,20221018_110149.mat,729733,0.729733,1,170,0.0405036579682266
4297,20221018_110149.mat,735305,0.735305,1,160,0.069347829076003
4298,20221018_110149.mat,739683,0.739683,1,160,0.315168765140682
4299,20221018_110149.mat,739882,0.739882,1,160,0.122608129059666
4300,20221018_110149.mat,744658,0.744658,1,165,0.103511326324092
4301,20221018_110149.mat,744857,0.744857,1,170,0.220209399963607
4302,20221018_110149.mat,745454,0.745454,1,160,0.122748721450191
4303,20221018_110149.mat,756598,0.756598,1,160,0.144129086868405
4304,20221018_110149.mat,763961,0.763961,1,165,0.781082286564802
4305,20221018_110149.mat,764160,0.76416,1,160,0.190738153546826
4306,20221018_110149.mat,764359,0.764359,1,160,0.107972712013449
4307,20221018_110149.mat,784458,0.784458,1,165,0.182281421301153
4308,20221018_110149.mat,793015,0.793015,1,160,0.0884871424401475
4309,20221018_110149.mat,903858,0.903858,1,170,0.0777385469843567
4310,20221018_110149.mat,912216,0.912216,1,225,2.06804102519697
4311,20221018_110149.mat,912415,0.912415,1,175,0.676797007960227
4312,20221018_110149.mat,912614,0.912614,1,160,0.0880115894929397
4313,20221018_110149.mat,928136,0.928136,1,170,2.7060235429846
4314,20221018_110149.mat,928335,0.928335,1,165,2.72105672520043
4315,20221018_110149.mat,928534,0.928534,1,160,0.352614718603171
4316,20221018_110149.mat,928733,0.928733,1,160,0.198360162709809
4317,20221018_110149.mat,936096,0.936096,1,160,0.443401538178833
4318,20221018_110149.mat,936295,0.936295,1,175,0.0661782852939128
4319,20221018_110149.mat,947041,0.947041,1,160,0.338035292080307
4320,20221018_110149.mat,947240,0.94724,1,175,0.090748386762152
4321,20221018_110149.mat,982861,0.982861,1,250,0.128911774698593
4322,20221018_110149.mat,983060,0.98306,1,160,0.863331269465728
4323,20221018_110149.mat,983259,0.983259,1,175,0.0636658666964487
4324,20221018_110149.mat,1057685,1.057685,1,160,0.0537797293685935
4325,20221018_110149.mat,1086142,1.086142,1,220,0.0293610943164547
4326,20221018_110149.mat,1101266,1.101266,1,340,0.0711261402535026
4327,20221018_110149.mat,1101465,1.101465,1,160,0.212420270575746
4328,20221018_110149.mat,1109027,1.109027,1,160,0.214029404389503
4329,20221018_110149.mat,1109226,1.109226,1,160,0.0696965774130997
4330,20221018_110149.mat,1116589,1.116589,1,160,1.39778769198667
4331,20221018_110149.mat,1116788,1.116788,1,165,0.243326709689374
4332,20221018_110149.mat,1116987,1.116987,1,160,0.120377752639825
4333,20221018_110149.mat,1128131,1.128131,1,165,0.042576567566047
4334,20221018_110149.mat,1137086,1.137086,1,165,0.209473321374323
4335,20221018_110149.mat,1137285,1.137285,1,155,0.332709276882592
4336,20221018_110149.mat,1137484,1.137484,1,160,0.0865381620446938
4337,20221018_110149.mat,1145245,1.145245,1,160,0.149174920364518
4338,20221018_110149.mat,1164747,1.164747,1,160,0.0668648950447835
4339,20221018_110149.mat,1164946,1.164946,1,160,0.058407436771809
4340,20221018_110149.mat,1198975,1.198975,1,170,0.0558035003113846
4341,20221018_110149.mat,1199174,1.199174,1,170,0.0685900526922645
4342,20221018_110149.mat,1242755,1.242755,1,165,0.0617289726694054
4343,20221018_110149.mat,1244546,1.244546,1,220,0.130733215848602
4344,20221018_110149.mat,1244745,1.244745,1,165,0.132931448940627
4345,20221018_110149.mat,1255093,1.255093,1,180,0.0793319638860794
4346,20221018_110149.mat,1255292,1.255292,1,160,0.231082076001185
4347,20221018_110149.mat,1265242,1.265242,1,180,0.0765179322765713
4348,20221018_110149.mat,1265441,1.265441,1,175,0.208241603413348
4349,20221018_110149.mat,1281361,1.281361,1,160,0.046796497558487
4350,20221018_110149.mat,1283749,1.283749,1,160,0.223654335545023
4351,20221018_110149.mat,1336086,1.336086,1,170,0.107347037469926
4352,20221018_110149.mat,1352404,1.352404,1,225,0.142988526927398
4353,20221018_110149.mat,1352603,1.352603,1,160,0.32357413101075
4354,20221018_110149.mat,1366732,1.366732,1,290,0.0435838812709445
4355,20221018_110149.mat,1366931,1.366931,1,160,0.306194801264165
4356,20221018_110149.mat,1401358,1.401358,1,160,1.37514611319484
4357,20221018_110149.mat,1401557,1.401557,1,160,0.524744421198346
4358,20221018_110149.mat,1401756,1.401756,1,160,0.157692724222133
4359,20221018_110149.mat,1411308,1.411308,1,160,0.179622606383132
4360,20221018_110149.mat,1411507,1.411507,1,160,0.0852385271749195
4361,20221018_110149.mat,1413497,1.413497,1,155,0.249286383038005
4362,20221018_110149.mat,1413696,1.413696,1,160,0.199107994781185
4363,20221018_110149.mat,1423049,1.423049,1,160,1.70895804880919
4364,20221018_110149.mat,1423248,1.423248,1,160,1.26544463992308
4365,20221018_110149.mat,1423447,1.423447,1,175,0.135043068849283
4366,20221018_110149.mat,1438571,1.438571,1,160,0.388740504472344
4367,20221018_110149.mat,1438770,1.43877,1,160,0.159724586760607
4368,20221018_110149.mat,1453496,1.453496,1,160,4.16261119808321
4369,20221018_110149.mat,1453695,1.453695,1,165,0.413442754728928
4370,20221018_110149.mat,1453894,1.453894,1,160,0.0639566268811849
4371,20221018_110149.mat,1586826,1.586826,1,170,0.0892718848444571
4372,20221018_110149.mat,1587025,1.587025,1,170,0.30392283634315
4373,20221018_110149.mat,1587224,1.587224,1,160,0.0846809703149128
4374,20221018_110149.mat,1619661,1.619661,1,165,0.0454080063858086
4375,20221018_110149.mat,1619860,1.61986,1,170,0.0864511422292168
4376,20221018_110149.mat,1621253,1.621253,1,180,0.0510244142860427
4377,20221018_110149.mat,1621452,1.621452,1,225,0.052327841207116
4378,20221018_110149.mat,1648914,1.648914,1,170,0.105165099486592
4379,20221018_110149.mat,1649113,1.649113,1,155,0.244796675916386
4380,20221018_110149.mat,1679361,1.679361,1,230,0.0616958238716035
4381,20221018_110149.mat,1698664,1.698664,1,165,0.0597754539869148
4382,20221018_110149.mat,1725330,1.72533,1,170,0.0613670325968525
4383,20221018_110149.mat,1737071,1.737071,1,160,0.187782472249612
4384,20221018_110149.mat,1737270,1.73727,1,160,0.144609988758824
4385,20221018_110149.mat,1796771,1.796771,1,160,1.26613838555242
4386,20221018_110149.mat,1796970,1.79697,1,170,0.116813680023102
4387,20221018_110149.mat,1825626,1.825626,1,185,0.0339355851630108
4388,20221018_110149.mat,1827417,1.827417,1,230,0.0922506755514923
4389,20221018_110149.mat,1827616,1.827616,1,160,0.0588015196441645
4390,20221018_110149.mat,1835576,1.835576,1,155,0.0387589529777817
4391,20221018_110149.mat,1836969,1.836969,1,165,0.0676264379664291
4392,20221018_110149.mat,1837367,1.837367,1,230,0.0438745288337394
4393,20221018_110149.mat,1841148,1.841148,1,160,0.123925969419722
4394,20221018_110149.mat,1861645,1.861645,1,160,0.36800053283737
4395,20221018_110149.mat,1861844,1.861844,1,180,0.0501495694574159
4396,20221018_110149.mat,1875973,1.875973,1,165,0.0439657614175481
4397,20221018_110149.mat,1894281,1.894281,1,165,3.18046228252779
4398,20221018_110149.mat,1894480,1.89448,1,160,1.64037959126364
4399,20221018_110149.mat,1894679,1.894679,1,160,0.512339452573169
4400,20221018_110149.mat,1894878,1.894878,1,160,0.136604330788783
4401,20221018_110149.mat,1900052,1.900052,1,160,1.66038237854575
4402,20221018_110149.mat,1900251,1.900251,1,175,0.238110365248439
4403,20221018_110149.mat,1900450,1.90045,1,160,0.0924674394812333
4404,20221018_110149.mat,1919554,1.919554,1,170,0.319885112880795
4405,20221018_110149.mat,1919753,1.919753,1,160,0.341429218123887
4406,20221018_110149.mat,1919952,1.919952,1,160,0.0946649940183132
4407,20221018_110149.mat,1929504,1.929504,1,160,0.0497928746612308
4408,20221018_110149.mat,1945822,1.945822,1,160,0.122349734653842
4409,20221018_110149.mat,1949404,1.949404,1,160,0.0895206653110698
4410,20221018_110149.mat,2013880,2.01388,1,175,0.114273891683082
4411,20221018_110149.mat,2024427,2.024427,1,180,0.489158030271016
4412,20221018_110149.mat,2024626,2.024626,1,170,1.51733415374013
4413,20221018_110149.mat,2024825,2.024825,1,160,0.412325350415287
4414,20221018_110149.mat,2025024,2.025024,1,160,0.139660394749568
4415,20221018_110149.mat,2057262,2.057262,1,160,0.0671898663775954
4416,20221018_110149.mat,2067610,2.06761,1,160,0.0737936815902817
4417,20221018_110149.mat,2083331,2.083331,1,160,0.0679134730180203
4418,20221018_110149.mat,2083530,2.08353,1,160,0.0652065760369444
4419,20221018_110149.mat,2096863,2.096863,1,150,0.106006907847038
4420,20221018_110149.mat,2097062,2.097062,1,155,0.173894334257389
4421,20221018_110149.mat,2099052,2.099052,1,220,0.0431392997283493
4422,20221018_110149.mat,2124126,2.124126,1,160,0.598144346887854
4423,20221018_110149.mat,2124325,2.124325,1,155,0.145557684918441
4424,20221018_110149.mat,2172085,2.172085,1,165,0.222254589066217
4425,20221018_110149.mat,2172284,2.172284,1,170,0.0896503684588741
4426,20221018_110149.mat,2191786,2.191786,1,335,0.123300940946575
4427,20221018_110149.mat,2191985,2.191985,1,160,1.40767065906562
4428,20221018_110149.mat,2192184,2.192184,1,175,0.153477899651235
4429,20221018_110149.mat,2192383,2.192383,1,160,0.0936033814601024
4430,20221018_110149.mat,2198353,2.198353,1,230,0.117213098684205
4431,20221018_110149.mat,2260640,2.26064,1,225,0.132528317820335
4432,20221018_110149.mat,2273177,2.273177,1,165,0.0499757885690603
4433,20221018_110149.mat,2277356,2.277356,1,160,0.0596895402600006
4434,20221018_110149.mat,2291087,2.291087,1,165,0.0923176967579918
4435,20221018_110149.mat,2328101,2.328101,1,160,0.231344867608339
4436,20221018_110149.mat,2328300,2.3283,1,180,0.0973728440769406
4437,20221018_110149.mat,2328499,2.328499,1,160,0.0902720801993778
4438,20221018_110149.mat,2343225,2.343225,1,225,0.0767469592123768
4439,20221018_110149.mat,2370488,2.370488,1,230,0.119660021590368
4440,20221018_110149.mat,2370687,2.370687,1,175,0.34896621332459
4441,20221018_110149.mat,2370886,2.370886,1,160,0.0727129976237762
4442,20221018_110149.mat,2424417,2.424417,1,160,0.0664386712302137
4443,20221018_110149.mat,2425213,2.425213,1,160,1.07678191944031
4444,20221018_110149.mat,2425412,2.425412,1,160,0.273335399890802
4445,20221018_110149.mat,2444317,2.444317,1,170,0.120647015290265
4446,20221018_110149.mat,2534862,2.534862,1,230,2.13292874999895
4447,20221018_110149.mat,2535061,2.535061,1,175,0.402144275904351
4448,20221018_110149.mat,2535260,2.53526,1,160,0.101147732679296
4449,20221018_110149.mat,2609487,2.609487,1,160,0.218049408820691
4450,20221018_110149.mat,2609686,2.609686,1,165,0.0983832275333573
4451,20221018_110149.mat,2629586,2.629586,1,225,0.0539121296547534
4452,20221018_110149.mat,2632173,2.632173,1,155,0.0862207299709778
4453,20221018_110149.mat,2632372,2.632372,1,165,0.100298716240592
4454,20221018_110149.mat,2659834,2.659834,1,155,1.72149178009465
4455,20221018_110149.mat,2660033,2.660033,1,160,1.59509220990351
4456,20221018_110149.mat,2660232,2.660232,1,175,0.152916926011999
4457,20221018_110149.mat,2660431,2.660431,1,160,0.103490934055625
4458,20221018_110149.mat,2668590,2.66859,1,160,0.0824994295720829
4459,20221018_110149.mat,2704410,2.70441,1,160,0.274653783474966
4460,20221018_110149.mat,2704808,2.704808,1,180,0.041986186317498
4461,20221018_110149.mat,2801323,2.801323,1,160,0.522823525474849
4462,20221018_110149.mat,2815452,2.815452,1,225,1.41244924932989
4463,20221018_110149.mat,2815651,2.815651,1,175,0.392960065589297
4464,20221018_110149.mat,2815850,2.81585,1,175,0.0891681455815282
4465,20221018_110149.mat,2845302,2.845302,1,165,0.269065485166558
4466,20221018_110149.mat,2846297,2.846297,1,160,0.0495049987035695
4467,20221018_110149.mat,2846496,2.846496,1,160,0.206877092738283
4468,20221018_110149.mat,2850874,2.850874,1,160,0.419607778587567
4469,20221018_110149.mat,2851073,2.851073,1,160,0.0535221550632986
4470,20221018_110149.mat,2884704,2.884704,1,165,0.0362343701282733
4471,20221018_110149.mat,2889679,2.889679,1,160,0.156098880754785
4472,20221018_110149.mat,2932066,2.932066,1,170,0.0488381646143499
4473,20221018_110149.mat,2954951,2.954951,1,160,0.201894826101203
4474,20221018_110149.mat,2955150,2.95515,1,160,0.0645678733290792
4475,20221018_110149.mat,2966692,2.966692,1,160,0.163678305865268
4476,20221018_110149.mat,2966891,2.966891,1,165,0.106041413466706
4477,20221018_110149.mat,2976642,2.976642,1,160,0.951986301573143
4478,20221018_110149.mat,2976841,2.976841,1,160,0.827061546601307
4479,20221018_110149.mat,2977040,2.97704,1,160,0.362439892908423
4480,20221018_110149.mat,2985995,2.985995,1,160,0.502860628000579
4481,20221018_110149.mat,2986194,2.986194,1,160,0.263423834460582
4482,20221018_110149.mat,2996741,2.996741,1,160,0.0582327789968486
4483,20221018_110149.mat,3002711,3.002711,1,230,0.062330145386236
4484,20221018_110149.mat,3003507,3.003507,1,170,0.102096505813476
4485,20221018_110149.mat,3003706,3.003706,1,160,0.158601914472461
4486,20221018_110149.mat,3013258,3.013258,1,225,0.126029086868327
4487,20221018_110149.mat,3131066,3.131066,1,160,0.202134957212391
4488,20221018_110149.mat,3169274,3.169274,1,275,0.107258456798187
4489,20221018_110149.mat,3169473,3.169473,1,165,0.176984661141484
4490,20221018_110149.mat,3172060,3.17206,1,175,0.332621464727737
4491,20221018_110149.mat,3172259,3.172259,1,135,0.0682146370334974
4492,20221018_110149.mat,3206686,3.206686,1,160,6.0703404615135
4493,20221018_110149.mat,3206885,3.206885,1,160,2.14176006444257
4494,20221018_110149.mat,3207084,3.207084,1,160,1.31617292613457
4495,20221018_110149.mat,3207283,3.207283,1,160,0.30398001402079
4496,20221018_110149.mat,3258625,3.258625,1,155,2.70857297710267
4497,20221018_110149.mat,3258824,3.258824,1,160,2.79702206847165
4498,20221018_110149.mat,3259023,3.259023,1,160,0.719790490315116
4499,20221018_110149.mat,3259222,3.259222,1,160,0.181944549604568
4500,20221018_110149.mat,3262008,3.262008,1,185,0.112280663104674
4501,20221018_110149.mat,3262207,3.262207,1,160,0.343675771765896
4502,20221018_110149.mat,3264197,3.264197,1,225,0.159189386234077
4503,20221018_110149.mat,3294047,3.294047,1,160,2.89333467503003
4504,20221018_110149.mat,3294246,3.294246,1,175,0.204729317902357
4505,20221018_110149.mat,3300415,3.300415,1,170,0.117376191908188
4506,20221018_110149.mat,3300614,3.300614,1,160,0.0797098189245109
4507,20221018_110149.mat,3344792,3.344792,1,160,0.337941415112863
4508,20221018_110149.mat,3344991,3.344991,1,175,0.0579536355737286
4509,20221018_110149.mat,3351359,3.351359,1,160,0.351377475939531
4510,20221018_110149.mat,3369070,3.36907,1,160,6.06987738365622
4511,20221018_110149.mat,3369269,3.369269,1,160,3.26512875668305
4512,20221018_110149.mat,3369468,3.369468,1,160,1.92507313947502
4513,20221018_110149.mat,3369667,3.369667,1,160,0.490092465656186
4514,20221018_110149.mat,3385985,3.385985,1,160,2.40198912366992
4515,20221018_110149.mat,3386184,3.386184,1,175,0.246681474126756
4516,20221018_110149.mat,3386383,3.386383,1,160,0.802078751182072
4517,20221018_110149.mat,3386582,3.386582,1,160,0.467782548508275
4518,20221018_110149.mat,3386781,3.386781,1,175,0.0710073421369806
4519,20221018_110149.mat,3398920,3.39892,1,160,0.223489040031364
4520,20221018_110149.mat,3399119,3.399119,1,170,0.0782167674546661
4521,20221018_110149.mat,3410064,3.410064,1,160,0.053923263341633
4522,20221018_110149.mat,3410263,3.410263,1,205,0.0359862817954863
4523,20221018_110149.mat,3410462,3.410462,1,230,0.0934795680839474
4524,20221018_110149.mat,3411059,3.411059,1,160,4.29384364074056
4525,20221018_110149.mat,3411258,3.411258,1,175,0.861217687363152
4526,20221018_110149.mat,3411457,3.411457,1,160,0.530430085805209
4527,20221018_110149.mat,3411656,3.411656,1,160,0.234969524277151
4528,20221018_110149.mat,3419019,3.419019,1,160,0.15239559414716
4529,20221018_110149.mat,3419218,3.419218,1,160,0.082891971240481
4530,20221018_110149.mat,3420810,3.42081,1,175,0.053620917947648
4531,20221018_110149.mat,3421009,3.421009,1,175,0.0572261228961104
4532,20221018_110149.mat,3422203,3.422203,1,160,0.264293740952201
4533,20221018_110149.mat,3426581,3.426581,1,170,1.40331425875328
4534,20221018_110149.mat,3426780,3.42678,1,160,11.1926069244561
4535,20221018_110149.mat,3426979,3.426979,1,175,1.1733351725909
4536,20221018_110149.mat,3427178,3.427178,1,160,0.482138782488773
4537,20221018_110149.mat,3427377,3.427377,1,160,0.0931767089325649
4538,20221018_110149.mat,3427775,3.427775,1,160,2.99124611144842
4539,20221018_110149.mat,3427974,3.427974,1,175,0.698321396170921
4540,20221018_110149.mat,3428173,3.428173,1,160,0.109271163331971
4541,20221018_110149.mat,3438919,3.438919,1,160,0.293444024138352
4542,20221018_110149.mat,3439118,3.439118,1,170,0.10334211584162
4543,20221018_110149.mat,3440113,3.440113,1,165,0.0835774212975008
4544,20221018_110149.mat,3442700,3.4427,1,165,0.0782831786469936
4545,20221018_110149.mat,3448670,3.44867,1,160,1.94354710165145
4546,20221018_110149.mat,3448869,3.448869,1,160,1.75712019515233
4547,20221018_110149.mat,3449068,3.449068,1,160,0.606028941979018
4548,20221018_110149.mat,3449267,3.449267,1,160,0.173921492582558
4549,20221018_110149.mat,3458023,3.458023,1,160,0.141599591516421
4550,20221018_110149.mat,3464192,3.464192,1,185,0.0325979228419465
4551,20221018_110149.mat,3473943,3.473943,1,155,0.0734135404646285
4552,20221018_110149.mat,3474142,3.474142,1,160,0.168070294254479
4553,20221018_110149.mat,3488669,3.488669,1,170,0.0925651409062333
4554,20221018_110149.mat,3492052,3.492052,1,160,0.0687759428573888
4555,20221018_110149.mat,3499017,3.499017,1,165,0.0606945022001184
4556,20221018_110149.mat,3504191,3.504191,1,155,0.146678211209555
4557,20221018_110149.mat,3506977,3.506977,1,160,1.1707630894223
4558,20221018_110149.mat,3507176,3.507176,1,175,0.12782826172328
4559,20221018_110149.mat,3508370,3.50837,1,160,9.65405791431647
4560,20221018_110149.mat,3508569,3.508569,1,175,1.09288783372705
4561,20221018_110149.mat,3508768,3.508768,1,160,0.534997220935405
4562,20221018_110149.mat,3508967,3.508967,1,160,0.0947784350585452
4563,20221018_110149.mat,3513743,3.513743,1,160,2.07554438995755
4564,20221018_110149.mat,3513942,3.513942,1,160,0.0901915394532225
4565,20221018_110149.mat,3514141,3.514141,1,160,0.106856086407749
4566,20221018_110149.mat,3519713,3.519713,1,160,0.194900351625725
4567,20221018_110149.mat,3519912,3.519912,1,175,0.141313076669463
4568,20221018_110149.mat,3528668,3.528668,1,155,0.248941579473357
4569,20221018_110149.mat,3528867,3.528867,1,160,0.0913747075878345
4570,20221018_110149.mat,3537225,3.537225,1,150,0.0539892551567291
4571,20221018_110149.mat,3537424,3.537424,1,160,0.192977006503471
4572,20221018_110149.mat,3541603,3.541603,1,160,0.149923296651433
4573,20221018_110149.mat,3541802,3.541802,1,160,0.0692224641906833
4574,20221018_110149.mat,3558319,3.558319,1,230,0.164777643308014
4575,20221018_110149.mat,3558518,3.558518,1,180,0.0774408014967662
4576,20221018_110149.mat,3563493,3.563493,1,165,0.604855760490435
4577,20221018_110149.mat,3563692,3.563692,1,175,0.136816307450593
4578,20221018_110149.mat,3563891,3.563891,1,175,0.0446949269076035
4579,20221018_110149.mat,3564090,3.56409,1,160,0.0802659394910245
4580,20221018_110149.mat,3579811,3.579811,1,155,0.0748738628834985
4581,20221018_110149.mat,3595731,3.595731,1,155,1.09318939932273
4582,20221018_110149.mat,3595930,3.59593,1,165,0.299852295086447
4583,20221018_110149.mat,3597522,3.597522,1,275,0.0719980030100551
4584,20221018_110149.mat,3597721,3.597721,1,160,1.64528594055646
4585,20221018_110149.mat,3597920,3.59792,1,175,0.19119726633511
4586,20221018_110149.mat,3598119,3.598119,1,160,0.111616130257931
4587,20221018_110149.mat,3605084,3.605084,1,170,0.0547855192112757
4588,20221018_110149.mat,3605283,3.605283,1,160,0.109328526315511
4589,20221018_110149.mat,3645879,3.645879,1,230,0.0722527139303169
4590,20221018_110149.mat,3648068,3.648068,1,225,0.0700962025267438
4591,20221018_110149.mat,3648466,3.648466,1,225,0.0964247023811461
4592,20221018_110149.mat,3657620,3.65762,1,230,0.0683997769757096
4593,20221018_110149.mat,3657819,3.657819,1,175,0.0566808490340247
4594,20221018_110149.mat,3671152,3.671152,1,160,0.195689394675842
4595,20221018_110149.mat,3671351,3.671351,1,165,0.0741294999868826
4596,20221018_110149.mat,3680903,3.680903,1,230,1.2765871040433
4597,20221018_110149.mat,3681102,3.681102,1,160,0.22700168557933
4598,20221018_110149.mat,3699012,3.699012,1,165,0.0713404253922021
4599,20221018_110149.mat,3699211,3.699211,1,160,0.254602576670695
4600,20221018_110149.mat,3702793,3.702793,1,170,0.274114710882313
4601,20221018_110149.mat,3702992,3.702992,1,170,0.0535413089626953
4602,20221018_110149.mat,3720703,3.720703,1,160,0.143703344427223
4603,20221018_110149.mat,3721499,3.721499,1,180,0.349847169633492
4604,20221018_110149.mat,3721698,3.721698,1,160,0.0546715017220385
4605,20221018_110149.mat,3726275,3.726275,1,230,0.0540086765834305
4606,20221018_110149.mat,3728663,3.728663,1,160,0.282500441647057
4607,20221018_110149.mat,3728862,3.728862,1,165,0.298659040918592
4608,20221018_110149.mat,3729061,3.729061,1,160,0.096489372287139
4609,20221018_110149.mat,3777020,3.77702,1,225,0.143272412124443
4610,20221018_110149.mat,3793736,3.793736,1,180,0.0406305105079482
4611,20221018_110149.mat,3795328,3.795328,1,160,1.47580847984775
4612,20221018_110149.mat,3795527,3.795527,1,155,0.364709296714802
4613,20221018_110149.mat,3795726,3.795726,1,160,0.163759559591807
4614,20221018_110149.mat,3843685,3.843685,1,200,0.0314995971396719
4615,20221018_110149.mat,3855625,3.855625,1,230,0.199757194805309
4616,20221018_110149.mat,3855824,3.855824,1,180,0.536483649583839
4617,20221018_110149.mat,3856023,3.856023,1,160,0.0909226745257588
4618,20221018_110149.mat,3857217,3.857217,1,160,1.51909095138535
4619,20221018_110149.mat,3857416,3.857416,1,165,0.194135330665431
4620,20221018_110149.mat,3857615,3.857615,1,160,0.171003977220689
4621,20221018_110149.mat,3864580,3.86458,1,160,0.105546070269943
4622,20221018_110149.mat,3864779,3.864779,1,165,0.0516466997694561
4623,20221018_110149.mat,3876719,3.876719,1,165,1.60467500499917
4624,20221018_110149.mat,3876918,3.876918,1,160,2.28664320558703
4625,20221018_110149.mat,3877117,3.877117,1,160,0.175642011466514
4626,20221018_110149.mat,3877316,3.877316,1,160,0.130267509902186
4627,20221018_110149.mat,3888659,3.888659,1,160,0.0533335927051028
4628,20221018_110149.mat,3888858,3.888858,1,160,0.136000712539385
4629,20221018_110149.mat,3891246,3.891246,1,160,0.322828222815195
4630,20221018_110149.mat,3891445,3.891445,1,170,0.134020515683385
4631,20221018_110149.mat,3895425,3.895425,1,160,0.185925028397141
4632,20221018_110149.mat,3909156,3.909156,1,160,0.227393057628386
4633,20221018_110149.mat,3909355,3.909355,1,155,0.224217328923361
4634,20221018_110149.mat,4000696,4.000696,1,175,0.0848349415346887
4635,20221018_110149.mat,4000895,4.000895,1,165,0.096166505959163
4636,20221018_110149.mat,4005074,4.005074,1,170,0.0677990047417302
4637,20221018_110149.mat,4020994,4.020994,1,170,0.0496817829473491
4638,20221018_110149.mat,4029949,4.029949,1,165,0.107830103439394
4639,20221018_110149.mat,4030148,4.030148,1,160,0.064093947592052
4640,20221018_110149.mat,4032934,4.032934,1,160,0.311277618716544
4641,20221018_110149.mat,4033133,4.033133,1,160,0.105933364758061
4642,20221018_110149.mat,4046466,4.046466,1,335,1.21227468967586
4643,20221018_110149.mat,4046665,4.046665,1,160,3.20610000899711
4644,20221018_110149.mat,4046864,4.046864,1,160,0.491653236415801
4645,20221018_110149.mat,4047063,4.047063,1,160,0.259888466054194
4646,20221018_110149.mat,4056615,4.056615,1,170,0.0648947302609836
4647,20221018_110149.mat,4057013,4.057013,1,165,0.107651646859412
4648,20221018_110149.mat,4119499,4.119499,1,225,0.0810065634346064
4649,20221018_110149.mat,4162085,4.162085,1,165,0.0622246438033713
4650,20221018_110149.mat,4193527,4.193527,1,175,0.0391730833555413
4651,20221018_110149.mat,4219795,4.219795,1,160,0.0618504160840535
4652,20221018_110149.mat,4247058,4.247058,1,160,0.0645601986139317
4653,20221018_110149.mat,4273923,4.273923,1,160,0.0712697600225091
4654,20221018_110149.mat,4276908,4.276908,1,225,0.0646129524012269
4655,20221018_110149.mat,4280092,4.280092,1,225,0.298528051865323
4656,20221018_110149.mat,4280291,4.280291,1,170,0.18229942456671
4657,20221018_110149.mat,4282878,4.282878,1,235,0.109490290050342
4658,20221018_110149.mat,4283077,4.283077,1,160,0.390106806963726
4659,20221018_110149.mat,4283276,4.283276,1,160,0.15006350960664
4660,20221018_110149.mat,4343374,4.343374,1,160,0.236435395982562
4661,20221018_110149.mat,4343573,4.343573,1,160,0.514789720309934
4662,20221018_110149.mat,4349145,4.349145,1,175,0.156984641405052
4663,20221018_110149.mat,4397502,4.397502,1,225,0.066158957596642
4664,20221018_110149.mat,4431929,4.431929,1,170,0.218746801306975
4665,20221018_110149.mat,4432128,4.432128,1,155,0.0714760188383265
4666,20221018_110149.mat,4436506,4.436506,1,225,0.0536549838049807
4667,20221018_110149.mat,4436705,4.436705,1,175,0.0731692539306898
4668,20221018_110149.mat,4437899,4.437899,1,180,0.702867094720802
4669,20221018_110149.mat,4438098,4.438098,1,175,0.235073657507851
4670,20221018_110149.mat,4456605,4.456605,1,160,1.04356238025878
4671,20221018_110149.mat,4456804,4.456804,1,160,0.0922115874451624
4672,20221018_110149.mat,4471132,4.471132,1,165,0.10035669883886
4673,20221018_110149.mat,4479291,4.479291,1,160,1.54873233924948
4674,20221018_110149.mat,4479490,4.47949,1,165,1.22183637528676
4675,20221018_110149.mat,4479689,4.479689,1,160,0.268137646752368
4676,20221018_110149.mat,4479888,4.479888,1,160,0.0911492447569984
4677,20221018_110149.mat,4480286,4.480286,1,160,2.44462728504886
4678,20221018_110149.mat,4480485,4.480485,1,160,1.39337327513869
4679,20221018_110149.mat,4480684,4.480684,1,160,1.99700342246742
4680,20221018_110149.mat,4480883,4.480883,1,160,0.369099002944486
4681,20221018_110149.mat,4481082,4.481082,1,160,0.125208435004
4682,20221018_110149.mat,4494614,4.494614,1,160,0.484502400256414
4683,20221018_110149.mat,4498395,4.498395,1,230,0.0420293310546673
4684,20221018_110149.mat,4498594,4.498594,1,160,0.174972847018474
4685,20221018_110149.mat,4516504,4.516504,1,160,0.757844110975556
4686,20221018_110149.mat,4516703,4.516703,1,175,0.297870757366639
4687,20221018_110149.mat,4533220,4.53322,1,165,0.0350625853478485
4688,20221018_110149.mat,4618591,4.618591,1,170,0.0451045898902254
4689,20221018_110149.mat,4618790,4.61879,1,160,0.661063882105933
4690,20221018_110149.mat,4618989,4.618989,1,165,0.10502531941519
4691,20221018_110149.mat,4641277,4.641277,1,160,0.784356983587648
4692,20221018_110149.mat,4641476,4.641476,1,175,0.0682337898346687
4693,20221018_110149.mat,4649038,4.649038,1,160,0.174231875498247
4694,20221018_110149.mat,4649237,4.649237,1,180,0.104151077758547
4695,20221018_110149.mat,4707743,4.707743,1,175,0.0975872658204095
4696,20221018_110149.mat,4726449,4.726449,1,175,0.0548983578063456
4697,20221018_110149.mat,4745951,4.745951,1,170,0.0496945948435456
4698,20221018_110149.mat,4746150,4.74615,1,160,0.0760403437973578
4699,20221018_110149.mat,4746548,4.746548,1,195,0.0656418799015481
4700,20221018_110149.mat,4746747,4.746747,1,175,0.166825045148585
4701,20221018_110149.mat,4750130,4.75013,1,230,0.0531684069446075
4702,20221018_110149.mat,4766846,4.766846,1,160,1.92733716460257
4703,20221018_110149.mat,4767045,4.767045,1,160,0.400979931972399
4704,20221018_110149.mat,4774010,4.77401,1,160,0.0811647818869586
4705,20221018_110149.mat,4828337,4.828337,1,160,0.0946198827024823
4706,20221018_110149.mat,4862167,4.862167,1,160,4.12758736495203
4707,20221018_110149.mat,4862366,4.862366,1,175,0.44618738758949
4708,20221018_110149.mat,4862565,4.862565,1,160,0.146423445339393
4709,20221018_110149.mat,4862764,4.862764,1,160,0.0535555827275399
4710,20221018_110149.mat,4864754,4.864754,1,180,0.0643702170765428
4711,20221018_110149.mat,4887241,4.887241,1,155,0.10393161766429
4712,20221018_110149.mat,4887440,4.88744,1,160,0.0896222159811397
4713,20221018_110149.mat,4893211,4.893211,1,160,4.10727687646309
4714,20221018_110149.mat,4893410,4.89341,1,160,0.644588224780443
4715,20221018_110149.mat,4893609,4.893609,1,160,0.369612207772208
4716,20221018_110149.mat,4916693,4.916693,1,225,0.113086421689843
4717,20221018_110149.mat,4939976,4.939976,1,230,0.0674963670706942
4718,20221018_110149.mat,4944354,4.944354,1,230,0.0773701930378522
4719,20221018_110149.mat,4948732,4.948732,1,165,0.116944936587676
4720,20221018_110149.mat,4957687,4.957687,1,160,0.144719706683215
4721,20221018_110149.mat,4964055,4.964055,1,160,0.0540086923852001
4722,20221018_110149.mat,4980373,4.980373,1,230,0.083626992803144
4723,20221018_110149.mat,4989328,4.989328,1,160,0.262019171041142
4724,20221018_110149.mat,4998283,4.998283,1,170,0.120651088117098
4725,20221018_110154.mat,17114,0.017114,1,275,0.0729303180161935
4726,20221018_110154.mat,25472,0.025472,1,160,0.117172424014365
4727,20221018_110154.mat,27462,0.027462,1,160,0.176347369030143
4728,20221018_110154.mat,58904,0.058904,1,165,0.145764806261933
4729,20221018_110154.mat,77411,0.077411,1,155,0.0538761230064126
4730,20221018_110154.mat,89550,0.08955,1,165,0.470096972215385
4731,20221018_110154.mat,89749,0.089749,1,160,0.197668886512432
4732,20221018_110154.mat,89948,0.089948,1,160,0.118049716566482
4733,20221018_110154.mat,91142,0.091142,1,255,0.065829810432954
4734,20221018_110154.mat,91341,0.091341,1,160,0.948853927734786
4735,20221018_110154.mat,91540,0.09154,1,160,0.286085163077632
4736,20221018_110154.mat,97908,0.097908,1,160,0.0995294867793472
4737,20221018_110154.mat,112435,0.112435,1,160,0.0801027373151515
4738,20221018_110154.mat,139897,0.139897,1,165,0.147610350240504
4739,20221018_110154.mat,148852,0.148852,1,160,0.111209980227641
4740,20221018_110154.mat,149051,0.149051,1,155,0.0777089258443181
4741,20221018_110154.mat,149250,0.14925,1,160,2.31674734413955
4742,20221018_110154.mat,149449,0.149449,1,155,0.325808008448943
4743,20221018_110154.mat,149648,0.149648,1,160,0.106770617695846
4744,20221018_110154.mat,149847,0.149847,1,160,11.3115902668769
4745,20221018_110154.mat,150046,0.150046,1,155,1.94115223278443
4746,20221018_110154.mat,150245,0.150245,1,160,0.613121057146506
4747,20221018_110154.mat,150444,0.150444,1,160,0.234692876064622
4748,20221018_110154.mat,170344,0.170344,1,160,0.0992611528365411
4749,20221018_110154.mat,170543,0.170543,1,160,0.103826303259373
4750,20221018_110154.mat,178702,0.178702,1,160,1.97847158861122
4751,20221018_110154.mat,178901,0.178901,1,160,0.096334664700949
4752,20221018_110154.mat,190045,0.190045,1,225,0.115185403247939
4753,20221018_110154.mat,191239,0.191239,1,230,0.0916422417469161
4754,20221018_110154.mat,206562,0.206562,1,225,0.0878250616058767
4755,20221018_110154.mat,225268,0.225268,1,160,0.0636980855628068
4756,20221018_110154.mat,226860,0.22686,1,155,6.43986054973753
4757,20221018_110154.mat,227059,0.227059,1,160,2.93125291325671
4758,20221018_110154.mat,227258,0.227258,1,155,0.214982791997462
4759,20221018_110154.mat,227457,0.227457,1,160,0.134516876879661
4760,20221018_110154.mat,228253,0.228253,1,160,0.0621216404148279
4761,20221018_110154.mat,229646,0.229646,1,160,9.00402597376344
4762,20221018_110154.mat,229845,0.229845,1,160,8.2401553417255
4763,20221018_110154.mat,230044,0.230044,1,160,3.9861567339727
4764,20221018_110154.mat,230243,0.230243,1,160,0.549347113423087
4765,20221018_110154.mat,230442,0.230442,1,160,0.182950944804657
4766,20221018_110154.mat,230840,0.23084,1,160,0.456838604565641
4767,20221018_110154.mat,231039,0.231039,1,160,0.319559565411826
4768,20221018_110154.mat,235019,0.235019,1,160,1.464650875599
4769,20221018_110154.mat,235218,0.235218,1,155,0.133736610318866
4770,20221018_110154.mat,236213,0.236213,1,160,0.247694961680616
4771,20221018_110154.mat,236412,0.236412,1,160,0.131644304280185
4772,20221018_110154.mat,237009,0.237009,1,160,2.89084162613776
4773,20221018_110154.mat,237208,0.237208,1,160,0.294645373140424
4774,20221018_110154.mat,237407,0.237407,1,160,0.0807157817826565
4775,20221018_110154.mat,237805,0.237805,1,160,4.48038411886657
4776,20221018_110154.mat,238004,0.238004,1,160,1.052524207722
4777,20221018_110154.mat,238203,0.238203,1,160,0.189267925474847
4778,20221018_110154.mat,238402,0.238402,1,160,0.100081611275847
4779,20221018_110154.mat,238999,0.238999,1,160,0.629896237705439
4780,20221018_110154.mat,239198,0.239198,1,160,1.11209600714976
4781,20221018_110154.mat,239397,0.239397,1,160,0.252385709450918
4782,20221018_110154.mat,239596,0.239596,1,160,56.0213128572144
4783,20221018_110154.mat,239795,0.239795,1,160,115.361972832004
4784,20221018_110154.mat,239994,0.239994,1,165,5.68709865161956
4785,20221018_110154.mat,240193,0.240193,1,160,4.78431773594024
4786,20221018_110154.mat,240392,0.240392,1,160,1.45272767525566
4787,20221018_110154.mat,240591,0.240591,1,160,0.319928600077732
4788,20221018_110154.mat,240790,0.24079,1,135,0.0633565804049124
4789,20221018_110154.mat,253725,0.253725,1,225,0.0426057829342876
4790,20221018_110154.mat,271237,0.271237,1,170,1.64448464174223
4791,20221018_110154.mat,271436,0.271436,1,160,2.33945109726073
4792,20221018_110154.mat,271635,0.271635,1,160,0.553999455401549
4793,20221018_110154.mat,271834,0.271834,1,160,0.0937222868886968
4794,20221018_110154.mat,282978,0.282978,1,160,0.512269196906503
4795,20221018_110154.mat,283177,0.283177,1,155,0.281614811474019
4796,20221018_110154.mat,283376,0.283376,1,160,0.249302978109765
4797,20221018_110154.mat,284769,0.284769,1,160,0.135656410934457
4798,20221018_110154.mat,293127,0.293127,1,225,0.0943429909935947
4799,20221018_110154.mat,297505,0.297505,1,160,0.946552668016485
4800,20221018_110154.mat,297704,0.297704,1,175,0.190068182071664
4801,20221018_110154.mat,297903,0.297903,1,160,0.114932408645859
4802,20221018_110154.mat,302281,0.302281,1,225,1.30104206839102
4803,20221018_110154.mat,302480,0.30248,1,165,0.133866128878869
4804,20221018_110154.mat,305067,0.305067,1,200,0.127491730584923
4805,20221018_110154.mat,305266,0.305266,1,160,1.58253257615927
4806,20221018_110154.mat,305465,0.305465,1,160,0.368600022829342
4807,20221018_110154.mat,305664,0.305664,1,160,0.130832558662196
4808,20221018_110154.mat,310241,0.310241,1,160,0.978065815920973
4809,20221018_110154.mat,310440,0.31044,1,155,0.363311944492864
4810,20221018_110154.mat,335315,0.335315,1,160,0.0733711163928332
4811,20221018_110154.mat,342877,0.342877,1,230,0.0440701773716709
4812,20221018_110154.mat,343076,0.343076,1,160,0.134663827825156
4813,20221018_110154.mat,350439,0.350439,1,160,0.201276221210046
4814,20221018_110154.mat,361782,0.361782,1,160,0.483637494103941
4815,20221018_110154.mat,361981,0.361981,1,160,0.210779450643654
4816,20221018_110154.mat,387453,0.387453,1,175,0.268976901998265
4817,20221018_110154.mat,387652,0.387652,1,160,0.105066493619354
4818,20221018_110154.mat,400786,0.400786,1,160,0.032318790654386
4819,20221018_110154.mat,400985,0.400985,1,175,0.0601266344371668
4820,20221018_110154.mat,421283,0.421283,1,225,0.0778046675636186
4821,20221018_110154.mat,425661,0.425661,1,180,2.49393615106769
4822,20221018_110154.mat,425860,0.42586,1,165,1.41077763720477
4823,20221018_110154.mat,426059,0.426059,1,160,0.365837939548543
4824,20221018_110154.mat,426258,0.426258,1,160,0.0893548094685977
4825,20221018_110154.mat,428845,0.428845,1,170,0.0659939805896251
4826,20221018_110154.mat,451929,0.451929,1,180,0.114822081352439
4827,20221018_110154.mat,458695,0.458695,1,155,0.0827165887039797
4828,20221018_110154.mat,496704,0.496704,1,225,0.656375199538748
4829,20221018_110154.mat,496903,0.496903,1,165,0.74112531917249
4830,20221018_110154.mat,497102,0.497102,1,160,0.103396366951593
4831,20221018_110154.mat,507649,0.507649,1,230,0.101152844804856
4832,20221018_110154.mat,525161,0.525161,1,170,0.0688649354131582
4833,20221018_110154.mat,550633,0.550633,1,170,0.145388406703901
4834,20221018_110154.mat,558792,0.558792,1,230,0.178230363269371
4835,20221018_110154.mat,558991,0.558991,1,165,0.0549131739107288
4836,20221018_110154.mat,559588,0.559588,1,160,0.0567419793441463
4837,20221018_110154.mat,584662,0.584662,1,160,0.484480632895727
4838,20221018_110154.mat,584861,0.584861,1,170,0.392548571548651
4839,20221018_110154.mat,585060,0.58506,1,160,0.167689834190203
4840,20221018_110154.mat,637596,0.637596,1,160,0.0603438838819518
4841,20221018_110154.mat,637795,0.637795,1,160,0.0807052142010591
4842,20221018_110154.mat,643964,0.643964,1,160,0.0521839000303518
4843,20221018_110154.mat,644163,0.644163,1,165,0.0638387822975157
4844,20221018_110154.mat,701674,0.701674,1,225,0.0586132522053729
4845,20221018_110154.mat,713415,0.713415,1,180,0.0463121926841269
4846,20221018_110154.mat,755205,0.755205,1,155,0.894615014022556
4847,20221018_110154.mat,755404,0.755404,1,160,1.66298581815739
4848,20221018_110154.mat,755603,0.755603,1,160,0.229620444703259
4849,20221018_110154.mat,788040,0.78804,1,160,1.00950563597608
4850,20221018_110154.mat,788239,0.788239,1,170,0.0946372615983367
4851,20221018_110154.mat,790428,0.790428,1,165,0.213894158730044
4852,20221018_110154.mat,790627,0.790627,1,160,0.0886591508901729
4853,20221018_110154.mat,848934,0.848934,1,220,0.138874009954841
4854,20221018_110154.mat,849133,0.849133,1,155,8.05949746195956
4855,20221018_110154.mat,849332,0.849332,1,165,2.47232198908103
4856,20221018_110154.mat,849531,0.849531,1,160,0.370398513245088
4857,20221018_110154.mat,849730,0.84973,1,160,0.12884822478356
4858,20221018_110154.mat,850725,0.850725,1,155,0.228406095735996
4859,20221018_110154.mat,850924,0.850924,1,165,0.0893051443752207
4860,20221018_110154.mat,862267,0.862267,1,170,0.128548546812577
4861,20221018_110154.mat,862466,0.862466,1,160,0.045898441732697
4862,20221018_110154.mat,865053,0.865053,1,160,0.497146593374559
4863,20221018_110154.mat,865252,0.865252,1,160,0.0764085312234553
4864,20221018_110154.mat,913410,0.91341,1,165,0.0500730751417851
4865,20221018_110154.mat,933907,0.933907,1,170,0.112465227763613
4866,20221018_110154.mat,942464,0.942464,1,165,0.0441762267767083
4867,20221018_110154.mat,952215,0.952215,1,170,0.131483129431998
4868,20221018_110154.mat,956593,0.956593,1,155,0.276745316845509
4869,20221018_110154.mat,964354,0.964354,1,155,0.363214893082273
4870,20221018_110154.mat,964553,0.964553,1,160,0.32264418902441
4871,20221018_110154.mat,981070,0.98107,1,160,0.546464976855586
4872,20221018_110154.mat,1009726,1.009726,1,170,0.0619862518024747
4873,20221018_110154.mat,1014104,1.014104,1,160,0.127806080053208
4874,20221018_110154.mat,1031019,1.031019,1,170,0.136362561601474
4875,20221018_110154.mat,1034601,1.034601,1,160,0.257145268967535
4876,20221018_110154.mat,1074003,1.074003,1,165,0.0593045683626318
4877,20221018_110154.mat,1074401,1.074401,1,160,1.62772195295725
4878,20221018_110154.mat,1074600,1.0746,1,160,0.267142436189754
4879,20221018_110154.mat,1074799,1.074799,1,160,0.142548587872639
4880,20221018_110154.mat,1082759,1.082759,1,220,0.206677699909906
4881,20221018_110154.mat,1082958,1.082958,1,160,0.625128841928199
4882,20221018_110154.mat,1083356,1.083356,1,155,0.170115739262385
4883,20221018_110154.mat,1083555,1.083555,1,165,0.0549169334980124
4884,20221018_110154.mat,1083953,1.083953,1,160,0.150559082020119
4885,20221018_110154.mat,1084152,1.084152,1,160,0.349592434756039
4886,20221018_110154.mat,1087933,1.087933,1,160,0.122759418616862
4887,20221018_110154.mat,1088132,1.088132,1,170,0.0712302476043345
4888,20221018_110154.mat,1119574,1.119574,1,275,0.0905728078498884
4889,20221018_110154.mat,1119773,1.119773,1,280,0.08162130358829
4890,20221018_110154.mat,1119972,1.119972,1,160,0.183741545156912
4891,20221018_110154.mat,1120171,1.120171,1,175,0.0968994826407455
4892,20221018_110154.mat,1121166,1.121166,1,180,0.127801276440755
4893,20221018_110154.mat,1121365,1.121365,1,175,0.0643190377226156
4894,20221018_110154.mat,1122559,1.122559,1,170,0.124318435990772
4895,20221018_110154.mat,1126141,1.126141,1,175,0.0653893495090827
4896,20221018_110154.mat,1131912,1.131912,1,230,0.0685003442760411
4897,20221018_110154.mat,1172110,1.17211,1,180,0.0359548305127708
4898,20221018_110154.mat,1174100,1.1741,1,220,0.0748805338672154
4899,20221018_110154.mat,1174299,1.174299,1,160,0.1985089423988
4900,20221018_110154.mat,1178677,1.178677,1,160,0.435160118216506
4901,20221018_110154.mat,1178876,1.178876,1,160,0.20076167959634
4902,20221018_110154.mat,1183652,1.183652,1,175,0.672163048979933
4903,20221018_110154.mat,1183851,1.183851,1,160,0.141743109842928
4904,20221018_110154.mat,1190020,1.19002,1,155,0.0580482956864102
4905,20221018_110154.mat,1209124,1.209124,1,160,0.595262447631273
4906,20221018_110154.mat,1209323,1.209323,1,160,0.142657012293646
4907,20221018_110154.mat,1210915,1.210915,1,170,0.129779816148867
4908,20221018_110154.mat,1211114,1.211114,1,170,0.0550863968093892
4909,20221018_110154.mat,1214696,1.214696,1,160,0.881050091738936
4910,20221018_110154.mat,1214895,1.214895,1,160,0.523991853621727
4911,20221018_110154.mat,1215094,1.215094,1,160,0.116943250572909
4912,20221018_110154.mat,1285540,1.28554,1,225,0.032468939497137
4913,20221018_110154.mat,1305042,1.305042,1,170,0.0919708879668713
4914,20221018_110154.mat,1312604,1.312604,1,175,0.195540929307223
4915,20221018_110154.mat,1319370,1.31937,1,170,0.111621116981676
4916,20221018_110154.mat,1319569,1.319569,1,160,0.13593647080402
4917,20221018_110154.mat,1320564,1.320564,1,160,0.181028447753176
4918,20221018_110154.mat,1320763,1.320763,1,165,0.118851201927839
4919,20221018_110154.mat,1362354,1.362354,1,160,0.29005249499706
4920,20221018_110154.mat,1362553,1.362553,1,160,0.0564214551825748
4921,20221018_110154.mat,1432800,1.4328,1,155,0.218061961109088
4922,20221018_110154.mat,1435387,1.435387,1,280,1.44927223462717
4923,20221018_110154.mat,1435586,1.435586,1,160,1.38669610811996
4924,20221018_110154.mat,1435785,1.435785,1,160,0.176256499777634
4925,20221018_110154.mat,1442551,1.442551,1,165,0.0480166969576979
4926,20221018_110154.mat,1451904,1.451904,1,155,0.760068428479841
4927,20221018_110154.mat,1452103,1.452103,1,155,0.143582889764472
4928,20221018_110154.mat,1452302,1.452302,1,160,0.0983521235270682
4929,20221018_110154.mat,1465834,1.465834,1,160,0.122191355786291
4930,20221018_110154.mat,1478172,1.478172,1,230,0.0539008628591301
4931,20221018_110154.mat,1484341,1.484341,1,160,0.119963370424629
4932,20221018_110154.mat,1491107,1.491107,1,165,0.229671028748906
4933,20221018_110154.mat,1491306,1.491306,1,160,0.29689517674434
4934,20221018_110154.mat,1515982,1.515982,1,170,0.165038849564647
4935,20221018_110154.mat,1516181,1.516181,1,165,0.106872539519325
4936,20221018_110154.mat,1540658,1.540658,1,155,0.0863267787550783
4937,20221018_110154.mat,1563344,1.563344,1,170,0.0533822173920364
4938,20221018_110154.mat,1564936,1.564936,1,170,0.219863251629686
4939,20221018_110154.mat,1565135,1.565135,1,165,0.0609542560730612
4940,20221018_110154.mat,1567125,1.567125,1,175,0.103238569160217
4941,20221018_110154.mat,1567324,1.567324,1,160,0.123976761993223
4942,20221018_110154.mat,1608318,1.608318,1,160,0.122992472358075
4943,20221018_110154.mat,1630805,1.630805,1,160,0.129594034105718
4944,20221018_110154.mat,1641153,1.641153,1,360,0.0429586805353032
4945,20221018_110154.mat,1641352,1.641352,1,165,0.191691275979232
4946,20221018_110154.mat,1648516,1.648516,1,180,0.0453004552414895
4947,20221018_110154.mat,1672197,1.672197,1,160,0.0690994024636473
4948,20221018_110154.mat,1683540,1.68354,1,225,0.133112707317721
4949,20221018_110154.mat,1683739,1.683739,1,160,0.0903609155816677
4950,20221018_110154.mat,1705231,1.705231,1,155,0.273270384936608
4951,20221018_110154.mat,1705430,1.70543,1,170,0.0701282475699345
4952,20221018_110154.mat,1715181,1.715181,1,220,0.140120599107357
4953,20221018_110154.mat,1715380,1.71538,1,160,0.242174987741779
4954,20221018_110154.mat,1715579,1.715579,1,160,0.114225282308251
4955,20221018_110154.mat,1723539,1.723539,1,175,0.048764605954115
4956,20221018_110154.mat,1723738,1.723738,1,170,0.0729121773670066
4957,20221018_110154.mat,1727320,1.72732,1,160,0.112731364901789
4958,20221018_110154.mat,1734484,1.734484,1,160,0.0453619270624764
4959,20221018_110154.mat,1764334,1.764334,1,170,0.226644169917397
4960,20221018_110154.mat,1764533,1.764533,1,165,0.0688166540860855
4961,20221018_110154.mat,1771100,1.7711,1,165,0.0829654799804553
4962,20221018_110154.mat,1772493,1.772493,1,175,0.201055368830006
4963,20221018_110154.mat,1805328,1.805328,1,160,0.0682510006188986
4964,20221018_110154.mat,1805925,1.805925,1,170,0.0965215472281259
4965,20221018_110154.mat,1811895,1.811895,1,160,0.0484531756682963
4966,20221018_110154.mat,1812094,1.812094,1,165,0.460856572798559
4967,20221018_110154.mat,1812293,1.812293,1,160,0.0920276622552051
4968,20221018_110154.mat,1812492,1.812492,1,165,0.0763017026409941
4969,20221018_110154.mat,1815477,1.815477,1,170,0.0780712428367842
4970,20221018_110154.mat,1815676,1.815676,1,165,0.111148099252695
4971,20221018_110154.mat,1815875,1.815875,1,170,0.650962726125477
4972,20221018_110154.mat,1816074,1.816074,1,160,0.0963309414732741
4973,20221018_110154.mat,1842342,1.842342,1,160,0.550548118638609
4974,20221018_110154.mat,1842541,1.842541,1,175,0.467618589012679
4975,20221018_110154.mat,1842740,1.84274,1,160,0.141761708294052
4976,20221018_110154.mat,1880948,1.880948,1,175,0.144104624108814
4977,20221018_110154.mat,1881147,1.881147,1,160,7.58808069590788
4978,20221018_110154.mat,1881346,1.881346,1,160,0.650884882492269
4979,20221018_110154.mat,1881545,1.881545,1,160,0.375225672991242
4980,20221018_110154.mat,1888311,1.888311,1,230,0.440974963722443
4981,20221018_110154.mat,1888510,1.88851,1,180,0.115867217467375
4982,20221018_110154.mat,1930300,1.9303,1,185,0.0505130294936342
4983,20221018_110154.mat,1930499,1.930499,1,170,0.0751442885217829
4984,20221018_110154.mat,1935275,1.935275,1,225,0.0862174485606658
4985,20221018_110154.mat,1938857,1.938857,1,160,0.854149599032526
4986,20221018_110154.mat,1939056,1.939056,1,160,0.299612200612819
4987,20221018_110154.mat,1939255,1.939255,1,160,0.212151956962895
4988,20221018_110154.mat,1949006,1.949006,1,160,1.47378293004224
4989,20221018_110154.mat,1949205,1.949205,1,160,0.858237039032749
4990,20221018_110154.mat,1949404,1.949404,1,160,0.166954331187855
4991,20221018_110154.mat,1950996,1.950996,1,155,0.0883970068028953
4992,20221018_110154.mat,1951195,1.951195,1,160,0.421311433313332
4993,20221018_110154.mat,1951394,1.951394,1,165,0.0528782492889604
4994,20221018_110154.mat,1980448,1.980448,1,160,0.0574159053945825
4995,20221018_110154.mat,1980647,1.980647,1,180,0.0728291379468629
4996,20221018_110154.mat,1984826,1.984826,1,160,0.0789448824080829
4997,20221018_110154.mat,1988607,1.988607,1,160,0.0929257635874419
4998,20221018_110154.mat,1989204,1.989204,1,170,0.182599298670039
4999,20221018_110154.mat,1992189,1.992189,1,170,0.0591638344300994
5000,20221018_110154.mat,1992786,1.992786,1,170,0.129189491168057
5001,20221018_110154.mat,1993184,1.993184,1,170,0.2985017834119
5002,20221018_110154.mat,1995174,1.995174,1,160,0.0732116734811384
5003,20221018_110154.mat,1995373,1.995373,1,170,0.100605120197822
5004,20221018_110154.mat,1999552,1.999552,1,170,0.0561747481505947
5005,20221018_110154.mat,1999751,1.999751,1,180,0.0517164272215973
5006,20221018_110154.mat,2007512,2.007512,1,160,0.0534677628376533
5007,20221018_110154.mat,2007711,2.007711,1,160,0.148383475129703
5008,20221018_110154.mat,2009502,2.009502,1,180,0.0452666452125452
5009,20221018_110154.mat,2009701,2.009701,1,170,0.0746321825572345
5010,20221018_110154.mat,2014079,2.014079,1,160,7.62762520154547
5011,20221018_110154.mat,2014278,2.014278,1,175,0.69799595192216
5012,20221018_110154.mat,2014477,2.014477,1,160,0.43918393755198
5013,20221018_110154.mat,2014676,2.014676,1,160,0.0889112526542069
5014,20221018_110154.mat,2022238,2.022238,1,170,0.137422940028083
5015,20221018_110154.mat,2025820,2.02582,1,170,0.22003322498979
5016,20221018_110154.mat,2075371,2.075371,1,170,0.180101840619035
5017,20221018_110154.mat,2075570,2.07557,1,165,0.130203491214798
5018,20221018_110154.mat,2078555,2.078555,1,170,0.137046306315079
5019,20221018_110154.mat,2093679,2.093679,1,170,0.137188652860898
5020,20221018_110154.mat,2094276,2.094276,1,165,0.0871326020454874
5021,20221018_110154.mat,2094475,2.094475,1,180,0.0591731578484996
5022,20221018_110154.mat,2103430,2.10343,1,170,0.201761141482373
5023,20221018_110154.mat,2106216,2.106216,1,160,0.147717562354891
5024,20221018_110154.mat,2127310,2.12731,1,170,0.204071748898651
5025,20221018_110154.mat,2127708,2.127708,1,180,0.131174321931528
5026,20221018_110154.mat,2130096,2.130096,1,170,0.211214406983192
5027,20221018_110154.mat,2133280,2.13328,1,185,0.0593565208305156
5028,20221018_110154.mat,2133479,2.133479,1,180,0.0697955320305503
5029,20221018_110154.mat,2140643,2.140643,1,160,0.67367545913972
5030,20221018_110154.mat,2140842,2.140842,1,175,0.291924483683612
5031,20221018_110154.mat,2142235,2.142235,1,170,0.079888123828124
5032,20221018_110154.mat,2142434,2.142434,1,170,0.172550041589509
5033,20221018_110154.mat,2143827,2.143827,1,170,0.149421798630052
5034,20221018_110154.mat,2146812,2.146812,1,165,0.0468023259532057
5035,20221018_110154.mat,2147011,2.147011,1,170,0.143978796085348
5036,20221018_110154.mat,2147608,2.147608,1,170,0.102844145419206
5037,20221018_110154.mat,2148802,2.148802,1,170,0.0716510478885202
5038,20221018_110154.mat,2149001,2.149001,1,165,0.204216734393364
5039,20221018_110154.mat,2149200,2.1492,1,170,0.196582334472477
5040,20221018_110154.mat,2149797,2.149797,1,165,0.0925265293597872
5041,20221018_110154.mat,2149996,2.149996,1,170,0.181119382168553
5042,20221018_110154.mat,2150394,2.150394,1,170,0.280605415889438
5043,20221018_110154.mat,2150593,2.150593,1,165,0.114950287937007
5044,20221018_110154.mat,2150792,2.150792,1,160,0.0962655230239765
5045,20221018_110154.mat,2150991,2.150991,1,180,0.198672534532924
5046,20221018_110154.mat,2151190,2.15119,1,170,0.0731405475196508
5047,20221018_110154.mat,2152782,2.152782,1,160,0.0735218342081198
5048,20221018_110154.mat,2225417,2.225417,1,160,0.550501836773814
5049,20221018_110154.mat,2234571,2.234571,1,150,0.0624173937699605
5050,20221018_110154.mat,2234770,2.23477,1,160,0.0735592790230988
5051,20221018_110154.mat,2255068,2.255068,1,155,0.0695420511384898
5052,20221018_110154.mat,2292878,2.292878,1,160,0.0621783162637837
5053,20221018_110154.mat,2303425,2.303425,1,170,0.0964095550561297
5054,20221018_110154.mat,2303624,2.303624,1,165,0.0638556068002694
5055,20221018_110154.mat,2310788,2.310788,1,160,0.13232674190202
5056,20221018_110154.mat,2310987,2.310987,1,160,0.199693608439349
5057,20221018_110154.mat,2311783,2.311783,1,155,0.0588770262382568
5058,20221018_110154.mat,2317554,2.317554,1,165,0.409217964836307
5059,20221018_110154.mat,2317753,2.317753,1,155,0.641885433803953
5060,20221018_110154.mat,2317952,2.317952,1,160,0.331323564838383
5061,20221018_110154.mat,2318151,2.318151,1,160,0.12741092959597
5062,20221018_110154.mat,2329892,2.329892,1,160,0.0885146897252798
5063,20221018_110154.mat,2334071,2.334071,1,175,0.131655528598184
5064,20221018_110154.mat,2348797,2.348797,1,170,0.0890242712563138
5065,20221018_110154.mat,2364717,2.364717,1,165,0.0768838938735511
5066,20221018_110154.mat,2364916,2.364916,1,165,0.0467981396892343
5067,20221018_110154.mat,2370687,2.370687,1,155,0.0451787086852175
5068,20221018_110154.mat,2385413,2.385413,1,170,0.157755970516988
5069,20221018_110154.mat,2385612,2.385612,1,165,0.0976222284588308
5070,20221018_110154.mat,2395363,2.395363,1,170,0.137056608461266
5071,20221018_110154.mat,2405512,2.405512,1,165,0.0475277494233627
5072,20221018_110154.mat,2405711,2.405711,1,160,0.070711040076359
5073,20221018_110154.mat,2405910,2.40591,1,155,0.229073130284558
5074,20221018_110154.mat,2406109,2.406109,1,175,0.244591140165888
5075,20221018_110154.mat,2427402,2.427402,1,155,0.422397312359766
5076,20221018_110154.mat,2427601,2.427601,1,160,0.0902932164966421
5077,20221018_110154.mat,2429790,2.42979,1,170,0.0778965062654266
5078,20221018_110154.mat,2431183,2.431183,1,160,0.0979152188074778
5079,20221018_110154.mat,2438148,2.438148,1,165,0.113933895770396
5080,20221018_110154.mat,2438347,2.438347,1,165,0.0729643817323287
5081,20221018_110154.mat,2441929,2.441929,1,165,0.0697046402307118
5082,20221018_110154.mat,2442128,2.442128,1,160,0.108055494844264
5083,20221018_110154.mat,2446307,2.446307,1,170,0.0668648178266564
5084,20221018_110154.mat,2449690,2.44969,1,175,0.0417960480323254
5085,20221018_110154.mat,2449889,2.449889,1,155,0.0548450068169329
5086,20221018_110154.mat,2457650,2.45765,1,170,0.186169950390596
5087,20221018_110154.mat,2457849,2.457849,1,165,0.128902643464152
5088,20221018_110154.mat,2466406,2.466406,1,160,0.0424860019415316
5089,20221018_110154.mat,2467799,2.467799,1,155,0.171448734044277
5090,20221018_110154.mat,2467998,2.467998,1,170,0.101734366375231
5091,20221018_110154.mat,2475162,2.475162,1,160,3.21481654844774
5092,20221018_110154.mat,2475361,2.475361,1,175,0.482978577071432
5093,20221018_110154.mat,2475560,2.47556,1,160,0.322127824628138
5094,20221018_110154.mat,2475759,2.475759,1,160,0.110420512586582
5095,20221018_110154.mat,2495460,2.49546,1,160,5.50835298018641
5096,20221018_110154.mat,2495659,2.495659,1,160,1.35885177539227
5097,20221018_110154.mat,2495858,2.495858,1,160,0.401500418309977
5098,20221018_110154.mat,2496057,2.496057,1,160,0.0793637259877974
5099,20221018_110154.mat,2499241,2.499241,1,170,0.0948351433242529
5100,20221018_110154.mat,2517151,2.517151,1,225,0.0638463713065839
5101,20221018_110154.mat,2526305,2.526305,1,160,0.0757012501067022
5102,20221018_110154.mat,2526504,2.526504,1,170,0.0988905209035863
5103,20221018_110154.mat,2533867,2.533867,1,155,0.138238329642573
5104,20221018_110154.mat,2548792,2.548792,1,175,0.132709301578292
5105,20221018_110154.mat,2548991,2.548991,1,175,0.18414087346977
5106,20221018_110154.mat,2556354,2.556354,1,170,0.285580932879483
5107,20221018_110154.mat,2556553,2.556553,1,170,0.095002413584611
5108,20221018_110154.mat,2560334,2.560334,1,170,0.0945513241274805
5109,20221018_110154.mat,2560931,2.560931,1,160,0.164177313192291
5110,20221018_110154.mat,2561130,2.56113,1,160,0.140437375010138
5111,20221018_110154.mat,2573269,2.573269,1,155,0.496510976618182
5112,20221018_110154.mat,2573468,2.573468,1,160,0.0747755993542811
5113,20221018_110154.mat,2602522,2.602522,1,160,0.249696798083786
5114,20221018_110154.mat,2602721,2.602721,1,175,0.360071854741983
5115,20221018_110154.mat,2602920,2.60292,1,160,0.0920320593288071
5116,20221018_110154.mat,2610681,2.610681,1,225,0.0636743255727567
5117,20221018_110154.mat,2610880,2.61088,1,160,0.816776845775142
5118,20221018_110154.mat,2611278,2.611278,1,165,0.21203627390898
5119,20221018_110154.mat,2611477,2.611477,1,175,0.374651580662697
5120,20221018_110154.mat,2611676,2.611676,1,160,0.0909853728815212
5121,20221018_110154.mat,2656650,2.65665,1,160,0.138924406911762
5122,20221018_110154.mat,2656849,2.656849,1,225,0.106438787430141
5123,20221018_110154.mat,2673366,2.673366,1,160,0.0632092684962449
5124,20221018_110154.mat,2682918,2.682918,1,160,1.94997828333867
5125,20221018_110154.mat,2683117,2.683117,1,170,0.204002613793075
5126,20221018_110154.mat,2683316,2.683316,1,160,0.224015507400793
5127,20221018_110154.mat,2684311,2.684311,1,220,0.0531839527936951
5128,20221018_110154.mat,2684510,2.68451,1,160,0.555182014796466
5129,20221018_110154.mat,2700629,2.700629,1,225,0.181342118559352
5130,20221018_110154.mat,2700828,2.700828,1,225,0.12273747806975
5131,20221018_110154.mat,2704211,2.704211,1,170,0.463612038537414
5132,20221018_110154.mat,2704410,2.70441,1,165,0.265994990533318
5133,20221018_110154.mat,2714957,2.714957,1,160,0.0380177757802004
5134,20221018_110154.mat,2715156,2.715156,1,230,0.160312450519762
5135,20221018_110154.mat,2735852,2.735852,1,170,0.485378556492476
5136,20221018_110154.mat,2736051,2.736051,1,165,0.0755930939572816
5137,20221018_110154.mat,2748389,2.748389,1,160,0.100581576311427
5138,20221018_110154.mat,2755553,2.755553,1,340,0.149285231490061
5139,20221018_110154.mat,2755752,2.755752,1,160,2.024090027422
5140,20221018_110154.mat,2755951,2.755951,1,175,0.143272175053133
5141,20221018_110154.mat,2758140,2.75814,1,160,0.355531026077555
5142,20221018_110154.mat,2758339,2.758339,1,160,0.0767655630337939
5143,20221018_110154.mat,2762717,2.762717,1,160,0.214671025323874
5144,20221018_110154.mat,2767692,2.767692,1,160,0.107438894384084
5145,20221018_110154.mat,2790776,2.790776,1,225,0.0784089497093161
5146,20221018_110154.mat,2807890,2.80789,1,280,0.0579481636303545
5147,20221018_110154.mat,2810477,2.810477,1,160,0.300993917911771
5148,20221018_110154.mat,2810676,2.810676,1,155,0.0471870433976037
5149,20221018_110154.mat,2822019,2.822019,1,160,5.88313686349366
5150,20221018_110154.mat,2822218,2.822218,1,135,1.04712970816721
5151,20221018_110154.mat,2822417,2.822417,1,160,0.651911562609248
5152,20221018_110154.mat,2822616,2.822616,1,160,0.234976188844728
5153,20221018_110154.mat,2848088,2.848088,1,230,0.0734327569126837
5154,20221018_110154.mat,2866197,2.866197,1,160,1.17370860508647
5155,20221018_110154.mat,2866396,2.866396,1,160,0.309568370351675
5156,20221018_110154.mat,2866595,2.866595,1,160,0.0983664833365877
5157,20221018_110154.mat,2872764,2.872764,1,160,0.407901059651696
5158,20221018_110154.mat,2881321,2.881321,1,160,0.0836460791380721
5159,20221018_110154.mat,2882117,2.882117,1,160,0.166247352822597
5160,20221018_110154.mat,2939628,2.939628,1,160,0.143756676480918
5161,20221018_110154.mat,2955548,2.955548,1,160,0.100480338098808
5162,20221018_110154.mat,2955747,2.955747,1,160,0.433900791724422
5163,20221018_110154.mat,2955946,2.955946,1,160,0.110160487699929
5164,20221018_110154.mat,2981020,2.98102,1,155,0.0939178209364952
5165,20221018_110154.mat,2981219,2.981219,1,160,0.65872366206961
5166,20221018_110154.mat,2981418,2.981418,1,160,0.141875209362375
5167,20221018_110154.mat,2988383,2.988383,1,160,0.0643884101824605
5168,20221018_110154.mat,3003507,3.003507,1,160,0.0998105632961284
5169,20221018_110154.mat,3014651,3.014651,1,170,0.191897886835226
5170,20221018_110154.mat,3014850,3.01485,1,170,0.106419215004592
5171,20221018_110154.mat,3015845,3.015845,1,170,0.0791375131846904
5172,20221018_110154.mat,3018432,3.018432,1,230,0.120971148845642
5173,20221018_110154.mat,3019029,3.019029,1,170,0.0953008135262018
5174,20221018_110154.mat,3019228,3.019228,1,170,0.115709480972139
5175,20221018_110154.mat,3027188,3.027188,1,160,0.179203800345434
5176,20221018_110154.mat,3027387,3.027387,1,165,0.176205110253317
5177,20221018_110154.mat,3051466,3.051466,1,230,0.162225092501175
5178,20221018_110154.mat,3064799,3.064799,1,170,0.0925331820022648
5179,20221018_110154.mat,3066192,3.066192,1,170,0.0618433989072683
5180,20221018_110154.mat,3066391,3.066391,1,230,0.109753085336167
5181,20221018_110154.mat,3066789,3.066789,1,165,0.566254342282541
5182,20221018_110154.mat,3066988,3.066988,1,170,73.2403373268256
5183,20221018_110154.mat,3067187,3.067187,1,160,13.4885008516064
5184,20221018_110154.mat,3067386,3.067386,1,160,6.67908847722548
5185,20221018_110154.mat,3067585,3.067585,1,160,1.42842089708238
5186,20221018_110154.mat,3067784,3.067784,1,160,0.367489672384187
5187,20221018_110154.mat,3067983,3.067983,1,165,0.237583124902832
5188,20221018_110154.mat,3068182,3.068182,1,155,0.176749384363421
5189,20221018_110154.mat,3068381,3.068381,1,160,0.25986511505528
5190,20221018_110154.mat,3068580,3.06858,1,160,0.0657985818501767
5191,20221018_110154.mat,3068779,3.068779,1,180,0.143385590047332
5192,20221018_110154.mat,3068978,3.068978,1,160,0.31555834804656
5193,20221018_110154.mat,3069177,3.069177,1,165,0.0838157287957617
5194,20221018_110154.mat,3069376,3.069376,1,160,0.0713878415298341
5195,20221018_110154.mat,3069575,3.069575,1,160,0.0896350288292414
5196,20221018_110154.mat,3069774,3.069774,1,160,0.094539456758075
5197,20221018_110154.mat,3069973,3.069973,1,140,0.125555660721569
5198,20221018_110154.mat,3070172,3.070172,1,165,0.264362788007916
5199,20221018_110154.mat,3070371,3.070371,1,155,0.159570649622587
5200,20221018_110154.mat,3070570,3.07057,1,165,0.0753017923833346
5201,20221018_110154.mat,3070769,3.070769,1,165,0.0742181211818172
5202,20221018_110154.mat,3070968,3.070968,1,165,0.098707140668978
5203,20221018_110154.mat,3071764,3.071764,1,165,0.0619198850624612
5204,20221018_110154.mat,3071963,3.071963,1,180,0.0689200113250519
5205,20221018_110154.mat,3075943,3.075943,1,160,0.567281193068876
5206,20221018_110154.mat,3076142,3.076142,1,165,0.108787416079345
5207,20221018_110154.mat,3076341,3.076341,1,160,0.154046220859129
5208,20221018_110154.mat,3077137,3.077137,1,165,0.0750755583896008
5209,20221018_110154.mat,3077336,3.077336,1,170,0.0571608289746197
5210,20221018_110154.mat,3077933,3.077933,1,160,0.060701896983161
5211,20221018_110154.mat,3078132,3.078132,1,180,0.243767535991731
5212,20221018_110154.mat,3078331,3.078331,1,165,0.0794916039934791
5213,20221018_110154.mat,3078729,3.078729,1,165,0.0942661228891769
5214,20221018_110154.mat,3078928,3.078928,1,160,0.105415524188342
5215,20221018_110154.mat,3079326,3.079326,1,160,0.196360547578026
5216,20221018_110154.mat,3079525,3.079525,1,160,0.0901246205731722
5217,20221018_110154.mat,3080321,3.080321,1,160,0.270327028092442
5218,20221018_110154.mat,3080520,3.08052,1,160,0.0746798862440707
5219,20221018_110154.mat,3080918,3.080918,1,160,0.065385011998457
5220,20221018_110154.mat,3081515,3.081515,1,175,0.0630461820121669
5221,20221018_110154.mat,3082709,3.082709,1,160,0.0573050922319307
5222,20221018_110154.mat,3088679,3.088679,1,160,0.0695437470153841
5223,20221018_110154.mat,3091465,3.091465,1,225,0.176503820870946
5224,20221018_110154.mat,3091664,3.091664,1,170,0.0892988847611519
5225,20221018_110154.mat,3092659,3.092659,1,170,0.0774916059778535
5226,20221018_110154.mat,3093853,3.093853,1,160,0.0848494822197559
5227,20221018_110154.mat,3099624,3.099624,1,170,0.0721923466598081
5228,20221018_110154.mat,3101813,3.101813,1,160,0.0913357725524452
5229,20221018_110154.mat,3104997,3.104997,1,160,0.572318033854802
5230,20221018_110154.mat,3105196,3.105196,1,145,0.133308730205037
5231,20221018_110154.mat,3110370,3.11037,1,165,0.0636008986981419
5232,20221018_110154.mat,3111365,3.111365,1,165,0.0537640944377112
5233,20221018_110154.mat,3128678,3.128678,1,225,0.0689258758727647
5234,20221018_110154.mat,3129673,3.129673,1,165,0.100858123916364
5235,20221018_110154.mat,3171264,3.171264,1,180,0.110871967249294
5236,20221018_110154.mat,3180617,3.180617,1,160,0.0727124809506149
5237,20221018_110154.mat,3180816,3.180816,1,180,0.116730571511119
5238,20221018_110154.mat,3185592,3.185592,1,180,0.10348218668612
5239,20221018_110154.mat,3187184,3.187184,1,170,0.103431759135216
5240,20221018_110154.mat,3187383,3.187383,1,180,0.111460221143895
5241,20221018_110154.mat,3199522,3.199522,1,180,0.161105625555502
5242,20221018_110154.mat,3199721,3.199721,1,160,0.140191095082723
5243,20221018_110154.mat,3199920,3.19992,1,180,0.239952212210197
5244,20221018_110154.mat,3200119,3.200119,1,160,0.0784701052074552
5245,20221018_110154.mat,3212059,3.212059,1,160,0.102888497385462
5246,20221018_110154.mat,3212258,3.212258,1,180,0.177759789147205
5247,20221018_110154.mat,3216238,3.216238,1,170,0.0955768253580768
5248,20221018_110154.mat,3216437,3.216437,1,180,0.138077736625633
5249,20221018_110154.mat,3224198,3.224198,1,160,0.0949565574663253
5250,20221018_110154.mat,3224397,3.224397,1,180,0.149285405252527
5251,20221018_110154.mat,3225989,3.225989,1,170,0.0633623399487262
5252,20221018_110154.mat,3228974,3.228974,1,180,0.119554157042982
5253,20221018_110154.mat,3229173,3.229173,1,180,0.0471676496844808
5254,20221018_110154.mat,3229372,3.229372,1,180,0.0570084427502993
5255,20221018_110154.mat,3230566,3.230566,1,180,0.177181769472848
5256,20221018_110154.mat,3230765,3.230765,1,180,0.0586153979580331
5257,20221018_110154.mat,3244496,3.244496,1,180,0.0650998502222679
5258,20221018_110154.mat,3259620,3.25962,1,170,0.0792692310762767
5259,20221018_110154.mat,3259819,3.259819,1,280,0.0679196524118008
5260,20221018_110154.mat,3265789,3.265789,1,185,0.0590612412188143
5261,20221018_110154.mat,3265988,3.265988,1,180,0.059242757681906
5262,20221018_110154.mat,3267978,3.267978,1,170,0.0470117633875733
5263,20221018_110154.mat,3268177,3.268177,1,180,0.080160642526142
5264,20221018_110154.mat,3269172,3.269172,1,180,0.0896790074953801
5265,20221018_110154.mat,3269968,3.269968,1,160,0.248293149140038
5266,20221018_110154.mat,3270167,3.270167,1,180,0.210096167269101
5267,20221018_110154.mat,3270366,3.270366,1,170,0.0693282334365735
5268,20221018_110154.mat,3271560,3.27156,1,185,0.141867854641185
5269,20221018_110154.mat,3271759,3.271759,1,180,0.233893243381095
5270,20221018_110154.mat,3271958,3.271958,1,175,0.13952455225859
5271,20221018_110154.mat,3272157,3.272157,1,170,0.318457300800958
5272,20221018_110154.mat,3272356,3.272356,1,170,0.0828842300582008
5273,20221018_110154.mat,3272555,3.272555,1,170,0.281126635465917
5274,20221018_110154.mat,3272754,3.272754,1,165,0.776950496188381
5275,20221018_110154.mat,3272953,3.272953,1,170,0.969295635939234
5276,20221018_110154.mat,3273152,3.273152,1,170,0.474786404231349
5277,20221018_110154.mat,3273351,3.273351,1,165,1.06324022016265
5278,20221018_110154.mat,3273550,3.27355,1,170,2.39833349377515
5279,20221018_110154.mat,3273749,3.273749,1,170,0.427933004299151
5280,20221018_110154.mat,3273948,3.273948,1,160,0.103423427483504
5281,20221018_110154.mat,3274545,3.274545,1,165,0.0457021005194467
5282,20221018_110154.mat,3274744,3.274744,1,180,0.30827896662241
5283,20221018_110154.mat,3274943,3.274943,1,170,0.153525651893594
5284,20221018_110154.mat,3275142,3.275142,1,160,0.0966463694127409
5285,20221018_110154.mat,3278326,3.278326,1,170,0.0678780826472234
5286,20221018_110154.mat,3278923,3.278923,1,180,0.102032105719078
5287,20221018_110154.mat,3281112,3.281112,1,280,0.059126172981942
5288,20221018_110154.mat,3281510,3.28151,1,170,0.061977769252259
5289,20221018_110154.mat,3281709,3.281709,1,180,0.0747064697313894
5290,20221018_110154.mat,3281908,3.281908,1,165,0.157675732467591
5291,20221018_110154.mat,3282107,3.282107,1,155,0.162582922961056
5292,20221018_110154.mat,3282306,3.282306,1,165,0.104328522332163
5293,20221018_110154.mat,3282505,3.282505,1,175,0.314374023033279
5294,20221018_110154.mat,3282704,3.282704,1,170,0.601065258113021
5295,20221018_110154.mat,3282903,3.282903,1,165,0.143741190563931
5296,20221018_110154.mat,3283102,3.283102,1,170,1.00303809650777
5297,20221018_110154.mat,3283301,3.283301,1,170,1.23919590473879
5298,20221018_110154.mat,3283500,3.2835,1,160,0.225771660635865
5299,20221018_110154.mat,3283699,3.283699,1,160,0.16107954036848
5300,20221018_110154.mat,3283898,3.283898,1,180,0.170925090268102
5301,20221018_110154.mat,3284097,3.284097,1,170,0.171483857775502
5302,20221018_110154.mat,3284296,3.284296,1,180,0.0764341449265425
5303,20221018_110154.mat,3285888,3.285888,1,170,0.0937670170566514
5304,20221018_110154.mat,3286485,3.286485,1,165,0.128450285576389
5305,20221018_110154.mat,3286684,3.286684,1,170,0.104390085392595
5306,20221018_110154.mat,3287082,3.287082,1,170,0.203174094497835
5307,20221018_110154.mat,3287480,3.28748,1,180,0.117408046071146
5308,20221018_110154.mat,3290664,3.290664,1,170,0.275287198208234
5309,20221018_110154.mat,3290863,3.290863,1,165,0.0811628340128215
5310,20221018_110154.mat,3292256,3.292256,1,170,0.242214139671836
5311,20221018_110154.mat,3292455,3.292455,1,160,0.0643084403142047
5312,20221018_110154.mat,3295241,3.295241,1,170,0.133378266851668
5313,20221018_110154.mat,3296435,3.296435,1,180,0.0721332849100017
5314,20221018_110154.mat,3297032,3.297032,1,160,0.1338295978189
5315,20221018_110154.mat,3298425,3.298425,1,170,0.161613208008193
5316,20221018_110154.mat,3298624,3.298624,1,180,0.0929501852236271
5317,20221018_110154.mat,3299022,3.299022,1,170,0.238279124948071
5318,20221018_110154.mat,3299221,3.299221,1,170,0.0717306677251614
5319,20221018_110154.mat,3299818,3.299818,1,155,0.0477468923560446
5320,20221018_110154.mat,3300017,3.300017,1,180,0.158563966250546
5321,20221018_110154.mat,3301211,3.301211,1,165,0.0948530261535509
5322,20221018_110154.mat,3301410,3.30141,1,170,0.0837083178503304
5323,20221018_110154.mat,3301609,3.301609,1,170,0.0628163524581238
5324,20221018_110154.mat,3301808,3.301808,1,165,0.451165616154347
5325,20221018_110154.mat,3302007,3.302007,1,170,0.254617588413926
5326,20221018_110154.mat,3302206,3.302206,1,165,0.465124376436114
5327,20221018_110154.mat,3302405,3.302405,1,170,0.384258308306374
5328,20221018_110154.mat,3302604,3.302604,1,170,0.336619096889996
5329,20221018_110154.mat,3302803,3.302803,1,180,0.272821628617388
5330,20221018_110154.mat,3303002,3.303002,1,170,0.330079737792908
5331,20221018_110154.mat,3303201,3.303201,1,160,0.10999277638186
5332,20221018_110154.mat,3303400,3.3034,1,170,2.42822671616417
5333,20221018_110154.mat,3303599,3.303599,1,170,1.456691704604
5334,20221018_110154.mat,3303798,3.303798,1,165,0.864242216172116
5335,20221018_110154.mat,3303997,3.303997,1,165,0.399955485604019
5336,20221018_110154.mat,3304196,3.304196,1,180,0.331857263065323
5337,20221018_110154.mat,3304395,3.304395,1,165,0.0903132902978183
5338,20221018_110154.mat,3304594,3.304594,1,170,0.1082409087567
5339,20221018_110154.mat,3304793,3.304793,1,170,0.377348297586919
5340,20221018_110154.mat,3304992,3.304992,1,180,0.0738838042755678
5341,20221018_110154.mat,3305191,3.305191,1,165,0.0798577536534235
5342,20221018_110154.mat,3305390,3.30539,1,170,0.168827268132577
5343,20221018_110154.mat,3305589,3.305589,1,180,0.140579192518627
5344,20221018_110154.mat,3305788,3.305788,1,165,0.246956150490773
5345,20221018_110154.mat,3305987,3.305987,1,180,0.240577944481353
5346,20221018_110154.mat,3306186,3.306186,1,180,0.688972443994785
5347,20221018_110154.mat,3306385,3.306385,1,170,2.58174738740231
5348,20221018_110154.mat,3306584,3.306584,1,170,3.89756491753966
5349,20221018_110154.mat,3306783,3.306783,1,170,4.62500927512543
5350,20221018_110154.mat,3306982,3.306982,1,180,1.14793715197805
5351,20221018_110154.mat,3307181,3.307181,1,160,0.288633869022306
5352,20221018_110154.mat,3307380,3.30738,1,160,0.214894111062658
5353,20221018_110154.mat,3308176,3.308176,1,160,0.0734253455788041
5354,20221018_110154.mat,3308574,3.308574,1,170,0.044542592139165
5355,20221018_110154.mat,3308773,3.308773,1,170,0.115269293252873
5356,20221018_110154.mat,3380811,3.380811,1,165,0.0503551606618549
5357,20221018_110154.mat,3381010,3.38101,1,160,0.0534398816541133
5358,20221018_110154.mat,3386980,3.38698,1,170,0.0796704390308722
5359,20221018_110154.mat,3387179,3.387179,1,160,0.152078087913471
5360,20221018_110154.mat,3398522,3.398522,1,160,0.493395027060161
5361,20221018_110154.mat,3398721,3.398721,1,160,0.066632446092346
5362,20221018_110154.mat,3403696,3.403696,1,160,0.138209178715835
5363,20221018_110154.mat,3408472,3.408472,1,225,0.0566959206319107
5364,20221018_110154.mat,3410263,3.410263,1,160,0.0811058097298004
5365,20221018_110154.mat,3435934,3.435934,1,170,0.45709981908139
5366,20221018_110154.mat,3436133,3.436133,1,170,0.191333902184554
5367,20221018_110154.mat,3436332,3.436332,1,160,0.0996706516669685
5368,20221018_110154.mat,3466779,3.466779,1,165,0.054612226987003
5369,20221018_110154.mat,3466978,3.466978,1,175,0.0492022045098037
5370,20221018_110154.mat,3492251,3.492251,1,230,0.110754715258576
5371,20221018_110154.mat,3530260,3.53026,1,170,0.164631326466541
5372,20221018_110154.mat,3530459,3.530459,1,165,0.0548496843958785
5373,20221018_110154.mat,3536230,3.53623,1,160,0.0496230521908017
5374,20221018_110154.mat,3650257,3.650257,1,170,0.0657282674794945
5375,20221018_110154.mat,3650456,3.650456,1,180,0.0863375060643855
5376,20221018_110154.mat,3654038,3.654038,1,185,0.0693851732738781
5377,20221018_110154.mat,3654237,3.654237,1,160,0.125341426666463
5378,20221018_110154.mat,3678117,3.678117,1,160,0.0613904048838207
5379,20221018_110154.mat,3688664,3.688664,1,180,0.102119307857017
5380,20221018_110154.mat,3688863,3.688863,1,165,0.134018389528848
5381,20221018_110154.mat,3724285,3.724285,1,160,1.12311000859738
5382,20221018_110154.mat,3724484,3.724484,1,160,0.614535932998397
5383,20221018_110154.mat,3724683,3.724683,1,160,0.138792688835116
5384,20221018_110154.mat,3735628,3.735628,1,225,0.0757452626025274
5385,20221018_110154.mat,3754931,3.754931,1,165,0.173130373795488
5386,20221018_110154.mat,3788562,3.788562,1,175,0.0851782053876819
5387,20221018_110154.mat,3788761,3.788761,1,170,0.166552275876294
5388,20221018_110154.mat,3807069,3.807069,1,165,0.393603042988781
5389,20221018_110154.mat,3807268,3.807268,1,160,1.56145524759699
5390,20221018_110154.mat,3807467,3.807467,1,160,0.298584335698709
5391,20221018_110154.mat,3871346,3.871346,1,225,0.0381635974949866
5392,20221018_110154.mat,3895624,3.895624,1,180,0.176482767751189
5393,20221018_110154.mat,3895823,3.895823,1,165,0.110858706911016
5394,20221018_110154.mat,3909753,3.909753,1,170,0.635541299357025
5395,20221018_110154.mat,3909952,3.909952,1,160,0.15373993558546
5396,20221018_110154.mat,3910151,3.910151,1,160,0.103257637623736
5397,20221018_110154.mat,3910549,3.910549,1,165,0.0604070636650983
5398,20221018_110154.mat,3957712,3.957712,1,230,0.241539169941605
5399,20221018_110154.mat,3957911,3.957911,1,160,0.148537548059396
5400,20221018_110154.mat,3975224,3.975224,1,185,0.0401404554695636
5401,20221018_110154.mat,3975423,3.975423,1,160,0.0661432116006435
5402,20221018_110154.mat,3992935,3.992935,1,155,0.0490531655490404
5403,20221018_110154.mat,4012835,4.012835,1,170,0.208032688201996
5404,20221018_110154.mat,4013034,4.013034,1,185,0.140626032773913
5405,20221018_110154.mat,4013233,4.013233,1,160,0.131667394250459
5406,20221018_110154.mat,4033929,4.033929,1,185,0.102057767974833
5407,20221018_110154.mat,4034128,4.034128,1,160,0.142724870280255
5408,20221018_110154.mat,4061988,4.061988,1,155,0.0509867580697294
5409,20221018_110154.mat,4091838,4.091838,1,160,0.109345443589675
5410,20221018_110154.mat,4105370,4.10537,1,170,0.070136917913071
5411,20221018_110154.mat,4105569,4.105569,1,155,0.070080851691362
5412,20221018_110154.mat,4141588,4.141588,1,170,0.119644583945008
5413,20221018_110154.mat,4146762,4.146762,1,170,0.0943374481141093
5414,20221018_110154.mat,4154722,4.154722,1,160,0.146589209680518
5415,20221018_110154.mat,4154921,4.154921,1,160,0.0696035302703147
5416,20221018_110154.mat,4194323,4.194323,1,170,0.0885453327411461
5417,20221018_110154.mat,4195517,4.195517,1,155,0.999486527790216
5418,20221018_110154.mat,4195716,4.195716,1,180,0.101212144895897
5419,20221018_110154.mat,4199895,4.199895,1,185,0.0655895876119724
5420,20221018_110154.mat,4200094,4.200094,1,160,0.0628041266915399
5421,20221018_110154.mat,4222780,4.22278,1,155,0.218247529197814
5422,20221018_110154.mat,4223178,4.223178,1,230,0.0914080934509579
5423,20221018_110154.mat,4244670,4.24467,1,160,0.113409076877789
5424,20221018_110154.mat,4277107,4.277107,1,160,5.27474293166234
5425,20221018_110154.mat,4277306,4.277306,1,160,4.60086302859085
5426,20221018_110154.mat,4277505,4.277505,1,160,0.687357999114933
5427,20221018_110154.mat,4277704,4.277704,1,160,0.25513376777087
5428,20221018_110154.mat,4289644,4.289644,1,160,0.675683603570532
5429,20221018_110154.mat,4289843,4.289843,1,160,0.0943845865899416
5430,20221018_110154.mat,4374020,4.37402,1,155,0.102324096470656
5431,20221018_110154.mat,4374219,4.374219,1,160,0.0786621851361967
5432,20221018_110154.mat,4382975,4.382975,1,165,0.290061462196589
5433,20221018_110154.mat,4383174,4.383174,1,160,0.1579703032409
5434,20221018_110154.mat,4383373,4.383373,1,160,0.087990691203771
5435,20221018_110154.mat,4412825,4.412825,1,170,0.0968799590845591
5436,20221018_110154.mat,4413024,4.413024,1,170,0.0797641882129679
5437,20221018_110154.mat,4413223,4.413223,1,160,0.0772196013363686
5438,20221018_110154.mat,4413422,4.413422,1,160,0.0802295512227212
5439,20221018_110154.mat,4461978,4.461978,1,155,0.107565514706175
5440,20221018_110154.mat,4465162,4.465162,1,160,0.142422145536072
5441,20221018_110154.mat,4507947,4.507947,1,160,0.0568642917008977
5442,20221018_110154.mat,4510733,4.510733,1,230,0.0494387980083555
5443,20221018_110154.mat,4526653,4.526653,1,170,0.0511820906463607
5444,20221018_110154.mat,4580781,4.580781,1,165,0.0886660917861822
5445,20221018_110154.mat,4580980,4.58098,1,160,0.0689122785458392
5446,20221018_110154.mat,4644063,4.644063,1,215,0.0384213514546835
5447,20221018_110154.mat,4644262,4.644262,1,165,0.0611534831865772
5448,20221018_110154.mat,4668938,4.668938,1,225,0.055042064538709
5449,20221018_110154.mat,4718688,4.718688,1,160,0.0683471067668535
5450,20221018_110154.mat,4726847,4.726847,1,230,0.127598128613967
5451,20221018_110154.mat,4736598,4.736598,1,160,0.124049099946008
5452,20221018_110154.mat,4760876,4.760876,1,160,0.21851433970509
5453,20221018_110154.mat,4761075,4.761075,1,165,0.0817670810951608
5454,20221018_110154.mat,4770229,4.770229,1,170,4.53285612746969
5455,20221018_110154.mat,4770428,4.770428,1,160,3.17294500603064
5456,20221018_110154.mat,4770627,4.770627,1,160,0.834708716076478
5457,20221018_110154.mat,4770826,4.770826,1,160,0.258256193847611
5458,20221018_110154.mat,4808835,4.808835,1,160,0.103619010885748
5459,20221018_110154.mat,4829133,4.829133,1,170,0.0593465410921825
5460,20221018_110154.mat,4865749,4.865749,1,160,0.209315219799598
5461,20221018_110154.mat,4884057,4.884057,1,160,0.0592066759506355
5462,20221018_110154.mat,4947538,4.947538,1,160,0.057769494979613
5463,20221018_110154.mat,4948334,4.948334,1,160,0.399257946883508
5464,20221018_110154.mat,4948533,4.948533,1,175,0.202928742710531
5465,20221018_110154.mat,4963856,4.963856,1,155,0.0519964661645361
5466,20221018_110159.mat,18109,0.018109,1,230,0.238264733962019
5467,20221018_110159.mat,18308,0.018308,1,180,0.107332335762662
5468,20221018_110159.mat,18905,0.018905,1,225,0.0676897250903139
5469,20221018_110159.mat,36218,0.036218,1,170,0.0507857410620263
5470,20221018_110159.mat,55123,0.055123,1,155,0.54137358645003
5471,20221018_110159.mat,55322,0.055322,1,155,0.0853493417825003
5472,20221018_110159.mat,75819,0.075819,1,280,0.110626836051111
5473,20221018_110159.mat,76018,0.076018,1,175,0.0780497345582337
5474,20221018_110159.mat,117211,0.117211,1,230,0.172078283004969
5475,20221018_110159.mat,117410,0.11741,1,170,0.0971526204163522
5476,20221018_110159.mat,125370,0.12537,1,230,0.0616085482847478
5477,20221018_110159.mat,174523,0.174523,1,230,0.379832311356855
5478,20221018_110159.mat,174722,0.174722,1,180,0.256515969096128
5479,20221018_110159.mat,174921,0.174921,1,160,6.32466386358945
5480,20221018_110159.mat,175120,0.17512,1,160,0.590440783314222
5481,20221018_110159.mat,175319,0.175319,1,175,0.0893749472435917
5482,20221018_110159.mat,195219,0.195219,1,170,0.268657077338204
5483,20221018_110159.mat,195418,0.195418,1,155,0.0933262822535125
5484,20221018_110159.mat,255715,0.255715,1,160,0.0764384395771224
5485,20221018_110159.mat,257506,0.257506,1,155,0.346519792689441
5486,20221018_110159.mat,257705,0.257705,1,160,0.185499534030695
5487,20221018_110159.mat,257904,0.257904,1,160,0.0994278860001768
5488,20221018_110159.mat,267058,0.267058,1,180,0.0706182937122762
5489,20221018_110159.mat,274819,0.274819,1,230,0.13601316446595
5490,20221018_110159.mat,275018,0.275018,1,165,0.0957641770668634
5491,20221018_110159.mat,285167,0.285167,1,155,0.0822695849152241
5492,20221018_110159.mat,285366,0.285366,1,150,0.171391705651723
5493,20221018_110159.mat,287356,0.287356,1,155,0.110862750205928
5494,20221018_110159.mat,287555,0.287555,1,285,0.358777108356939
5495,20221018_110159.mat,287754,0.287754,1,160,1.8878112802434
5496,20221018_110159.mat,287953,0.287953,1,160,0.169387936642478
5497,20221018_110159.mat,292331,0.292331,1,225,0.0944525185448829
5498,20221018_110159.mat,292530,0.29253,1,165,0.054926713379526
5499,20221018_110159.mat,328151,0.328151,1,160,0.163615941053345
5500,20221018_110159.mat,343673,0.343673,1,170,2.20524385905859
5501,20221018_110159.mat,343872,0.343872,1,160,1.38553357136852
5502,20221018_110159.mat,344071,0.344071,1,160,0.372508806038054
5503,20221018_110159.mat,345464,0.345464,1,160,0.0715324003982689
5504,20221018_110159.mat,373125,0.373125,1,160,0.0819967102800126
5505,20221018_110159.mat,394816,0.394816,1,175,0.170096732852368
5506,20221018_110159.mat,408348,0.408348,1,165,0.105734588136564
5507,20221018_110159.mat,409542,0.409542,1,160,0.114753724535432
5508,20221018_110159.mat,410139,0.410139,1,160,0.0670952992712518
5509,20221018_110159.mat,437004,0.437004,1,160,1.79432445473918
5510,20221018_110159.mat,437203,0.437203,1,160,0.225886423767997
5511,20221018_110159.mat,437402,0.437402,1,160,0.128941029485346
5512,20221018_110159.mat,447750,0.44775,1,165,0.645058328646356
5513,20221018_110159.mat,447949,0.447949,1,160,0.354790049703182
5514,20221018_110159.mat,448148,0.448148,1,160,0.0777550325610411
5515,20221018_110159.mat,454118,0.454118,1,160,0.404392792096803
5516,20221018_110159.mat,454317,0.454317,1,155,0.228480250138378
5517,20221018_110159.mat,454516,0.454516,1,160,0.082664487559644
5518,20221018_110159.mat,495112,0.495112,1,160,3.00099959889518
5519,20221018_110159.mat,495311,0.495311,1,165,2.13063324337121
5520,20221018_110159.mat,495510,0.49551,1,160,0.379604982348878
5521,20221018_110159.mat,495709,0.495709,1,160,0.071117413181641
5522,20221018_110159.mat,523569,0.523569,1,170,0.0463184555137136
5523,20221018_110159.mat,526156,0.526156,1,180,0.0456609981442889
5524,20221018_110159.mat,526355,0.526355,1,170,0.0954076585141203
5525,20221018_110159.mat,528942,0.528942,1,230,0.0814162746275702
5526,20221018_110159.mat,529937,0.529937,1,160,0.0387745593626766
5527,20221018_110159.mat,535708,0.535708,1,180,0.0657016168134255
5528,20221018_110159.mat,535907,0.535907,1,175,0.0800081924842744
5529,20221018_110159.mat,543469,0.543469,1,160,0.243640568948644
5530,20221018_110159.mat,543668,0.543668,1,160,0.0925038556490736
5531,20221018_110159.mat,598791,0.598791,1,155,0.0813932133349411
5532,20221018_110159.mat,602970,0.60297,1,165,0.144728632425317
5533,20221018_110159.mat,603169,0.603169,1,160,0.461313259158165
5534,20221018_110159.mat,611328,0.611328,1,160,1.4476534771469
5535,20221018_110159.mat,611527,0.611527,1,165,0.43203551088431
5536,20221018_110159.mat,611726,0.611726,1,160,0.197454195313711
5537,20221018_110159.mat,612920,0.61292,1,170,0.0418054837779415
5538,20221018_110159.mat,613119,0.613119,1,180,0.0716376867692516
5539,20221018_110159.mat,613716,0.613716,1,345,1.59302717765028
5540,20221018_110159.mat,613915,0.613915,1,160,0.959412949967857
5541,20221018_110159.mat,614114,0.614114,1,160,0.336323584115851
5542,20221018_110159.mat,614313,0.614313,1,160,0.147921557811361
5543,20221018_110159.mat,615507,0.615507,1,345,0.191876425200976
5544,20221018_110159.mat,620482,0.620482,1,160,0.964908789563214
5545,20221018_110159.mat,620681,0.620681,1,160,0.238344937397134
5546,20221018_110159.mat,620880,0.62088,1,160,0.0948573542933539
5547,20221018_110159.mat,621278,0.621278,1,165,0.125269055492944
5548,20221018_110159.mat,621477,0.621477,1,160,0.120351042565358
5549,20221018_110159.mat,648740,0.64874,1,230,0.145040502741661
5550,20221018_110159.mat,648939,0.648939,1,155,0.161025181341131
5551,20221018_110159.mat,658292,0.658292,1,170,0.218562064763878
5552,20221018_110159.mat,658491,0.658491,1,160,0.172776472329274
5553,20221018_110159.mat,667844,0.667844,1,165,0.464189774411442
5554,20221018_110159.mat,668043,0.668043,1,160,0.323812580796041
5555,20221018_110159.mat,668242,0.668242,1,160,0.0677133748380563
5556,20221018_110159.mat,679585,0.679585,1,180,0.447675465670153
5557,20221018_110159.mat,679784,0.679784,1,165,3.34596498013615
5558,20221018_110159.mat,679983,0.679983,1,160,0.394831377016114
5559,20221018_110159.mat,680182,0.680182,1,160,0.241008186300285
5560,20221018_110159.mat,681973,0.681973,1,155,0.0601074968442451
5561,20221018_110159.mat,705256,0.705256,1,160,0.0612007367694142
5562,20221018_110159.mat,717793,0.717793,1,230,0.0725380674929275
5563,20221018_110159.mat,718589,0.718589,1,160,2.93986537029893
5564,20221018_110159.mat,718788,0.718788,1,175,0.489878262027225
5565,20221018_110159.mat,718987,0.718987,1,160,0.279113434194267
5566,20221018_110159.mat,729534,0.729534,1,160,0.0907228776950972
5567,20221018_110159.mat,745653,0.745653,1,160,1.12947317661865
5568,20221018_110159.mat,745852,0.745852,1,160,0.103233957465465
5569,20221018_110159.mat,775304,0.775304,1,230,0.0797149154860539
5570,20221018_110159.mat,793811,0.793811,1,160,0.0750192121769405
5571,20221018_110159.mat,801373,0.801373,1,225,0.0665080055984463
5572,20221018_110159.mat,801572,0.801572,1,160,0.048481245016461
5573,20221018_110159.mat,850526,0.850526,1,150,0.0862264497123348
5574,20221018_110159.mat,855501,0.855501,1,165,0.0462604951175673
5575,20221018_110159.mat,872416,0.872416,1,155,0.184434114985881
5576,20221018_110159.mat,872615,0.872615,1,155,0.298173468624323
5577,20221018_110159.mat,900077,0.900077,1,160,0.115393946466341
5578,20221018_110159.mat,926743,0.926743,1,160,0.157397239761563
5579,20221018_110159.mat,955996,0.955996,1,170,0.156520533675873
5580,20221018_110159.mat,970722,0.970722,1,165,0.087299766915254
5581,20221018_110159.mat,1010920,1.01092,1,160,0.417855591502703
5582,20221018_110159.mat,1011119,1.011119,1,160,0.231191280114973
5583,20221018_110159.mat,1011318,1.011318,1,160,0.127818742664032
5584,20221018_110159.mat,1034601,1.034601,1,230,0.0523833828803552
5585,20221018_110159.mat,1038979,1.038979,1,230,0.268075383768778
5586,20221018_110159.mat,1039178,1.039178,1,160,0.1381311843408
5587,20221018_110159.mat,1076391,1.076391,1,160,0.274271213222492
5588,20221018_110159.mat,1076988,1.076988,1,165,0.873506251122277
5589,20221018_110159.mat,1077187,1.077187,1,160,0.293172713735808
5590,20221018_110159.mat,1080371,1.080371,1,160,0.868644754940735
5591,20221018_110159.mat,1080570,1.08057,1,160,0.532028839374439
5592,20221018_110159.mat,1080769,1.080769,1,160,0.150321296572026
5593,20221018_110159.mat,1088331,1.088331,1,160,1.24612609038568
5594,20221018_110159.mat,1088530,1.08853,1,165,0.31225535290822
5595,20221018_110159.mat,1088729,1.088729,1,160,0.17169522227747
5596,20221018_110159.mat,1131912,1.131912,1,155,0.0930775485712238
5597,20221018_110159.mat,1133504,1.133504,1,160,0.0927701101092999
5598,20221018_110159.mat,1152409,1.152409,1,180,0.0688852977790586
5599,20221018_110159.mat,1153205,1.153205,1,180,0.101937623528043
5600,20221018_110159.mat,1159971,1.159971,1,165,0.265768350514017
5601,20221018_110159.mat,1160170,1.16017,1,165,0.0962386602351937
5602,20221018_110159.mat,1160369,1.160369,1,160,0.134241471917631
5603,20221018_110159.mat,1163951,1.163951,1,160,1.97368784234971
5604,20221018_110159.mat,1164150,1.16415,1,165,0.250693888034638
5605,20221018_110159.mat,1164349,1.164349,1,160,0.247855619079224
5606,20221018_110159.mat,1164548,1.164548,1,160,0.0988302596943985
5607,20221018_110159.mat,1201363,1.201363,1,160,0.055618699113198
5608,20221018_110159.mat,1217283,1.217283,1,135,0.0357043945013526
5609,20221018_110159.mat,1217482,1.217482,1,160,0.0723288882343074
5610,20221018_110159.mat,1227432,1.227432,1,170,0.0985640679219046
5611,20221018_110159.mat,1231810,1.23181,1,160,0.0761269552643614
5612,20221018_110159.mat,1232407,1.232407,1,180,0.0523252156059178
5613,20221018_110159.mat,1232805,1.232805,1,160,1.16450311302393
5614,20221018_110159.mat,1233004,1.233004,1,175,0.128309933241223
5615,20221018_110159.mat,1235193,1.235193,1,160,0.0810737692461991
5616,20221018_110159.mat,1242556,1.242556,1,170,0.0820429883501745
5617,20221018_110159.mat,1250118,1.250118,1,160,0.447882403088012
5618,20221018_110159.mat,1250317,1.250317,1,160,0.187424838118153
5619,20221018_110159.mat,1250516,1.250516,1,160,0.135711977189698
5620,20221018_110159.mat,1277779,1.277779,1,160,0.0873271787309589
5621,20221018_110159.mat,1281162,1.281162,1,160,0.149852208873519
5622,20221018_110159.mat,1299669,1.299669,1,165,0.242427881595795
5623,20221018_110159.mat,1325937,1.325937,1,230,0.665614903374075
5624,20221018_110159.mat,1326136,1.326136,1,175,0.169237721869666
5625,20221018_110159.mat,1328922,1.328922,1,165,0.634043926114715
5626,20221018_110159.mat,1329121,1.329121,1,155,0.392018908213105
5627,20221018_110159.mat,1329320,1.32932,1,160,0.157550143123136
5628,20221018_110159.mat,1331907,1.331907,1,155,0.321655028199344
5629,20221018_110159.mat,1332106,1.332106,1,160,0.298369234485598
5630,20221018_110159.mat,1339469,1.339469,1,160,0.577502368701407
5631,20221018_110159.mat,1339668,1.339668,1,155,0.0574263810123019
5632,20221018_110159.mat,1353598,1.353598,1,230,0.0785770090131506
5633,20221018_110159.mat,1360961,1.360961,1,160,0.151456231938116
5634,20221018_110159.mat,1361160,1.36116,1,165,0.0850262492682084
5635,20221018_110159.mat,1361757,1.361757,1,230,0.0730038165685856
5636,20221018_110159.mat,1361956,1.361956,1,160,0.0593445488800879
5637,20221018_110159.mat,1373896,1.373896,1,170,2.01350967259625
5638,20221018_110159.mat,1374095,1.374095,1,165,0.250643849055526
5639,20221018_110159.mat,1374294,1.374294,1,160,0.136040005082068
5640,20221018_110159.mat,1390015,1.390015,1,245,0.0453441953699673
5641,20221018_110159.mat,1390214,1.390214,1,155,0.337745992266159
5642,20221018_110159.mat,1390413,1.390413,1,170,0.0533174084344143
5643,20221018_110159.mat,1449914,1.449914,1,280,0.0560619834983664
5644,20221018_110159.mat,1460859,1.460859,1,160,0.212900163574118
5645,20221018_110159.mat,1500858,1.500858,1,160,0.415092332017835
5646,20221018_110159.mat,1501057,1.501057,1,180,0.0621658209485867
5647,20221018_110159.mat,1532698,1.532698,1,160,0.114035561965911
5648,20221018_110159.mat,1558170,1.55817,1,155,0.0664107339407057
5649,20221018_110159.mat,1602547,1.602547,1,220,0.103057622112482
5650,20221018_110159.mat,1602746,1.602746,1,155,0.716307548412158
5651,20221018_110159.mat,1602945,1.602945,1,160,0.107477932253846
5652,20221018_110159.mat,1617472,1.617472,1,155,0.150036063676625
5653,20221018_110159.mat,1617671,1.617671,1,160,0.205041017232968
5654,20221018_110159.mat,1622248,1.622248,1,170,1.14746163753735
5655,20221018_110159.mat,1622447,1.622447,1,170,0.225398324498865
5656,20221018_110159.mat,1622646,1.622646,1,160,0.0932284957142238
5657,20221018_110159.mat,1624835,1.624835,1,160,0.156685692458729
5658,20221018_110159.mat,1628616,1.628616,1,155,0.0720921941392217
5659,20221018_110159.mat,1628815,1.628815,1,160,0.0905079529593667
5660,20221018_110159.mat,1638168,1.638168,1,170,2.09311085973469
5661,20221018_110159.mat,1638367,1.638367,1,170,0.344000553744664
5662,20221018_110159.mat,1638566,1.638566,1,160,0.176468413726212
5663,20221018_110159.mat,1666625,1.666625,1,225,0.471834348836723
5664,20221018_110159.mat,1666824,1.666824,1,165,0.737501012282746
5665,20221018_110159.mat,1667023,1.667023,1,160,0.115265249071482
5666,20221018_110159.mat,1668018,1.668018,1,155,0.123891183025904
5667,20221018_110159.mat,1668217,1.668217,1,230,0.148848027081037
5668,20221018_110159.mat,1698664,1.698664,1,155,0.151960105417469
5669,20221018_110159.mat,1698863,1.698863,1,155,0.0565741383750509
5670,20221018_110159.mat,1704435,1.704435,1,185,0.0469332647789489
5671,20221018_110159.mat,1704634,1.704634,1,170,0.058890234395971
5672,20221018_110159.mat,1705430,1.70543,1,170,0.113712329935042
5673,20221018_110159.mat,1723539,1.723539,1,160,0.0644728028882527
5674,20221018_110159.mat,1728713,1.728713,1,170,0.0301177089133313
5675,20221018_110159.mat,1752195,1.752195,1,180,0.0549425761661879
5676,20221018_110159.mat,1775478,1.775478,1,160,0.0669011777952214
5677,20221018_110159.mat,1781846,1.781846,1,160,0.0838524835104304
5678,20221018_110159.mat,1786224,1.786224,1,160,0.2703411463901
5679,20221018_110159.mat,1786423,1.786423,1,230,0.239351092526308
5680,20221018_110159.mat,1801945,1.801945,1,160,0.0956719954574583
5681,20221018_110159.mat,1810104,1.810104,1,170,0.780615855264111
5682,20221018_110159.mat,1810303,1.810303,1,160,1.272165746522
5683,20221018_110159.mat,1810502,1.810502,1,160,0.366656027714261
5684,20221018_110159.mat,1810701,1.810701,1,160,0.13631017476437
5685,20221018_110159.mat,1827417,1.827417,1,160,0.876762140441871
5686,20221018_110159.mat,1827616,1.827616,1,160,0.705389678916675
5687,20221018_110159.mat,1831795,1.831795,1,165,0.093156258979977
5688,20221018_110159.mat,1849705,1.849705,1,155,0.227682155919799
5689,20221018_110159.mat,1862839,1.862839,1,160,0.203185475590917
5690,20221018_110159.mat,1863038,1.863038,1,180,0.219744348210888
5691,20221018_110159.mat,1870799,1.870799,1,160,0.485502153879087
5692,20221018_110159.mat,1870998,1.870998,1,165,0.202108966701036
5693,20221018_110159.mat,1871595,1.871595,1,160,0.550584870225333
5694,20221018_110159.mat,1871794,1.871794,1,155,0.64863475087446
5695,20221018_110159.mat,1871993,1.871993,1,155,0.0785765416136316
5696,20221018_110159.mat,1872590,1.87259,1,155,0.492078417768399
5697,20221018_110159.mat,1872789,1.872789,1,165,0.0975463954152731
5698,20221018_110159.mat,1872988,1.872988,1,155,0.366626047560245
5699,20221018_110159.mat,1876172,1.876172,1,155,0.486891045597238
5700,20221018_110159.mat,1876371,1.876371,1,155,0.137274357282192
5701,20221018_110159.mat,1877366,1.877366,1,155,0.618976485514025
5702,20221018_110159.mat,1877565,1.877565,1,155,0.953078424931697
5703,20221018_110159.mat,1877764,1.877764,1,160,0.136118942477571
5704,20221018_110159.mat,1882142,1.882142,1,155,0.823436690073319
5705,20221018_110159.mat,1882341,1.882341,1,165,0.11694323125296
5706,20221018_110159.mat,1891296,1.891296,1,160,0.94408533635867
5707,20221018_110159.mat,1891495,1.891495,1,185,0.0747256270355664
5708,20221018_110159.mat,1893087,1.893087,1,155,0.790873949472876
5709,20221018_110159.mat,1893286,1.893286,1,170,0.134665183783808
5710,20221018_110159.mat,1896072,1.896072,1,155,0.931627553273022
5711,20221018_110159.mat,1896271,1.896271,1,175,0.110457255531716
5712,20221018_110159.mat,1897266,1.897266,1,160,0.61657450720544
5713,20221018_110159.mat,1897465,1.897465,1,155,0.185120840358264
5714,20221018_110159.mat,1897664,1.897664,1,160,0.100715684714106
5715,20221018_110159.mat,1899853,1.899853,1,160,0.102808705862485
5716,20221018_110159.mat,1905027,1.905027,1,155,0.546698184975226
5717,20221018_110159.mat,1905226,1.905226,1,160,0.408255240969932
5718,20221018_110159.mat,1913982,1.913982,1,225,0.0550269802687787
5719,20221018_110159.mat,1959354,1.959354,1,180,0.184723056928089
5720,20221018_110159.mat,1959553,1.959553,1,185,0.0951661707153729
5721,20221018_110159.mat,1963135,1.963135,1,160,0.06649044670054
5722,20221018_110159.mat,1986617,1.986617,1,180,0.269139429491567
5723,20221018_110159.mat,1986816,1.986816,1,160,0.364122952405328
5724,20221018_110159.mat,1987015,1.987015,1,160,0.12826490755911
5725,20221018_110159.mat,1990398,1.990398,1,160,0.082240506906189
5726,20221018_110159.mat,1992786,1.992786,1,165,0.132357937386445
5727,20221018_110159.mat,1992985,1.992985,1,155,0.0806686630594189
5728,20221018_110159.mat,2006517,2.006517,1,150,0.1501856649408
5729,20221018_110159.mat,2006716,2.006716,1,160,0.581592234075763
5730,20221018_110159.mat,2006915,2.006915,1,160,0.0838410846271105
5731,20221018_110159.mat,2012089,2.012089,1,310,0.268710285135192
5732,20221018_110159.mat,2012288,2.012288,1,160,1.59732061669339
5733,20221018_110159.mat,2012487,2.012487,1,160,0.218315842359694
5734,20221018_110159.mat,2012686,2.012686,1,160,0.111113065463267
5735,20221018_110159.mat,2018656,2.018656,1,160,0.0793445410064308
5736,20221018_110159.mat,2018855,2.018855,1,180,0.0671006424829881
5737,20221018_110159.mat,2019850,2.01985,1,160,1.1653917773674
5738,20221018_110159.mat,2020049,2.020049,1,175,0.180927485657297
5739,20221018_110159.mat,2023233,2.023233,1,225,0.0564082796022248
5740,20221018_110159.mat,2025223,2.025223,1,160,0.068451431925515
5741,20221018_110159.mat,2027611,2.027611,1,335,0.032118549502409
5742,20221018_110159.mat,2027810,2.02781,1,160,0.375775511810908
5743,20221018_110159.mat,2028009,2.028009,1,160,0.057233596969791
5744,20221018_110159.mat,2029402,2.029402,1,160,0.167641258491829
5745,20221018_110159.mat,2029601,2.029601,1,160,0.268670346568794
5746,20221018_110159.mat,2031790,2.03179,1,160,0.0914247108107706
5747,20221018_110159.mat,2031989,2.031989,1,155,0.404246889761053
5748,20221018_110159.mat,2032188,2.032188,1,170,0.0856345162635883
5749,20221018_110159.mat,2033183,2.033183,1,155,0.389613420608102
5750,20221018_110159.mat,2033382,2.033382,1,180,0.188383389832293
5751,20221018_110159.mat,2033581,2.033581,1,160,0.0837249235405888
5752,20221018_110159.mat,2034377,2.034377,1,170,0.0824130273831467
5753,20221018_110159.mat,2034576,2.034576,1,160,0.178991955411753
5754,20221018_110159.mat,2045322,2.045322,1,155,0.391165784058234
5755,20221018_110159.mat,2045521,2.045521,1,175,0.0575237460702014
5756,20221018_110159.mat,2053083,2.053083,1,275,0.224724937096452
5757,20221018_110159.mat,2053282,2.053282,1,160,0.123128183840043
5758,20221018_110159.mat,2053481,2.053481,1,160,0.081552967921344
5759,20221018_110159.mat,2057063,2.057063,1,155,0.089736472772672
5760,20221018_110159.mat,2068207,2.068207,1,175,0.0588068288259898
5761,20221018_110159.mat,2095072,2.095072,1,160,0.116472530693395
5762,20221018_110159.mat,2095271,2.095271,1,160,0.178154234016011
5763,20221018_110159.mat,2102236,2.102236,1,160,0.989880809269541
5764,20221018_110159.mat,2102435,2.102435,1,185,0.092964005083879
5765,20221018_110159.mat,2102833,2.102833,1,160,0.133103204382927
5766,20221018_110159.mat,2107609,2.107609,1,155,0.276906016095601
5767,20221018_110159.mat,2107808,2.107808,1,160,0.128724843215608
5768,20221018_110159.mat,2109201,2.109201,1,155,0.561740450636602
5769,20221018_110159.mat,2109400,2.1094,1,175,0.234313403650629
5770,20221018_110159.mat,2110196,2.110196,1,170,0.215487014809385
5771,20221018_110159.mat,2110395,2.110395,1,155,0.221232508810637
5772,20221018_110159.mat,2113380,2.11338,1,180,0.157544762582603
5773,20221018_110159.mat,2114375,2.114375,1,170,0.209493817805828
5774,20221018_110159.mat,2114574,2.114574,1,160,0.975539763522476
5775,20221018_110159.mat,2114773,2.114773,1,160,0.142818510650528
5776,20221018_110159.mat,2114972,2.114972,1,160,0.158138303363964
5777,20221018_110159.mat,2116564,2.116564,1,160,0.393719422884263
5778,20221018_110159.mat,2116763,2.116763,1,155,0.0587441745924641
5779,20221018_110159.mat,2117559,2.117559,1,160,0.642720665872143
5780,20221018_110159.mat,2117758,2.117758,1,160,0.111883299718595
5781,20221018_110159.mat,2137658,2.137658,1,165,0.0756021943085075
5782,20221018_110159.mat,2138852,2.138852,1,165,0.0902659254913883
5783,20221018_110159.mat,2150792,2.150792,1,225,0.059281348452185
5784,20221018_110159.mat,2167707,2.167707,1,165,0.0481153942925412
5785,20221018_110159.mat,2168105,2.168105,1,225,0.0704434559548397
5786,20221018_110159.mat,2168304,2.168304,1,160,0.0728337300905371
5787,20221018_110159.mat,2168702,2.168702,1,190,2.91913340010961
5788,20221018_110159.mat,2168901,2.168901,1,160,10.486526923347
5789,20221018_110159.mat,2169100,2.1691,1,160,1.97852928200775
5790,20221018_110159.mat,2169299,2.169299,1,160,1.6438926712186
5791,20221018_110159.mat,2169498,2.169498,1,160,0.366713042605526
5792,20221018_110159.mat,2169896,2.169896,1,180,0.143507904600526
5793,20221018_110159.mat,2170095,2.170095,1,180,0.146734075091148
5794,20221018_110159.mat,2170294,2.170294,1,160,0.119690339411858
5795,20221018_110159.mat,2170891,2.170891,1,225,2.15596562490089
5796,20221018_110159.mat,2171090,2.17109,1,165,0.662941871623666
5797,20221018_110159.mat,2171289,2.171289,1,155,0.0662482402233802
5798,20221018_110159.mat,2173279,2.173279,1,155,0.073330261358091
5799,20221018_110159.mat,2174672,2.174672,1,160,0.606046936982586
5800,20221018_110159.mat,2174871,2.174871,1,160,0.0818744183436696
5801,20221018_110159.mat,2175866,2.175866,1,160,0.0709149695540845
5802,20221018_110159.mat,2184025,2.184025,1,160,0.0676216472029529
5803,20221018_110159.mat,2189000,2.189,1,275,0.0779748143936096
5804,20221018_110159.mat,2189199,2.189199,1,160,0.0689491527826416
5805,20221018_110159.mat,2192184,2.192184,1,160,0.0656299023119019
5806,20221018_110159.mat,2195567,2.195567,1,160,0.324557790420769
5807,20221018_110159.mat,2202731,2.202731,1,160,0.227603184166485
5808,20221018_110159.mat,2204124,2.204124,1,160,1.44164688710975
5809,20221018_110159.mat,2204323,2.204323,1,185,0.350514059927295
5810,20221018_110159.mat,2204522,2.204522,1,160,0.237294427850516
5811,20221018_110159.mat,2204721,2.204721,1,160,0.112272714845743
5812,20221018_110159.mat,2218054,2.218054,1,170,0.337892801960518
5813,20221018_110159.mat,2218253,2.218253,1,165,0.309080764901256
5814,20221018_110159.mat,2218452,2.218452,1,160,0.234750806801018
5815,20221018_110159.mat,2228402,2.228402,1,155,0.0918817480903008
5816,20221018_110159.mat,2230989,2.230989,1,160,0.0909798363269504
5817,20221018_110159.mat,2231586,2.231586,1,155,0.0911742180933268
5818,20221018_110159.mat,2239944,2.239944,1,165,0.105280572438333
5819,20221018_110159.mat,2240143,2.240143,1,160,0.152265423893052
5820,20221018_110159.mat,2245317,2.245317,1,295,0.0286257630561215
5821,20221018_110159.mat,2245516,2.245516,1,160,0.218054796309658
5822,20221018_110159.mat,2251486,2.251486,1,170,0.248097890138622
5823,20221018_110159.mat,2251685,2.251685,1,165,0.465762109759026
5824,20221018_110159.mat,2251884,2.251884,1,160,0.235652712012901
5825,20221018_110159.mat,2252083,2.252083,1,160,0.10544390707704
5826,20221018_110159.mat,2253874,2.253874,1,275,0.147238698598577
5827,20221018_110159.mat,2254073,2.254073,1,180,0.0697156288703987
5828,20221018_110159.mat,2263227,2.263227,1,225,0.0948253885874893
5829,20221018_110159.mat,2263625,2.263625,1,165,0.0984020006897063
5830,20221018_110159.mat,2263824,2.263824,1,160,0.0676796421867862
5831,20221018_110159.mat,2268401,2.268401,1,160,0.118254050975472
5832,20221018_110159.mat,2268600,2.2686,1,160,0.114224861533492
5833,20221018_110159.mat,2280938,2.280938,1,160,0.0764750286371973
5834,20221018_110159.mat,2290888,2.290888,1,160,0.108154644848682
5835,20221018_110159.mat,2298649,2.298649,1,160,0.0564312399028153
5836,20221018_110159.mat,2298848,2.298848,1,160,0.182864384194651
5837,20221018_110159.mat,2299843,2.299843,1,180,0.338905563077763
5838,20221018_110159.mat,2300042,2.300042,1,160,0.0941679960022955
5839,20221018_110159.mat,2305614,2.305614,1,160,0.0705365764531881
5840,20221018_110159.mat,2307206,2.307206,1,165,0.0550859391910252
5841,20221018_110159.mat,2307803,2.307803,1,165,0.0930721693156044
5842,20221018_110159.mat,2308002,2.308002,1,160,0.137955124016094
5843,20221018_110159.mat,2311982,2.311982,1,165,0.677860861744909
5844,20221018_110159.mat,2312181,2.312181,1,165,0.268264429091422
5845,20221018_110159.mat,2312380,2.31238,1,160,0.165172699948882
5846,20221018_110159.mat,2313574,2.313574,1,170,0.160848419347086
5847,20221018_110159.mat,2313773,2.313773,1,160,0.151330346317103
5848,20221018_110159.mat,2322529,2.322529,1,160,0.0982493307825455
5849,20221018_110159.mat,2322728,2.322728,1,160,0.231701807505398
5850,20221018_110159.mat,2335066,2.335066,1,155,0.0956495911943298
5851,20221018_110159.mat,2370687,2.370687,1,155,0.233548812653929
5852,20221018_110159.mat,2370886,2.370886,1,155,0.252820187480477
5853,20221018_110159.mat,2382229,2.382229,1,225,0.0660457316221643
5854,20221018_110159.mat,2385015,2.385015,1,155,0.326736628365947
5855,20221018_110159.mat,2385214,2.385214,1,160,0.905461621368936
5856,20221018_110159.mat,2385413,2.385413,1,165,0.0714025987949455
5857,20221018_110159.mat,2385612,2.385612,1,160,0.155070273950188
5858,20221018_110159.mat,2390388,2.390388,1,165,0.167233388338423
5859,20221018_110159.mat,2390587,2.390587,1,160,0.462890898789293
5860,20221018_110159.mat,2397353,2.397353,1,160,0.0733771006530167
5861,20221018_110159.mat,2410089,2.410089,1,180,0.263210318099203
5862,20221018_110159.mat,2417054,2.417054,1,165,0.209141299477808
5863,20221018_110159.mat,2417253,2.417253,1,160,0.113344100481826
5864,20221018_110159.mat,2418049,2.418049,1,225,0.0397698736637749
5865,20221018_110159.mat,2426407,2.426407,1,230,0.265833348804173
5866,20221018_110159.mat,2426606,2.426606,1,165,0.0705904873367318
5867,20221018_110159.mat,2431780,2.43178,1,155,0.0699605945911783
5868,20221018_110159.mat,2440138,2.440138,1,160,0.0673010312209363
5869,20221018_110159.mat,2463023,2.463023,1,175,0.0659145092033352
5870,20221018_110159.mat,2463222,2.463222,1,160,0.122681167649788
5871,20221018_110159.mat,2488097,2.488097,1,155,0.0567648684333712
5872,20221018_110159.mat,2513171,2.513171,1,165,0.0640332888206951
5873,20221018_110159.mat,2513370,2.51337,1,160,0.139001503895779
5874,20221018_110159.mat,2515957,2.515957,1,160,0.626000566565331
5875,20221018_110159.mat,2516156,2.516156,1,160,0.177342702431256
5876,20221018_110159.mat,2516355,2.516355,1,160,0.0963385376506287
5877,20221018_110159.mat,2559737,2.559737,1,155,0.520037507040456
5878,20221018_110159.mat,2559936,2.559936,1,175,0.0674296817183252
5879,20221018_110159.mat,2568294,2.568294,1,230,0.043725284071464
5880,20221018_110159.mat,2596552,2.596552,1,225,0.0485764861753345
5881,20221018_110159.mat,2628392,2.628392,1,150,0.0994017895996178
5882,20221018_110159.mat,2628591,2.628591,1,160,0.247966531173339
5883,20221018_110159.mat,2658839,2.658839,1,165,0.550092634111917
5884,20221018_110159.mat,2659038,2.659038,1,160,0.191580263070615
5885,20221018_110159.mat,2659237,2.659237,1,160,0.101761451251221
5886,20221018_110159.mat,2675754,2.675754,1,180,0.0634937276371406
5887,20221018_110159.mat,2682918,2.682918,1,225,0.0459310480614615
5888,20221018_110159.mat,2693664,2.693664,1,230,0.0664537819982204
5889,20221018_110159.mat,2705007,2.705007,1,155,0.187908648559198
5890,20221018_110159.mat,2729683,2.729683,1,185,0.051592189610129
5891,20221018_110159.mat,2735653,2.735653,1,160,0.358590550007331
5892,20221018_110159.mat,2735852,2.735852,1,165,0.319399738390785
5893,20221018_110159.mat,2795751,2.795751,1,180,0.0581819698877008
5894,20221018_110159.mat,2805104,2.805104,1,180,0.0471696022336644
5895,20221018_110159.mat,2818636,2.818636,1,280,0.055002100995488
5896,20221018_110159.mat,2833163,2.833163,1,165,0.0576518635510274
5897,20221018_110159.mat,2836546,2.836546,1,160,0.0523572856747172
5898,20221018_110159.mat,2857640,2.85764,1,225,0.066811394587545
5899,20221018_110159.mat,2866396,2.866396,1,160,5.82497798393742
5900,20221018_110159.mat,2866595,2.866595,1,160,0.497731823948647
5901,20221018_110159.mat,2866794,2.866794,1,160,0.35379304370807
5902,20221018_110159.mat,2871371,2.871371,1,160,0.095136456769437
5903,20221018_110159.mat,2871570,2.87157,1,160,0.143208035902854
5904,20221018_110159.mat,2877540,2.87754,1,160,0.111859337708705
5905,20221018_110159.mat,2898037,2.898037,1,155,0.0701571810415871
5906,20221018_110159.mat,2903410,2.90341,1,225,0.166282476420109
5907,20221018_110159.mat,2903609,2.903609,1,180,0.0865389063491317
5908,20221018_110159.mat,2907191,2.907191,1,160,0.179080266461307
5909,20221018_110159.mat,2920922,2.920922,1,170,0.0693403673775425
5910,20221018_110159.mat,2921121,2.921121,1,160,0.0934228870998301
5911,20221018_110159.mat,2923111,2.923111,1,160,0.920018243515682
5912,20221018_110159.mat,2923310,2.92331,1,160,0.258184354515321
5913,20221018_110159.mat,2923509,2.923509,1,160,0.165706412981493
5914,20221018_110159.mat,2928086,2.928086,1,230,0.100455888311157
5915,20221018_110159.mat,2928285,2.928285,1,160,0.0996589307034998
5916,20221018_110159.mat,2931469,2.931469,1,155,0.877765311738152
5917,20221018_110159.mat,2931668,2.931668,1,155,0.187451531557991
5918,20221018_110159.mat,2931867,2.931867,1,160,0.117053905643261
5919,20221018_110159.mat,2967289,2.967289,1,170,0.10714777897637
5920,20221018_110159.mat,2967488,2.967488,1,165,0.0537976741994466
5921,20221018_110159.mat,2970672,2.970672,1,160,0.0541020721192952
5922,20221018_110159.mat,2980025,2.980025,1,160,0.0631959860766784
5923,20221018_110159.mat,2980224,2.980224,1,155,0.0768138178042838
5924,20221018_110159.mat,3026193,3.026193,1,160,0.0474743230364811
5925,20221018_110159.mat,3033755,3.033755,1,160,2.53497032587564
5926,20221018_110159.mat,3033954,3.033954,1,160,3.20552608721438
5927,20221018_110159.mat,3034153,3.034153,1,160,0.301317052014892
5928,20221018_110159.mat,3034352,3.034352,1,160,0.164408997476519
5929,20221018_110159.mat,3041914,3.041914,1,160,0.755494710453676
5930,20221018_110159.mat,3042113,3.042113,1,185,0.200584079407243
5931,20221018_110159.mat,3074152,3.074152,1,160,0.312309540466752
5932,20221018_110159.mat,3074351,3.074351,1,160,0.112615668670463
5933,20221018_110159.mat,3133056,3.133056,1,160,0.0936402747775475
5934,20221018_110159.mat,3156538,3.156538,1,165,0.0570007157903354
5935,20221018_110159.mat,3157931,3.157931,1,165,0.165227864034766
5936,20221018_110159.mat,3164299,3.164299,1,160,0.236239796677543
5937,20221018_110159.mat,3165294,3.165294,1,170,0.289868279145432
5938,20221018_110159.mat,3165493,3.165493,1,160,0.448779710583025
5939,20221018_110159.mat,3165692,3.165692,1,160,0.133600260777862
5940,20221018_110159.mat,3179025,3.179025,1,150,0.318827315904683
5941,20221018_110159.mat,3179224,3.179224,1,160,0.180061490376462
5942,20221018_110159.mat,3179423,3.179423,1,160,0.121315888951361
5943,20221018_110159.mat,3187184,3.187184,1,180,0.254884980985703
5944,20221018_110159.mat,3187383,3.187383,1,160,0.605529898962149
5945,20221018_110159.mat,3187582,3.187582,1,160,0.124172982594068
5946,20221018_110159.mat,3196736,3.196736,1,145,0.0512033477308915
5947,20221018_110159.mat,3196935,3.196935,1,155,0.0873691665362794
5948,20221018_110159.mat,3206885,3.206885,1,180,1.0781766412057
5949,20221018_110159.mat,3207084,3.207084,1,165,0.769829555239875
5950,20221018_110159.mat,3207283,3.207283,1,160,0.17804679478928
5951,20221018_110159.mat,3212059,3.212059,1,155,0.0671024132864375
5952,20221018_110159.mat,3221412,3.221412,1,160,0.120529084657396
5953,20221018_110159.mat,3228377,3.228377,1,165,0.11252467777757
5954,20221018_110159.mat,3243899,3.243899,1,160,0.0826838719859243
5955,20221018_110159.mat,3244098,3.244098,1,160,0.502417449678487
5956,20221018_110159.mat,3244297,3.244297,1,155,0.0910292854432367
5957,20221018_110159.mat,3258227,3.258227,1,155,0.0528431286455312
5958,20221018_110159.mat,3267381,3.267381,1,155,0.682792316202094
5959,20221018_110159.mat,3267580,3.26758,1,155,0.100656686191208
5960,20221018_110159.mat,3275739,3.275739,1,160,0.206745780321621
5961,20221018_110159.mat,3280913,3.280913,1,160,0.0634441318108445
5962,20221018_110159.mat,3300415,3.300415,1,150,0.0716628618496134
5963,20221018_110159.mat,3306783,3.306783,1,160,0.0904339363718559
5964,20221018_110159.mat,3327081,3.327081,1,160,0.0740860765905725
5965,20221018_110159.mat,3338822,3.338822,1,160,0.688729051990578
5966,20221018_110159.mat,3339021,3.339021,1,160,0.573609555130958
5967,20221018_110159.mat,3339618,3.339618,1,155,0.0905384810540271
5968,20221018_110159.mat,3351956,3.351956,1,200,0.0371235177880272
5969,20221018_110159.mat,3352155,3.352155,1,180,0.122871810556319
5970,20221018_110159.mat,3353548,3.353548,1,170,0.460866317687659
5971,20221018_110159.mat,3353747,3.353747,1,160,0.225945384509294
5972,20221018_110159.mat,3359916,3.359916,1,165,0.0556629440762165
5973,20221018_110159.mat,3360115,3.360115,1,160,0.0477352456041528
5974,20221018_110159.mat,3363498,3.363498,1,180,0.0568248183207988
5975,20221018_110159.mat,3364891,3.364891,1,165,0.0560331293418618
5976,20221018_110159.mat,3366881,3.366881,1,155,0.144487054905395
5977,20221018_110159.mat,3367080,3.36708,1,180,0.156678855129417
5978,20221018_110159.mat,3385786,3.385786,1,160,0.0523001146925271
5979,20221018_110159.mat,3402900,3.4029,1,160,0.0635410857396051
5980,20221018_110159.mat,3425586,3.425586,1,275,0.0443782068707796
5981,20221018_110159.mat,3428770,3.42877,1,155,0.121731768014594
5982,20221018_110159.mat,3429367,3.429367,1,175,0.0813027818599789
5983,20221018_110159.mat,3441307,3.441307,1,155,0.0663335121524866
5984,20221018_110159.mat,3446282,3.446282,1,155,0.564016264190344
5985,20221018_110159.mat,3446481,3.446481,1,165,0.0760271529890619
5986,20221018_110159.mat,3451655,3.451655,1,155,0.129016357263547
5987,20221018_110159.mat,3462202,3.462202,1,225,0.909242353055079
5988,20221018_110159.mat,3462401,3.462401,1,160,0.398573820290797
5989,20221018_110159.mat,3462600,3.4626,1,170,0.0582977272597522
5990,20221018_110159.mat,3465386,3.465386,1,160,0.0518911521296376
5991,20221018_110159.mat,3468371,3.468371,1,280,0.565799314658545
5992,20221018_110159.mat,3468570,3.46857,1,185,0.256194103711141
5993,20221018_110159.mat,3468769,3.468769,1,160,0.0779218020683829
5994,20221018_110159.mat,3492450,3.49245,1,225,0.14785437008449
5995,20221018_110159.mat,3494639,3.494639,1,155,0.0652607895227363
5996,20221018_110159.mat,3509962,3.509962,1,225,0.193679571377316
5997,20221018_110159.mat,3510161,3.510161,1,155,0.214885004367962
5998,20221018_110159.mat,3511753,3.511753,1,155,0.233447713449211
5999,20221018_110159.mat,3518121,3.518121,1,155,0.393564220551716
6000,20221018_110159.mat,3518320,3.51832,1,160,0.140781824382476
6001,20221018_110159.mat,3522698,3.522698,1,230,0.660397310425201
6002,20221018_110159.mat,3522897,3.522897,1,160,0.47801493925441
6003,20221018_110159.mat,3523096,3.523096,1,160,0.152530111886782
6004,20221018_110159.mat,3525683,3.525683,1,225,0.0944934995552503
6005,20221018_110159.mat,3525882,3.525882,1,165,0.108355607767608
6006,20221018_110159.mat,3532449,3.532449,1,155,0.0465159433180155
6007,20221018_110159.mat,3539613,3.539613,1,160,0.0991147236614658
6008,20221018_110159.mat,3545981,3.545981,1,160,0.239027647142012
6009,20221018_110159.mat,3546180,3.54618,1,175,0.0775143607453043
6010,20221018_110159.mat,3550160,3.55016,1,160,0.176369765048282
6011,20221018_110159.mat,3553145,3.553145,1,160,0.109612449639443
6012,20221018_110159.mat,3553344,3.553344,1,160,1.1745253645375
6013,20221018_110159.mat,3553543,3.553543,1,160,0.13273293103444
6014,20221018_110159.mat,3553742,3.553742,1,160,0.0892403293606737
6015,20221018_110159.mat,3569264,3.569264,1,175,0.60727287781417
6016,20221018_110159.mat,3569463,3.569463,1,160,0.277469831691926
6017,20221018_110159.mat,3569662,3.569662,1,160,0.170376011451431
6018,20221018_110159.mat,3576826,3.576826,1,165,1.10288106573178
6019,20221018_110159.mat,3577025,3.577025,1,160,0.371292561478091
6020,20221018_110159.mat,3577224,3.577224,1,160,0.335846435415879
6021,20221018_110159.mat,3577423,3.577423,1,160,0.124609152310886
6022,20221018_110159.mat,3580209,3.580209,1,160,0.0810439019701018
6023,20221018_110159.mat,3582000,3.582,1,160,0.11932830604754
6024,20221018_110159.mat,3602497,3.602497,1,225,0.0610789355140746
6025,20221018_110159.mat,3606676,3.606676,1,225,0.0609270003942663
6026,20221018_110159.mat,3617024,3.617024,1,160,0.190204744833651
6027,20221018_110159.mat,3621402,3.621402,1,160,0.0952492412607485
6028,20221018_110159.mat,3621601,3.621601,1,160,0.0652915471785746
6029,20221018_110159.mat,3652446,3.652446,1,160,0.159122466453712
6030,20221018_110159.mat,3657421,3.657421,1,180,0.267003259225494
6031,20221018_110159.mat,3657620,3.65762,1,160,0.107554890582012
6032,20221018_110159.mat,3662396,3.662396,1,155,0.0967636107090723
6033,20221018_110159.mat,3672744,3.672744,1,160,0.0585361345983533
6034,20221018_110159.mat,3672943,3.672943,1,155,0.0978922951608515
6035,20221018_110159.mat,3673540,3.67354,1,165,0.106650519726129
6036,20221018_110159.mat,3689659,3.689659,1,155,0.25867053890314
6037,20221018_110159.mat,3701599,3.701599,1,210,0.0536707403898576
6038,20221018_110159.mat,3701798,3.701798,1,175,0.233598429537874
6039,20221018_110159.mat,3731648,3.731648,1,160,0.108878976836853
6040,20221018_110159.mat,3751349,3.751349,1,160,0.122437963554467
6041,20221018_110159.mat,3755528,3.755528,1,170,0.207765255623863
6042,20221018_110159.mat,3755727,3.755727,1,165,0.062096259684603
6043,20221018_110159.mat,3762095,3.762095,1,160,0.0933878592158526
6044,20221018_110159.mat,3768861,3.768861,1,160,0.351519000516357
6045,20221018_110159.mat,3769060,3.76906,1,185,0.201411952994959
6046,20221018_110159.mat,3808661,3.808661,1,150,0.365696108497212
6047,20221018_110159.mat,3808860,3.80886,1,160,0.477043754593755
6048,20221018_110159.mat,3809059,3.809059,1,160,0.121532896541464
6049,20221018_110159.mat,3810253,3.810253,1,170,0.0701325657113681
6050,20221018_110159.mat,3811845,3.811845,1,155,0.109222158678546
6051,20221018_110159.mat,3816820,3.81682,1,230,0.0375745161655822
6052,20221018_110159.mat,3827964,3.827964,1,275,0.217061895473242
6053,20221018_110159.mat,3828163,3.828163,1,160,0.132175783763483
6054,20221018_110159.mat,3828561,3.828561,1,180,0.174122199315132
6055,20221018_110159.mat,3832740,3.83274,1,160,0.0962513873128232
6056,20221018_110159.mat,3844680,3.84468,1,155,0.340302008030964
6057,20221018_110159.mat,3844879,3.844879,1,165,0.117295653500448
6058,20221018_110159.mat,3846272,3.846272,1,155,0.231939829086132
6059,20221018_110159.mat,3864779,3.864779,1,225,0.288491004884251
6060,20221018_110159.mat,3864978,3.864978,1,170,0.143938684485662
6061,20221018_110159.mat,3880301,3.880301,1,170,0.110364151926967
6062,20221018_110159.mat,3880500,3.8805,1,170,0.183541385074315
6063,20221018_110159.mat,3925076,3.925076,1,170,2.67695297808244
6064,20221018_110159.mat,3925275,3.925275,1,160,1.17268083222357
6065,20221018_110159.mat,3925474,3.925474,1,160,0.235205509151782
6066,20221018_110159.mat,3925673,3.925673,1,160,0.162389790504063
6067,20221018_110159.mat,3950946,3.950946,1,160,0.157663355345998
6068,20221018_110159.mat,3952737,3.952737,1,160,0.0805382187369912
6069,20221018_110159.mat,3959702,3.959702,1,175,0.111723986834654
6070,20221018_110159.mat,3959901,3.959901,1,160,0.238405684115817
6071,20221018_110159.mat,3971045,3.971045,1,155,0.370147372603321
6072,20221018_110159.mat,3971244,3.971244,1,160,0.213675246690099
6073,20221018_110159.mat,3993333,3.993333,1,165,0.09638060765592
6074,20221018_110159.mat,3993532,3.993532,1,160,0.103052038234019
6075,20221018_110159.mat,4018009,4.018009,1,170,0.125358914867618
6076,20221018_110159.mat,4018208,4.018208,1,160,0.125674034208417
6077,20221018_110159.mat,4042486,4.042486,1,480,0.169188558499814
6078,20221018_110159.mat,4042685,4.042685,1,160,3.54291573286257
6079,20221018_110159.mat,4042884,4.042884,1,160,0.39714391105429
6080,20221018_110159.mat,4043083,4.043083,1,160,0.163291704916218
6081,20221018_110159.mat,4046068,4.046068,1,165,0.0666513300832112
6082,20221018_110159.mat,4070147,4.070147,1,155,0.224664298550395
6083,20221018_110159.mat,4076714,4.076714,1,170,0.540330485039019
6084,20221018_110159.mat,4076913,4.076913,1,160,0.227343780864292
6085,20221018_110159.mat,4084674,4.084674,1,155,0.0585539686524585
6086,20221018_110159.mat,4086067,4.086067,1,345,1.33335778966225
6087,20221018_110159.mat,4086266,4.086266,1,160,7.91241819869739
6088,20221018_110159.mat,4086465,4.086465,1,175,0.72218745021169
6089,20221018_110159.mat,4086664,4.086664,1,160,0.223946322833934
6090,20221018_110159.mat,4089251,4.089251,1,160,0.135365424469603
6091,20221018_110159.mat,4092634,4.092634,1,235,0.152747112549993
6092,20221018_110159.mat,4092833,4.092833,1,180,0.246333305012242
6093,20221018_110159.mat,4109947,4.109947,1,155,0.378349958092438
6094,20221018_110159.mat,4110146,4.110146,1,170,0.0628649538726808
6095,20221018_110159.mat,4138802,4.138802,1,160,0.815859263856571
6096,20221018_110159.mat,4139001,4.139001,1,160,0.279938243215514
6097,20221018_110159.mat,4139200,4.1392,1,160,0.101765350315113
6098,20221018_110159.mat,4142583,4.142583,1,165,0.338509206102926
6099,20221018_110159.mat,4172433,4.172433,1,155,0.0875654867557279
6100,20221018_110159.mat,4196114,4.196114,1,160,0.416048101507903
6101,20221018_110159.mat,4196313,4.196313,1,160,0.201537485464041
6102,20221018_110159.mat,4200492,4.200492,1,160,0.461570963499502
6103,20221018_110159.mat,4200691,4.200691,1,165,0.397766611347685
6104,20221018_110159.mat,4205268,4.205268,1,160,0.202250977238143
6105,20221018_110159.mat,4205467,4.205467,1,155,0.0611743721475206
6106,20221018_110159.mat,4232531,4.232531,1,165,0.10276128528789
6107,20221018_110159.mat,4232730,4.23273,1,180,0.0500787253868364
6108,20221018_110159.mat,4237307,4.237307,1,170,1.70413309290953
6109,20221018_110159.mat,4237506,4.237506,1,165,1.99525622987895
6110,20221018_110159.mat,4237705,4.237705,1,155,0.193755046312263
6111,20221018_110159.mat,4237904,4.237904,1,160,0.215043472443361
6112,20221018_110159.mat,4249048,4.249048,1,155,0.35113184093476
6113,20221018_110159.mat,4275117,4.275117,1,175,0.0639935470886258
6114,20221018_110159.mat,4300987,4.300987,1,160,0.0561955109887266
6115,20221018_110159.mat,4301186,4.301186,1,170,0.104930200428559
6116,20221018_110159.mat,4302977,4.302977,1,160,0.0722829410946546
6117,20221018_110159.mat,4317106,4.317106,1,160,0.110362931541161
6118,20221018_110159.mat,4335812,4.335812,1,160,0.856221696474344
6119,20221018_110159.mat,4336011,4.336011,1,160,0.601336873627193
6120,20221018_110159.mat,4336210,4.33621,1,175,0.0448801488515778
6121,20221018_110159.mat,4349145,4.349145,1,165,0.0564754450302569
6122,20221018_110159.mat,4371831,4.371831,1,160,0.91928028828948
6123,20221018_110159.mat,4372030,4.37203,1,160,0.242879657656006
6124,20221018_110159.mat,4387154,4.387154,1,155,0.0739006929922724
6125,20221018_110159.mat,4403472,4.403472,1,160,0.0607946238377058
6126,20221018_110159.mat,4415412,4.415412,1,175,0.410585074162568
6127,20221018_110159.mat,4415611,4.415611,1,155,0.164559224120274
6128,20221018_110159.mat,4415810,4.41581,1,160,0.146990893037015
6129,20221018_110159.mat,4426755,4.426755,1,160,0.0859984542921607
6130,20221018_110159.mat,4428148,4.428148,1,280,0.148292493297725
6131,20221018_110159.mat,4429740,4.42974,1,160,0.24096508281469
6132,20221018_110159.mat,4429939,4.429939,1,160,0.130692002251972
6133,20221018_110159.mat,4431929,4.431929,1,160,0.605784620331012
6134,20221018_110159.mat,4432128,4.432128,1,180,0.168498817489428
6135,20221018_110159.mat,4438297,4.438297,1,155,0.775221395142289
6136,20221018_110159.mat,4438496,4.438496,1,155,0.154310352562294
6137,20221018_110159.mat,4443869,4.443869,1,155,0.0740773738114886
6138,20221018_110159.mat,4444068,4.444068,1,225,0.0822637610028453
6139,20221018_110159.mat,4449441,4.449441,1,165,0.0590467459109166
6140,20221018_110159.mat,4454018,4.454018,1,155,0.0813748264654533
6141,20221018_110159.mat,4454217,4.454217,1,155,2.46079062504804
6142,20221018_110159.mat,4454416,4.454416,1,160,0.926467106448062
6143,20221018_110159.mat,4454615,4.454615,1,160,0.332850387726067
6144,20221018_110159.mat,4454814,4.454814,1,160,0.0912887220659034
6145,20221018_110159.mat,4456008,4.456008,1,225,0.0947211575483286
6146,20221018_110159.mat,4465958,4.465958,1,175,0.15034108887848
6147,20221018_110159.mat,4466157,4.466157,1,165,0.0416294802050287
6148,20221018_110159.mat,4480286,4.480286,1,155,0.0507725092686028
6149,20221018_110159.mat,4483072,4.483072,1,160,0.0660862849199746
6150,20221018_110159.mat,4489241,4.489241,1,160,0.179211377804394
6151,20221018_110159.mat,4506355,4.506355,1,160,0.101696952078858
6152,20221018_110159.mat,4536404,4.536404,1,155,0.559272537270371
6153,20221018_110159.mat,4536603,4.536603,1,160,0.346011773681363
6154,20221018_110159.mat,4541777,4.541777,1,160,0.0878110022821602
6155,20221018_110159.mat,4564264,4.564264,1,160,0.100335420583495
6156,20221018_110159.mat,4580184,4.580184,1,230,0.235378369419314
6157,20221018_110159.mat,4580383,4.580383,1,230,0.0746757445492248
6158,20221018_110159.mat,4582572,4.582572,1,150,0.0445731878873323
6159,20221018_110159.mat,4592124,4.592124,1,150,0.0999370448617119
6160,20221018_110159.mat,4592323,4.592323,1,160,0.0704077674112455
6161,20221018_110159.mat,4596900,4.5969,1,180,0.239081411080145
6162,20221018_110159.mat,4597099,4.597099,1,185,0.137915893626118
6163,20221018_110159.mat,4600681,4.600681,1,225,0.0721807963571685
6164,20221018_110159.mat,4600880,4.60088,1,155,0.0887507132643862
6165,20221018_110159.mat,4601477,4.601477,1,165,0.119797237216823
6166,20221018_110159.mat,4601676,4.601676,1,165,0.0855589446850634
6167,20221018_110159.mat,4606452,4.606452,1,170,0.0798669946253769
6168,20221018_110159.mat,4630929,4.630929,1,155,0.166203398167232
6169,20221018_110159.mat,4631128,4.631128,1,155,0.237099393550401
6170,20221018_110159.mat,4725852,4.725852,1,165,0.156486314436553
6171,20221018_110159.mat,4773214,4.773214,1,155,0.311330414202843
6172,20221018_110159.mat,4773413,4.773413,1,160,0.0609003835926343
6173,20221018_110159.mat,4791323,4.791323,1,180,0.376161062856702
6174,20221018_110159.mat,4791522,4.791522,1,185,0.147690722255819
6175,20221018_110159.mat,4807044,4.807044,1,160,0.0802297665116868
6176,20221018_110159.mat,4837292,4.837292,1,155,0.0503970603272001
6177,20221018_110159.mat,4840675,4.840675,1,170,0.0516680679271701
6178,20221018_110159.mat,4840874,4.840874,1,180,0.262416179490604
6179,20221018_110159.mat,4858386,4.858386,1,160,0.490501558465015
6180,20221018_110159.mat,4866346,4.866346,1,160,0.105578592434438
6181,20221018_110159.mat,4893410,4.89341,1,170,0.806934840058177
6182,20221018_110159.mat,4893609,4.893609,1,175,0.0978247194333315
6183,20221018_110159.mat,4903161,4.903161,1,160,0.0825328536156203
6184,20221018_110159.mat,4907738,4.907738,1,180,0.762200412601394
6185,20221018_110159.mat,4907937,4.907937,1,160,0.211911112803147
6186,20221018_110159.mat,4912514,4.912514,1,230,0.0619969793103471
6187,20221018_110159.mat,4935797,4.935797,1,175,0.0722130556756104
6188,20221018_110159.mat,4935996,4.935996,1,165,0.0357985337278928
6189,20221018_110159.mat,4982363,4.982363,1,160,0.060943093437526
6190,20221018_110159.mat,4982562,4.982562,1,225,0.123365567037008
6191,20221018_110159.mat,4990124,4.990124,1,160,0.0550629521406007
6192,20221018_110159.mat,4990323,4.990323,1,160,0.096390049942818
6193,20221018_110159.mat,4994303,4.994303,1,160,0.0588527215358129
6194,20221018_110159.mat,4994502,4.994502,1,165,0.0565784030384588
6195,20221018_110204.mat,13134,0.013134,1,225,0.0573977102948442
6196,20221018_110204.mat,13333,0.013333,1,175,0.0585936493496982
6197,20221018_110204.mat,22686,0.022686,1,225,0.11062433086892
6198,20221018_110204.mat,37412,0.037412,1,155,0.0548434455749804
6199,20221018_110204.mat,37810,0.03781,1,165,0.0362025230681296
6200,20221018_110204.mat,38009,0.038009,1,175,0.0534441967919111
6201,20221018_110204.mat,76615,0.076615,1,225,0.100926050594125
6202,20221018_110204.mat,82386,0.082386,1,215,0.0364717582417046
6203,20221018_110204.mat,82585,0.082585,1,230,0.22768062963773
6204,20221018_110204.mat,89152,0.089152,1,160,0.582171651067764
6205,20221018_110204.mat,89351,0.089351,1,160,0.0836567844992282
6206,20221018_110204.mat,111838,0.111838,1,160,0.100371401966122
6207,20221018_110204.mat,112037,0.112037,1,160,0.0839331919236109
6208,20221018_110204.mat,123181,0.123181,1,165,0.174902063131934
6209,20221018_110204.mat,123380,0.12338,1,170,0.264151652002275
6210,20221018_110204.mat,123579,0.123579,1,160,0.0743163414627702
6211,20221018_110204.mat,131340,0.13134,1,275,0.283454382100102
6212,20221018_110204.mat,131539,0.131539,1,280,0.176559206961181
6213,20221018_110204.mat,139300,0.1393,1,160,0.0464313171760333
6214,20221018_110204.mat,151240,0.15124,1,140,0.070279794481035
6215,20221018_110204.mat,152036,0.152036,1,160,0.858011477492995
6216,20221018_110204.mat,152235,0.152235,1,160,0.246367116405647
6217,20221018_110204.mat,152434,0.152434,1,160,0.0690746573812947
6218,20221018_110204.mat,166961,0.166961,1,160,0.0640114084765706
6219,20221018_110204.mat,167160,0.16716,1,160,22.2812073299972
6220,20221018_110204.mat,167359,0.167359,1,165,1.23823882143182
6221,20221018_110204.mat,167558,0.167558,1,160,0.482710609506276
6222,20221018_110204.mat,167757,0.167757,1,160,0.168335343045112
6223,20221018_110204.mat,214323,0.214323,1,170,0.1437379313407
6224,20221018_110204.mat,224671,0.224671,1,160,0.0511056755043336
6225,20221018_110204.mat,240989,0.240989,1,160,0.278537379090917
6226,20221018_110204.mat,241188,0.241188,1,160,0.0787500680358151
6227,20221018_110204.mat,250740,0.25074,1,160,0.762117782358235
6228,20221018_110204.mat,250939,0.250939,1,160,2.03760558996525
6229,20221018_110204.mat,251138,0.251138,1,160,0.359125627443795
6230,20221018_110204.mat,251337,0.251337,1,160,0.155538706632943
6231,20221018_110204.mat,256710,0.25671,1,160,0.210975277304068
6232,20221018_110204.mat,256909,0.256909,1,160,0.0727305485469531
6233,20221018_110204.mat,258899,0.258899,1,160,0.199387652873895
6234,20221018_110204.mat,272232,0.272232,1,160,0.231870148937529
6235,20221018_110204.mat,274421,0.274421,1,160,1.37620955804079
6236,20221018_110204.mat,274620,0.27462,1,160,2.5831317388996
6237,20221018_110204.mat,274819,0.274819,1,160,0.448204908738521
6238,20221018_110204.mat,275018,0.275018,1,160,0.288908091783476
6239,20221018_110204.mat,281784,0.281784,1,170,0.0986791895478983
6240,20221018_110204.mat,281983,0.281983,1,230,0.152471495980787
6241,20221018_110204.mat,284570,0.28457,1,155,0.173569103814349
6242,20221018_110204.mat,284769,0.284769,1,155,0.102932526834306
6243,20221018_110204.mat,287157,0.287157,1,160,3.15006030310252
6244,20221018_110204.mat,287356,0.287356,1,160,0.497270892569585
6245,20221018_110204.mat,287555,0.287555,1,160,0.370992605512939
6246,20221018_110204.mat,287754,0.287754,1,160,0.100096296385471
6247,20221018_110204.mat,318997,0.318997,1,160,1.29817107699308
6248,20221018_110204.mat,319196,0.319196,1,160,0.922376503286512
6249,20221018_110204.mat,319395,0.319395,1,160,0.384858799010117
6250,20221018_110204.mat,319594,0.319594,1,160,0.166352184726011
6251,20221018_110204.mat,331534,0.331534,1,165,0.0968463943992511
6252,20221018_110204.mat,331733,0.331733,1,160,0.146715563287431
6253,20221018_110204.mat,341882,0.341882,1,160,3.16419237989009
6254,20221018_110204.mat,342081,0.342081,1,160,0.359327836552647
6255,20221018_110204.mat,342280,0.34228,1,160,0.229402344651608
6256,20221018_110204.mat,349046,0.349046,1,165,0.0508951237387401
6257,20221018_110204.mat,361185,0.361185,1,170,0.0454521508238868
6258,20221018_110204.mat,367951,0.367951,1,225,0.0600672248553729
6259,20221018_110204.mat,373523,0.373523,1,160,0.0563734532921827
6260,20221018_110204.mat,382279,0.382279,1,160,0.0639696879455927
6261,20221018_110204.mat,382677,0.382677,1,160,6.30567342460192
6262,20221018_110204.mat,382876,0.382876,1,160,2.37571526573356
6263,20221018_110204.mat,383075,0.383075,1,160,0.995350047304027
6264,20221018_110204.mat,383274,0.383274,1,160,0.274226042594196
6265,20221018_110204.mat,407353,0.407353,1,160,0.0647952961332189
6266,20221018_110204.mat,409741,0.409741,1,165,0.114191292219029
6267,20221018_110204.mat,409940,0.40994,1,170,0.0963325290091359
6268,20221018_110204.mat,425661,0.425661,1,160,3.74510013192396
6269,20221018_110204.mat,425860,0.42586,1,165,0.223234942715792
6270,20221018_110204.mat,426059,0.426059,1,160,0.191469528586799
6271,20221018_110204.mat,435014,0.435014,1,165,0.0417372493461617
6272,20221018_110204.mat,441382,0.441382,1,160,0.0498466617400033
6273,20221018_110204.mat,447750,0.44775,1,160,3.15339269972823
6274,20221018_110204.mat,447949,0.447949,1,160,1.53797152499258
6275,20221018_110204.mat,448148,0.448148,1,160,0.155812698388259
6276,20221018_110204.mat,448347,0.448347,1,160,0.0633821205437633
6277,20221018_110204.mat,456904,0.456904,1,160,0.240283951610163
6278,20221018_110204.mat,459491,0.459491,1,155,0.0423782711952378
6279,20221018_110204.mat,486953,0.486953,1,180,0.811675002985259
6280,20221018_110204.mat,487152,0.487152,1,160,0.2976926130372
6281,20221018_110204.mat,487351,0.487351,1,160,0.174953135320281
6282,20221018_110204.mat,488346,0.488346,1,225,0.0503504522748941
6283,20221018_110204.mat,503868,0.503868,1,165,0.383424200114283
6284,20221018_110204.mat,504067,0.504067,1,165,0.39841064640137
6285,20221018_110204.mat,504266,0.504266,1,160,0.0693219305719927
6286,20221018_110204.mat,515609,0.515609,1,230,0.186744012940849
6287,20221018_110204.mat,515808,0.515808,1,160,0.0710820512669326
6288,20221018_110204.mat,533121,0.533121,1,160,1.71307583269359
6289,20221018_110204.mat,533320,0.53332,1,160,5.51202731533592
6290,20221018_110204.mat,533519,0.533519,1,160,0.375387484180533
6291,20221018_110204.mat,533718,0.533718,1,160,0.182257545082576
6292,20221018_110204.mat,537499,0.537499,1,160,0.0417203674325969
6293,20221018_110204.mat,537698,0.537698,1,155,0.149782739404496
6294,20221018_110204.mat,552822,0.552822,1,165,0.114189221793681
6295,20221018_110204.mat,553021,0.553021,1,165,0.0739974104839332
6296,20221018_110204.mat,553618,0.553618,1,170,0.10029515169981
6297,20221018_110204.mat,566155,0.566155,1,160,0.189629594350183
6298,20221018_110204.mat,567747,0.567747,1,160,0.0876571545019642
6299,20221018_110204.mat,608542,0.608542,1,225,0.0368857541145905
6300,20221018_110204.mat,609139,0.609139,1,155,0.0439842612836345
6301,20221018_110204.mat,630034,0.630034,1,230,0.0741333054763785
6302,20221018_110204.mat,637596,0.637596,1,160,0.0717627317463538
6303,20221018_110204.mat,638790,0.63879,1,160,0.109859754433727
6304,20221018_110204.mat,651327,0.651327,1,160,0.0618772597432454
6305,20221018_110204.mat,651526,0.651526,1,160,0.0794313865423956
6306,20221018_110204.mat,675008,0.675008,1,230,0.0627639567087692
6307,20221018_110204.mat,676998,0.676998,1,160,0.0709596503297421
6308,20221018_110204.mat,732519,0.732519,1,160,0.053823088653341
6309,20221018_110204.mat,749235,0.749235,1,155,0.103810085433854
6310,20221018_110204.mat,764359,0.764359,1,165,0.161929019210207
6311,20221018_110204.mat,764558,0.764558,1,160,0.483216967215063
6312,20221018_110204.mat,786249,0.786249,1,160,0.0744978825110604
6313,20221018_110204.mat,826646,0.826646,1,165,0.0662148138795546
6314,20221018_110204.mat,849929,0.849929,1,170,0.186514387737469
6315,20221018_110204.mat,856098,0.856098,1,230,0.0523478904563315
6316,20221018_110204.mat,867242,0.867242,1,235,0.15435679227475
6317,20221018_110204.mat,867441,0.867441,1,160,1.15744897396089
6318,20221018_110204.mat,867640,0.86764,1,160,0.11877043855973
6319,20221018_110204.mat,867839,0.867839,1,160,0.103294989839737
6320,20221018_110204.mat,873212,0.873212,1,225,0.0448203803554209
6321,20221018_110204.mat,873411,0.873411,1,170,0.0550111235798484
6322,20221018_110204.mat,880973,0.880973,1,175,0.0759379908394324
6323,20221018_110204.mat,881172,0.881172,1,230,0.120529406093826
6324,20221018_110204.mat,887142,0.887142,1,155,0.314930023064419
6325,20221018_110204.mat,887341,0.887341,1,180,0.194896319225109
6326,20221018_110204.mat,887540,0.88754,1,160,0.101756402225857
6327,20221018_110204.mat,899082,0.899082,1,175,0.0555153627294407
6328,20221018_110204.mat,931121,0.931121,1,160,0.410655151367656
6329,20221018_110204.mat,931320,0.93132,1,175,0.0425756737440033
6330,20221018_110204.mat,939081,0.939081,1,160,0.230208584795855
6331,20221018_110204.mat,939280,0.93928,1,160,0.121744504618762
6332,20221018_110204.mat,952016,0.952016,1,155,0.0535573425620772
6333,20221018_110204.mat,961767,0.961767,1,180,0.0968563803029685
6334,20221018_110204.mat,986244,0.986244,1,160,0.0772710750742691
6335,20221018_110204.mat,989627,0.989627,1,230,0.571275262744706
6336,20221018_110204.mat,989826,0.989826,1,160,0.0610909327387707
6337,20221018_110204.mat,1019079,1.019079,1,155,0.221692298488739
6338,20221018_110204.mat,1019278,1.019278,1,160,0.0687090389213995
6339,20221018_110204.mat,1063854,1.063854,1,225,0.578316231811625
6340,20221018_110204.mat,1064053,1.064053,1,160,0.121164153803433
6341,20221018_110204.mat,1083953,1.083953,1,230,0.0723509453021738
6342,20221018_110204.mat,1089525,1.089525,1,155,0.823825174922874
6343,20221018_110204.mat,1089724,1.089724,1,155,0.207907374771173
6344,20221018_110204.mat,1089923,1.089923,1,160,0.132404688970066
6345,20221018_110204.mat,1096689,1.096689,1,170,0.108229014118625
6346,20221018_110204.mat,1116191,1.116191,1,170,0.122341672397208
6347,20221018_110204.mat,1116390,1.11639,1,165,0.0709394641246702
6348,20221018_110204.mat,1118181,1.118181,1,165,0.066874069558305
6349,20221018_110204.mat,1122360,1.12236,1,160,0.0604717083916733
6350,20221018_110204.mat,1130320,1.13032,1,170,0.0948173283264159
6351,20221018_110204.mat,1137683,1.137683,1,180,0.0610161263025595
6352,20221018_110204.mat,1148429,1.148429,1,160,0.0706922142928749
6353,20221018_110204.mat,1165742,1.165742,1,165,0.0519848380565212
6354,20221018_110204.mat,1167135,1.167135,1,160,0.0560037359798856
6355,20221018_110204.mat,1169125,1.169125,1,345,0.0600106144887163
6356,20221018_110204.mat,1189622,1.189622,1,160,0.748788885892057
6357,20221018_110204.mat,1189821,1.189821,1,160,0.0728534592353697
6358,20221018_110204.mat,1205542,1.205542,1,160,0.0941839445449087
6359,20221018_110204.mat,1222855,1.222855,1,160,0.24638307084402
6360,20221018_110204.mat,1253899,1.253899,1,165,0.106688858195998
6361,20221018_110204.mat,1254098,1.254098,1,160,0.18250352443154
6362,20221018_110204.mat,1276187,1.276187,1,160,0.153779401954875
6363,20221018_110204.mat,1315589,1.315589,1,150,0.0807095301832756
6364,20221018_110204.mat,1344046,1.344046,1,160,0.0570656633771746
6365,20221018_110204.mat,1366931,1.366931,1,160,0.0810969619450134
6366,20221018_110204.mat,1373498,1.373498,1,170,3.13313201518774
6367,20221018_110204.mat,1373697,1.373697,1,165,2.49076511167975
6368,20221018_110204.mat,1373896,1.373896,1,160,0.321129912436325
6369,20221018_110204.mat,1374095,1.374095,1,160,0.288598604213812
6370,20221018_110204.mat,1374294,1.374294,1,160,0.0922626386307733
6371,20221018_110204.mat,1384841,1.384841,1,165,0.0610359019945889
6372,20221018_110204.mat,1385040,1.38504,1,160,0.0906919323164413
6373,20221018_110204.mat,1393199,1.393199,1,170,0.275206707320218
6374,20221018_110204.mat,1393398,1.393398,1,160,0.930517438693664
6375,20221018_110204.mat,1411109,1.411109,1,160,0.149088094720829
6376,20221018_110204.mat,1422850,1.42285,1,160,0.102881626164292
6377,20221018_110204.mat,1429616,1.429616,1,170,0.06232272900095
6378,20221018_110204.mat,1429815,1.429815,1,160,0.140341494613573
6379,20221018_110204.mat,1441158,1.441158,1,230,0.226864007201692
6380,20221018_110204.mat,1450312,1.450312,1,160,0.0646331292020608
6381,20221018_110204.mat,1455685,1.455685,1,185,0.0499653315161857
6382,20221018_110204.mat,1463645,1.463645,1,155,0.0658715055466677
6383,20221018_110204.mat,1496679,1.496679,1,155,0.119181434745831
6384,20221018_110204.mat,1496878,1.496878,1,180,0.0626277970645506
6385,20221018_110204.mat,1499664,1.499664,1,160,0.16499544873609
6386,20221018_110204.mat,1499863,1.499863,1,160,0.115720449046955
6387,20221018_110204.mat,1509813,1.509813,1,160,0.0683389100509624
6388,20221018_110204.mat,1533295,1.533295,1,230,0.0417081828120172
6389,20221018_110204.mat,1537474,1.537474,1,165,0.0689820375139422
6390,20221018_110204.mat,1544240,1.54424,1,180,0.0657294627231801
6391,20221018_110204.mat,1544439,1.544439,1,160,0.121050206109681
6392,20221018_110204.mat,1567921,1.567921,1,160,0.0777814319252628
6393,20221018_110204.mat,1568916,1.568916,1,165,0.0416228933870602
6394,20221018_110204.mat,1569115,1.569115,1,180,0.103400462269521
6395,20221018_110204.mat,1574886,1.574886,1,160,0.0603702337628454
6396,20221018_110204.mat,1583841,1.583841,1,155,0.0628204146835432
6397,20221018_110204.mat,1624039,1.624039,1,170,0.213963498192069
6398,20221018_110204.mat,1624238,1.624238,1,160,0.0910627058129031
6399,20221018_110204.mat,1645929,1.645929,1,160,0.404142486703832
6400,20221018_110204.mat,1646128,1.646128,1,160,0.320389651399141
6401,20221018_110204.mat,1657073,1.657073,1,150,0.0425613871388564
6402,20221018_110204.mat,1698067,1.698067,1,230,0.0657623754339487
6403,20221018_110204.mat,1705828,1.705828,1,165,0.0531204619662579
6404,20221018_110204.mat,1730902,1.730902,1,155,0.067804549681369
6405,20221018_110204.mat,1735081,1.735081,1,160,0.0388709355097102
6406,20221018_110204.mat,1752792,1.752792,1,160,0.207950486187982
6407,20221018_110204.mat,1801746,1.801746,1,165,0.396140334383202
6408,20221018_110204.mat,1801945,1.801945,1,160,0.0978623104733896
6409,20221018_110204.mat,1808910,1.80891,1,160,1.10929660104546
6410,20221018_110204.mat,1809109,1.809109,1,180,0.272398547456491
6411,20221018_110204.mat,1814084,1.814084,1,160,0.0629812800818469
6412,20221018_110204.mat,1814482,1.814482,1,160,0.0726213081022251
6413,20221018_110204.mat,1832392,1.832392,1,230,0.540541233745328
6414,20221018_110204.mat,1832591,1.832591,1,165,0.206585945340522
6415,20221018_110204.mat,1832790,1.83279,1,160,0.0984015078702069
6416,20221018_110204.mat,1875774,1.875774,1,160,0.0774629527087695
6417,20221018_110204.mat,1896271,1.896271,1,180,0.047708216768182
6418,20221018_110204.mat,1921743,1.921743,1,160,0.172477725192224
6419,20221018_110204.mat,1950200,1.9502,1,170,0.0472161553728864
6420,20221018_110204.mat,1954379,1.954379,1,160,0.0917153501133358
6421,20221018_110204.mat,1954578,1.954578,1,160,0.691259503000159
6422,20221018_110204.mat,1957961,1.957961,1,155,0.180182318247088
6423,20221018_110204.mat,1959553,1.959553,1,230,0.0787435709198168
6424,20221018_110204.mat,1964329,1.964329,1,155,0.0519254874545886
6425,20221018_110204.mat,1986816,1.986816,1,165,0.43057386560041
6426,20221018_110204.mat,1987015,1.987015,1,160,0.687909958559714
6427,20221018_110204.mat,1987214,1.987214,1,175,0.0738727670441604
6428,20221018_110204.mat,2019850,2.01985,1,225,0.276122524916487
6429,20221018_110204.mat,2020049,2.020049,1,165,0.171257280773775
6430,20221018_110204.mat,2023830,2.02383,1,245,0.0336455494361941
6431,20221018_110204.mat,2024029,2.024029,1,160,0.88596618947757
6432,20221018_110204.mat,2024228,2.024228,1,175,0.0683083070406769
6433,20221018_110204.mat,2044327,2.044327,1,225,0.355009602511365
6434,20221018_110204.mat,2044526,2.044526,1,165,0.223969215260143
6435,20221018_110204.mat,2054476,2.054476,1,160,0.0533292517984582
6436,20221018_110204.mat,2054675,2.054675,1,170,0.195057706136802
6437,20221018_110204.mat,2064028,2.064028,1,170,0.0866657149372246
6438,20221018_110204.mat,2079948,2.079948,1,155,0.0907578455684525
6439,20221018_110204.mat,2089898,2.089898,1,340,0.0420046019912601
6440,20221018_110204.mat,2091092,2.091092,1,225,0.0704711568620314
6441,20221018_110204.mat,2091291,2.091291,1,230,0.397685000059936
6442,20221018_110204.mat,2091490,2.09149,1,160,0.0679566265852675
6443,20221018_110204.mat,2100843,2.100843,1,160,0.0653718427987935
6444,20221018_110204.mat,2106415,2.106415,1,160,1.25346304483319
6445,20221018_110204.mat,2106614,2.106614,1,160,0.555417833341452
6446,20221018_110204.mat,2106813,2.106813,1,160,0.0908143816972785
6447,20221018_110204.mat,2107808,2.107808,1,180,0.504208065271609
6448,20221018_110204.mat,2108007,2.108007,1,160,0.116261493953904
6449,20221018_110204.mat,2149996,2.149996,1,225,0.0833672533719695
6450,20221018_110204.mat,2164722,2.164722,1,220,0.041244851376428
6451,20221018_110204.mat,2174672,2.174672,1,230,0.0353146347132873
6452,20221018_110204.mat,2177060,2.17706,1,225,0.051048028210535
6453,20221018_110204.mat,2177259,2.177259,1,160,0.071328662220794
6454,20221018_110204.mat,2179050,2.17905,1,180,0.0410684903394073
6455,20221018_110204.mat,2179249,2.179249,1,230,0.0976878457765631
6456,20221018_110204.mat,2199348,2.199348,1,160,0.12162945808871
6457,20221018_110204.mat,2213875,2.213875,1,155,0.0754152661532214
6458,20221018_110204.mat,2214273,2.214273,1,170,0.18770618965083
6459,20221018_110204.mat,2214671,2.214671,1,160,0.0347399316543105
6460,20221018_110204.mat,2226014,2.226014,1,160,0.0697282503598897
6461,20221018_110204.mat,2231188,2.231188,1,165,0.338276471673369
6462,20221018_110204.mat,2231387,2.231387,1,160,0.112206603519761
6463,20221018_110204.mat,2263824,2.263824,1,160,0.601939484934597
6464,20221018_110204.mat,2286510,2.28651,1,160,0.143992012064036
6465,20221018_110204.mat,2291485,2.291485,1,165,0.0456905726680869
6466,20221018_110204.mat,2314569,2.314569,1,170,0.0860083920745533
6467,20221018_110204.mat,2314768,2.314768,1,160,0.209039082471364
6468,20221018_110204.mat,2322927,2.322927,1,175,0.0873277810906281
6469,20221018_110204.mat,2323126,2.323126,1,220,0.0403878613336051
6470,20221018_110204.mat,2326310,2.32631,1,155,0.0923652087449931
6471,20221018_110204.mat,2330887,2.330887,1,155,0.0762296215226517
6472,20221018_110204.mat,2342031,2.342031,1,160,0.0665635318568052
6473,20221018_110204.mat,2349195,2.349195,1,160,0.219769780749485
6474,20221018_110204.mat,2349394,2.349394,1,160,0.293767575793273
6475,20221018_110204.mat,2368896,2.368896,1,165,0.116722038958532
6476,20221018_110204.mat,2390985,2.390985,1,230,0.101298431853013
6477,20221018_110204.mat,2391184,2.391184,1,275,0.354386722497802
6478,20221018_110204.mat,2391383,2.391383,1,135,0.0954720186380976
6479,20221018_110204.mat,2396756,2.396756,1,165,2.14759369334575
6480,20221018_110204.mat,2396955,2.396955,1,160,1.36140086165363
6481,20221018_110204.mat,2397154,2.397154,1,160,0.567730270643248
6482,20221018_110204.mat,2397353,2.397353,1,160,0.166029016813181
6483,20221018_110204.mat,2422427,2.422427,1,165,0.0579162020296873
6484,20221018_110204.mat,2423024,2.423024,1,160,0.0486276090699153
6485,20221018_110204.mat,2424019,2.424019,1,180,0.181253991482546
6486,20221018_110204.mat,2424218,2.424218,1,160,0.0913604265267709
6487,20221018_110204.mat,2436357,2.436357,1,160,0.146140818487287
6488,20221018_110204.mat,2437352,2.437352,1,165,0.182883139115962
6489,20221018_110204.mat,2440536,2.440536,1,230,0.213240984842115
6490,20221018_110204.mat,2440735,2.440735,1,165,0.0696590721046573
6491,20221018_110204.mat,2456058,2.456058,1,160,0.0670073934755045
6492,20221018_110204.mat,2492674,2.492674,1,225,0.0757934057351139
6493,20221018_110204.mat,2497649,2.497649,1,170,0.0598375147103909
6494,20221018_110204.mat,2500833,2.500833,1,160,0.0926945426859221
6495,20221018_110204.mat,2503619,2.503619,1,165,0.188285727263115
6496,20221018_110204.mat,2503818,2.503818,1,155,0.0981058814416445
6497,20221018_110204.mat,2538245,2.538245,1,195,0.0953224960141114
6498,20221018_110204.mat,2538444,2.538444,1,165,0.160536504814677
6499,20221018_110204.mat,2591577,2.591577,1,180,0.106095564050435
6500,20221018_110204.mat,2632173,2.632173,1,160,0.144119231508965
6501,20221018_110204.mat,2640929,2.640929,1,160,0.0864460118669503
6502,20221018_110204.mat,2648093,2.648093,1,165,0.0481213142010162
6503,20221018_110204.mat,2660630,2.66063,1,315,0.23555876204567
6504,20221018_110204.mat,2660829,2.660829,1,170,3.76838875826853
6505,20221018_110204.mat,2661028,2.661028,1,165,0.404507841774426
6506,20221018_110204.mat,2661227,2.661227,1,160,0.298269321539423
6507,20221018_110204.mat,2661426,2.661426,1,160,0.115834813342181
6508,20221018_110204.mat,2691674,2.691674,1,160,0.044451395441388
6509,20221018_110204.mat,2705405,2.705405,1,155,0.0463355539686111
6510,20221018_110204.mat,2719733,2.719733,1,160,0.0925250927327244
6511,20221018_110204.mat,2724111,2.724111,1,160,9.73625905188807
6512,20221018_110204.mat,2724310,2.72431,1,160,1.34664666116632
6513,20221018_110204.mat,2724509,2.724509,1,160,0.677649603637347
6514,20221018_110204.mat,2724708,2.724708,1,160,0.109233079993765
6515,20221018_110204.mat,2727693,2.727693,1,165,0.0905352915256969
6516,20221018_110204.mat,2728489,2.728489,1,155,0.251193639691826
6517,20221018_110204.mat,2730678,2.730678,1,165,0.120535551328281
6518,20221018_110204.mat,2733265,2.733265,1,160,0.279599072303621
6519,20221018_110204.mat,2735056,2.735056,1,170,0.13612138877397
6520,20221018_110204.mat,2735255,2.735255,1,145,0.0913511863206174
6521,20221018_110204.mat,2743414,2.743414,1,155,0.88011041954516
6522,20221018_110204.mat,2743613,2.743613,1,155,0.198658831577565
6523,20221018_110204.mat,2743812,2.743812,1,160,0.115216145369812
6524,20221018_110204.mat,2746399,2.746399,1,160,0.0818916312280517
6525,20221018_110204.mat,2753762,2.753762,1,160,0.154376759661435
6526,20221018_110204.mat,2765503,2.765503,1,160,0.0648020880371855
6527,20221018_110204.mat,2781025,2.781025,1,155,0.227738053086992
6528,20221018_110204.mat,2781224,2.781224,1,165,0.0565148027193178
6529,20221018_110204.mat,2803512,2.803512,1,160,0.0424766362365956
6530,20221018_110204.mat,2803711,2.803711,1,160,0.488039878334947
6531,20221018_110204.mat,2812069,2.812069,1,160,0.132752796766285
6532,20221018_110204.mat,2873759,2.873759,1,155,0.0560712727066113
6533,20221018_110204.mat,2900027,2.900027,1,185,0.0531403488893028
6534,20221018_110204.mat,2916544,2.916544,1,160,0.114507828119293
6535,20221018_110204.mat,2916743,2.916743,1,160,0.101138773229637
6536,20221018_110204.mat,2919131,2.919131,1,230,0.257864225334134
6537,20221018_110204.mat,2919330,2.91933,1,160,0.148026535970294
6538,20221018_110204.mat,2927887,2.927887,1,230,0.0761878542513298
6539,20221018_110204.mat,2949578,2.949578,1,160,0.0968843642925977
6540,20221018_110204.mat,3035944,3.035944,1,160,0.622253688623044
6541,20221018_110204.mat,3036143,3.036143,1,160,0.540050369400249
6542,20221018_110204.mat,3036342,3.036342,1,160,0.0740910704382207
6543,20221018_110204.mat,3051267,3.051267,1,155,0.0569224807337221
6544,20221018_110204.mat,3090470,3.09047,1,175,0.0636808392883368
6545,20221018_110204.mat,3091067,3.091067,1,230,0.227193761955792
6546,20221018_110204.mat,3094052,3.094052,1,170,0.0780547670804784
6547,20221018_110204.mat,3095047,3.095047,1,165,0.0370096610023474
6548,20221018_110204.mat,3101415,3.101415,1,155,0.324252221260867
6549,20221018_110204.mat,3101614,3.101614,1,160,0.280481325927749
6550,20221018_110204.mat,3137633,3.137633,1,165,0.106680458814116
6551,20221018_110204.mat,3145792,3.145792,1,155,0.0445731076035151
6552,20221018_110204.mat,3171065,3.171065,1,160,0.184838960494109
6553,20221018_110204.mat,3171264,3.171264,1,160,0.0833948518506833
6554,20221018_110204.mat,3189572,3.189572,1,155,0.0588837049077529
6555,20221018_110204.mat,3193552,3.193552,1,165,0.0385770804689516
6556,20221018_110204.mat,3280515,3.280515,1,170,0.0584212494902092
6557,20221018_110204.mat,3333449,3.333449,1,165,0.0417028982839307
6558,20221018_110204.mat,3350563,3.350563,1,180,0.583393090041772
6559,20221018_110204.mat,3350762,3.350762,1,160,0.0812571901877557
6560,20221018_110204.mat,3370662,3.370662,1,160,0.858516772732189
6561,20221018_110204.mat,3370861,3.370861,1,160,0.167064558293842
6562,20221018_110204.mat,3375836,3.375836,1,160,0.0503969018936288
6563,20221018_110204.mat,3396134,3.396134,1,155,0.0544743433187108
6564,20221018_110204.mat,3396333,3.396333,1,160,0.167473041481483
6565,20221018_110204.mat,3403298,3.403298,1,155,0.0442891025573342
6566,20221018_110204.mat,3415039,3.415039,1,160,0.495420880730007
6567,20221018_110204.mat,3415238,3.415238,1,160,0.519478812981935
6568,20221018_110204.mat,3415437,3.415437,1,160,0.186779846171438
6569,20221018_110204.mat,3432153,3.432153,1,180,0.474765007560005
6570,20221018_110204.mat,3432352,3.432352,1,160,5.32664327656527
6571,20221018_110204.mat,3432551,3.432551,1,160,0.303259443197136
6572,20221018_110204.mat,3432750,3.43275,1,160,0.267363594436824
6573,20221018_110204.mat,3454640,3.45464,1,230,0.0628028377825257
6574,20221018_110204.mat,3459018,3.459018,1,160,0.440613037011761
6575,20221018_110204.mat,3459217,3.459217,1,160,0.287451559314441
6576,20221018_110204.mat,3472152,3.472152,1,225,0.0623044627714859
6577,20221018_110204.mat,3486878,3.486878,1,170,0.155448460386112
6578,20221018_110204.mat,3487077,3.487077,1,165,0.400088207798728
6579,20221018_110204.mat,3490858,3.490858,1,180,0.0583282276761651
6580,20221018_110204.mat,3500211,3.500211,1,230,0.214691803680273
6581,20221018_110204.mat,3500410,3.50041,1,175,0.0592079276878002
6582,20221018_110204.mat,3556130,3.55613,1,230,0.317952855522039
6583,20221018_110204.mat,3556329,3.556329,1,155,0.187132575825941
6584,20221018_110204.mat,3557125,3.557125,1,345,0.133918100925823
6585,20221018_110204.mat,3565682,3.565682,1,160,1.30527828761947
6586,20221018_110204.mat,3565881,3.565881,1,160,0.142713214495021
6587,20221018_110204.mat,3571254,3.571254,1,170,0.0790709829674406
6588,20221018_110204.mat,3572448,3.572448,1,165,0.0495983008595507
6589,20221018_110204.mat,3573045,3.573045,1,210,0.029857513252093
6590,20221018_110204.mat,3588169,3.588169,1,160,0.0690574150043119
6591,20221018_110204.mat,3609263,3.609263,1,155,0.0971497466555271
6592,20221018_110204.mat,3614238,3.614238,1,160,0.0681442937011839
6593,20221018_110204.mat,3620208,3.620208,1,185,0.0459970165265356
6594,20221018_110204.mat,3620407,3.620407,1,160,0.0483609054884715
6595,20221018_110204.mat,3641302,3.641302,1,200,0.100294386694588
6596,20221018_110204.mat,3641501,3.641501,1,230,0.246663877237935
6597,20221018_110204.mat,3641700,3.6417,1,160,0.07056046038111
6598,20221018_110204.mat,3648267,3.648267,1,170,0.120699325175887
6599,20221018_110204.mat,3664983,3.664983,1,155,0.0844878385825327
6600,20221018_110204.mat,3679510,3.67951,1,160,0.0773206120681559
6601,20221018_110204.mat,3690654,3.690654,1,230,0.0751987717782322
6602,20221018_110204.mat,3697818,3.697818,1,225,0.277711366119262
6603,20221018_110204.mat,3698017,3.698017,1,165,0.140341643283011
6604,20221018_110204.mat,3729459,3.729459,1,180,0.373234925686997
6605,20221018_110204.mat,3729658,3.729658,1,160,0.0854737797000348
6606,20221018_110204.mat,3753339,3.753339,1,160,0.867880127360344
6607,20221018_110204.mat,3753538,3.753538,1,175,0.155172866759389
6608,20221018_110204.mat,3757717,3.757717,1,155,0.0954291732597799
6609,20221018_110204.mat,3765279,3.765279,1,160,0.0601180922794227
6610,20221018_110204.mat,3769060,3.76906,1,180,0.599901642084748
6611,20221018_110204.mat,3769259,3.769259,1,180,0.0992662589827519
6612,20221018_110204.mat,3801895,3.801895,1,160,0.180487036365022
6613,20221018_110204.mat,3818810,3.81881,1,160,0.155848195879071
6614,20221018_110204.mat,3819009,3.819009,1,165,0.112974459485939
6615,20221018_110204.mat,3827964,3.827964,1,155,0.0580307459252851
6616,20221018_110204.mat,3876122,3.876122,1,155,0.335821835134411
6617,20221018_110204.mat,3876321,3.876321,1,160,0.0444379098544889
6618,20221018_110204.mat,3918708,3.918708,1,160,0.0620199873316508
6619,20221018_110204.mat,3940001,3.940001,1,170,0.250617843558422
6620,20221018_110204.mat,3940200,3.9402,1,160,0.601812585765378
6621,20221018_110204.mat,3971443,3.971443,1,165,0.0858822579900849
6622,20221018_110204.mat,3987960,3.98796,1,165,0.07267173072793
6623,20221018_110204.mat,4006069,4.006069,1,165,0.130829884829874
6624,20221018_110204.mat,4006268,4.006268,1,165,0.0890701047425159
6625,20221018_110204.mat,4008457,4.008457,1,225,0.050412785222526
6626,20221018_110204.mat,4009651,4.009651,1,195,0.0398148018859722
6627,20221018_110204.mat,4009850,4.00985,1,180,0.247932156457543
6628,20221018_110204.mat,4015422,4.015422,1,180,1.21824300876513
6629,20221018_110204.mat,4015621,4.015621,1,180,0.547866054103922
6630,20221018_110204.mat,4015820,4.01582,1,160,0.260201084872262
6631,20221018_110204.mat,4016019,4.016019,1,160,0.102394518021095
6632,20221018_110204.mat,4045670,4.04567,1,155,0.170055544020979
6633,20221018_110204.mat,4045869,4.045869,1,155,0.0619712153979948
6634,20221018_110204.mat,4051839,4.051839,1,155,0.0611116034531321
6635,20221018_110204.mat,4052038,4.052038,1,170,0.0607126101294427
6636,20221018_110204.mat,4059401,4.059401,1,170,0.123846220280176
6637,20221018_110204.mat,4071142,4.071142,1,175,0.0941540134464053
6638,20221018_110204.mat,4071341,4.071341,1,160,0.294785719303591
6639,20221018_110204.mat,4093231,4.093231,1,155,0.0532521477562533
6640,20221018_110204.mat,4101390,4.10139,1,165,0.234554829980611
6641,20221018_110204.mat,4101589,4.101589,1,180,0.0924201488418298
6642,20221018_110204.mat,4123678,4.123678,1,160,0.241964448948911
6643,20221018_110204.mat,4133827,4.133827,1,155,0.0601252248570455
6644,20221018_110204.mat,4134026,4.134026,1,160,0.102783129998698
6645,20221018_110204.mat,4135021,4.135021,1,160,0.164771276802341
6646,20221018_110204.mat,4168453,4.168453,1,160,0.119261480868618
6647,20221018_110204.mat,4200293,4.200293,1,165,0.117454607657589
6648,20221018_110204.mat,4201089,4.201089,1,155,0.108640725143149
6649,20221018_110204.mat,4201288,4.201288,1,160,0.0572902174031855
6650,20221018_110204.mat,4206661,4.206661,1,170,0.0720485042804181
6651,20221018_110204.mat,4206860,4.20686,1,155,0.0469327453109101
6652,20221018_110204.mat,4227954,4.227954,1,160,0.423040669921747
6653,20221018_110204.mat,4228153,4.228153,1,160,2.58782225381861
6654,20221018_110204.mat,4228352,4.228352,1,160,0.225351559820089
6655,20221018_110204.mat,4228551,4.228551,1,160,0.140300499254058
6656,20221018_110204.mat,4228750,4.22875,1,170,0.0646424196453092
6657,20221018_110204.mat,4228949,4.228949,1,160,0.119470073049255
6658,20221018_110204.mat,4238899,4.238899,1,150,0.383681920889745
6659,20221018_110204.mat,4239098,4.239098,1,160,7.48882608116299
6660,20221018_110204.mat,4239297,4.239297,1,160,0.27979511532435
6661,20221018_110204.mat,4239496,4.239496,1,160,0.323463800307354
6662,20221018_110204.mat,4249446,4.249446,1,160,0.0720113283022926
6663,20221018_110204.mat,4268550,4.26855,1,160,0.0852803696684956
6664,20221018_110204.mat,4271535,4.271535,1,170,0.0688539901820337
6665,20221018_110204.mat,4274918,4.274918,1,160,0.106252582878862
6666,20221018_110204.mat,4297604,4.297604,1,160,0.0436853415927738
6667,20221018_110204.mat,4297803,4.297803,1,165,0.0827793877698919
6668,20221018_110204.mat,4298798,4.298798,1,160,0.0998051654698028
6669,20221018_110204.mat,4312131,4.312131,1,275,0.0340395636858572
6670,20221018_110204.mat,4317106,4.317106,1,175,0.0641107968155893
6671,20221018_110204.mat,4338797,4.338797,1,155,0.0565437913428725
6672,20221018_110204.mat,4342578,4.342578,1,165,0.0716593506947256
6673,20221018_110204.mat,4342777,4.342777,1,155,0.161260091133947
6674,20221018_110204.mat,4368249,4.368249,1,180,0.0544135786059947
6675,20221018_110204.mat,4395910,4.39591,1,160,0.132674752376627
6676,20221018_110204.mat,4403273,4.403273,1,230,0.231299521407394
6677,20221018_110204.mat,4403472,4.403472,1,180,0.0364235351618149
6678,20221018_110204.mat,4431133,4.431133,1,160,4.91333485430817
6679,20221018_110204.mat,4431332,4.431332,1,165,0.376821256141046
6680,20221018_110204.mat,4431531,4.431531,1,160,0.285223496358359
6681,20221018_110204.mat,4437302,4.437302,1,160,0.0580730686314498
6682,20221018_110204.mat,4440486,4.440486,1,160,0.181629290488096
6683,20221018_110204.mat,4444068,4.444068,1,220,0.0754859790659079
6684,20221018_110204.mat,4444267,4.444267,1,165,0.0786522099648839
6685,20221018_110204.mat,4447849,4.447849,1,215,0.0691626566605305
6686,20221018_110204.mat,4448048,4.448048,1,230,0.0912239459948284
6687,20221018_110204.mat,4451232,4.451232,1,160,0.12730233780767
6688,20221018_110204.mat,4454615,4.454615,1,165,0.0962759826422923
6689,20221018_110204.mat,4454814,4.454814,1,170,0.151656831143047
6690,20221018_110204.mat,4474316,4.474316,1,160,0.538210642713792
6691,20221018_110204.mat,4479291,4.479291,1,160,0.413915546442003
6692,20221018_110204.mat,4486057,4.486057,1,155,0.328499351195082
6693,20221018_110204.mat,4486256,4.486256,1,160,0.155925974935231
6694,20221018_110204.mat,4490634,4.490634,1,160,0.0581412915401507
6695,20221018_110204.mat,4502176,4.502176,1,230,0.0682413616697182
6696,20221018_110204.mat,4538195,4.538195,1,160,0.993728872130154
6697,20221018_110204.mat,4538394,4.538394,1,160,0.103596543129922
6698,20221018_110204.mat,4557896,4.557896,1,160,0.0430371800554981
6699,20221018_110204.mat,4576403,4.576403,1,160,0.542307367718461
6700,20221018_110204.mat,4577398,4.577398,1,160,1.79434512658781
6701,20221018_110204.mat,4577597,4.577597,1,160,0.948881410559822
6702,20221018_110204.mat,4577796,4.577796,1,160,0.293543837866906
6703,20221018_110204.mat,4577995,4.577995,1,160,0.0794123464403845
6704,20221018_110204.mat,4589935,4.589935,1,165,0.302129775700092
6705,20221018_110204.mat,4590134,4.590134,1,185,0.0839705882568187
6706,20221018_110204.mat,4590333,4.590333,1,160,0.115141820287739
6707,20221018_110204.mat,4592323,4.592323,1,230,0.147097358532682
6708,20221018_110204.mat,4592522,4.592522,1,160,0.0767188648843998
6709,20221018_110204.mat,4612223,4.612223,1,160,0.344487210718053
6710,20221018_110204.mat,4612422,4.612422,1,155,0.0875474528148659
6711,20221018_110204.mat,4680679,4.680679,1,155,0.0476543678340905
6712,20221018_110204.mat,4680878,4.680878,1,160,0.173746948129328
6713,20221018_110204.mat,4712121,4.712121,1,160,0.385710865272551
6714,20221018_110204.mat,4712320,4.71232,1,175,0.510542650326134
6715,20221018_110204.mat,4712519,4.712519,1,160,0.114870273111178
6716,20221018_110204.mat,4723265,4.723265,1,160,0.496361105314401
6717,20221018_110204.mat,4729832,4.729832,1,175,0.0508017298198858
6718,20221018_110204.mat,4731623,4.731623,1,170,0.0388715549967494
6719,20221018_110204.mat,4740976,4.740976,1,170,0.408338331815431
6720,20221018_110204.mat,4741175,4.741175,1,160,0.0953904405679058
6721,20221018_110204.mat,4763463,4.763463,1,165,0.0881541899757718
6722,20221018_110204.mat,4772418,4.772418,1,160,0.138805553998641
6723,20221018_110204.mat,4779781,4.779781,1,280,0.0560641067664137
6724,20221018_110204.mat,4782567,4.782567,1,150,0.0428844880194647
6725,20221018_110204.mat,4782766,4.782766,1,175,0.087438212425956
6726,20221018_110204.mat,4786348,4.786348,1,165,0.386862562771843
6727,20221018_110204.mat,4808636,4.808636,1,165,0.192153689703661
6728,20221018_110204.mat,4821969,4.821969,1,160,0.675956143958243
6729,20221018_110204.mat,4822168,4.822168,1,175,0.852899859157158
6730,20221018_110204.mat,4822367,4.822367,1,160,0.21039956871777
6731,20221018_110204.mat,4842466,4.842466,1,165,0.0614240923990245
6732,20221018_110204.mat,4855998,4.855998,1,165,0.0541620082143901
6733,20221018_110204.mat,4858585,4.858585,1,160,0.410242931709869
6734,20221018_110204.mat,4858784,4.858784,1,175,0.251009631278178
6735,20221018_110204.mat,4861570,4.86157,1,170,0.0356756356336682
6736,20221018_110204.mat,4871719,4.871719,1,160,0.0896550868381132
6737,20221018_110204.mat,4896992,4.896992,1,155,0.156471260282284
6738,20221018_110204.mat,4897191,4.897191,1,175,0.0770123681732398
6739,20221018_110204.mat,4901370,4.90137,1,225,0.143130868445269
6740,20221018_110204.mat,4901569,4.901569,1,175,0.0881153579151977
6741,20221018_110204.mat,4906743,4.906743,1,155,0.0771373961054458
6742,20221018_110204.mat,4911519,4.911519,1,155,0.0705790222753292
6743,20221018_110204.mat,4911718,4.911718,1,155,0.136216690114986
6744,20221018_110204.mat,4924056,4.924056,1,155,0.0719918618084381
6745,20221018_110204.mat,4948334,4.948334,1,160,0.153508109223492
6746,20221018_110204.mat,4957687,4.957687,1,160,0.166449804857948
6747,20221018_110204.mat,4959876,4.959876,1,160,0.0993146291519241
6748,20221018_110204.mat,4963856,4.963856,1,180,0.0606078935342213
6749,20221018_110204.mat,4964055,4.964055,1,160,0.30592567550299
6750,20221018_110204.mat,4970224,4.970224,1,160,0.0594797984306529
6751,20221018_110204.mat,4988134,4.988134,1,165,0.0915913694603506
6752,20221018_110204.mat,4988333,4.988333,1,160,0.0785897206769992
6753,20221018_110209.mat,7562,0.007562,1,160,0.234729169571276
6754,20221018_110209.mat,7761,0.007761,1,170,0.298502032101692
6755,20221018_110209.mat,7960,0.00796,1,175,0.0538679102925029
6756,20221018_110209.mat,11542,0.011542,1,160,0.304927928379531
6757,20221018_110209.mat,20099,0.020099,1,160,0.077965394641577
6758,20221018_110209.mat,29054,0.029054,1,160,0.382715153560572
6759,20221018_110209.mat,29253,0.029253,1,160,0.217119002375042
6760,20221018_110209.mat,30646,0.030646,1,225,1.03455650753435
6761,20221018_110209.mat,30845,0.030845,1,165,0.624962462706367
6762,20221018_110209.mat,31044,0.031044,1,175,0.102562396482654
6763,20221018_110209.mat,31243,0.031243,1,220,0.336362193348777
6764,20221018_110209.mat,31442,0.031442,1,225,0.886989808283599
6765,20221018_110209.mat,31641,0.031641,1,185,0.135695263690107
6766,20221018_110209.mat,33830,0.03383,1,165,0.522291366693367
6767,20221018_110209.mat,34029,0.034029,1,135,0.0619049765882051
6768,20221018_110209.mat,43382,0.043382,1,225,0.067215512669508
6769,20221018_110209.mat,45770,0.04577,1,170,0.417959968056357
6770,20221018_110209.mat,45969,0.045969,1,165,0.109815517865648
6771,20221018_110209.mat,46367,0.046367,1,160,0.439174975729805
6772,20221018_110209.mat,46566,0.046566,1,165,0.178332608255159
6773,20221018_110209.mat,57312,0.057312,1,350,0.0391708353282694
6774,20221018_110209.mat,57511,0.057511,1,170,0.817389509504084
6775,20221018_110209.mat,57710,0.05771,1,155,0.232411181686253
6776,20221018_110209.mat,58307,0.058307,1,225,1.11789023277354
6777,20221018_110209.mat,58506,0.058506,1,165,0.433647037895669
6778,20221018_110209.mat,58705,0.058705,1,185,0.0606246941610221
6779,20221018_110209.mat,62287,0.062287,1,160,0.134189651259096
6780,20221018_110209.mat,65670,0.06567,1,170,0.133947760505488
6781,20221018_110209.mat,65869,0.065869,1,195,0.248322084193234
6782,20221018_110209.mat,66068,0.066068,1,230,0.550788490807099
6783,20221018_110209.mat,66267,0.066267,1,160,0.0958113385419856
6784,20221018_110209.mat,71242,0.071242,1,170,0.160997983314151
6785,20221018_110209.mat,74824,0.074824,1,225,0.377464166515291
6786,20221018_110209.mat,75023,0.075023,1,165,0.185794135836111
6787,20221018_110209.mat,84177,0.084177,1,165,0.140663580596118
6788,20221018_110209.mat,84376,0.084376,1,160,0.164328882863507
6789,20221018_110209.mat,89152,0.089152,1,160,0.131185421029957
6790,20221018_110209.mat,91142,0.091142,1,225,0.242318084953821
6791,20221018_110209.mat,91341,0.091341,1,180,0.0550667796028971
6792,20221018_110209.mat,96913,0.096913,1,225,0.319740964396959
6793,20221018_110209.mat,97112,0.097112,1,165,0.478382549026035
6794,20221018_110209.mat,97311,0.097311,1,200,1.09176518989842
6795,20221018_110209.mat,97510,0.09751,1,230,2.00135872803337
6796,20221018_110209.mat,97709,0.097709,1,160,0.336399709204203
6797,20221018_110209.mat,97908,0.097908,1,160,0.130375092342376
6798,20221018_110209.mat,104873,0.104873,1,205,0.0417795051318257
6799,20221018_110209.mat,105072,0.105072,1,170,0.088741197661355
6800,20221018_110209.mat,110246,0.110246,1,230,0.0938814188918018
6801,20221018_110209.mat,111241,0.111241,1,170,0.129778974516711
6802,20221018_110209.mat,115420,0.11542,1,225,0.0657469958952956
6803,20221018_110209.mat,121589,0.121589,1,160,0.102130035830115
6804,20221018_110209.mat,133529,0.133529,1,225,0.444899699001908
6805,20221018_110209.mat,133728,0.133728,1,165,0.366087833036096
6806,20221018_110209.mat,134922,0.134922,1,160,0.207431383538226
6807,20221018_110209.mat,144673,0.144673,1,225,0.105106108522116
6808,20221018_110209.mat,144872,0.144872,1,230,0.440810628967436
6809,20221018_110209.mat,145071,0.145071,1,160,0.0782571194968452
6810,20221018_110209.mat,151240,0.15124,1,160,0.074035043375746
6811,20221018_110209.mat,152036,0.152036,1,155,0.241989166763361
6812,20221018_110209.mat,155419,0.155419,1,170,0.250600501733088
6813,20221018_110209.mat,155618,0.155618,1,165,0.123426288750123
6814,20221018_110209.mat,156215,0.156215,1,160,0.0905916304799365
6815,20221018_110209.mat,156414,0.156414,1,170,0.408077377235722
6816,20221018_110209.mat,156613,0.156613,1,155,0.21930617428277
6817,20221018_110209.mat,158802,0.158802,1,155,0.565101991352556
6818,20221018_110209.mat,159001,0.159001,1,155,0.0897038152171025
6819,20221018_110209.mat,162583,0.162583,1,220,0.63297094623272
6820,20221018_110209.mat,162782,0.162782,1,170,0.52034938022885
6821,20221018_110209.mat,162981,0.162981,1,160,0.12808828145374
6822,20221018_110209.mat,163180,0.16318,1,160,0.0940453730052017
6823,20221018_110209.mat,167956,0.167956,1,170,0.340020022481076
6824,20221018_110209.mat,168155,0.168155,1,175,0.0812804278676087
6825,20221018_110209.mat,172931,0.172931,1,160,1.67874429163383
6826,20221018_110209.mat,173130,0.17313,1,160,0.299983458677765
6827,20221018_110209.mat,173329,0.173329,1,160,0.128552560421659
6828,20221018_110209.mat,173528,0.173528,1,155,0.18155522166471
6829,20221018_110209.mat,179100,0.1791,1,160,0.338617463846339
6830,20221018_110209.mat,182085,0.182085,1,165,0.0509354630703093
6831,20221018_110209.mat,182284,0.182284,1,160,0.104512437942065
6832,20221018_110209.mat,183080,0.18308,1,170,0.172736037927158
6833,20221018_110209.mat,183279,0.183279,1,170,0.238632525509506
6834,20221018_110209.mat,187060,0.18706,1,160,0.171312932238147
6835,20221018_110209.mat,190244,0.190244,1,170,0.0654175702558975
6836,20221018_110209.mat,193826,0.193826,1,155,0.379182451527115
6837,20221018_110209.mat,203577,0.203577,1,175,0.140518366183421
6838,20221018_110209.mat,203776,0.203776,1,170,0.253538763001275
6839,20221018_110209.mat,205169,0.205169,1,170,0.454720600468091
6840,20221018_110209.mat,205368,0.205368,1,180,0.102584180830221
6841,20221018_110209.mat,206562,0.206562,1,170,0.0655186128847824
6842,20221018_110209.mat,209348,0.209348,1,220,0.0470051959428069
6843,20221018_110209.mat,209547,0.209547,1,165,0.430730174593522
6844,20221018_110209.mat,209746,0.209746,1,175,0.0855608100156199
6845,20221018_110209.mat,210741,0.210741,1,155,0.188043560853859
6846,20221018_110209.mat,210940,0.21094,1,165,0.0757352647847176
6847,20221018_110209.mat,211736,0.211736,1,160,0.11044687469826
6848,20221018_110209.mat,215716,0.215716,1,165,0.136968731596819
6849,20221018_110209.mat,215915,0.215915,1,165,0.118818144258984
6850,20221018_110209.mat,217706,0.217706,1,170,1.57618298306391
6851,20221018_110209.mat,217905,0.217905,1,175,0.269544151920313
6852,20221018_110209.mat,218303,0.218303,1,170,0.419807587794182
6853,20221018_110209.mat,218502,0.218502,1,165,0.223434316974821
6854,20221018_110209.mat,219895,0.219895,1,160,0.0558848894345669
6855,20221018_110209.mat,220094,0.220094,1,170,0.0523274934048844
6856,20221018_110209.mat,220890,0.22089,1,170,0.689722797810447
6857,20221018_110209.mat,221089,0.221089,1,165,0.411635945046784
6858,20221018_110209.mat,221288,0.221288,1,160,0.100906152546065
6859,20221018_110209.mat,226860,0.22686,1,160,0.172298924294931
6860,20221018_110209.mat,230243,0.230243,1,170,0.496048305427489
6861,20221018_110209.mat,230442,0.230442,1,165,0.204619996093075
6862,20221018_110209.mat,231238,0.231238,1,160,0.908367323705946
6863,20221018_110209.mat,231437,0.231437,1,160,0.104015017374138
6864,20221018_110209.mat,231636,0.231636,1,160,0.80500683556357
6865,20221018_110209.mat,231835,0.231835,1,160,0.157944188513447
6866,20221018_110209.mat,235417,0.235417,1,170,0.339558657715509
6867,20221018_110209.mat,235616,0.235616,1,185,0.0554587170964983
6868,20221018_110209.mat,236014,0.236014,1,160,4.67483907004857
6869,20221018_110209.mat,236213,0.236213,1,160,3.45323180246677
6870,20221018_110209.mat,236412,0.236412,1,170,0.587577843907247
6871,20221018_110209.mat,236611,0.236611,1,165,0.165347979771439
6872,20221018_110209.mat,237805,0.237805,1,265,0.0931537654902798
6873,20221018_110209.mat,238004,0.238004,1,170,0.762911720605443
6874,20221018_110209.mat,238203,0.238203,1,170,0.115878742898273
6875,20221018_110209.mat,238402,0.238402,1,165,0.417847277601369
6876,20221018_110209.mat,238601,0.238601,1,165,0.32069805420261
6877,20221018_110209.mat,238800,0.2388,1,160,0.0650560429843512
6878,20221018_110209.mat,240193,0.240193,1,160,0.154501931069355
6879,20221018_110209.mat,245964,0.245964,1,170,0.26798413700813
6880,20221018_110209.mat,246163,0.246163,1,170,0.399312657396799
6881,20221018_110209.mat,246362,0.246362,1,160,0.0973143084534358
6882,20221018_110209.mat,248750,0.24875,1,160,0.201616675055413
6883,20221018_110209.mat,248949,0.248949,1,165,0.140963030447142
6884,20221018_110209.mat,254521,0.254521,1,170,0.246285308728505
6885,20221018_110209.mat,254720,0.25472,1,160,0.162079115374152
6886,20221018_110209.mat,254919,0.254919,1,160,0.0925291376597982
6887,20221018_110209.mat,255715,0.255715,1,165,0.263144332169187
6888,20221018_110209.mat,255914,0.255914,1,165,0.198217749836895
6889,20221018_110209.mat,260690,0.26069,1,170,0.0932141883063656
6890,20221018_110209.mat,272829,0.272829,1,170,0.103693460492778
6891,20221018_110209.mat,277605,0.277605,1,230,0.104397529250193
6892,20221018_110209.mat,284570,0.28457,1,165,0.0794269307953631
6893,20221018_110209.mat,284769,0.284769,1,170,0.127999020568299
6894,20221018_110209.mat,285167,0.285167,1,160,0.527506107982063
6895,20221018_110209.mat,285366,0.285366,1,160,0.0816941771217011
6896,20221018_110209.mat,287754,0.287754,1,160,0.170313231127323
6897,20221018_110209.mat,288749,0.288749,1,155,0.0561420934501263
6898,20221018_110209.mat,300888,0.300888,1,165,0.0579773759329282
6899,20221018_110209.mat,304669,0.304669,1,180,0.052886415370497
6900,20221018_110209.mat,304868,0.304868,1,170,0.066120024123122
6901,20221018_110209.mat,306659,0.306659,1,155,0.247531259981954
6902,20221018_110209.mat,306858,0.306858,1,160,0.96035345962787
6903,20221018_110209.mat,307057,0.307057,1,165,0.108083497497061
6904,20221018_110209.mat,307455,0.307455,1,170,0.0846385589766489
6905,20221018_110209.mat,319992,0.319992,1,170,0.235123287110654
6906,20221018_110209.mat,320390,0.32039,1,170,0.464028893149748
6907,20221018_110209.mat,320589,0.320589,1,165,0.0841209585696439
6908,20221018_110209.mat,323972,0.323972,1,160,0.1301588526721
6909,20221018_110209.mat,326559,0.326559,1,170,0.140275140474651
6910,20221018_110209.mat,326758,0.326758,1,165,0.0676577205049154
6911,20221018_110209.mat,329544,0.329544,1,225,0.0626572976805308
6912,20221018_110209.mat,329743,0.329743,1,170,0.195492209850644
6913,20221018_110209.mat,333126,0.333126,1,170,0.327624043510171
6914,20221018_110209.mat,333325,0.333325,1,165,0.0737882193337103
6915,20221018_110209.mat,333922,0.333922,1,170,0.263473960921347
6916,20221018_110209.mat,334121,0.334121,1,165,0.0694700168007997
6917,20221018_110209.mat,335514,0.335514,1,165,0.246084259948274
6918,20221018_110209.mat,335713,0.335713,1,165,0.231620026743604
6919,20221018_110209.mat,336509,0.336509,1,190,0.243603147331749
6920,20221018_110209.mat,336708,0.336708,1,170,1.69449059025976
6921,20221018_110209.mat,336907,0.336907,1,160,0.503044932567754
6922,20221018_110209.mat,337106,0.337106,1,165,0.152465395036051
6923,20221018_110209.mat,337703,0.337703,1,170,0.38343619998922
6924,20221018_110209.mat,337902,0.337902,1,170,0.454378530092708
6925,20221018_110209.mat,338101,0.338101,1,160,0.110063281982287
6926,20221018_110209.mat,341484,0.341484,1,170,0.556792756658105
6927,20221018_110209.mat,341683,0.341683,1,165,0.115612664986485
6928,20221018_110209.mat,343275,0.343275,1,170,0.113131111175027
6929,20221018_110209.mat,345265,0.345265,1,305,0.0350370247392531
6930,20221018_110209.mat,345464,0.345464,1,170,0.281584442720868
6931,20221018_110209.mat,345663,0.345663,1,165,0.0715126563267967
6932,20221018_110209.mat,345862,0.345862,1,170,0.554061278909015
6933,20221018_110209.mat,346061,0.346061,1,165,0.157898942319768
6934,20221018_110209.mat,347255,0.347255,1,160,0.151323369162342
6935,20221018_110209.mat,347454,0.347454,1,160,0.0713377459352784
6936,20221018_110209.mat,348847,0.348847,1,170,0.554468501239017
6937,20221018_110209.mat,349046,0.349046,1,165,0.313793341780371
6938,20221018_110209.mat,349643,0.349643,1,170,0.103385469819466
6939,20221018_110209.mat,349842,0.349842,1,225,0.253009531888476
6940,20221018_110209.mat,350041,0.350041,1,165,0.219475088418018
6941,20221018_110209.mat,350837,0.350837,1,170,0.0955734179732055
6942,20221018_110209.mat,351434,0.351434,1,170,0.630229618519895
6943,20221018_110209.mat,351633,0.351633,1,165,0.469271313202822
6944,20221018_110209.mat,351832,0.351832,1,180,0.113765124766328
6945,20221018_110209.mat,352031,0.352031,1,170,0.466886607788901
6946,20221018_110209.mat,352230,0.35223,1,175,0.081624165408325
6947,20221018_110209.mat,353424,0.353424,1,170,0.356362376201758
6948,20221018_110209.mat,353623,0.353623,1,170,1.09064234622991
6949,20221018_110209.mat,353822,0.353822,1,165,0.197306805332399
6950,20221018_110209.mat,354021,0.354021,1,170,0.453353879337399
6951,20221018_110209.mat,354220,0.35422,1,165,0.385601346123158
6952,20221018_110209.mat,354419,0.354419,1,170,1.2388006314267
6953,20221018_110209.mat,354618,0.354618,1,170,0.974449094342984
6954,20221018_110209.mat,354817,0.354817,1,170,0.904689449370073
6955,20221018_110209.mat,355016,0.355016,1,165,0.718841993067171
6956,20221018_110209.mat,355215,0.355215,1,165,0.163906586443006
6957,20221018_110209.mat,355414,0.355414,1,170,0.2026050902254
6958,20221018_110209.mat,356210,0.35621,1,160,0.146726937061195
6959,20221018_110209.mat,356409,0.356409,1,160,0.114300141565286
6960,20221018_110209.mat,357603,0.357603,1,160,0.298420758993199
6961,20221018_110209.mat,357802,0.357802,1,180,0.325716965354989
6962,20221018_110209.mat,358001,0.358001,1,155,1.05205700295779
6963,20221018_110209.mat,358200,0.3582,1,160,0.145533225637136
6964,20221018_110209.mat,358598,0.358598,1,170,0.222668287712031
6965,20221018_110209.mat,358797,0.358797,1,160,0.384987095946901
6966,20221018_110209.mat,358996,0.358996,1,170,0.764245162246495
6967,20221018_110209.mat,359195,0.359195,1,160,0.231897002717168
6968,20221018_110209.mat,359394,0.359394,1,160,0.570522989653588
6969,20221018_110209.mat,359593,0.359593,1,160,0.0752949561606971
6970,20221018_110209.mat,360588,0.360588,1,165,0.126812432106742
6971,20221018_110209.mat,360787,0.360787,1,160,0.289443632149608
6972,20221018_110209.mat,360986,0.360986,1,170,0.074835503466494
6973,20221018_110209.mat,362379,0.362379,1,160,0.0798335994588558
6974,20221018_110209.mat,362578,0.362578,1,170,0.277689784472961
6975,20221018_110209.mat,362976,0.362976,1,170,0.209156519640961
6976,20221018_110209.mat,363175,0.363175,1,165,0.0954364401076136
6977,20221018_110209.mat,363772,0.363772,1,160,0.136337032606167
6978,20221018_110209.mat,364170,0.36417,1,165,0.280912165298755
6979,20221018_110209.mat,364369,0.364369,1,165,0.172243319302804
6980,20221018_110209.mat,366160,0.36616,1,345,0.167812432962197
6981,20221018_110209.mat,366359,0.366359,1,170,0.699566500046652
6982,20221018_110209.mat,366558,0.366558,1,165,0.66230311986615
6983,20221018_110209.mat,366757,0.366757,1,165,0.32404581141582
6984,20221018_110209.mat,367155,0.367155,1,335,0.0827341470472484
6985,20221018_110209.mat,367354,0.367354,1,170,1.17272293736948
6986,20221018_110209.mat,367553,0.367553,1,165,0.172668237467229
6987,20221018_110209.mat,367752,0.367752,1,160,0.271897383556366
6988,20221018_110209.mat,367951,0.367951,1,160,0.242534521465095
6989,20221018_110209.mat,369941,0.369941,1,170,0.250730260709431
6990,20221018_110209.mat,370140,0.37014,1,160,0.187754969572431
6991,20221018_110209.mat,370737,0.370737,1,160,0.165355503551236
6992,20221018_110209.mat,371931,0.371931,1,165,0.20329846193909
6993,20221018_110209.mat,372130,0.37213,1,165,0.0946223230548613
6994,20221018_110209.mat,373125,0.373125,1,170,0.119383689254545
6995,20221018_110209.mat,373722,0.373722,1,170,0.140256343343397
6996,20221018_110209.mat,373921,0.373921,1,165,0.0743860152706618
6997,20221018_110209.mat,385662,0.385662,1,170,0.232877992556128
6998,20221018_110209.mat,385861,0.385861,1,165,0.102559844021351
6999,20221018_110209.mat,386856,0.386856,1,165,0.28826964320963
7000,20221018_110209.mat,387055,0.387055,1,165,0.183976928486399
7001,20221018_110209.mat,393025,0.393025,1,165,0.243023005817097
7002,20221018_110209.mat,393224,0.393224,1,160,0.269702484756381
7003,20221018_110209.mat,393423,0.393423,1,160,0.152784119514687
7004,20221018_110209.mat,396010,0.39601,1,160,0.893946546475165
7005,20221018_110209.mat,396209,0.396209,1,160,0.649629444548662
7006,20221018_110209.mat,396408,0.396408,1,225,0.27925654876038
7007,20221018_110209.mat,396607,0.396607,1,170,0.821652358668933
7008,20221018_110209.mat,396806,0.396806,1,165,0.150454457871109
7009,20221018_110209.mat,398597,0.398597,1,165,0.493490863278977
7010,20221018_110209.mat,398796,0.398796,1,165,0.343569653201674
7011,20221018_110209.mat,398995,0.398995,1,160,0.0870097089238074
7012,20221018_110209.mat,399393,0.399393,1,155,0.108804067345953
7013,20221018_110209.mat,400985,0.400985,1,160,0.171477543943966
7014,20221018_110209.mat,401184,0.401184,1,165,0.116045885474017
7015,20221018_110209.mat,402378,0.402378,1,165,0.160525576836252
7016,20221018_110209.mat,402577,0.402577,1,165,0.145938980019682
7017,20221018_110209.mat,403174,0.403174,1,160,0.0999007224153863
7018,20221018_110209.mat,403373,0.403373,1,160,0.360308414695722
7019,20221018_110209.mat,403572,0.403572,1,165,0.0703088128375859
7020,20221018_110209.mat,403970,0.40397,1,285,0.0500232555989307
7021,20221018_110209.mat,404169,0.404169,1,160,0.3566064606551
7022,20221018_110209.mat,404368,0.404368,1,165,0.504452241090901
7023,20221018_110209.mat,404567,0.404567,1,165,6.0261774977032
7024,20221018_110209.mat,404766,0.404766,1,165,5.31432723975946
7025,20221018_110209.mat,404965,0.404965,1,160,2.06537850178388
7026,20221018_110209.mat,405164,0.405164,1,160,0.567141630461598
7027,20221018_110209.mat,405363,0.405363,1,160,1.00151677278834
7028,20221018_110209.mat,405562,0.405562,1,165,0.926522641607151
7029,20221018_110209.mat,405761,0.405761,1,160,0.789059998134792
7030,20221018_110209.mat,405960,0.40596,1,165,0.299045649585051
7031,20221018_110209.mat,406159,0.406159,1,160,0.232410468906442
7032,20221018_110209.mat,406358,0.406358,1,160,0.0885235410410659
7033,20221018_110209.mat,406557,0.406557,1,160,0.75507576807166
7034,20221018_110209.mat,406756,0.406756,1,165,0.144423666213948
7035,20221018_110209.mat,407353,0.407353,1,190,0.344538806745597
7036,20221018_110209.mat,407552,0.407552,1,160,0.672985560208494
7037,20221018_110209.mat,407751,0.407751,1,170,0.660714219593162
7038,20221018_110209.mat,407950,0.40795,1,165,0.123427055233459
7039,20221018_110209.mat,408945,0.408945,1,160,0.308207123088892
7040,20221018_110209.mat,409144,0.409144,1,160,0.372606904438063
7041,20221018_110209.mat,409343,0.409343,1,160,0.275988360703874
7042,20221018_110209.mat,409542,0.409542,1,160,0.104764605064216
7043,20221018_110209.mat,411134,0.411134,1,160,0.427761632703229
7044,20221018_110209.mat,411333,0.411333,1,165,0.0798887448189382
7045,20221018_110209.mat,411930,0.41193,1,160,0.102859451769259
7046,20221018_110209.mat,412129,0.412129,1,165,0.277864017442123
7047,20221018_110209.mat,412328,0.412328,1,160,0.209030012240053
7048,20221018_110209.mat,412726,0.412726,1,160,0.258754995829767
7049,20221018_110209.mat,412925,0.412925,1,160,0.182875798197336
7050,20221018_110209.mat,413323,0.413323,1,160,0.447376408041609
7051,20221018_110209.mat,413522,0.413522,1,165,0.525048533038267
7052,20221018_110209.mat,413721,0.413721,1,170,0.461504299782156
7053,20221018_110209.mat,413920,0.41392,1,160,1.25534312641676
7054,20221018_110209.mat,414119,0.414119,1,160,0.719485926724726
7055,20221018_110209.mat,414318,0.414318,1,160,0.226446042060163
7056,20221018_110209.mat,414517,0.414517,1,160,0.38278964403493
7057,20221018_110209.mat,414716,0.414716,1,165,1.70506685536837
7058,20221018_110209.mat,414915,0.414915,1,170,8.61510308166073
7059,20221018_110209.mat,415114,0.415114,1,170,4.58085426417015
7060,20221018_110209.mat,415313,0.415313,1,160,1.78082805728652
7061,20221018_110209.mat,415512,0.415512,1,170,0.943833977021962
7062,20221018_110209.mat,415711,0.415711,1,160,63.9348036787094
7063,20221018_110209.mat,415910,0.41591,1,160,45.1739863236335
7064,20221018_110209.mat,416109,0.416109,1,160,14.9597255070432
7065,20221018_110209.mat,416308,0.416308,1,160,6.36094092514506
7066,20221018_110209.mat,416507,0.416507,1,160,1.35239545042246
7067,20221018_110209.mat,416706,0.416706,1,160,0.178346044137253
7068,20221018_110209.mat,416905,0.416905,1,160,0.169300228349837
7069,20221018_110209.mat,419890,0.41989,1,180,0.229677393011427
7070,20221018_110209.mat,422079,0.422079,1,180,0.0473544342885785
7071,20221018_110209.mat,422278,0.422278,1,155,0.102866806514551
7072,20221018_110209.mat,425263,0.425263,1,160,0.157578516404538
7073,20221018_110209.mat,425462,0.425462,1,165,0.0802746807613361
7074,20221018_110209.mat,429243,0.429243,1,170,0.48684235248063
7075,20221018_110209.mat,429442,0.429442,1,160,1.03019030605247
7076,20221018_110209.mat,429840,0.42984,1,160,0.240747106848154
7077,20221018_110209.mat,436407,0.436407,1,155,0.0676773813381533
7078,20221018_110209.mat,447153,0.447153,1,160,0.398145544185261
7079,20221018_110209.mat,447352,0.447352,1,160,0.318304588119863
7080,20221018_110209.mat,450536,0.450536,1,160,0.840444485338596
7081,20221018_110209.mat,450735,0.450735,1,155,0.415649840302275
7082,20221018_110209.mat,450934,0.450934,1,160,0.11834448468383
7083,20221018_110209.mat,464068,0.464068,1,160,0.258660404450635
7084,20221018_110209.mat,464267,0.464267,1,160,1.21240871374937
7085,20221018_110209.mat,464466,0.464466,1,160,0.220760123498492
7086,20221018_110209.mat,475013,0.475013,1,165,0.124193321917518
7087,20221018_110209.mat,475212,0.475212,1,165,0.208144261680641
7088,20221018_110209.mat,478197,0.478197,1,160,0.14550991509682
7089,20221018_110209.mat,478396,0.478396,1,175,0.139439710044575
7090,20221018_110209.mat,478595,0.478595,1,160,0.102910023716414
7091,20221018_110209.mat,485560,0.48556,1,160,1.50033988390306
7092,20221018_110209.mat,485759,0.485759,1,160,0.413769974900986
7093,20221018_110209.mat,507450,0.50745,1,160,0.783440584772308
7094,20221018_110209.mat,507649,0.507649,1,160,0.114327874107364
7095,20221018_110209.mat,514415,0.514415,1,230,0.0637497438976611
7096,20221018_110209.mat,515609,0.515609,1,165,0.81625910625877
7097,20221018_110209.mat,515808,0.515808,1,155,0.550989289093785
7098,20221018_110209.mat,516007,0.516007,1,160,0.295653026447491
7099,20221018_110209.mat,526156,0.526156,1,175,0.185168451845719
7100,20221018_110209.mat,526355,0.526355,1,175,0.0782180060717824
7101,20221018_110209.mat,529539,0.529539,1,160,0.119083199848271
7102,20221018_110209.mat,529738,0.529738,1,155,0.185682640525512
7103,20221018_110209.mat,530335,0.530335,1,170,0.120788855133676
7104,20221018_110209.mat,541678,0.541678,1,165,0.323334987664479
7105,20221018_110209.mat,541877,0.541877,1,160,0.162190212501299
7106,20221018_110209.mat,549837,0.549837,1,160,0.440058505486104
7107,20221018_110209.mat,550036,0.550036,1,160,0.135085896114382
7108,20221018_110209.mat,564762,0.564762,1,165,0.186314893187484
7109,20221018_110209.mat,564961,0.564961,1,155,0.0826710586338132
7110,20221018_110209.mat,575707,0.575707,1,155,0.091467484207649
7111,20221018_110209.mat,583269,0.583269,1,160,1.87316812072846
7112,20221018_110209.mat,583468,0.583468,1,160,0.233097792823826
7113,20221018_110209.mat,600184,0.600184,1,160,0.0716204627915811
7114,20221018_110209.mat,602970,0.60297,1,160,0.237421108034197
7115,20221018_110209.mat,603169,0.603169,1,160,0.111705906615691
7116,20221018_110209.mat,608144,0.608144,1,230,0.0898488991348887
7117,20221018_110209.mat,646949,0.646949,1,285,0.165594935436858
7118,20221018_110209.mat,647148,0.647148,1,160,0.633985692186624
7119,20221018_110209.mat,647347,0.647347,1,160,0.249112052519137
7120,20221018_110209.mat,682570,0.68257,1,170,0.0712627341029167
7121,20221018_110209.mat,682769,0.682769,1,160,0.236149061277219
7122,20221018_110209.mat,685356,0.685356,1,170,0.0613949679903609
7123,20221018_110209.mat,687147,0.687147,1,160,0.155890225529296
7124,20221018_110209.mat,692122,0.692122,1,165,0.123670881436595
7125,20221018_110209.mat,692321,0.692321,1,160,0.126867941156511
7126,20221018_110209.mat,714410,0.71441,1,170,0.0543750530186056
7127,20221018_110209.mat,738489,0.738489,1,165,0.0583161150751019
7128,20221018_110209.mat,747046,0.747046,1,155,0.091261937091172
7129,20221018_110209.mat,747245,0.747245,1,160,0.0676304540964392
7130,20221018_110209.mat,771523,0.771523,1,165,0.0690321947420346
7131,20221018_110209.mat,781274,0.781274,1,230,0.0793378551293974
7132,20221018_110209.mat,790826,0.790826,1,160,0.192692238249502
7133,20221018_110209.mat,816298,0.816298,1,160,0.607307428945304
7134,20221018_110209.mat,816497,0.816497,1,170,0.0931985506709543
7135,20221018_110209.mat,833014,0.833014,1,160,0.161103154421813
7136,20221018_110209.mat,833213,0.833213,1,165,0.100112588353659
7137,20221018_110209.mat,872018,0.872018,1,160,0.175792794120526
7138,20221018_110209.mat,879182,0.879182,1,160,0.234519629930734
7139,20221018_110209.mat,908236,0.908236,1,160,0.112353345424924
7140,20221018_110209.mat,908435,0.908435,1,160,0.0877075295174466
7141,20221018_110209.mat,912813,0.912813,1,170,0.0381250914717042
7142,20221018_110209.mat,915002,0.915002,1,165,0.0685788938519261
7143,20221018_110209.mat,915201,0.915201,1,160,0.103395163483787
7144,20221018_110209.mat,920972,0.920972,1,160,0.357615898407021
7145,20221018_110209.mat,921171,0.921171,1,175,0.0897622160051717
7146,20221018_110209.mat,940076,0.940076,1,160,0.135435518371217
7147,20221018_110209.mat,951220,0.95122,1,160,0.299122134145743
7148,20221018_110209.mat,951419,0.951419,1,160,0.520823591560534
7149,20221018_110209.mat,951618,0.951618,1,160,0.156994242562547
7150,20221018_110209.mat,960573,0.960573,1,165,0.0527440086650418
7151,20221018_110209.mat,973707,0.973707,1,165,0.20817196181346
7152,20221018_110209.mat,973906,0.973906,1,160,0.353978579262875
7153,20221018_110209.mat,974105,0.974105,1,180,0.0602016645342377
7154,20221018_110209.mat,979478,0.979478,1,340,0.128086684706535
7155,20221018_110209.mat,979677,0.979677,1,175,0.23601741938027
7156,20221018_110209.mat,979876,0.979876,1,160,0.106023030316696
7157,20221018_110209.mat,980871,0.980871,1,160,0.180539114314163
7158,20221018_110209.mat,998980,0.99898,1,160,0.239900061464667
7159,20221018_110209.mat,999179,0.999179,1,165,0.0760795078231997
7160,20221018_110209.mat,1008333,1.008333,1,170,0.0613809824848064
7161,20221018_110209.mat,1010721,1.010721,1,175,0.0659150856433284
7162,20221018_110209.mat,1026243,1.026243,1,160,0.0751630084382016
7163,20221018_110209.mat,1029626,1.029626,1,160,0.164644065760828
7164,20221018_110209.mat,1031616,1.031616,1,180,0.0972684856493581
7165,20221018_110209.mat,1031815,1.031815,1,160,0.179379297859583
7166,20221018_110209.mat,1034004,1.034004,1,160,0.115842009738963
7167,20221018_110209.mat,1049526,1.049526,1,165,0.0640147066445222
7168,20221018_110209.mat,1055496,1.055496,1,225,0.633611917817884
7169,20221018_110209.mat,1055695,1.055695,1,180,0.407303668704491
7170,20221018_110209.mat,1055894,1.055894,1,160,0.163107475432625
7171,20221018_110209.mat,1066839,1.066839,1,150,0.0475242460457701
7172,20221018_110209.mat,1067038,1.067038,1,160,0.159511962664816
7173,20221018_110209.mat,1078381,1.078381,1,180,0.0708367752125592
7174,20221018_110209.mat,1083754,1.083754,1,165,0.0563033351173847
7175,20221018_110209.mat,1101664,1.101664,1,160,0.362932556421889
7176,20221018_110209.mat,1103853,1.103853,1,150,0.0639416769124351
7177,20221018_110209.mat,1104052,1.104052,1,160,0.177210160095554
7178,20221018_110209.mat,1117186,1.117186,1,225,0.0423926892005157
7179,20221018_110209.mat,1121763,1.121763,1,160,0.0683976884460151
7180,20221018_110209.mat,1125146,1.125146,1,160,0.0624099326242216
7181,20221018_110209.mat,1125345,1.125345,1,155,0.113900474304133
7182,20221018_110209.mat,1127733,1.127733,1,225,0.169536193289884
7183,20221018_110209.mat,1127932,1.127932,1,175,0.104594423483653
7184,20221018_110209.mat,1130917,1.130917,1,160,0.105927123750751
7185,20221018_110209.mat,1132509,1.132509,1,160,33.4579792375662
7186,20221018_110209.mat,1132708,1.132708,1,160,8.09570683656407
7187,20221018_110209.mat,1132907,1.132907,1,130,0.936363872117802
7188,20221018_110209.mat,1133106,1.133106,1,160,0.299800997046157
7189,20221018_110209.mat,1133305,1.133305,1,125,0.0543211421064018
7190,20221018_110209.mat,1133902,1.133902,1,160,0.908561334496635
7191,20221018_110209.mat,1134101,1.134101,1,160,0.074131982940458
7192,20221018_110209.mat,1139872,1.139872,1,180,0.223294358138642
7193,20221018_110209.mat,1140071,1.140071,1,170,0.652566171662995
7194,20221018_110209.mat,1140270,1.14027,1,175,0.103586406143518
7195,20221018_110209.mat,1140668,1.140668,1,160,0.104099468897018
7196,20221018_110209.mat,1148827,1.148827,1,165,0.0722623022935239
7197,20221018_110209.mat,1152608,1.152608,1,225,0.960423883464389
7198,20221018_110209.mat,1152807,1.152807,1,230,0.898254373352928
7199,20221018_110209.mat,1168329,1.168329,1,160,2.6054127820181
7200,20221018_110209.mat,1168528,1.168528,1,175,0.199144128526542
7201,20221018_110209.mat,1168727,1.168727,1,160,0.115807349109686
7202,20221018_110209.mat,1176886,1.176886,1,160,0.048378125435332
7203,20221018_110209.mat,1191811,1.191811,1,225,0.490574514732616
7204,20221018_110209.mat,1192010,1.19201,1,155,0.273496698778722
7205,20221018_110209.mat,1192209,1.192209,1,160,0.114956018266701
7206,20221018_110209.mat,1201562,1.201562,1,155,0.0656147201655897
7207,20221018_110209.mat,1201761,1.201761,1,180,0.0496656463305256
7208,20221018_110209.mat,1206935,1.206935,1,170,0.0616825681600455
7209,20221018_110209.mat,1214497,1.214497,1,160,1.03551268337855
7210,20221018_110209.mat,1214696,1.214696,1,155,0.114422060904007
7211,20221018_110209.mat,1239372,1.239372,1,160,0.117547891407489
7212,20221018_110209.mat,1240765,1.240765,1,170,0.061794090632319
7213,20221018_110209.mat,1240964,1.240964,1,160,0.169134795317004
7214,20221018_110209.mat,1268028,1.268028,1,170,0.0720590742597365
7215,20221018_110209.mat,1268227,1.268227,1,275,0.0437001967000102
7216,20221018_110209.mat,1278575,1.278575,1,160,0.108074239161396
7217,20221018_110209.mat,1281958,1.281958,1,160,0.125423559799007
7218,20221018_110209.mat,1316584,1.316584,1,195,0.071894987396334
7219,20221018_110209.mat,1316783,1.316783,1,160,0.17205586466167
7220,20221018_110209.mat,1342653,1.342653,1,160,0.18252746650061
7221,20221018_110209.mat,1348225,1.348225,1,165,0.0467968802843
7222,20221018_110209.mat,1348623,1.348623,1,165,0.065426413167481
7223,20221018_110209.mat,1360961,1.360961,1,160,0.145228398788247
7224,20221018_110209.mat,1378672,1.378672,1,160,1.32259268734032
7225,20221018_110209.mat,1378871,1.378871,1,175,0.255801060341263
7226,20221018_110209.mat,1379070,1.37907,1,160,0.0569468250814008
7227,20221018_110209.mat,1395985,1.395985,1,160,2.02871168896676
7228,20221018_110209.mat,1396184,1.396184,1,180,0.554785314276255
7229,20221018_110209.mat,1396383,1.396383,1,160,0.115222463223962
7230,20221018_110209.mat,1458869,1.458869,1,155,0.0713073734068724
7231,20221018_110209.mat,1462252,1.462252,1,175,0.0759345746990114
7232,20221018_110209.mat,1462451,1.462451,1,160,0.0786891275307318
7233,20221018_110209.mat,1489117,1.489117,1,225,0.514130323030202
7234,20221018_110209.mat,1489316,1.489316,1,175,0.120049519765057
7235,20221018_110209.mat,1495684,1.495684,1,160,0.0807762916872276
7236,20221018_110209.mat,1499266,1.499266,1,160,0.0901543152396535
7237,20221018_110209.mat,1510808,1.510808,1,230,0.0841829195168728
7238,20221018_110209.mat,1535086,1.535086,1,155,0.131977042257669
7239,20221018_110209.mat,1586627,1.586627,1,225,0.084742642160895
7240,20221018_110209.mat,1588816,1.588816,1,230,0.248272460326624
7241,20221018_110209.mat,1590209,1.590209,1,225,0.0618043402143915
7242,20221018_110209.mat,1590408,1.590408,1,160,0.106674211187216
7243,20221018_110209.mat,1634984,1.634984,1,160,0.0419811905018797
7244,20221018_110209.mat,1653292,1.653292,1,170,0.0357417384814104
7245,20221018_110209.mat,1671003,1.671003,1,155,0.552214089797759
7246,20221018_110209.mat,1671202,1.671202,1,175,0.245468600707957
7247,20221018_110209.mat,1671998,1.671998,1,160,0.183059017048941
7248,20221018_110209.mat,1672197,1.672197,1,180,0.118501983049687
7249,20221018_110209.mat,1683341,1.683341,1,165,0.0693426398739023
7250,20221018_110209.mat,1693689,1.693689,1,180,0.49251106983184
7251,20221018_110209.mat,1693888,1.693888,1,180,0.448998932319889
7252,20221018_110209.mat,1694087,1.694087,1,160,0.117603823174734
7253,20221018_110209.mat,1705032,1.705032,1,155,0.602372499248211
7254,20221018_110209.mat,1705231,1.705231,1,155,0.433916056822154
7255,20221018_110209.mat,1749807,1.749807,1,160,0.144696037392243
7256,20221018_110209.mat,1765130,1.76513,1,160,0.387174045215614
7257,20221018_110209.mat,1765329,1.765329,1,160,0.102927227180124
7258,20221018_110209.mat,1783836,1.783836,1,160,0.329052856033958
7259,20221018_110209.mat,1784035,1.784035,1,160,0.135966501311788
7260,20221018_110209.mat,1784234,1.784234,1,160,0.085644175989584
7261,20221018_110209.mat,1831795,1.831795,1,160,0.380266675263844
7262,20221018_110209.mat,1831994,1.831994,1,165,0.266774268270108
7263,20221018_110209.mat,1843536,1.843536,1,155,0.544672255647604
7264,20221018_110209.mat,1843735,1.843735,1,155,0.659660745793894
7265,20221018_110209.mat,1843934,1.843934,1,160,0.0682568828364747
7266,20221018_110209.mat,1856670,1.85667,1,225,0.147590457000603
7267,20221018_110209.mat,1856869,1.856869,1,230,0.0840646128391483
7268,20221018_110209.mat,1876570,1.87657,1,155,0.241136381321325
7269,20221018_110209.mat,1876769,1.876769,1,160,0.0992572976427947
7270,20221018_110209.mat,1888311,1.888311,1,160,0.159139927890821
7271,20221018_110209.mat,1888510,1.88851,1,160,0.112839840132432
7272,20221018_110209.mat,1897266,1.897266,1,160,0.0891018485191618
7273,20221018_110209.mat,1950399,1.950399,1,165,0.184700336003567
7274,20221018_110209.mat,1950598,1.950598,1,160,0.141968199508747
7275,20221018_110209.mat,1964926,1.964926,1,455,0.0490945971499654
7276,20221018_110209.mat,1967513,1.967513,1,160,0.083481454448453
7277,20221018_110209.mat,1970498,1.970498,1,460,0.0608114360032908
7278,20221018_110209.mat,1984428,1.984428,1,170,0.898438969295588
7279,20221018_110209.mat,1984627,1.984627,1,180,0.695765179520078
7280,20221018_110209.mat,1984826,1.984826,1,160,0.0851780240052361
7281,20221018_110209.mat,2030397,2.030397,1,155,0.0870911197064672
7282,20221018_110209.mat,2039551,2.039551,1,155,0.544026367699564
7283,20221018_110209.mat,2039750,2.03975,1,160,0.706498028314001
7284,20221018_110209.mat,2039949,2.039949,1,160,0.105659733340983
7285,20221018_110209.mat,2065620,2.06562,1,440,0.0971498577128063
7286,20221018_110209.mat,2082933,2.082933,1,175,0.271839670224289
7287,20221018_110209.mat,2083132,2.083132,1,175,0.159033910332899
7288,20221018_110209.mat,2089500,2.0895,1,160,0.126776498736698
7289,20221018_110209.mat,2101241,2.101241,1,160,0.129859038894495
7290,20221018_110209.mat,2110395,2.110395,1,155,0.12479035400382
7291,20221018_110209.mat,2128305,2.128305,1,155,0.064594752453491
7292,20221018_110209.mat,2130096,2.130096,1,440,0.0812585659286717
7293,20221018_110209.mat,2130295,2.130295,1,160,0.0562142447618874
7294,20221018_110209.mat,2138653,2.138653,1,155,0.0649934962502452
7295,20221018_110209.mat,2153976,2.153976,1,160,0.129172213940626
7296,20221018_110209.mat,2177060,2.17706,1,160,0.0698453806764861
7297,20221018_110209.mat,2177259,2.177259,1,160,0.0893937994856978
7298,20221018_110209.mat,2181438,2.181438,1,160,0.0609191728200259
7299,20221018_110209.mat,2181637,2.181637,1,160,0.258485690058679
7300,20221018_110209.mat,2182035,2.182035,1,440,0.0880312579302427
7301,20221018_110209.mat,2195169,2.195169,1,185,0.204406548747112
7302,20221018_110209.mat,2195368,2.195368,1,160,0.459281099776693
7303,20221018_110209.mat,2197358,2.197358,1,435,0.0579580814166634
7304,20221018_110209.mat,2197557,2.197557,1,160,0.0754502628538229
7305,20221018_110209.mat,2227606,2.227606,1,230,0.131571832457095
7306,20221018_110209.mat,2238352,2.238352,1,155,1.17668385700167
7307,20221018_110209.mat,2238551,2.238551,1,175,0.147231241192667
7308,20221018_110209.mat,2258053,2.258053,1,155,1.28555220973371
7309,20221018_110209.mat,2258252,2.258252,1,160,0.182017548232917
7310,20221018_110209.mat,2258451,2.258451,1,160,0.151177161110445
7311,20221018_110209.mat,2266212,2.266212,1,160,0.106430481835989
7312,20221018_110209.mat,2266411,2.266411,1,160,0.064716747009605
7313,20221018_110209.mat,2269396,2.269396,1,345,0.0463544201968964
7314,20221018_110209.mat,2289495,2.289495,1,165,0.0360776489736
7315,20221018_110209.mat,2305017,2.305017,1,410,0.0394413260774287
7316,20221018_110209.mat,2305216,2.305216,1,345,0.069773165382627
7317,20221018_110209.mat,2309196,2.309196,1,455,0.0424474822735662
7318,20221018_110209.mat,2309992,2.309992,1,440,0.202192313252022
7319,20221018_110209.mat,2315166,2.315166,1,155,0.23139701835049
7320,20221018_110209.mat,2315365,2.315365,1,160,0.147147864807426
7321,20221018_110209.mat,2343026,2.343026,1,160,0.201284839156608
7322,20221018_110209.mat,2343225,2.343225,1,175,0.0489127986158228
7323,20221018_110209.mat,2343424,2.343424,1,160,0.0692943932049208
7324,20221018_110209.mat,2350389,2.350389,1,170,0.100968876086523
7325,20221018_110209.mat,2390587,2.390587,1,165,0.130193539323316
7326,20221018_110209.mat,2390786,2.390786,1,160,0.102993245907715
7327,20221018_110209.mat,2423223,2.423223,1,165,0.158842334415305
7328,20221018_110209.mat,2425810,2.42581,1,180,0.107720026072136
7329,20221018_110209.mat,2428198,2.428198,1,340,0.0387387489150429
7330,20221018_110209.mat,2437352,2.437352,1,280,0.0746122984303429
7331,20221018_110209.mat,2445312,2.445312,1,155,0.0856393702454318
7332,20221018_110209.mat,2452277,2.452277,1,170,0.0852040073633052
7333,20221018_110209.mat,2488694,2.488694,1,160,0.183581550709013
7334,20221018_110209.mat,2488893,2.488893,1,160,0.104516354033291
7335,20221018_110209.mat,2490286,2.490286,1,230,0.819134351671619
7336,20221018_110209.mat,2490485,2.490485,1,155,0.14019172762848
7337,20221018_110209.mat,2490684,2.490684,1,160,0.111156108334187
7338,20221018_110209.mat,2494266,2.494266,1,165,0.0721214702266339
7339,20221018_110209.mat,2499241,2.499241,1,160,0.0802949152880346
7340,20221018_110209.mat,2501032,2.501032,1,155,0.0832953389607314
7341,20221018_110209.mat,2507599,2.507599,1,180,2.74129336048824
7342,20221018_110209.mat,2507798,2.507798,1,175,0.558480779306228
7343,20221018_110209.mat,2507997,2.507997,1,160,0.377694696661399
7344,20221018_110209.mat,2508196,2.508196,1,160,0.102513763099814
7345,20221018_110209.mat,2508395,2.508395,1,155,0.0854366699875023
7346,20221018_110209.mat,2522723,2.522723,1,155,0.105123900200385
7347,20221018_110209.mat,2537648,2.537648,1,460,0.310100076955454
7348,20221018_110209.mat,2537847,2.537847,1,180,0.078227686348208
7349,20221018_110209.mat,2544812,2.544812,1,170,0.0836627474915555
7350,20221018_110209.mat,2545011,2.545011,1,160,0.110039752517022
7351,20221018_110209.mat,2552971,2.552971,1,230,0.119353063051156
7352,20221018_110209.mat,2569488,2.569488,1,160,1.04364302186861
7353,20221018_110209.mat,2569687,2.569687,1,175,0.27241203088784
7354,20221018_110209.mat,2569886,2.569886,1,160,0.15587650611555
7355,20221018_110209.mat,2595955,2.595955,1,160,1.92308135111588
7356,20221018_110209.mat,2596154,2.596154,1,160,0.687021983648003
7357,20221018_110209.mat,2596353,2.596353,1,160,0.122693878350673
7358,20221018_110209.mat,2615457,2.615457,1,155,0.0453783549537505
7359,20221018_110209.mat,2623218,2.623218,1,160,0.075945540461296
7360,20221018_110209.mat,2634163,2.634163,1,180,2.0562234984164
7361,20221018_110209.mat,2634362,2.634362,1,175,1.60552089113729
7362,20221018_110209.mat,2634561,2.634561,1,160,0.493922124625743
7363,20221018_110209.mat,2634760,2.63476,1,160,0.239707123642591
7364,20221018_110209.mat,2640332,2.640332,1,155,0.0423132721723661
7365,20221018_110209.mat,2640531,2.640531,1,225,0.0620734970440734
7366,20221018_110209.mat,2646899,2.646899,1,155,0.145553062464841
7367,20221018_110209.mat,2647098,2.647098,1,160,2.79010836175757
7368,20221018_110209.mat,2647297,2.647297,1,160,0.412283229657749
7369,20221018_110209.mat,2647496,2.647496,1,160,0.249726532129822
7370,20221018_110209.mat,2648889,2.648889,1,160,0.272105528919716
7371,20221018_110209.mat,2653466,2.653466,1,340,0.964636254195082
7372,20221018_110209.mat,2653665,2.653665,1,160,0.427060623569023
7373,20221018_110209.mat,2653864,2.653864,1,160,0.172628646207206
7374,20221018_110209.mat,2655854,2.655854,1,180,0.182666365203214
7375,20221018_110209.mat,2660033,2.660033,1,160,0.122174330390782
7376,20221018_110209.mat,2660431,2.660431,1,230,0.0654117184553641
7377,20221018_110209.mat,2665207,2.665207,1,155,0.492582926195714
7378,20221018_110209.mat,2677943,2.677943,1,225,0.255590772144664
7379,20221018_110209.mat,2685704,2.685704,1,300,0.0784857470405963
7380,20221018_110209.mat,2685903,2.685903,1,345,0.172329759061047
7381,20221018_110209.mat,2687097,2.687097,1,350,0.0798863477143963
7382,20221018_110209.mat,2701624,2.701624,1,195,0.123145726450133
7383,20221018_110209.mat,2701823,2.701823,1,180,0.241616569112331
7384,20221018_110209.mat,2709982,2.709982,1,235,0.197766039351178
7385,20221018_110209.mat,2710181,2.710181,1,230,0.445963744398776
7386,20221018_110209.mat,2710380,2.71038,1,160,0.130282252062085
7387,20221018_110209.mat,2727295,2.727295,1,275,0.348946060374452
7388,20221018_110209.mat,2727494,2.727494,1,175,0.423315945145525
7389,20221018_110209.mat,2727693,2.727693,1,175,0.0857706358022324
7390,20221018_110209.mat,2762916,2.762916,1,165,0.788347473181623
7391,20221018_110209.mat,2763115,2.763115,1,180,0.171181432756061
7392,20221018_110209.mat,2773065,2.773065,1,160,0.435049558390659
7393,20221018_110209.mat,2773264,2.773264,1,160,0.400454780937973
7394,20221018_110209.mat,2773463,2.773463,1,160,0.164356664699884
7395,20221018_110209.mat,2797940,2.79794,1,280,0.0752305201859356
7396,20221018_110209.mat,2798139,2.798139,1,345,0.0565733505225636
7397,20221018_110209.mat,2808487,2.808487,1,175,0.0612229253890717
7398,20221018_110209.mat,2809880,2.80988,1,345,0.81266623712135
7399,20221018_110209.mat,2810079,2.810079,1,345,0.181928629997484
7400,20221018_110209.mat,2813064,2.813064,1,275,0.335394718072713
7401,20221018_110209.mat,2813263,2.813263,1,160,0.338380678136383
7402,20221018_110209.mat,2813462,2.813462,1,160,0.181599627426231
7403,20221018_110209.mat,2814656,2.814656,1,165,0.185446195083678
7404,20221018_110209.mat,2814855,2.814855,1,170,0.0908599550276962
7405,20221018_110209.mat,2817243,2.817243,1,180,0.0619034573983589
7406,20221018_110209.mat,2823412,2.823412,1,155,0.0623976896335879
7407,20221018_110209.mat,2825004,2.825004,1,155,0.0558180108874082
7408,20221018_110209.mat,2830178,2.830178,1,230,0.174971346707741
7409,20221018_110209.mat,2838536,2.838536,1,180,0.169214625758256
7410,20221018_110209.mat,2844904,2.844904,1,160,0.0829206181024844
7411,20221018_110209.mat,2846098,2.846098,1,175,0.260975683080749
7412,20221018_110209.mat,2846297,2.846297,1,160,0.0767394991325909
7413,20221018_110209.mat,2847093,2.847093,1,230,0.0657937848956989
7414,20221018_110209.mat,2849282,2.849282,1,230,0.0792554228877397
7415,20221018_110209.mat,2850874,2.850874,1,180,0.0481792138751094
7416,20221018_110209.mat,2853063,2.853063,1,345,0.134970962149618
7417,20221018_110209.mat,2854655,2.854655,1,165,2.23709436678094
7418,20221018_110209.mat,2854854,2.854854,1,160,0.794069986962857
7419,20221018_110209.mat,2855053,2.855053,1,160,0.390024686249841
7420,20221018_110209.mat,2855252,2.855252,1,160,0.142907198694837
7421,20221018_110209.mat,2855849,2.855849,1,160,0.163877393069565
7422,20221018_110209.mat,2866595,2.866595,1,275,0.0511281042479958
7423,20221018_110209.mat,2868187,2.868187,1,230,0.551162047824996
7424,20221018_110209.mat,2868386,2.868386,1,180,0.307888963865563
7425,20221018_110209.mat,2868983,2.868983,1,160,0.0754084963702961
7426,20221018_110209.mat,2871172,2.871172,1,175,0.0874766709502512
7427,20221018_110209.mat,2876147,2.876147,1,160,0.0575218997466027
7428,20221018_110209.mat,2879331,2.879331,1,230,0.218026008350208
7429,20221018_110209.mat,2881918,2.881918,1,345,1.3047351239709
7430,20221018_110209.mat,2882117,2.882117,1,175,0.405201934543152
7431,20221018_110209.mat,2882316,2.882316,1,160,0.155460958048758
7432,20221018_110209.mat,2885699,2.885699,1,225,0.125505145357519
7433,20221018_110209.mat,2885898,2.885898,1,180,0.0836206982070862
7434,20221018_110209.mat,2886495,2.886495,1,245,0.0351787362762799
7435,20221018_110209.mat,2886694,2.886694,1,230,0.106389676457139
7436,20221018_110209.mat,2887291,2.887291,1,160,0.113068885643791
7437,20221018_110209.mat,2888286,2.888286,1,180,0.142092634192217
7438,20221018_110209.mat,2889480,2.88948,1,315,0.121722322035554
7439,20221018_110209.mat,2889679,2.889679,1,175,0.333191519893384
7440,20221018_110209.mat,2890077,2.890077,1,160,0.556216560989406
7441,20221018_110209.mat,2890276,2.890276,1,230,0.266142153729058
7442,20221018_110209.mat,2891072,2.891072,1,165,0.063144963387037
7443,20221018_110209.mat,2891470,2.89147,1,175,0.299841241784663
7444,20221018_110209.mat,2891669,2.891669,1,180,0.0792660124598841
7445,20221018_110209.mat,2892067,2.892067,1,355,0.0600634473645599
7446,20221018_110209.mat,2892266,2.892266,1,225,0.886298173572147
7447,20221018_110209.mat,2892465,2.892465,1,175,0.771867820444825
7448,20221018_110209.mat,2892664,2.892664,1,160,0.208213437710688
7449,20221018_110209.mat,2893062,2.893062,1,165,0.046969261655196
7450,20221018_110209.mat,2894256,2.894256,1,225,0.0579025096817944
7451,20221018_110209.mat,2894654,2.894654,1,335,1.8142894557341
7452,20221018_110209.mat,2894853,2.894853,1,180,2.35566763650146
7453,20221018_110209.mat,2895052,2.895052,1,160,0.38597197184602
7454,20221018_110209.mat,2895251,2.895251,1,160,0.161591609584591
7455,20221018_110209.mat,2895450,2.89545,1,160,0.0994632445451945
7456,20221018_110209.mat,2895649,2.895649,1,160,0.300493036971015
7457,20221018_110209.mat,2895848,2.895848,1,160,0.110785640107483
7458,20221018_110209.mat,2896047,2.896047,1,180,0.114938486435493
7459,20221018_110209.mat,2896246,2.896246,1,165,0.100651075273604
7460,20221018_110209.mat,2896445,2.896445,1,285,0.179004474457298
7461,20221018_110209.mat,2896644,2.896644,1,160,0.164469077481014
7462,20221018_110209.mat,2896843,2.896843,1,155,0.362364322917485
7463,20221018_110209.mat,2897042,2.897042,1,290,0.763250550654723
7464,20221018_110209.mat,2897241,2.897241,1,310,0.140838841183027
7465,20221018_110209.mat,2897440,2.89744,1,165,0.788022081480996
7466,20221018_110209.mat,2897639,2.897639,1,155,0.686619909430435
7467,20221018_110209.mat,2897838,2.897838,1,230,2.17013282297721
7468,20221018_110209.mat,2898037,2.898037,1,175,4.51063320921357
7469,20221018_110209.mat,2898236,2.898236,1,175,1.87622088877124
7470,20221018_110209.mat,2898435,2.898435,1,160,1.85530340346847
7471,20221018_110209.mat,2898634,2.898634,1,345,1.3704741594033
7472,20221018_110209.mat,2898833,2.898833,1,345,0.373708139402269
7473,20221018_110209.mat,2899032,2.899032,1,160,1.85190859720723
7474,20221018_110209.mat,2899231,2.899231,1,345,3.77657292014117
7475,20221018_110209.mat,2899430,2.89943,1,225,1.7996868167962
7476,20221018_110209.mat,2899629,2.899629,1,180,1.41732164385011
7477,20221018_110209.mat,2899828,2.899828,1,155,0.839904213160484
7478,20221018_110209.mat,2900027,2.900027,1,160,0.343849491823613
7479,20221018_110209.mat,2900226,2.900226,1,280,0.684582909145597
7480,20221018_110209.mat,2900425,2.900425,1,165,0.203016527042946
7481,20221018_110209.mat,2900624,2.900624,1,280,0.312093498581369
7482,20221018_110209.mat,2900823,2.900823,1,230,0.110982561374829
7483,20221018_110209.mat,2901022,2.901022,1,230,3.85371044987152
7484,20221018_110209.mat,2901221,2.901221,1,230,5.5071443954926
7485,20221018_110209.mat,2901420,2.90142,1,160,0.854176980783251
7486,20221018_110209.mat,2901619,2.901619,1,160,0.593739293306596
7487,20221018_110209.mat,2901818,2.901818,1,160,0.150119809719446
7488,20221018_110209.mat,2902017,2.902017,1,160,0.0704740973008331
7489,20221018_110209.mat,2902415,2.902415,1,225,0.645098975278228
7490,20221018_110209.mat,2902614,2.902614,1,175,0.0919447334656564
7491,20221018_110209.mat,2902813,2.902813,1,165,0.857724620696956
7492,20221018_110209.mat,2903012,2.903012,1,285,6.68468804841659
7493,20221018_110209.mat,2903211,2.903211,1,230,17.2884076060325
7494,20221018_110209.mat,2903410,2.90341,1,160,7.30939823756787
7495,20221018_110209.mat,2903609,2.903609,1,160,14.9661013839432
7496,20221018_110209.mat,2903808,2.903808,1,160,4.69245110346114
7497,20221018_110209.mat,2904007,2.904007,1,160,1.29154651751777
7498,20221018_110209.mat,2904206,2.904206,1,165,0.845691993205706
7499,20221018_110209.mat,2904405,2.904405,1,235,1.03672148414571
7500,20221018_110209.mat,2904604,2.904604,1,300,4.3837725258214
7501,20221018_110209.mat,2904803,2.904803,1,165,21.0129644145802
7502,20221018_110209.mat,2905002,2.905002,1,155,3.9727343942309
7503,20221018_110209.mat,2905201,2.905201,1,160,3.05604583720516
7504,20221018_110209.mat,2905400,2.9054,1,230,1.50621950495044
7505,20221018_110209.mat,2905599,2.905599,1,160,0.815644558713363
7506,20221018_110209.mat,2905798,2.905798,1,165,11.0977592442773
7507,20221018_110209.mat,2905997,2.905997,1,165,2.33888900413098
7508,20221018_110209.mat,2906196,2.906196,1,135,0.52788537204055
7509,20221018_110209.mat,2906395,2.906395,1,225,2.17207603734981
7510,20221018_110209.mat,2906594,2.906594,1,160,0.892777519564866
7511,20221018_110209.mat,2906793,2.906793,1,160,0.207726028980636
7512,20221018_110209.mat,2906992,2.906992,1,160,0.0989273759689953
7513,20221018_110209.mat,2907191,2.907191,1,160,0.168558241185018
7514,20221018_110209.mat,2907390,2.90739,1,230,1.82449648019343
7515,20221018_110209.mat,2907589,2.907589,1,160,2.20754380044396
7516,20221018_110209.mat,2907788,2.907788,1,160,0.801801118653464
7517,20221018_110209.mat,2907987,2.907987,1,165,4.26797402017028
7518,20221018_110209.mat,2908186,2.908186,1,165,2.68992915234115
7519,20221018_110209.mat,2908385,2.908385,1,160,0.909613913052035
7520,20221018_110209.mat,2908584,2.908584,1,160,0.928069637271927
7521,20221018_110209.mat,2908783,2.908783,1,230,0.839316708857182
7522,20221018_110209.mat,2908982,2.908982,1,160,0.67080084759117
7523,20221018_110209.mat,2909181,2.909181,1,345,0.512510280749424
7524,20221018_110209.mat,2909380,2.90938,1,165,0.323252419118544
7525,20221018_110209.mat,2909579,2.909579,1,160,0.188182007758052
7526,20221018_110209.mat,2909778,2.909778,1,340,0.113162632259523
7527,20221018_110209.mat,2909977,2.909977,1,345,0.622587415063557
7528,20221018_110209.mat,2910176,2.910176,1,160,0.43323437427621
7529,20221018_110209.mat,2910375,2.910375,1,345,0.698997969300873
7530,20221018_110209.mat,2910574,2.910574,1,160,0.735879775854368
7531,20221018_110209.mat,2910773,2.910773,1,160,0.397636050916552
7532,20221018_110209.mat,2910972,2.910972,1,165,1.35825289142373
7533,20221018_110209.mat,2911171,2.911171,1,175,0.328767606387907
7534,20221018_110209.mat,2911370,2.91137,1,160,0.160978445952905
7535,20221018_110209.mat,2911569,2.911569,1,340,0.283765989736558
7536,20221018_110209.mat,2911768,2.911768,1,180,0.0706227035700911
7537,20221018_110209.mat,2911967,2.911967,1,165,1.41643962526509
7538,20221018_110209.mat,2912166,2.912166,1,340,0.952867267953292
7539,20221018_110209.mat,2912365,2.912365,1,160,1.92296907974334
7540,20221018_110209.mat,2912564,2.912564,1,230,2.66835519122705
7541,20221018_110209.mat,2912763,2.912763,1,175,1.03619162885164
7542,20221018_110209.mat,2912962,2.912962,1,160,0.756261889156503
7543,20221018_110209.mat,2913161,2.913161,1,155,0.108192017544214
7544,20221018_110209.mat,2913360,2.91336,1,230,1.6399839851175
7545,20221018_110209.mat,2913559,2.913559,1,345,0.947794913551531
7546,20221018_110209.mat,2913758,2.913758,1,165,0.639026914009389
7547,20221018_110209.mat,2913957,2.913957,1,160,0.519811774590699
7548,20221018_110209.mat,2914156,2.914156,1,340,1.97060656841905
7549,20221018_110209.mat,2914355,2.914355,1,155,0.707534989946045
7550,20221018_110209.mat,2914554,2.914554,1,165,4.53313357732069
7551,20221018_110209.mat,2914753,2.914753,1,230,3.34038417801134
7552,20221018_110209.mat,2914952,2.914952,1,160,2.38330540174092
7553,20221018_110209.mat,2915151,2.915151,1,160,1.61348394300722
7554,20221018_110209.mat,2915350,2.91535,1,160,0.666792178700658
7555,20221018_110209.mat,2915549,2.915549,1,230,0.396238471377248
7556,20221018_110209.mat,2915748,2.915748,1,160,0.192546443806288
7557,20221018_110209.mat,2915947,2.915947,1,220,0.0714714479283915
7558,20221018_110209.mat,2916743,2.916743,1,230,0.375648222379657
7559,20221018_110209.mat,2916942,2.916942,1,175,0.154138017167078
7560,20221018_110209.mat,2917340,2.91734,1,225,3.01253211225728
7561,20221018_110209.mat,2917539,2.917539,1,160,3.08427528008537
7562,20221018_110209.mat,2917738,2.917738,1,160,0.807887068218441
7563,20221018_110209.mat,2917937,2.917937,1,160,0.400600866540693
7564,20221018_110209.mat,2918932,2.918932,1,230,0.449025091294756
7565,20221018_110209.mat,2919131,2.919131,1,160,0.0916519319178715
7566,20221018_110209.mat,2921519,2.921519,1,345,0.0845809681427097
7567,20221018_110209.mat,2922713,2.922713,1,225,0.232716865510835
7568,20221018_110209.mat,2922912,2.922912,1,230,0.323639640868123
7569,20221018_110209.mat,2923111,2.923111,1,160,0.0655965506967179
7570,20221018_110209.mat,2923310,2.92331,1,165,0.0729889980277438
7571,20221018_110209.mat,2923509,2.923509,1,225,0.139440259041093
7572,20221018_110209.mat,2925698,2.925698,1,165,0.079825037027078
7573,20221018_110209.mat,2925897,2.925897,1,160,0.0984124422145376
7574,20221018_110209.mat,2928086,2.928086,1,225,0.112444204995168
7575,20221018_110209.mat,2928285,2.928285,1,170,0.0775158329649241
7576,20221018_110209.mat,2929081,2.929081,1,230,0.458857739377819
7577,20221018_110209.mat,2929280,2.92928,1,175,0.0653831401072931
7578,20221018_110209.mat,2930872,2.930872,1,295,0.0336574861009427
7579,20221018_110209.mat,2933658,2.933658,1,210,0.0515948748593685
7580,20221018_110209.mat,2933857,2.933857,1,225,0.057535323447155
7581,20221018_110209.mat,2934454,2.934454,1,165,0.134425342863338
7582,20221018_110209.mat,2934852,2.934852,1,280,0.456236447836283
7583,20221018_110209.mat,2935051,2.935051,1,165,0.182688460939405
7584,20221018_110209.mat,2935250,2.93525,1,160,0.117822484496057
7585,20221018_110209.mat,2935648,2.935648,1,155,0.131786940767255
7586,20221018_110209.mat,2935847,2.935847,1,165,0.0773668972921054
7587,20221018_110209.mat,2937439,2.937439,1,170,0.139691517501892
7588,20221018_110209.mat,2937638,2.937638,1,215,0.118199493099127
7589,20221018_110209.mat,2937837,2.937837,1,345,0.258860653164614
7590,20221018_110209.mat,2939429,2.939429,1,230,0.431013644551164
7591,20221018_110209.mat,2939628,2.939628,1,160,0.132728823512745
7592,20221018_110209.mat,2940822,2.940822,1,230,0.363094207095131
7593,20221018_110209.mat,2941021,2.941021,1,160,0.217559920241142
7594,20221018_110209.mat,2941220,2.94122,1,160,0.178076879035953
7595,20221018_110209.mat,2942414,2.942414,1,170,0.363609413232978
7596,20221018_110209.mat,2942613,2.942613,1,160,1.38638665936556
7597,20221018_110209.mat,2942812,2.942812,1,160,0.116849482314
7598,20221018_110209.mat,2943210,2.94321,1,340,0.044201535391259
7599,20221018_110209.mat,2949379,2.949379,1,225,0.348382879530702
7600,20221018_110209.mat,2949578,2.949578,1,165,0.615292969408097
7601,20221018_110209.mat,2949777,2.949777,1,160,0.277231521862776
7602,20221018_110209.mat,2949976,2.949976,1,160,0.161131208368983
7603,20221018_110209.mat,2950374,2.950374,1,315,0.104000742062036
7604,20221018_110209.mat,2950573,2.950573,1,230,0.337209249750881
7605,20221018_110209.mat,2955150,2.95515,1,160,0.479003812517697
7606,20221018_110209.mat,2955349,2.955349,1,155,0.252330596283148
7607,20221018_110209.mat,2955548,2.955548,1,160,0.0954984641632745
7608,20221018_110209.mat,2958533,2.958533,1,230,4.4946862281338
7609,20221018_110209.mat,2958732,2.958732,1,160,0.886464916514615
7610,20221018_110209.mat,2958931,2.958931,1,160,0.481898920483524
7611,20221018_110209.mat,2959130,2.95913,1,160,0.131606618450379
7612,20221018_110209.mat,2961120,2.96112,1,165,1.35221463669897
7613,20221018_110209.mat,2961319,2.961319,1,170,0.477472801231648
7614,20221018_110209.mat,2961518,2.961518,1,160,0.370410345680756
7615,20221018_110209.mat,2961717,2.961717,1,160,0.117238868375939
7616,20221018_110209.mat,2964105,2.964105,1,220,0.0496593837933172
7617,20221018_110209.mat,2965299,2.965299,1,225,0.56909819675525
7618,20221018_110209.mat,2965498,2.965498,1,155,0.0589299839410127
7619,20221018_110209.mat,2967886,2.967886,1,160,0.244203091725137
7620,20221018_110209.mat,2968085,2.968085,1,160,0.112447411401503
7621,20221018_110209.mat,2968284,2.968284,1,160,0.105931044286789
7622,20221018_110209.mat,2968483,2.968483,1,170,0.732723223881255
7623,20221018_110209.mat,2968682,2.968682,1,170,0.243186404373268
7624,20221018_110209.mat,2968881,2.968881,1,230,0.287913902587233
7625,20221018_110209.mat,2969279,2.969279,1,170,0.203015633553934
7626,20221018_110209.mat,2969478,2.969478,1,160,0.0692093813718552
7627,20221018_110209.mat,2973657,2.973657,1,230,0.440422175065422
7628,20221018_110209.mat,2973856,2.973856,1,170,0.44914092220029
7629,20221018_110209.mat,2974055,2.974055,1,160,0.272412543560023
7630,20221018_110209.mat,2974254,2.974254,1,160,0.112545218360802
7631,20221018_110209.mat,2977239,2.977239,1,165,0.561371769202634
7632,20221018_110209.mat,2977438,2.977438,1,160,0.159706603349258
7633,20221018_110209.mat,2978632,2.978632,1,230,0.16613866597105
7634,20221018_110209.mat,2978831,2.978831,1,160,0.224341057557152
7635,20221018_110209.mat,2980821,2.980821,1,345,0.0484347284452338
7636,20221018_110209.mat,2981219,2.981219,1,165,0.0364956205072872
7637,20221018_110209.mat,2981418,2.981418,1,230,0.456472644421611
7638,20221018_110209.mat,2981617,2.981617,1,160,0.205360541691164
7639,20221018_110209.mat,2981816,2.981816,1,160,0.137108133302436
7640,20221018_110209.mat,2982015,2.982015,1,235,0.13429563708791
7641,20221018_110209.mat,2982214,2.982214,1,165,0.0743155384135086
7642,20221018_110209.mat,2982413,2.982413,1,170,0.138616629891146
7643,20221018_110209.mat,2982612,2.982612,1,170,0.0617946063284377
7644,20221018_110209.mat,2983408,2.983408,1,230,0.121093721465969
7645,20221018_110209.mat,2983607,2.983607,1,165,6.22979601597933
7646,20221018_110209.mat,2983806,2.983806,1,160,2.29355480758236
7647,20221018_110209.mat,2984005,2.984005,1,160,1.5972298740742
7648,20221018_110209.mat,2984204,2.984204,1,160,0.461987424639019
7649,20221018_110209.mat,2985199,2.985199,1,230,0.219766323055531
7650,20221018_110209.mat,2985398,2.985398,1,165,0.0855428802374588
7651,20221018_110209.mat,2987189,2.987189,1,345,0.049891495613647
7652,20221018_110209.mat,2987388,2.987388,1,170,0.231041912418613
7653,20221018_110209.mat,2991169,2.991169,1,225,0.174778177749076
7654,20221018_110209.mat,2991368,2.991368,1,160,0.227937614795282
7655,20221018_110209.mat,2994751,2.994751,1,230,0.115081667966146
7656,20221018_110209.mat,2994950,2.99495,1,160,1.04619656868845
7657,20221018_110209.mat,2995149,2.995149,1,165,0.097185063316282
7658,20221018_110209.mat,2996741,2.996741,1,295,1.96516762377527
7659,20221018_110209.mat,2996940,2.99694,1,165,2.90747938855658
7660,20221018_110209.mat,2997139,2.997139,1,160,1.3010166841103
7661,20221018_110209.mat,2997338,2.997338,1,160,0.619409472729163
7662,20221018_110209.mat,2997537,2.997537,1,160,0.117270448343935
7663,20221018_110209.mat,2998134,2.998134,1,225,0.049459462271794
7664,20221018_110209.mat,2998333,2.998333,1,180,0.102320180145844
7665,20221018_110209.mat,3004104,3.004104,1,230,0.141638378674395
7666,20221018_110209.mat,3004303,3.004303,1,160,0.201697689650049
7667,20221018_110209.mat,3004900,3.0049,1,175,0.0434886032729848
7668,20221018_110209.mat,3006293,3.006293,1,160,0.046319939845905
7669,20221018_110209.mat,3007686,3.007686,1,170,0.0521175472094552
7670,20221018_110209.mat,3007885,3.007885,1,165,0.0878070452467146
7671,20221018_110209.mat,3008283,3.008283,1,160,0.536537674257684
7672,20221018_110209.mat,3008482,3.008482,1,160,0.110673450212788
7673,20221018_110209.mat,3008681,3.008681,1,160,0.135253412895446
7674,20221018_110209.mat,3010870,3.01087,1,165,0.352844931241904
7675,20221018_110209.mat,3011069,3.011069,1,160,0.1256399875651
7676,20221018_110209.mat,3011268,3.011268,1,160,0.13434127900292
7677,20221018_110209.mat,3011467,3.011467,1,240,0.088206729607811
7678,20221018_110209.mat,3011666,3.011666,1,160,0.234110286355453
7679,20221018_110209.mat,3013258,3.013258,1,165,0.0951482271627592
7680,20221018_110209.mat,3013855,3.013855,1,170,0.0861840079402815
7681,20221018_110209.mat,3014651,3.014651,1,225,0.839025903382102
7682,20221018_110209.mat,3014850,3.01485,1,165,0.84773162889331
7683,20221018_110209.mat,3015049,3.015049,1,160,0.465585692254088
7684,20221018_110209.mat,3015248,3.015248,1,160,0.209163482815316
7685,20221018_110209.mat,3015646,3.015646,1,165,0.0524683134612481
7686,20221018_110209.mat,3018432,3.018432,1,230,0.198867005497134
7687,20221018_110209.mat,3019427,3.019427,1,275,0.0613091664431811
7688,20221018_110209.mat,3020223,3.020223,1,280,0.0729131887547312
7689,20221018_110209.mat,3023009,3.023009,1,160,0.0675502255448317
7690,20221018_110209.mat,3025397,3.025397,1,230,0.183950546415752
7691,20221018_110209.mat,3029377,3.029377,1,230,0.20782784804904
7692,20221018_110209.mat,3029576,3.029576,1,160,0.219815578758741
7693,20221018_110209.mat,3029775,3.029775,1,160,0.159850919696779
7694,20221018_110209.mat,3030372,3.030372,1,280,0.0378797097238264
7695,20221018_110209.mat,3030571,3.030571,1,160,0.0718174390355593
7696,20221018_110209.mat,3032362,3.032362,1,230,0.263574762330543
7697,20221018_110209.mat,3032561,3.032561,1,160,0.0847744034557678
7698,20221018_110209.mat,3032959,3.032959,1,225,0.041521758049741
7699,20221018_110209.mat,3033158,3.033158,1,280,0.480958945962846
7700,20221018_110209.mat,3036143,3.036143,1,230,0.08707425831218
7701,20221018_110209.mat,3036342,3.036342,1,170,0.0805764170796178
7702,20221018_110209.mat,3039725,3.039725,1,230,0.172542405881018
7703,20221018_110209.mat,3044103,3.044103,1,285,0.0471272333269354
7704,20221018_110209.mat,3047884,3.047884,1,230,0.132054457072927
7705,20221018_110209.mat,3048083,3.048083,1,160,0.0900631410857846
7706,20221018_110209.mat,3052461,3.052461,1,160,0.0690990374369178
7707,20221018_110209.mat,3053854,3.053854,1,160,0.111254706801253
7708,20221018_110209.mat,3054053,3.054053,1,155,0.0874626902683116
7709,20221018_110209.mat,3055645,3.055645,1,230,0.108273862159624
7710,20221018_110209.mat,3055844,3.055844,1,160,0.103262392430844
7711,20221018_110209.mat,3058829,3.058829,1,290,0.0716598153754117
7712,20221018_110209.mat,3059028,3.059028,1,180,1.79242271062521
7713,20221018_110209.mat,3059227,3.059227,1,175,3.76048312167019
7714,20221018_110209.mat,3059426,3.059426,1,160,0.833460674644777
7715,20221018_110209.mat,3059625,3.059625,1,160,0.42017097712013
7716,20221018_110209.mat,3063207,3.063207,1,235,0.0832724302867664
7717,20221018_110209.mat,3063406,3.063406,1,165,0.217626262881907
7718,20221018_110209.mat,3063605,3.063605,1,160,0.089349495785994
7719,20221018_110209.mat,3064003,3.064003,1,220,0.632134710997266
7720,20221018_110209.mat,3064202,3.064202,1,175,1.2245200751553
7721,20221018_110209.mat,3064401,3.064401,1,160,0.37563658474581
7722,20221018_110209.mat,3064600,3.0646,1,160,0.225328465100642
7723,20221018_110209.mat,3065396,3.065396,1,150,0.138307770841459
7724,20221018_110209.mat,3069177,3.069177,1,170,0.0489970463058785
7725,20221018_110209.mat,3069774,3.069774,1,230,0.0992598827927627
7726,20221018_110209.mat,3071565,3.071565,1,280,0.0676135980542494
7727,20221018_110209.mat,3072759,3.072759,1,160,0.36557602775838
7728,20221018_110209.mat,3073953,3.073953,1,235,0.0509022845930259
7729,20221018_110209.mat,3074152,3.074152,1,160,0.0943350510184834
7730,20221018_110209.mat,3074749,3.074749,1,160,0.071834373218204
7731,20221018_110209.mat,3075545,3.075545,1,230,0.0625267090699004
7732,20221018_110209.mat,3075744,3.075744,1,235,0.247892709331586
7733,20221018_110209.mat,3075943,3.075943,1,165,0.31047104698464
7734,20221018_110209.mat,3076142,3.076142,1,160,0.218049489673799
7735,20221018_110209.mat,3076341,3.076341,1,160,0.122953150679655
7736,20221018_110209.mat,3076938,3.076938,1,165,0.0764356329409196
7737,20221018_110209.mat,3077137,3.077137,1,230,0.174349303973737
7738,20221018_110209.mat,3077336,3.077336,1,230,1.20211685235485
7739,20221018_110209.mat,3077535,3.077535,1,160,0.989428089451686
7740,20221018_110209.mat,3077734,3.077734,1,160,0.615755882299573
7741,20221018_110209.mat,3077933,3.077933,1,160,0.187718461912784
7742,20221018_110209.mat,3078331,3.078331,1,230,0.874289331705827
7743,20221018_110209.mat,3078530,3.07853,1,160,0.540472178119874
7744,20221018_110209.mat,3078729,3.078729,1,160,0.492119924772208
7745,20221018_110209.mat,3078928,3.078928,1,160,0.192403781898544
7746,20221018_110209.mat,3079127,3.079127,1,170,0.872053846030463
7747,20221018_110209.mat,3079326,3.079326,1,160,0.414532978847652
7748,20221018_110209.mat,3079525,3.079525,1,160,0.333203425557822
7749,20221018_110209.mat,3079724,3.079724,1,160,0.251616163323754
7750,20221018_110209.mat,3079923,3.079923,1,160,0.13380760266979
7751,20221018_110209.mat,3080122,3.080122,1,275,0.070057308792793
7752,20221018_110209.mat,3080321,3.080321,1,160,0.198101491307108
7753,20221018_110209.mat,3081515,3.081515,1,160,0.40928270677
7754,20221018_110209.mat,3081714,3.081714,1,230,1.00619262196474
7755,20221018_110209.mat,3081913,3.081913,1,160,1.32709861802315
7756,20221018_110209.mat,3082112,3.082112,1,160,0.636318117274049
7757,20221018_110209.mat,3082311,3.082311,1,230,7.55035628754744
7758,20221018_110209.mat,3082510,3.08251,1,160,5.86467039867032
7759,20221018_110209.mat,3082709,3.082709,1,160,2.78842317397787
7760,20221018_110209.mat,3082908,3.082908,1,165,3.17471993846623
7761,20221018_110209.mat,3083107,3.083107,1,160,0.859239146308488
7762,20221018_110209.mat,3083306,3.083306,1,160,1.13233740131624
7763,20221018_110209.mat,3083505,3.083505,1,160,0.395250134828819
7764,20221018_110209.mat,3083704,3.083704,1,165,7.25249981728004
7765,20221018_110209.mat,3083903,3.083903,1,165,261.371840603405
7766,20221018_110209.mat,3084102,3.084102,1,165,53.9550853261639
7767,20221018_110209.mat,3084301,3.084301,1,160,49.7107008858169
7768,20221018_110209.mat,3084500,3.0845,1,160,14.6028511749516
7769,20221018_110209.mat,3084699,3.084699,1,160,3.84709515730131
7770,20221018_110209.mat,3084898,3.084898,1,160,0.817274396810589
7771,20221018_110209.mat,3085097,3.085097,1,160,0.468551190401894
7772,20221018_110209.mat,3085296,3.085296,1,160,0.459340431167163
7773,20221018_110209.mat,3085495,3.085495,1,165,0.669287069935592
7774,20221018_110209.mat,3085694,3.085694,1,165,1.83839637622043
7775,20221018_110209.mat,3085893,3.085893,1,160,0.505832962370487
7776,20221018_110209.mat,3086092,3.086092,1,165,21.6352068040586
7777,20221018_110209.mat,3086291,3.086291,1,220,78.9299099530643
7778,20221018_110209.mat,3086490,3.08649,1,165,253.435182429537
7779,20221018_110209.mat,3086689,3.086689,1,180,23.8181528858925
7780,20221018_110209.mat,3086888,3.086888,1,160,17.6684513223534
7781,20221018_110209.mat,3087087,3.087087,1,180,8.87817635493959
7782,20221018_110209.mat,3087286,3.087286,1,175,4.43345128766765
7783,20221018_110209.mat,3087485,3.087485,1,160,1.8500688691019
7784,20221018_110209.mat,3087684,3.087684,1,160,1.08894942620677
7785,20221018_110209.mat,3087883,3.087883,1,165,0.183118531250254
7786,20221018_110209.mat,3088082,3.088082,1,165,0.124856521163291
7787,20221018_110209.mat,3088480,3.08848,1,175,0.0748025754810947
7788,20221018_110209.mat,3088878,3.088878,1,160,3.30020812425791
7789,20221018_110209.mat,3089077,3.089077,1,185,1.82731227534152
7790,20221018_110209.mat,3089276,3.089276,1,165,6.22835058843909
7791,20221018_110209.mat,3089475,3.089475,1,160,0.908799306565152
7792,20221018_110209.mat,3089674,3.089674,1,160,0.362324049034035
7793,20221018_110209.mat,3089873,3.089873,1,165,0.101678690684569
7794,20221018_110209.mat,3090072,3.090072,1,160,2.20213883919833
7795,20221018_110209.mat,3090271,3.090271,1,160,0.473919109247407
7796,20221018_110209.mat,3090470,3.09047,1,160,0.244505768366946
7797,20221018_110209.mat,3090669,3.090669,1,140,23.4925259109755
7798,20221018_110209.mat,3090868,3.090868,1,160,76.0218683442015
7799,20221018_110209.mat,3091067,3.091067,1,160,9.12400124057138
7800,20221018_110209.mat,3091266,3.091266,1,160,3.11835927911573
7801,20221018_110209.mat,3091465,3.091465,1,165,2.97724846313865
7802,20221018_110209.mat,3091664,3.091664,1,155,0.767754767410069
7803,20221018_110209.mat,3091863,3.091863,1,165,0.12052378211763
7804,20221018_110209.mat,3092062,3.092062,1,160,0.231306025533497
7805,20221018_110209.mat,3092261,3.092261,1,170,1.37120444437538
7806,20221018_110209.mat,3092460,3.09246,1,165,1.45999265476994
7807,20221018_110209.mat,3092659,3.092659,1,165,0.283874843266565
7808,20221018_110209.mat,3092858,3.092858,1,165,0.0927262046326084
7809,20221018_110209.mat,3093256,3.093256,1,170,0.732885627766274
7810,20221018_110209.mat,3093455,3.093455,1,160,1.16985060842057
7811,20221018_110209.mat,3093654,3.093654,1,175,0.100457960055291
7812,20221018_110209.mat,3093853,3.093853,1,165,2.10654691611505
7813,20221018_110209.mat,3094052,3.094052,1,155,0.556766479526818
7814,20221018_110209.mat,3094251,3.094251,1,135,0.0636437144432097
7815,20221018_110209.mat,3094450,3.09445,1,160,0.56277252782191
7816,20221018_110209.mat,3094649,3.094649,1,155,0.154434804974304
7817,20221018_110209.mat,3094848,3.094848,1,160,0.590472232537328
7818,20221018_110209.mat,3095047,3.095047,1,160,0.644691231231668
7819,20221018_110209.mat,3095246,3.095246,1,180,0.693483952505022
7820,20221018_110209.mat,3095445,3.095445,1,160,0.148979939045068
7821,20221018_110209.mat,3095644,3.095644,1,170,0.191379452312387
7822,20221018_110209.mat,3095843,3.095843,1,330,0.217050693770809
7823,20221018_110209.mat,3096042,3.096042,1,170,3.27183080727677
7824,20221018_110209.mat,3096241,3.096241,1,165,0.671378398246967
7825,20221018_110209.mat,3096440,3.09644,1,160,0.206133307631633
7826,20221018_110209.mat,3096639,3.096639,1,165,0.246841079268036
7827,20221018_110209.mat,3096838,3.096838,1,160,0.0999240758659627
7828,20221018_110209.mat,3097435,3.097435,1,170,0.817776286669755
7829,20221018_110209.mat,3097634,3.097634,1,160,5.62368441057229
7830,20221018_110209.mat,3097833,3.097833,1,175,0.438418932775204
7831,20221018_110209.mat,3098032,3.098032,1,160,0.544607009752231
7832,20221018_110209.mat,3098231,3.098231,1,175,0.0736212598002248
7833,20221018_110209.mat,3099226,3.099226,1,180,0.382631316365219
7834,20221018_110209.mat,3099425,3.099425,1,160,0.163172430830321
7835,20221018_110209.mat,3099823,3.099823,1,160,0.0793833866770303
7836,20221018_110209.mat,3100022,3.100022,1,165,0.150280162055868
7837,20221018_110209.mat,3101614,3.101614,1,165,0.215322667003892
7838,20221018_110209.mat,3101813,3.101813,1,160,0.0868741972106627
7839,20221018_110209.mat,3102012,3.102012,1,160,0.0703585998308568
7840,20221018_110209.mat,3102410,3.10241,1,160,0.453827485227496
7841,20221018_110209.mat,3102609,3.102609,1,160,0.358956501018288
7842,20221018_110209.mat,3103007,3.103007,1,160,1.88204308763188
7843,20221018_110209.mat,3103206,3.103206,1,160,0.686813216062202
7844,20221018_110209.mat,3103405,3.103405,1,160,0.385827222323597
7845,20221018_110209.mat,3103604,3.103604,1,155,0.213343963839017
7846,20221018_110209.mat,3104002,3.104002,1,155,0.204418603526557
7847,20221018_110209.mat,3104201,3.104201,1,160,0.080628571593248
7848,20221018_110209.mat,3105395,3.105395,1,165,1.36668677336441
7849,20221018_110209.mat,3105594,3.105594,1,165,1.26175939820279
7850,20221018_110209.mat,3105793,3.105793,1,160,0.390346283825438
7851,20221018_110209.mat,3105992,3.105992,1,160,0.129726166900096
7852,20221018_110209.mat,3108181,3.108181,1,160,1.06293585755477
7853,20221018_110209.mat,3108380,3.10838,1,160,0.119816370509352
7854,20221018_110209.mat,3108579,3.108579,1,160,0.135847615374331
7855,20221018_110209.mat,3108977,3.108977,1,165,0.370900143828315
7856,20221018_110209.mat,3109176,3.109176,1,160,0.329203619227851
7857,20221018_110209.mat,3109375,3.109375,1,160,0.638126589137083
7858,20221018_110209.mat,3109574,3.109574,1,160,0.0767442220259724
7859,20221018_110209.mat,3109972,3.109972,1,165,0.34098084781136
7860,20221018_110209.mat,3110171,3.110171,1,160,0.213908009730171
7861,20221018_110209.mat,3110370,3.11037,1,180,0.0720804057708032
7862,20221018_110209.mat,3110569,3.110569,1,165,0.3132848040065
7863,20221018_110209.mat,3110768,3.110768,1,160,0.0881178094489268
7864,20221018_110209.mat,3113355,3.113355,1,160,0.069981454686274
7865,20221018_110209.mat,3113554,3.113554,1,185,0.0688283969216216
7866,20221018_110209.mat,3113952,3.113952,1,160,0.223482303898217
7867,20221018_110209.mat,3114151,3.114151,1,160,0.135164099252762
7868,20221018_110209.mat,3114350,3.11435,1,170,0.0819037984773971
7869,20221018_110209.mat,3114549,3.114549,1,185,0.125878203609125
7870,20221018_110209.mat,3114748,3.114748,1,180,0.47506868673917
7871,20221018_110209.mat,3114947,3.114947,1,180,0.372935623792282
7872,20221018_110209.mat,3115345,3.115345,1,160,0.0747270344067113
7873,20221018_110209.mat,3115544,3.115544,1,165,0.0785512124901714
7874,20221018_110209.mat,3120917,3.120917,1,175,0.1857772535148
7875,20221018_110209.mat,3121116,3.121116,1,175,0.117998482016924
7876,20221018_110209.mat,3127285,3.127285,1,165,0.24611278970674
7877,20221018_110209.mat,3127484,3.127484,1,170,1.50065848711359
7878,20221018_110209.mat,3127683,3.127683,1,160,7.62087299653653
7879,20221018_110209.mat,3127882,3.127882,1,175,0.924665106416187
7880,20221018_110209.mat,3128081,3.128081,1,160,0.364282308855118
7881,20221018_110209.mat,3128280,3.12828,1,160,0.262123085770689
7882,20221018_110209.mat,3129673,3.129673,1,165,0.105261116344766
7883,20221018_110209.mat,3131066,3.131066,1,160,0.8817985245698
7884,20221018_110209.mat,3131265,3.131265,1,160,1.21843799015373
7885,20221018_110209.mat,3131464,3.131464,1,185,0.104571358959473
7886,20221018_110209.mat,3144797,3.144797,1,165,0.447199320055139
7887,20221018_110209.mat,3144996,3.144996,1,165,0.0789356691928701
7888,20221018_110209.mat,3146588,3.146588,1,165,3.63277000962882
7889,20221018_110209.mat,3146787,3.146787,1,160,4.68370758571838
7890,20221018_110209.mat,3146986,3.146986,1,160,0.749221390091322
7891,20221018_110209.mat,3147185,3.147185,1,160,0.38021958081077
7892,20221018_110209.mat,3148180,3.14818,1,265,0.0806489743377928
7893,20221018_110209.mat,3148379,3.148379,1,165,0.569181740674165
7894,20221018_110209.mat,3148578,3.148578,1,160,0.0869636860676463
7895,20221018_110209.mat,3151762,3.151762,1,160,0.381775005418856
7896,20221018_110209.mat,3151961,3.151961,1,160,0.309912760261976
7897,20221018_110209.mat,3152558,3.152558,1,175,0.0687639200382467
7898,20221018_110209.mat,3152757,3.152757,1,170,0.0639376824514926
7899,20221018_110209.mat,3152956,3.152956,1,155,0.0480260006444196
7900,20221018_110209.mat,3154747,3.154747,1,165,0.106051107221101
7901,20221018_110209.mat,3161115,3.161115,1,160,1.86179765141541
7902,20221018_110209.mat,3161314,3.161314,1,175,0.602973265445435
7903,20221018_110209.mat,3161513,3.161513,1,160,0.125174733490198
7904,20221018_110209.mat,3162906,3.162906,1,160,0.0866401218434866
7905,20221018_110209.mat,3175045,3.175045,1,160,1.37179461496503
7906,20221018_110209.mat,3175244,3.175244,1,180,0.672712678642976
7907,20221018_110209.mat,3175443,3.175443,1,160,0.188514194546752
7908,20221018_110209.mat,3180219,3.180219,1,170,0.0637897164040742
7909,20221018_110209.mat,3188577,3.188577,1,160,0.371294411382834
7910,20221018_110209.mat,3190766,3.190766,1,160,0.0688414394656021
7911,20221018_110209.mat,3196139,3.196139,1,175,0.361030197001779
7912,20221018_110209.mat,3196338,3.196338,1,160,0.61562823010276
7913,20221018_110209.mat,3196537,3.196537,1,160,0.0844102017894541
7914,20221018_110209.mat,3198129,3.198129,1,160,0.136849677084311
7915,20221018_110209.mat,3199522,3.199522,1,165,0.0775519288585167
7916,20221018_110209.mat,3199721,3.199721,1,165,0.0479462000387332
7917,20221018_110209.mat,3206089,3.206089,1,240,0.0489704442733206
7918,20221018_110209.mat,3206288,3.206288,1,165,1.68083950373418
7919,20221018_110209.mat,3206487,3.206487,1,175,0.210411664742017
7920,20221018_110209.mat,3206686,3.206686,1,165,0.285312054319062
7921,20221018_110209.mat,3206885,3.206885,1,180,1.23322591701884
7922,20221018_110209.mat,3207084,3.207084,1,160,0.341397105134048
7923,20221018_110209.mat,3207283,3.207283,1,160,0.221600932432426
7924,20221018_110209.mat,3218029,3.218029,1,155,0.157520815698927
7925,20221018_110209.mat,3218228,3.218228,1,165,0.0574960047872119
7926,20221018_110209.mat,3218427,3.218427,1,165,0.540646817215487
7927,20221018_110209.mat,3218626,3.218626,1,175,0.0931919090842039
7928,20221018_110209.mat,3227183,3.227183,1,230,1.0563449952658
7929,20221018_110209.mat,3227382,3.227382,1,160,0.291540254346789
7930,20221018_110209.mat,3227581,3.227581,1,160,0.117523964569658
7931,20221018_110209.mat,3249471,3.249471,1,165,0.464476469813465
7932,20221018_110209.mat,3249670,3.24967,1,160,0.540376626258366
7933,20221018_110209.mat,3249869,3.249869,1,160,0.0622324619274199
7934,20221018_110209.mat,3253252,3.253252,1,160,0.0707549920200602
7935,20221018_110209.mat,3261809,3.261809,1,180,0.0958905533693598
7936,20221018_110209.mat,3262406,3.262406,1,165,0.531531194439944
7937,20221018_110209.mat,3262605,3.262605,1,175,0.105147288046348
7938,20221018_110209.mat,3264595,3.264595,1,160,0.108061000893699
7939,20221018_110209.mat,3264794,3.264794,1,170,0.0765331616200188
7940,20221018_110209.mat,3265789,3.265789,1,160,1.39268220460961
7941,20221018_110209.mat,3265988,3.265988,1,175,0.152088751510219
7942,20221018_110209.mat,3297828,3.297828,1,155,0.0570735735326843
7943,20221018_110209.mat,3303798,3.303798,1,165,1.43734194062914
7944,20221018_110209.mat,3303997,3.303997,1,165,1.28639602072741
7945,20221018_110209.mat,3304196,3.304196,1,160,0.49999497865917
7946,20221018_110209.mat,3304395,3.304395,1,160,0.186010726722373
7947,20221018_110209.mat,3308176,3.308176,1,160,0.508029296665953
7948,20221018_110209.mat,3308375,3.308375,1,165,0.128664497085874
7949,20221018_110209.mat,3313748,3.313748,1,160,0.579296578350589
7950,20221018_110209.mat,3313947,3.313947,1,160,0.505057163851377
7951,20221018_110209.mat,3336434,3.336434,1,180,0.980903246087468
7952,20221018_110209.mat,3336633,3.336633,1,175,0.196052972687822
7953,20221018_110209.mat,3336832,3.336832,1,160,0.13701156597654
7954,20221018_110209.mat,3345389,3.345389,1,230,0.0561116146507203
7955,20221018_110209.mat,3347578,3.347578,1,175,0.05429198280962
7956,20221018_110209.mat,3347777,3.347777,1,160,0.0644494674294819
7957,20221018_110209.mat,3359916,3.359916,1,180,3.98430174584426
7958,20221018_110209.mat,3360115,3.360115,1,165,0.84255018700079
7959,20221018_110209.mat,3360314,3.360314,1,160,0.789023789938743
7960,20221018_110209.mat,3360513,3.360513,1,160,0.291543666425698
7961,20221018_110209.mat,3361508,3.361508,1,160,0.0740917005676249
7962,20221018_110209.mat,3361707,3.361707,1,165,0.0602394683576982
7963,20221018_110209.mat,3364891,3.364891,1,230,0.0601870396332111
7964,20221018_110209.mat,3369070,3.36907,1,230,0.351377574530056
7965,20221018_110209.mat,3369269,3.369269,1,160,0.150886335682011
7966,20221018_110209.mat,3377428,3.377428,1,170,0.0764184763214399
7967,20221018_110209.mat,3377627,3.377627,1,165,0.0764325202668133
7968,20221018_110209.mat,3386184,3.386184,1,160,0.138611229601333
7969,20221018_110209.mat,3389169,3.389169,1,225,0.105376123037436
7970,20221018_110209.mat,3389368,3.389368,1,175,0.0953444926434163
7971,20221018_110209.mat,3389567,3.389567,1,165,0.134843874365064
7972,20221018_110209.mat,3396532,3.396532,1,160,0.126560253192194
7973,20221018_110209.mat,3396731,3.396731,1,180,0.103702916850185
7974,20221018_110209.mat,3437128,3.437128,1,165,0.326705451534341
7975,20221018_110209.mat,3441108,3.441108,1,160,0.400687301452978
7976,20221018_110209.mat,3441307,3.441307,1,160,0.107321485221018
7977,20221018_110209.mat,3452451,3.452451,1,160,0.0644351826362655
7978,20221018_110209.mat,3469764,3.469764,1,165,0.214094128327034
7979,20221018_110209.mat,3469963,3.469963,1,165,0.0920864928111575
7980,20221018_110209.mat,3475535,3.475535,1,150,0.0831366493487654
7981,20221018_110209.mat,3475734,3.475734,1,160,0.24341469344469
7982,20221018_110209.mat,3483097,3.483097,1,165,0.15572644640664
7983,20221018_110209.mat,3483893,3.483893,1,160,0.0602520959370648
7984,20221018_110209.mat,3486878,3.486878,1,160,0.268836411648019
7985,20221018_110209.mat,3487077,3.487077,1,160,0.0932515374675788
7986,20221018_110209.mat,3497425,3.497425,1,155,2.63724117534659
7987,20221018_110209.mat,3497624,3.497624,1,160,0.565916560288897
7988,20221018_110209.mat,3497823,3.497823,1,160,0.284329204177461
7989,20221018_110209.mat,3521504,3.521504,1,160,0.0787168668657249
7990,20221018_110209.mat,3523693,3.523693,1,155,0.0661059184557056
7991,20221018_110209.mat,3531653,3.531653,1,170,0.386802688805664
7992,20221018_110209.mat,3531852,3.531852,1,170,16.0695413801904
7993,20221018_110209.mat,3532051,3.532051,1,155,2.34140174347491
7994,20221018_110209.mat,3532250,3.53225,1,160,1.24325676905723
7995,20221018_110209.mat,3532449,3.532449,1,160,0.365458410217802
7996,20221018_110209.mat,3540608,3.540608,1,160,0.0488938193247041
7997,20221018_110209.mat,3552349,3.552349,1,185,0.0386082691565189
7998,20221018_110209.mat,3562299,3.562299,1,230,0.289376070773636
7999,20221018_110209.mat,3573045,3.573045,1,180,0.147328780223359
8000,20221018_110209.mat,3573244,3.573244,1,165,0.0707054120825145
8001,20221018_110209.mat,3574040,3.57404,1,230,0.167482780526809
8002,20221018_110209.mat,3574637,3.574637,1,160,0.0598245748165503
8003,20221018_110209.mat,3586179,3.586179,1,170,0.528934333637139
8004,20221018_110209.mat,3586378,3.586378,1,165,0.772883451701071
8005,20221018_110209.mat,3586577,3.586577,1,160,0.281477937984149
8006,20221018_110209.mat,3591751,3.591751,1,230,0.196980784490619
8007,20221018_110209.mat,3612049,3.612049,1,170,0.088267150797011
8008,20221018_110209.mat,3648466,3.648466,1,180,0.156484921514929
8009,20221018_110209.mat,3648665,3.648665,1,160,0.148502870669245
8010,20221018_110209.mat,3651451,3.651451,1,160,0.0662917064677615
8011,20221018_110209.mat,3655033,3.655033,1,170,0.294020514501318
8012,20221018_110209.mat,3655232,3.655232,1,160,0.387621034570144
8013,20221018_110209.mat,3665381,3.665381,1,170,0.27423088899048
8014,20221018_110209.mat,3665580,3.66558,1,170,0.0489592246025731
8015,20221018_110209.mat,3673540,3.67354,1,155,0.26039377784339
8016,20221018_110209.mat,3673739,3.673739,1,160,0.100106931707443
8017,20221018_110209.mat,3690057,3.690057,1,160,0.193011652890103
8018,20221018_110209.mat,3690256,3.690256,1,160,0.11032479545146
8019,20221018_110209.mat,3690455,3.690455,1,185,0.0777219890861759
8020,20221018_110209.mat,3690654,3.690654,1,175,0.0667450430814688
8021,20221018_110209.mat,3705181,3.705181,1,160,0.0886832811431279
8022,20221018_110209.mat,3705380,3.70538,1,160,0.0544150676096824
8023,20221018_110209.mat,3726673,3.726673,1,180,0.254087680591026
8024,20221018_110209.mat,3732046,3.732046,1,270,0.125483546941318
8025,20221018_110209.mat,3732245,3.732245,1,160,0.977307550646415
8026,20221018_110209.mat,3732444,3.732444,1,160,0.281372302727953
8027,20221018_110209.mat,3732643,3.732643,1,160,0.102502989563854
8028,20221018_110209.mat,3744782,3.744782,1,160,11.0495640698806
8029,20221018_110209.mat,3744981,3.744981,1,175,1.4493356519377
8030,20221018_110209.mat,3745180,3.74518,1,160,0.275239442965825
8031,20221018_110209.mat,3745379,3.745379,1,160,0.0914686099806682
8032,20221018_110209.mat,3762692,3.762692,1,165,0.0833436527648012
8033,20221018_110209.mat,3767667,3.767667,1,160,0.0591902574265507
8034,20221018_110209.mat,3771249,3.771249,1,170,0.581589954993491
8035,20221018_110209.mat,3771448,3.771448,1,160,0.396178787434514
8036,20221018_110209.mat,3771647,3.771647,1,175,0.071053780467079
8037,20221018_110209.mat,3786572,3.786572,1,160,0.66742700456234
8038,20221018_110209.mat,3786771,3.786771,1,160,0.235039491081654
8039,20221018_110209.mat,3787766,3.787766,1,160,0.115297064933848
8040,20221018_110209.mat,3797716,3.797716,1,160,0.0877314580453075
8041,20221018_110209.mat,3828561,3.828561,1,160,0.146772953264069
8042,20221018_110209.mat,3859605,3.859605,1,280,0.0777097463846018
8043,20221018_110209.mat,3872341,3.872341,1,160,1.43310032217262
8044,20221018_110209.mat,3872540,3.87254,1,160,0.796149591835543
8045,20221018_110209.mat,3872739,3.872739,1,160,0.349658928641186
8046,20221018_110209.mat,3872938,3.872938,1,160,0.100366564698444
8047,20221018_110209.mat,3881893,3.881893,1,160,0.0443180928242357
8048,20221018_110209.mat,3897216,3.897216,1,280,0.0450225028011415
8049,20221018_110209.mat,3897415,3.897415,1,160,0.0570432614363488
8050,20221018_110209.mat,3901594,3.901594,1,180,0.135532900844549
8051,20221018_110209.mat,3909355,3.909355,1,165,0.0552731249095575
8052,20221018_110209.mat,3932240,3.93224,1,160,0.608979595231058
8053,20221018_110209.mat,3932439,3.932439,1,160,0.122458353323653
8054,20221018_110209.mat,3939404,3.939404,1,165,1.22395380392278
8055,20221018_110209.mat,3939603,3.939603,1,160,2.01409687008782
8056,20221018_110209.mat,3939802,3.939802,1,160,0.351289308048499
8057,20221018_110209.mat,3940001,3.940001,1,160,0.145020989919227
8058,20221018_110209.mat,3965075,3.965075,1,160,0.359942728654223
8059,20221018_110209.mat,3965274,3.965274,1,160,0.123439267198781
8060,20221018_110209.mat,3965473,3.965473,1,160,0.114329423919987
8061,20221018_110209.mat,3966667,3.966667,1,160,0.0580322324097723
8062,20221018_110209.mat,3971841,3.971841,1,165,0.162893611189316
8063,20221018_110209.mat,3972040,3.97204,1,175,0.0669459007709763
8064,20221018_110209.mat,3989950,3.98995,1,160,0.17263864098897
8065,20221018_110209.mat,3990149,3.990149,1,165,0.0872564286755909
8066,20221018_110209.mat,4010248,4.010248,1,160,0.159377345600041
8067,20221018_110209.mat,4012636,4.012636,1,165,0.0702052321494571
8068,20221018_110209.mat,4027561,4.027561,1,230,0.919511895386163
8069,20221018_110209.mat,4027760,4.02776,1,160,0.791357225219959
8070,20221018_110209.mat,4027959,4.027959,1,160,0.228572987750113
8071,20221018_110209.mat,4032536,4.032536,1,165,1.71502654740138
8072,20221018_110209.mat,4032735,4.032735,1,165,2.13025106256688
8073,20221018_110209.mat,4032934,4.032934,1,175,0.421945614339552
8074,20221018_110209.mat,4033133,4.033133,1,160,0.125369701920098
8075,20221018_110209.mat,4048655,4.048655,1,170,0.0526448274325834
8076,20221018_110209.mat,4048854,4.048854,1,165,0.0687629088995736
8077,20221018_110209.mat,4057411,4.057411,1,165,0.105825270656316
8078,20221018_110209.mat,4071142,4.071142,1,160,0.419267462776699
8079,20221018_110209.mat,4071341,4.071341,1,160,0.385575736150946
8080,20221018_110209.mat,4071540,4.07154,1,160,0.122706426256717
8081,20221018_110209.mat,4072734,4.072734,1,160,1.06962127056136
8082,20221018_110209.mat,4072933,4.072933,1,175,0.108839891984032
8083,20221018_110209.mat,4076316,4.076316,1,230,0.792125749076008
8084,20221018_110209.mat,4076515,4.076515,1,165,1.61363615159704
8085,20221018_110209.mat,4076714,4.076714,1,160,0.179025296161658
8086,20221018_110209.mat,4079102,4.079102,1,160,0.103464890746528
8087,20221018_110209.mat,4079301,4.079301,1,180,0.0695913074467145
8088,20221018_110209.mat,4082684,4.082684,1,230,0.329187786599884
8089,20221018_110209.mat,4082883,4.082883,1,165,0.152142468609156
8090,20221018_110209.mat,4083082,4.083082,1,175,0.062603456744447
8091,20221018_110209.mat,4092037,4.092037,1,165,0.0729576373842002
8092,20221018_110209.mat,4094226,4.094226,1,170,0.0893817381115075
8093,20221018_110209.mat,4101191,4.101191,1,160,0.0903149741119156
8094,20221018_110209.mat,4134623,4.134623,1,170,0.278182636815858
8095,20221018_110209.mat,4134822,4.134822,1,160,0.54357969293892
8096,20221018_110209.mat,4139797,4.139797,1,180,0.0444744421875423
8097,20221018_110209.mat,4139996,4.139996,1,165,0.111425277886934
8098,20221018_110209.mat,4141190,4.14119,1,160,1.09236963375395
8099,20221018_110209.mat,4141389,4.141389,1,165,0.0893317813067593
8100,20221018_110209.mat,4141787,4.141787,1,155,1.31600076839358
8101,20221018_110209.mat,4141986,4.141986,1,175,0.229881953241565
8102,20221018_110209.mat,4142185,4.142185,1,160,0.0693425660457444
8103,20221018_110209.mat,4154523,4.154523,1,165,0.0659662586767453
8104,20221018_110209.mat,4192333,4.192333,1,160,1.59646831551519
8105,20221018_110209.mat,4192532,4.192532,1,165,0.137686496058839
8106,20221018_110209.mat,4192731,4.192731,1,160,0.178114424853839
8107,20221018_110209.mat,4192930,4.19293,1,160,0.0725415523936043
8108,20221018_110209.mat,4203477,4.203477,1,180,0.425599673790931
8109,20221018_110209.mat,4203676,4.203676,1,215,0.128619795123149
8110,20221018_110209.mat,4203875,4.203875,1,215,0.0827711536635802
8111,20221018_110209.mat,4206860,4.20686,1,165,0.362465776932624
8112,20221018_110209.mat,4207059,4.207059,1,165,0.253466207603373
8113,20221018_110209.mat,4210641,4.210641,1,280,0.478813244236014
8114,20221018_110209.mat,4210840,4.21084,1,160,0.545552979299558
8115,20221018_110209.mat,4229546,4.229546,1,170,0.072130475066374
8116,20221018_110209.mat,4229745,4.229745,1,160,0.294892751584235
8117,20221018_110209.mat,4245267,4.245267,1,175,0.12983349382736
8118,20221018_110209.mat,4257406,4.257406,1,175,0.0389487377263966
8119,20221018_110209.mat,4257605,4.257605,1,160,0.0975346686405736
8120,20221018_110209.mat,4262779,4.262779,1,160,0.146141195761852
8121,20221018_110209.mat,4266162,4.266162,1,160,0.271226485270898
8122,20221018_110209.mat,4266361,4.266361,1,160,0.0974214092240516
8123,20221018_110209.mat,4272729,4.272729,1,155,0.0746602563282179
8124,20221018_110209.mat,4283674,4.283674,1,165,0.154710923000052
8125,20221018_110209.mat,4284669,4.284669,1,175,5.94790488498557
8126,20221018_110209.mat,4284868,4.284868,1,160,3.73932629814479
8127,20221018_110209.mat,4285067,4.285067,1,160,2.20122478013077
8128,20221018_110209.mat,4285266,4.285266,1,160,0.67890284293029
8129,20221018_110209.mat,4285465,4.285465,1,165,0.0750873284054361
8130,20221018_110209.mat,4298201,4.298201,1,180,0.0930976699084066
8131,20221018_110209.mat,4298400,4.2984,1,165,0.21145708145506
8132,20221018_110209.mat,4305763,4.305763,1,165,0.232634296582714
8133,20221018_110209.mat,4317703,4.317703,1,165,0.629534688458975
8134,20221018_110209.mat,4317902,4.317902,1,160,1.16416761913862
8135,20221018_110209.mat,4318101,4.318101,1,175,0.108775797637143
8136,20221018_110209.mat,4325663,4.325663,1,160,0.805029310094767
8137,20221018_110209.mat,4325862,4.325862,1,160,0.507574234785997
8138,20221018_110209.mat,4331832,4.331832,1,165,0.238578695677106
8139,20221018_110209.mat,4332031,4.332031,1,160,0.46584578370103
8140,20221018_110209.mat,4332230,4.33223,1,160,0.10413507200452
8141,20221018_110209.mat,4352727,4.352727,1,160,0.137003583174705
8142,20221018_110209.mat,4357105,4.357105,1,155,0.0476335186975504
8143,20221018_110209.mat,4359891,4.359891,1,155,0.208516319069928
8144,20221018_110209.mat,4377602,4.377602,1,170,0.0902840801283707
8145,20221018_110209.mat,4378199,4.378199,1,160,0.356849162010182
8146,20221018_110209.mat,4378398,4.378398,1,160,0.170177164759476
8147,20221018_110209.mat,4383970,4.38397,1,165,0.592781265838372
8148,20221018_110209.mat,4384169,4.384169,1,170,0.324101770246034
8149,20221018_110209.mat,4384368,4.384368,1,160,0.172313794575446
8150,20221018_110209.mat,4391532,4.391532,1,170,1.77412529845536
8151,20221018_110209.mat,4391731,4.391731,1,165,0.255976556831738
8152,20221018_110209.mat,4391930,4.39193,1,160,0.189823589740396
8153,20221018_110209.mat,4393721,4.393721,1,160,8.43113123957266
8154,20221018_110209.mat,4393920,4.39392,1,165,2.50688129357691
8155,20221018_110209.mat,4394119,4.394119,1,175,0.206468300085156
8156,20221018_110209.mat,4394318,4.394318,1,160,0.0647305816125222
8157,20221018_110209.mat,4404268,4.404268,1,165,0.316337811118711
8158,20221018_110209.mat,4404467,4.404467,1,155,0.0981388819523415
8159,20221018_110209.mat,4404865,4.404865,1,170,0.0402292123339041
8160,20221018_110209.mat,4435710,4.43571,1,160,0.262077569034505
8161,20221018_110209.mat,4435909,4.435909,1,180,0.0615371622909986
8162,20221018_110209.mat,4467152,4.467152,1,165,0.324893747803103
8163,20221018_110209.mat,4467351,4.467351,1,160,0.373580462677324
8164,20221018_110209.mat,4488445,4.488445,1,165,0.0688868566692633
8165,20221018_110209.mat,4489042,4.489042,1,165,0.0630596397879503
8166,20221018_110209.mat,4501579,4.501579,1,160,0.230562642536003
8167,20221018_110209.mat,4501778,4.501778,1,165,0.060589679585206
8168,20221018_110209.mat,4550931,4.550931,1,160,0.278636260809175
8169,20221018_110209.mat,4551130,4.55113,1,185,0.108283069328344
8170,20221018_110209.mat,4559687,4.559687,1,170,0.117727405686629
8171,20221018_110209.mat,4582771,4.582771,1,230,0.124059007775666
8172,20221018_110209.mat,4584363,4.584363,1,160,0.115193475214782
8173,20221018_110209.mat,4591925,4.591925,1,160,0.0943397790335437
8174,20221018_110209.mat,4596701,4.596701,1,165,0.131787255355746
8175,20221018_110209.mat,4611029,4.611029,1,290,0.508852534513315
8176,20221018_110209.mat,4611228,4.611228,1,160,2.86570234524924
8177,20221018_110209.mat,4611427,4.611427,1,160,0.806796355259404
8178,20221018_110209.mat,4611626,4.611626,1,160,0.303968100780788
8179,20221018_110209.mat,4622372,4.622372,1,160,0.0913845796910451
8180,20221018_110209.mat,4637695,4.637695,1,315,0.034763437545828
8181,20221018_110209.mat,4637894,4.637894,1,180,0.065359590540777
8182,20221018_110209.mat,4641874,4.641874,1,185,0.109696408720621
8183,20221018_110209.mat,4642073,4.642073,1,155,0.147811232707579
8184,20221018_110209.mat,4662570,4.66257,1,230,0.0613611376191783
8185,20221018_110209.mat,4667147,4.667147,1,160,0.132597282873826
8186,20221018_110209.mat,4706350,4.70635,1,155,0.0688828167285599
8187,20221018_110209.mat,4711524,4.711524,1,160,0.250354551622357
8188,20221018_110209.mat,4721673,4.721673,1,160,0.0783478824269646
8189,20221018_110209.mat,4726250,4.72625,1,160,0.391083560888954
8190,20221018_110209.mat,4730429,4.730429,1,160,0.118608307323376
8191,20221018_110209.mat,4735802,4.735802,1,160,0.154777018871108
8192,20221018_110209.mat,4751523,4.751523,1,160,0.0722404161525435
8193,20221018_110209.mat,4755304,4.755304,1,160,0.610870357624952
8194,20221018_110209.mat,4755503,4.755503,1,160,0.225142083843441
8195,20221018_110209.mat,4768438,4.768438,1,165,1.57640006741142
8196,20221018_110209.mat,4768637,4.768637,1,170,0.622602161897667
8197,20221018_110209.mat,4768836,4.768836,1,175,0.121028253125627
8198,20221018_110209.mat,4771423,4.771423,1,280,0.0778659413308844
8199,20221018_110209.mat,4788537,4.788537,1,160,0.225549781120994
8200,20221018_110209.mat,4788736,4.788736,1,160,0.465845126329011
8201,20221018_110209.mat,4788935,4.788935,1,160,0.113030594976408
8202,20221018_110209.mat,4850625,4.850625,1,160,1.22091786764637
8203,20221018_110209.mat,4850824,4.850824,1,160,0.720783465029279
8204,20221018_110209.mat,4851023,4.851023,1,160,0.239160859112059
8205,20221018_110209.mat,4851222,4.851222,1,160,0.120806868131567
8206,20221018_110209.mat,4861968,4.861968,1,155,0.967493746161314
8207,20221018_110209.mat,4862167,4.862167,1,160,0.203454616103271
8208,20221018_110209.mat,4862764,4.862764,1,160,0.106276697265734
8209,20221018_110209.mat,4865152,4.865152,1,170,0.282399858684561
8210,20221018_110209.mat,4865351,4.865351,1,160,0.120552050833201
8211,20221018_110209.mat,4869331,4.869331,1,160,0.0655512344506675
8212,20221018_110209.mat,4875898,4.875898,1,155,0.32531777494697
8213,20221018_110209.mat,4876097,4.876097,1,160,0.243212122351372
8214,20221018_110209.mat,4876296,4.876296,1,160,0.0966277250241144
8215,20221018_110209.mat,4882863,4.882863,1,155,0.0995223118192661
8216,20221018_110209.mat,4883062,4.883062,1,165,0.0810195155490148
8217,20221018_110209.mat,4884853,4.884853,1,160,0.104869771070643
8218,20221018_110209.mat,4887838,4.887838,1,160,0.0788763866298822
8219,20221018_110209.mat,4888236,4.888236,1,170,0.114927338508178
8220,20221018_110209.mat,4888435,4.888435,1,165,0.365996641035826
8221,20221018_110209.mat,4888833,4.888833,1,165,0.0654338820252237
8222,20221018_110209.mat,4912713,4.912713,1,165,1.33484237034603
8223,20221018_110209.mat,4912912,4.912912,1,160,0.453203824378656
8224,20221018_110209.mat,4913111,4.913111,1,160,0.139458398009868
8225,20221018_110209.mat,4914106,4.914106,1,230,0.153821806557561
8226,20221018_110209.mat,4916096,4.916096,1,180,0.138542225689918
8227,20221018_110209.mat,4927041,4.927041,1,230,0.183863373042607
8228,20221018_110209.mat,4927240,4.92724,1,160,0.0677331754568635
8229,20221018_110209.mat,4933608,4.933608,1,170,0.251127986601939
8230,20221018_110209.mat,4933807,4.933807,1,180,0.661638327908768
8231,20221018_110209.mat,4934006,4.934006,1,175,0.105292276691843
8232,20221018_110209.mat,4976592,4.976592,1,230,0.0931664589601395
8233,20221018_110209.mat,4976791,4.976791,1,165,0.110777757008635
8234,20221018_110209.mat,4984353,4.984353,1,225,0.0673095426266745
8235,20221018_110209.mat,4984552,4.984552,1,165,0.0695187250557072
8236,20221018_110214.mat,11542,0.011542,1,155,0.0715752205080731
8237,20221018_110214.mat,25671,0.025671,1,165,0.0428728737555695
8238,20221018_110214.mat,25870,0.02587,1,160,0.121902622473034
8239,20221018_110214.mat,30049,0.030049,1,155,0.0609899733988949
8240,20221018_110214.mat,37014,0.037014,1,165,0.0957909525912463
8241,20221018_110214.mat,37213,0.037213,1,160,0.231360850887631
8242,20221018_110214.mat,48357,0.048357,1,180,0.462849423042512
8243,20221018_110214.mat,48556,0.048556,1,160,0.271611967086713
8244,20221018_110214.mat,53531,0.053531,1,160,0.245936177003739
8245,20221018_110214.mat,53730,0.05373,1,160,0.0911395153924967
8246,20221018_110214.mat,60098,0.060098,1,155,0.0566194424569194
8247,20221018_110214.mat,60297,0.060297,1,225,0.0577688239500542
8248,20221018_110214.mat,69053,0.069053,1,160,0.0780596541662523
8249,20221018_110214.mat,69252,0.069252,1,160,0.279667579660761
8250,20221018_110214.mat,71242,0.071242,1,225,0.127674848926572
8251,20221018_110214.mat,71441,0.071441,1,165,0.124099174546217
8252,20221018_110214.mat,80993,0.080993,1,160,0.0860041250994012
8253,20221018_110214.mat,82784,0.082784,1,175,0.0586466232757501
8254,20221018_110214.mat,82983,0.082983,1,165,0.134590649160538
8255,20221018_110214.mat,91142,0.091142,1,230,0.18774645258531
8256,20221018_110214.mat,94724,0.094724,1,160,0.071724185261658
8257,20221018_110214.mat,96117,0.096117,1,155,0.0769034167007068
8258,20221018_110214.mat,96913,0.096913,1,160,0.506427919692217
8259,20221018_110214.mat,124176,0.124176,1,155,0.727630312599596
8260,20221018_110214.mat,124375,0.124375,1,165,0.516955380047466
8261,20221018_110214.mat,124574,0.124574,1,160,0.0681866915469008
8262,20221018_110214.mat,124773,0.124773,1,170,0.514955153833365
8263,20221018_110214.mat,124972,0.124972,1,165,0.338193377502468
8264,20221018_110214.mat,125171,0.125171,1,180,0.0690386520747089
8265,20221018_110214.mat,131141,0.131141,1,160,0.218422698213169
8266,20221018_110214.mat,131340,0.13134,1,160,0.121887258286381
8267,20221018_110214.mat,144872,0.144872,1,160,0.267962742869009
8268,20221018_110214.mat,145071,0.145071,1,160,1.19271582741689
8269,20221018_110214.mat,145270,0.14527,1,160,0.183523770701072
8270,20221018_110214.mat,145469,0.145469,1,160,0.101840620773721
8271,20221018_110214.mat,150444,0.150444,1,160,0.284827124289582
8272,20221018_110214.mat,150643,0.150643,1,155,0.0702425258005889
8273,20221018_110214.mat,165170,0.16517,1,320,0.0436364774276208
8274,20221018_110214.mat,165369,0.165369,1,160,0.592149597804967
8275,20221018_110214.mat,165568,0.165568,1,160,0.106295675475993
8276,20221018_110214.mat,205169,0.205169,1,160,0.0583172192475693
8277,20221018_110214.mat,205368,0.205368,1,160,0.129231927792899
8278,20221018_110214.mat,209149,0.209149,1,160,0.15942319119872
8279,20221018_110214.mat,209348,0.209348,1,165,0.0705747775571112
8280,20221018_110214.mat,211537,0.211537,1,165,0.563925944083789
8281,20221018_110214.mat,211736,0.211736,1,155,0.385117329672121
8282,20221018_110214.mat,211935,0.211935,1,160,0.083914606176449
8283,20221018_110214.mat,253327,0.253327,1,160,0.519328806029828
8284,20221018_110214.mat,253526,0.253526,1,155,0.0738535154013697
8285,20221018_110214.mat,288152,0.288152,1,160,0.0414089200723841
8286,20221018_110214.mat,297107,0.297107,1,165,0.0861281312922119
8287,20221018_110214.mat,305863,0.305863,1,165,0.475469771581434
8288,20221018_110214.mat,306062,0.306062,1,160,0.0940356286462117
8289,20221018_110214.mat,306261,0.306261,1,160,0.111281264331117
8290,20221018_110214.mat,308052,0.308052,1,160,0.094448367813759
8291,20221018_110214.mat,309246,0.309246,1,160,0.153680353765872
8292,20221018_110214.mat,312231,0.312231,1,160,0.147533235781414
8293,20221018_110214.mat,318997,0.318997,1,160,0.252710789686023
8294,20221018_110214.mat,333126,0.333126,1,160,0.39949029679964
8295,20221018_110214.mat,333325,0.333325,1,160,0.32575251580403
8296,20221018_110214.mat,337305,0.337305,1,160,0.345248231389533
8297,20221018_110214.mat,348847,0.348847,1,225,0.0378997593494948
8298,20221018_110214.mat,349046,0.349046,1,180,0.181535953267007
8299,20221018_110214.mat,357802,0.357802,1,175,0.0440552293364794
8300,20221018_110214.mat,369742,0.369742,1,165,9.15789604481337
8301,20221018_110214.mat,369941,0.369941,1,160,1.60713154008896
8302,20221018_110214.mat,370140,0.37014,1,160,0.82775844266809
8303,20221018_110214.mat,370339,0.370339,1,160,0.155759016745807
8304,20221018_110214.mat,371533,0.371533,1,175,0.436267378481331
8305,20221018_110214.mat,371732,0.371732,1,165,0.829311330615603
8306,20221018_110214.mat,371931,0.371931,1,175,0.100510170995124
8307,20221018_110214.mat,372130,0.37213,1,160,0.107365160714345
8308,20221018_110214.mat,411532,0.411532,1,245,0.512662423825596
8309,20221018_110214.mat,411731,0.411731,1,170,13.4061271494835
8310,20221018_110214.mat,411930,0.41193,1,165,1.59844083179985
8311,20221018_110214.mat,412129,0.412129,1,160,0.600046723996464
8312,20221018_110214.mat,412328,0.412328,1,160,0.247953120298094
8313,20221018_110214.mat,415910,0.41591,1,230,0.197888996248619
8314,20221018_110214.mat,416109,0.416109,1,160,0.177046279052216
8315,20221018_110214.mat,417701,0.417701,1,170,0.0840601035306376
8316,20221018_110214.mat,430039,0.430039,1,175,0.0549244625404524
8317,20221018_110214.mat,431830,0.43183,1,160,2.16995618962898
8318,20221018_110214.mat,432029,0.432029,1,155,0.242310224490687
8319,20221018_110214.mat,432228,0.432228,1,160,0.16196100064377
8320,20221018_110214.mat,443770,0.44377,1,165,0.53019858577434
8321,20221018_110214.mat,443969,0.443969,1,160,0.0971749616288338
8322,20221018_110214.mat,444168,0.444168,1,160,0.100351651873257
8323,20221018_110214.mat,444964,0.444964,1,170,0.249279848817072
8324,20221018_110214.mat,445163,0.445163,1,160,0.0762760620795209
8325,20221018_110214.mat,465660,0.46566,1,185,0.0982971370590895
8326,20221018_110214.mat,465859,0.465859,1,160,0.380245477192074
8327,20221018_110214.mat,466058,0.466058,1,160,0.107783905414286
8328,20221018_110214.mat,470635,0.470635,1,160,0.0515198192441815
8329,20221018_110214.mat,472625,0.472625,1,160,0.177415550512958
8330,20221018_110214.mat,473421,0.473421,1,280,0.144081207512587
8331,20221018_110214.mat,473620,0.47362,1,160,0.338129930539361
8332,20221018_110214.mat,473819,0.473819,1,160,0.566534734887109
8333,20221018_110214.mat,476008,0.476008,1,160,0.300405458364066
8334,20221018_110214.mat,476207,0.476207,1,160,0.133935386005289
8335,20221018_110214.mat,497898,0.497898,1,170,0.034579693741171
8336,20221018_110214.mat,547847,0.547847,1,200,0.0286826425006797
8337,20221018_110214.mat,553618,0.553618,1,160,0.0693056460017809
8338,20221018_110214.mat,553817,0.553817,1,230,0.0432122062659941
8339,20221018_110214.mat,566752,0.566752,1,250,0.0863360453290517
8340,20221018_110214.mat,566951,0.566951,1,160,0.943314513462764
8341,20221018_110214.mat,567150,0.56715,1,160,0.0923713708272012
8342,20221018_110214.mat,588045,0.588045,1,160,0.0871076292940509
8343,20221018_110214.mat,590433,0.590433,1,185,0.0621870177508521
8344,20221018_110214.mat,593418,0.593418,1,160,0.0849714311229412
8345,20221018_110214.mat,594015,0.594015,1,160,0.441345353592864
8346,20221018_110214.mat,594214,0.594214,1,170,0.650623689236843
8347,20221018_110214.mat,594413,0.594413,1,160,0.197635667091479
8348,20221018_110214.mat,594612,0.594612,1,160,0.102709323739359
8349,20221018_110214.mat,604363,0.604363,1,170,1.15092942120344
8350,20221018_110214.mat,604562,0.604562,1,160,6.84565619480426
8351,20221018_110214.mat,604761,0.604761,1,160,1.59898680223849
8352,20221018_110214.mat,604960,0.60496,1,160,0.549026982140472
8353,20221018_110214.mat,605159,0.605159,1,160,0.0559806584410891
8354,20221018_110214.mat,606154,0.606154,1,170,0.430181094172486
8355,20221018_110214.mat,606353,0.606353,1,170,0.0814576392641802
8356,20221018_110214.mat,620482,0.620482,1,200,0.0355430471887321
8357,20221018_110214.mat,620681,0.620681,1,160,0.0945987702502251
8358,20221018_110214.mat,623268,0.623268,1,160,0.0644283894352656
8359,20221018_110214.mat,625457,0.625457,1,160,1.54323250517344
8360,20221018_110214.mat,625656,0.625656,1,160,0.362279863450097
8361,20221018_110214.mat,625855,0.625855,1,160,0.183597309865884
8362,20221018_110214.mat,627447,0.627447,1,230,0.186856010880977
8363,20221018_110214.mat,646352,0.646352,1,160,1.73950931000006
8364,20221018_110214.mat,646551,0.646551,1,165,0.798902912348759
8365,20221018_110214.mat,646750,0.64675,1,160,0.289430718197611
8366,20221018_110214.mat,662670,0.66267,1,185,0.0513742811275263
8367,20221018_110214.mat,662869,0.662869,1,160,0.0955422262097414
8368,20221018_110214.mat,674809,0.674809,1,165,0.455611266333112
8369,20221018_110214.mat,675008,0.675008,1,160,0.0702789719164133
8370,20221018_110214.mat,683764,0.683764,1,155,0.554385405007957
8371,20221018_110214.mat,683963,0.683963,1,175,0.301047826680997
8372,20221018_110214.mat,684162,0.684162,1,160,0.138425737404713
8373,20221018_110214.mat,691127,0.691127,1,160,0.230847077189071
8374,20221018_110214.mat,691326,0.691326,1,170,0.085505356925375
8375,20221018_110214.mat,700082,0.700082,1,160,0.244752724583465
8376,20221018_110214.mat,700281,0.700281,1,180,0.0574183613980455
8377,20221018_110214.mat,701276,0.701276,1,165,0.116533144610922
8378,20221018_110214.mat,707246,0.707246,1,165,1.04683200735555
8379,20221018_110214.mat,707445,0.707445,1,165,2.51309851658727
8380,20221018_110214.mat,707644,0.707644,1,165,0.158130293505955
8381,20221018_110214.mat,707843,0.707843,1,160,0.18007179349206
8382,20221018_110214.mat,711624,0.711624,1,160,0.0543170861836186
8383,20221018_110214.mat,714609,0.714609,1,160,2.7986487760202
8384,20221018_110214.mat,714808,0.714808,1,160,0.775917287724298
8385,20221018_110214.mat,715007,0.715007,1,160,0.138164469824335
8386,20221018_110214.mat,721773,0.721773,1,160,0.129509524534356
8387,20221018_110214.mat,721972,0.721972,1,160,0.102141842961463
8388,20221018_110214.mat,732320,0.73232,1,160,0.0591198457450907
8389,20221018_110214.mat,746847,0.746847,1,165,0.306865046595299
8390,20221018_110214.mat,751822,0.751822,1,235,0.183517931070527
8391,20221018_110214.mat,752021,0.752021,1,160,0.131125623866234
8392,20221018_110214.mat,757394,0.757394,1,160,1.34115028868383
8393,20221018_110214.mat,757593,0.757593,1,160,0.283914262837777
8394,20221018_110214.mat,757792,0.757792,1,160,0.092917440836777
8395,20221018_110214.mat,759583,0.759583,1,165,0.826540444929408
8396,20221018_110214.mat,759782,0.759782,1,160,0.836308353124938
8397,20221018_110214.mat,759981,0.759981,1,160,0.122595865413076
8398,20221018_110214.mat,761772,0.761772,1,225,0.0747503695424084
8399,20221018_110214.mat,764558,0.764558,1,165,4.6775215180382
8400,20221018_110214.mat,764757,0.764757,1,160,8.4962987545197
8401,20221018_110214.mat,764956,0.764956,1,175,1.02238819958576
8402,20221018_110214.mat,765155,0.765155,1,160,0.345527340573009
8403,20221018_110214.mat,776299,0.776299,1,160,0.136560956832169
8404,20221018_110214.mat,776498,0.776498,1,160,0.0779699586971439
8405,20221018_110214.mat,783463,0.783463,1,165,0.203724299730724
8406,20221018_110214.mat,785055,0.785055,1,180,0.0524121406128937
8407,20221018_110214.mat,807144,0.807144,1,165,0.0946582236703787
8408,20221018_110214.mat,807343,0.807343,1,155,0.0621947036944465
8409,20221018_110214.mat,814706,0.814706,1,155,3.35808410692454
8410,20221018_110214.mat,814905,0.814905,1,165,1.30585531215354
8411,20221018_110214.mat,815104,0.815104,1,160,0.426091316232645
8412,20221018_110214.mat,815303,0.815303,1,160,0.160009402266526
8413,20221018_110214.mat,822069,0.822069,1,165,0.120637543055871
8414,20221018_110214.mat,837392,0.837392,1,160,0.0393567488834897
8415,20221018_110214.mat,845551,0.845551,1,165,0.0706517103111027
8416,20221018_110214.mat,847541,0.847541,1,160,0.151162962632713
8417,20221018_110214.mat,848735,0.848735,1,225,0.31076214611151
8418,20221018_110214.mat,848934,0.848934,1,165,0.165082348776076
8419,20221018_110214.mat,851720,0.85172,1,230,0.10715549262185
8420,20221018_110214.mat,854705,0.854705,1,160,0.333337164575299
8421,20221018_110214.mat,854904,0.854904,1,160,0.0700141569320077
8422,20221018_110214.mat,859481,0.859481,1,165,0.301789650728733
8423,20221018_110214.mat,859680,0.85968,1,160,0.0787635347114877
8424,20221018_110214.mat,873212,0.873212,1,165,0.0720229942286668
8425,20221018_110214.mat,880177,0.880177,1,165,0.11008564310639
8426,20221018_110214.mat,880376,0.880376,1,175,0.0878854057271522
8427,20221018_110214.mat,899082,0.899082,1,180,0.0692867835446732
8428,20221018_110214.mat,909430,0.90943,1,165,0.481920468819348
8429,20221018_110214.mat,909629,0.909629,1,160,0.173046490540588
8430,20221018_110214.mat,914405,0.914405,1,165,0.0578223092570092
8431,20221018_110214.mat,925350,0.92535,1,225,0.0631672533935498
8432,20221018_110214.mat,927340,0.92734,1,160,0.0450865685137013
8433,20221018_110214.mat,956792,0.956792,1,180,0.132031863271082
8434,20221018_110214.mat,956991,0.956991,1,160,0.69495262773903
8435,20221018_110214.mat,957190,0.95719,1,160,0.142848555508242
8436,20221018_110214.mat,957389,0.957389,1,160,0.087691310877881
8437,20221018_110214.mat,964752,0.964752,1,165,0.11150895003853
8438,20221018_110214.mat,970523,0.970523,1,160,0.817004979165683
8439,20221018_110214.mat,970722,0.970722,1,160,0.0650774910241823
8440,20221018_110214.mat,971319,0.971319,1,175,0.048492668627209
8441,20221018_110214.mat,971518,0.971518,1,160,0.115905189280622
8442,20221018_110214.mat,975697,0.975697,1,165,0.0483050254210386
8443,20221018_110214.mat,975896,0.975896,1,160,0.157121077301522
8444,20221018_110214.mat,979876,0.979876,1,175,0.0515486250239571
8445,20221018_110214.mat,980075,0.980075,1,160,0.0561408113312887
8446,20221018_110214.mat,993607,0.993607,1,210,0.0456264550129986
8447,20221018_110214.mat,993806,0.993806,1,280,0.114112454266806
8448,20221018_110214.mat,1001965,1.001965,1,155,0.0598903691509089
8449,20221018_110214.mat,1015099,1.015099,1,185,0.0504063035826781
8450,20221018_110214.mat,1015298,1.015298,1,160,0.103389271089186
8451,20221018_110214.mat,1016094,1.016094,1,160,2.18735570355771
8452,20221018_110214.mat,1016293,1.016293,1,175,0.301867863827824
8453,20221018_110214.mat,1016492,1.016492,1,160,0.165665546389822
8454,20221018_110214.mat,1066043,1.066043,1,150,0.0928697695472421
8455,20221018_110214.mat,1066242,1.066242,1,160,0.318968465061861
8456,20221018_110214.mat,1097883,1.097883,1,165,0.0685070761687859
8457,20221018_110214.mat,1098082,1.098082,1,160,2.57308404495341
8458,20221018_110214.mat,1098281,1.098281,1,175,0.64661140148384
8459,20221018_110214.mat,1098480,1.09848,1,160,0.331656648510875
8460,20221018_110214.mat,1100072,1.100072,1,160,0.501478396102218
8461,20221018_110214.mat,1100271,1.100271,1,165,0.35014835971849
8462,20221018_110214.mat,1100470,1.10047,1,160,0.123419334511877
8463,20221018_110214.mat,1103455,1.103455,1,160,0.138205115866116
8464,20221018_110214.mat,1103654,1.103654,1,175,0.100807860766013
8465,20221018_110214.mat,1112410,1.11241,1,160,1.14765095626339
8466,20221018_110214.mat,1112609,1.112609,1,160,0.5111712498911
8467,20221018_110214.mat,1112808,1.112808,1,160,0.157442342435272
8468,20221018_110214.mat,1133504,1.133504,1,210,0.0479000312137626
8469,20221018_110214.mat,1133703,1.133703,1,175,0.0803408460276015
8470,20221018_110214.mat,1153205,1.153205,1,160,1.83828185924491
8471,20221018_110214.mat,1153404,1.153404,1,160,0.456857221889039
8472,20221018_110214.mat,1153603,1.153603,1,160,0.255751080029522
8473,20221018_110214.mat,1158379,1.158379,1,160,0.072923722125978
8474,20221018_110214.mat,1159573,1.159573,1,165,0.309391168524738
8475,20221018_110214.mat,1159772,1.159772,1,160,0.751805829018008
8476,20221018_110214.mat,1159971,1.159971,1,160,0.0928069860903315
8477,20221018_110214.mat,1162956,1.162956,1,235,0.0821317918616056
8478,20221018_110214.mat,1163155,1.163155,1,155,0.0860226851067211
8479,20221018_110214.mat,1173503,1.173503,1,160,0.398747946989345
8480,20221018_110214.mat,1173702,1.173702,1,160,0.171459797293392
8481,20221018_110214.mat,1175095,1.175095,1,170,0.0608434905471508
8482,20221018_110214.mat,1177085,1.177085,1,160,0.064857282382948
8483,20221018_110214.mat,1180866,1.180866,1,160,0.661510244561906
8484,20221018_110214.mat,1181065,1.181065,1,160,0.41176309595353
8485,20221018_110214.mat,1201761,1.201761,1,155,0.047822216437677
8486,20221018_110214.mat,1216686,1.216686,1,165,0.179868934925193
8487,20221018_110214.mat,1216885,1.216885,1,160,0.350366591272493
8488,20221018_110214.mat,1218278,1.218278,1,180,0.304738657041437
8489,20221018_110214.mat,1218477,1.218477,1,145,0.0756983521508012
8490,20221018_110214.mat,1236785,1.236785,1,160,0.0898190121882797
8491,20221018_110214.mat,1248725,1.248725,1,175,0.0784895935235884
8492,20221018_110214.mat,1254894,1.254894,1,160,0.0841195602038215
8493,20221018_110214.mat,1268824,1.268824,1,160,0.0909154888540373
8494,20221018_110214.mat,1272804,1.272804,1,160,0.0736239097003926
8495,20221018_110214.mat,1273202,1.273202,1,160,1.52557047037361
8496,20221018_110214.mat,1273401,1.273401,1,165,0.0865321163684375
8497,20221018_110214.mat,1301659,1.301659,1,160,0.373673947236044
8498,20221018_110214.mat,1306435,1.306435,1,165,0.0616068553095476
8499,20221018_110214.mat,1307629,1.307629,1,230,0.141040404801699
8500,20221018_110214.mat,1311211,1.311211,1,160,0.0787594313167086
8501,20221018_110214.mat,1318375,1.318375,1,165,0.0868397606888937
8502,20221018_110214.mat,1323350,1.32335,1,275,0.0616062653511299
8503,20221018_110214.mat,1323549,1.323549,1,165,0.0904457940022717
8504,20221018_110214.mat,1327529,1.327529,1,160,0.437639447780367
8505,20221018_110214.mat,1327728,1.327728,1,160,0.329080349401166
8506,20221018_110214.mat,1330713,1.330713,1,160,0.0685218539604354
8507,20221018_110214.mat,1332106,1.332106,1,160,0.0989984232932235
8508,20221018_110214.mat,1332305,1.332305,1,160,0.0783997090745162
8509,20221018_110214.mat,1345240,1.34524,1,170,0.0942037371887361
8510,20221018_110214.mat,1349021,1.349021,1,160,0.702922621452061
8511,20221018_110214.mat,1349220,1.34922,1,160,0.615379587063782
8512,20221018_110214.mat,1349419,1.349419,1,160,0.160549015068881
8513,20221018_110214.mat,1355588,1.355588,1,235,0.0434228494533661
8514,20221018_110214.mat,1355787,1.355787,1,160,0.23491393767784
8515,20221018_110214.mat,1357777,1.357777,1,160,0.162436182887295
8516,20221018_110214.mat,1367329,1.367329,1,165,0.439459246490676
8517,20221018_110214.mat,1381657,1.381657,1,165,0.499397221311035
8518,20221018_110214.mat,1381856,1.381856,1,160,0.679033605551031
8519,20221018_110214.mat,1382055,1.382055,1,160,0.173948810932965
8520,20221018_110214.mat,1382254,1.382254,1,160,0.108397703148033
8521,20221018_110214.mat,1391607,1.391607,1,225,0.566945671787389
8522,20221018_110214.mat,1391806,1.391806,1,170,0.789106242252284
8523,20221018_110214.mat,1392005,1.392005,1,160,0.158523738389366
8524,20221018_110214.mat,1392204,1.392204,1,160,0.146865942332811
8525,20221018_110214.mat,1401557,1.401557,1,175,0.102389676178162
8526,20221018_110214.mat,1401756,1.401756,1,160,0.131567218705083
8527,20221018_110214.mat,1402154,1.402154,1,160,0.0852658037896879
8528,20221018_110214.mat,1409517,1.409517,1,180,0.12255219807042
8529,20221018_110214.mat,1423646,1.423646,1,225,0.0837538959832542
8530,20221018_110214.mat,1423845,1.423845,1,155,0.420524483505833
8531,20221018_110214.mat,1424044,1.424044,1,160,0.115989060178957
8532,20221018_110214.mat,1426034,1.426034,1,160,0.653634921297053
8533,20221018_110214.mat,1426233,1.426233,1,165,0.275357890993515
8534,20221018_110214.mat,1445735,1.445735,1,160,0.679459448539491
8535,20221018_110214.mat,1445934,1.445934,1,155,0.528913549184166
8536,20221018_110214.mat,1446133,1.446133,1,160,0.0740559560660491
8537,20221018_110214.mat,1470411,1.470411,1,160,0.184952998233741
8538,20221018_110214.mat,1494689,1.494689,1,160,0.117773600393319
8539,20221018_110214.mat,1496679,1.496679,1,160,0.81816257334262
8540,20221018_110214.mat,1496878,1.496878,1,160,0.196933992183316
8541,20221018_110214.mat,1497077,1.497077,1,160,0.124995482561023
8542,20221018_110214.mat,1497475,1.497475,1,160,1.85908545115579
8543,20221018_110214.mat,1497674,1.497674,1,160,0.985491203926767
8544,20221018_110214.mat,1497873,1.497873,1,160,0.114774252678215
8545,20221018_110214.mat,1498470,1.49847,1,225,0.570433602551571
8546,20221018_110214.mat,1498669,1.498669,1,165,0.477572291568588
8547,20221018_110214.mat,1498868,1.498868,1,160,0.104182025211492
8548,20221018_110214.mat,1506032,1.506032,1,165,0.115000741852788
8549,20221018_110214.mat,1512002,1.512002,1,175,0.0530334340523299
8550,20221018_110214.mat,1520957,1.520957,1,160,0.0944192300304865
8551,20221018_110214.mat,1534091,1.534091,1,175,0.243244288830908
8552,20221018_110214.mat,1552399,1.552399,1,155,0.278986541394863
8553,20221018_110214.mat,1552598,1.552598,1,165,0.0826914449537554
8554,20221018_110214.mat,1554787,1.554787,1,230,0.481463368690564
8555,20221018_110214.mat,1554986,1.554986,1,175,0.0450794574741352
8556,20221018_110214.mat,1572896,1.572896,1,175,0.140526820374446
8557,20221018_110214.mat,1573095,1.573095,1,155,0.0631190808534316
8558,20221018_110214.mat,1573294,1.573294,1,155,0.17651728722073
8559,20221018_110214.mat,1581652,1.581652,1,175,0.103299793814884
8560,20221018_110214.mat,1582050,1.58205,1,165,0.211250166863686
8561,20221018_110214.mat,1582249,1.582249,1,165,0.0721700385632758
8562,20221018_110214.mat,1594985,1.594985,1,215,0.132439494763841
8563,20221018_110214.mat,1595184,1.595184,1,160,0.443214625441912
8564,20221018_110214.mat,1609114,1.609114,1,160,0.0741019209694599
8565,20221018_110214.mat,1611900,1.6119,1,155,0.335860515951927
8566,20221018_110214.mat,1612099,1.612099,1,160,1.82521029755416
8567,20221018_110214.mat,1612298,1.612298,1,160,0.3788077044698
8568,20221018_110214.mat,1612497,1.612497,1,160,0.123896703285213
8569,20221018_110214.mat,1616278,1.616278,1,210,0.141429696075908
8570,20221018_110214.mat,1616477,1.616477,1,225,1.10447652448429
8571,20221018_110214.mat,1616676,1.616676,1,175,0.370426040441275
8572,20221018_110214.mat,1616875,1.616875,1,160,0.170087521505335
8573,20221018_110214.mat,1636974,1.636974,1,165,0.123140257962846
8574,20221018_110214.mat,1641551,1.641551,1,170,0.598802088002474
8575,20221018_110214.mat,1641750,1.64175,1,160,1.02431122347488
8576,20221018_110214.mat,1641949,1.641949,1,160,0.273987042199716
8577,20221018_110214.mat,1642148,1.642148,1,160,0.0952848654605336
8578,20221018_110214.mat,1663242,1.663242,1,165,0.0446033800920627
8579,20221018_110214.mat,1666028,1.666028,1,160,0.0684751815269738
8580,20221018_110214.mat,1681550,1.68155,1,165,0.125503139564243
8581,20221018_110214.mat,1681749,1.681749,1,160,0.123356136039762
8582,20221018_110214.mat,1692097,1.692097,1,155,0.51346310782602
8583,20221018_110214.mat,1692296,1.692296,1,160,0.307756249267586
8584,20221018_110214.mat,1697868,1.697868,1,155,0.0778372654622849
8585,20221018_110214.mat,1703241,1.703241,1,155,1.61868114937389
8586,20221018_110214.mat,1703440,1.70344,1,165,0.734040114997901
8587,20221018_110214.mat,1703639,1.703639,1,160,0.173756906927375
8588,20221018_110214.mat,1703838,1.703838,1,160,0.0763829734898985
8589,20221018_110214.mat,1707022,1.707022,1,160,0.0820307815119969
8590,20221018_110214.mat,1727519,1.727519,1,190,0.0556203028357919
8591,20221018_110214.mat,1727718,1.727718,1,160,0.178877180191356
8592,20221018_110214.mat,1730902,1.730902,1,155,0.0892468450818865
8593,20221018_110214.mat,1737867,1.737867,1,175,0.0728850263980037
8594,20221018_110214.mat,1739061,1.739061,1,180,0.0497260553644376
8595,20221018_110214.mat,1741648,1.741648,1,165,0.148456027250076
8596,20221018_110214.mat,1744235,1.744235,1,160,0.698574557674361
8597,20221018_110214.mat,1744434,1.744434,1,165,0.677402385287838
8598,20221018_110214.mat,1744633,1.744633,1,160,0.199330465293961
8599,20221018_110214.mat,1744832,1.744832,1,160,0.101915439556098
8600,20221018_110214.mat,1754384,1.754384,1,160,0.186184012303387
8601,20221018_110214.mat,1782841,1.782841,1,225,0.0890800534174944
8602,20221018_110214.mat,1783040,1.78304,1,160,0.0859945025153641
8603,20221018_110214.mat,1791796,1.791796,1,160,0.285013545663077
8604,20221018_110214.mat,1794383,1.794383,1,160,0.100822570269849
8605,20221018_110214.mat,1795179,1.795179,1,165,0.0392170334263974
8606,20221018_110214.mat,1795378,1.795378,1,160,0.125649667046715
8607,20221018_110214.mat,1802940,1.80294,1,170,0.0980764128820547
8608,20221018_110214.mat,1803736,1.803736,1,160,0.240768363271937
8609,20221018_110214.mat,1803935,1.803935,1,170,0.210704178715177
8610,20221018_110214.mat,1804333,1.804333,1,225,0.0526041949273912
8611,20221018_110214.mat,1804532,1.804532,1,280,0.0491126356513017
8612,20221018_110214.mat,1821845,1.821845,1,160,2.21855384640801
8613,20221018_110214.mat,1822044,1.822044,1,165,1.31183186719085
8614,20221018_110214.mat,1822243,1.822243,1,160,0.7404598540457
8615,20221018_110214.mat,1822442,1.822442,1,160,0.177125914995068
8616,20221018_110214.mat,1829407,1.829407,1,160,0.172351315672206
8617,20221018_110214.mat,1831994,1.831994,1,340,0.050087627997605
8618,20221018_110214.mat,1835974,1.835974,1,190,0.0464991231524142
8619,20221018_110214.mat,1836173,1.836173,1,225,0.135785555233753
8620,20221018_110214.mat,1836770,1.83677,1,160,0.0912841941894972
8621,20221018_110214.mat,1838760,1.83876,1,155,0.151622808029297
8622,20221018_110214.mat,1838959,1.838959,1,160,0.079891267131688
8623,20221018_110214.mat,1861048,1.861048,1,175,0.126717851053461
8624,20221018_110214.mat,1872988,1.872988,1,160,0.197982190652502
8625,20221018_110214.mat,1887515,1.887515,1,160,0.164616968449329
8626,20221018_110214.mat,1887714,1.887714,1,160,0.0749606874951976
8627,20221018_110214.mat,1892888,1.892888,1,160,1.12578716749207
8628,20221018_110214.mat,1893087,1.893087,1,170,0.724281713122497
8629,20221018_110214.mat,1893286,1.893286,1,160,0.354475523802807
8630,20221018_110214.mat,1893485,1.893485,1,160,0.0878922300053395
8631,20221018_110214.mat,1904629,1.904629,1,165,0.0735936646400951
8632,20221018_110214.mat,1907216,1.907216,1,160,0.0692595095162231
8633,20221018_110214.mat,1926519,1.926519,1,175,0.122782691227827
8634,20221018_110214.mat,1929504,1.929504,1,165,0.628915765893378
8635,20221018_110214.mat,1929703,1.929703,1,160,0.211020774616251
8636,20221018_110214.mat,1941046,1.941046,1,230,0.0741277495493743
8637,20221018_110214.mat,1953981,1.953981,1,160,0.0928857581801968
8638,20221018_110214.mat,2004328,2.004328,1,160,0.702232641538878
8639,20221018_110214.mat,2004527,2.004527,1,165,0.436018043835239
8640,20221018_110214.mat,2004726,2.004726,1,160,0.220848931804974
8641,20221018_110214.mat,2030198,2.030198,1,160,0.258535543662924
8642,20221018_110214.mat,2030397,2.030397,1,165,0.175707350461826
8643,20221018_110214.mat,2034775,2.034775,1,155,0.35565059069919
8644,20221018_110214.mat,2034974,2.034974,1,165,0.151951376176799
8645,20221018_110214.mat,2042138,2.042138,1,230,1.7091473077288
8646,20221018_110214.mat,2042337,2.042337,1,170,0.4045317801731
8647,20221018_110214.mat,2042536,2.042536,1,160,0.277607707626397
8648,20221018_110214.mat,2050695,2.050695,1,160,0.142248944747216
8649,20221018_110214.mat,2052685,2.052685,1,160,0.190664799510478
8650,20221018_110214.mat,2052884,2.052884,1,160,0.0950827865207176
8651,20221018_110214.mat,2054874,2.054874,1,155,0.780414773639567
8652,20221018_110214.mat,2055073,2.055073,1,165,0.383936079765461
8653,20221018_110214.mat,2055272,2.055272,1,160,0.137289625421619
8654,20221018_110214.mat,2057660,2.05766,1,175,0.0546095587750912
8655,20221018_110214.mat,2058854,2.058854,1,230,0.0688605115206135
8656,20221018_110214.mat,2073580,2.07358,1,245,0.15099682330183
8657,20221018_110214.mat,2073779,2.073779,1,165,2.20136413376822
8658,20221018_110214.mat,2073978,2.073978,1,165,0.299560340763108
8659,20221018_110214.mat,2074177,2.074177,1,160,0.350347654133648
8660,20221018_110214.mat,2074376,2.074376,1,160,0.107934321887902
8661,20221018_110214.mat,2085520,2.08552,1,160,0.0743682421934128
8662,20221018_110214.mat,2085719,2.085719,1,160,0.1761557458728
8663,20221018_110214.mat,2088306,2.088306,1,230,1.94581845226657
8664,20221018_110214.mat,2088505,2.088505,1,160,0.75410109942094
8665,20221018_110214.mat,2088704,2.088704,1,160,0.201130180391824
8666,20221018_110214.mat,2104823,2.104823,1,160,0.098079317537169
8667,20221018_110214.mat,2108007,2.108007,1,160,0.095571236988451
8668,20221018_110214.mat,2112186,2.112186,1,165,0.0940708123625205
8669,20221018_110214.mat,2120942,2.120942,1,165,0.899650239326147
8670,20221018_110214.mat,2121141,2.121141,1,160,0.117255844951148
8671,20221018_110214.mat,2121340,2.12134,1,160,0.159917484813969
8672,20221018_110214.mat,2138056,2.138056,1,160,0.21862232577283
8673,20221018_110214.mat,2171886,2.171886,1,165,0.0802542113680535
8674,20221018_110214.mat,2191985,2.191985,1,160,0.291442316579555
8675,20221018_110214.mat,2207507,2.207507,1,160,0.146398291139826
8676,20221018_110214.mat,2253874,2.253874,1,160,0.103613664535744
8677,20221018_110214.mat,2286908,2.286908,1,160,0.220181233330243
8678,20221018_110214.mat,2287107,2.287107,1,160,0.143554339416673
8679,20221018_110214.mat,2298848,2.298848,1,170,0.243166263119962
8680,20221018_110214.mat,2299047,2.299047,1,160,0.0788139937921639
8681,20221018_110214.mat,2300042,2.300042,1,160,0.233336190431205
8682,20221018_110214.mat,2328897,2.328897,1,160,0.92311850982932
8683,20221018_110214.mat,2329096,2.329096,1,160,0.247148891686846
8684,20221018_110214.mat,2339245,2.339245,1,215,0.0948704679859468
8685,20221018_110214.mat,2339444,2.339444,1,160,0.453779065597594
8686,20221018_110214.mat,2344817,2.344817,1,175,0.109651510318472
8687,20221018_110214.mat,2360538,2.360538,1,160,1.17320497098336
8688,20221018_110214.mat,2360737,2.360737,1,160,0.487329002597543
8689,20221018_110214.mat,2360936,2.360936,1,160,0.160277438011788
8690,20221018_110214.mat,2368100,2.3681,1,160,0.0962318628158727
8691,20221018_110214.mat,2391582,2.391582,1,170,0.221506872199231
8692,20221018_110214.mat,2391781,2.391781,1,160,0.0951808479787144
8693,20221018_110214.mat,2400139,2.400139,1,160,0.0637468841407454
8694,20221018_110214.mat,2401731,2.401731,1,160,0.0742774368196975
8695,20221018_110214.mat,2408298,2.408298,1,165,0.619356707590596
8696,20221018_110214.mat,2408497,2.408497,1,160,1.76216430461807
8697,20221018_110214.mat,2408696,2.408696,1,160,0.112983352900175
8698,20221018_110214.mat,2408895,2.408895,1,160,0.096039911144943
8699,20221018_110214.mat,2414666,2.414666,1,170,0.0701531557000776
8700,20221018_110214.mat,2425611,2.425611,1,180,0.0349088061566446
8701,20221018_110214.mat,2425810,2.42581,1,225,0.0539864106833086
8702,20221018_110214.mat,2441730,2.44173,1,165,0.0737269641817868
8703,20221018_110214.mat,2449889,2.449889,1,175,0.123003956032992
8704,20221018_110214.mat,2453272,2.453272,1,170,0.0950689872120922
8705,20221018_110214.mat,2453471,2.453471,1,155,0.0613316616974663
8706,20221018_110214.mat,2476754,2.476754,1,180,0.110227308128581
8707,20221018_110214.mat,2487301,2.487301,1,160,0.0767244370948101
8708,20221018_110214.mat,2493669,2.493669,1,225,0.0674021699637127
8709,20221018_110214.mat,2509788,2.509788,1,160,0.0654353709430066
8710,20221018_110214.mat,2510584,2.510584,1,160,0.118960263369769
8711,20221018_110214.mat,2510783,2.510783,1,160,0.151936583526359
8712,20221018_110214.mat,2531280,2.53128,1,160,0.136381944679778
8713,20221018_110214.mat,2535857,2.535857,1,165,0.608183546471451
8714,20221018_110214.mat,2536056,2.536056,1,165,0.405047946700131
8715,20221018_110214.mat,2536255,2.536255,1,160,0.105757328584548
8716,20221018_110214.mat,2540235,2.540235,1,165,0.12597642229996
8717,20221018_110214.mat,2559339,2.559339,1,165,0.0430629019964889
8718,20221018_110214.mat,2559538,2.559538,1,160,0.0897162318550096
8719,20221018_110214.mat,2563120,2.56312,1,160,0.0820500208192568
8720,20221018_110214.mat,2591975,2.591975,1,160,0.685115751424459
8721,20221018_110214.mat,2592174,2.592174,1,160,0.161236886096963
8722,20221018_110214.mat,2613865,2.613865,1,185,0.134170832853706
8723,20221018_110214.mat,2614064,2.614064,1,165,0.104131244845177
8724,20221018_110214.mat,2624611,2.624611,1,160,0.0728927020378752
8725,20221018_110214.mat,2647894,2.647894,1,160,0.0779030548631248
8726,20221018_110214.mat,2652073,2.652073,1,165,1.34403593976994
8727,20221018_110214.mat,2652272,2.652272,1,160,0.471382541135187
8728,20221018_110214.mat,2652471,2.652471,1,160,0.18015303116135
8729,20221018_110214.mat,2674162,2.674162,1,160,0.0692286178645236
8730,20221018_110214.mat,2690480,2.69048,1,160,0.0627171769673155
8731,20221018_110214.mat,2701027,2.701027,1,165,0.0982138697536183
8732,20221018_110214.mat,2701226,2.701226,1,180,0.0732682766970345
8733,20221018_110214.mat,2713365,2.713365,1,230,0.0993313044744771
8734,20221018_110214.mat,2749185,2.749185,1,160,0.0916219413606392
8735,20221018_110214.mat,2758140,2.75814,1,155,0.0535583751567618
8736,20221018_110214.mat,2758339,2.758339,1,165,0.0860279338554217
8737,20221018_110214.mat,2777642,2.777642,1,240,0.261709714790826
8738,20221018_110214.mat,2777841,2.777841,1,160,0.710616187136142
8739,20221018_110214.mat,2778040,2.77804,1,160,0.335684319392189
8740,20221018_110214.mat,2778239,2.778239,1,160,0.152720627016414
8741,20221018_110214.mat,2782816,2.782816,1,160,0.0921697616203548
8742,20221018_110214.mat,2784408,2.784408,1,170,0.190476744971415
8743,20221018_110214.mat,2787393,2.787393,1,160,1.71458767295558
8744,20221018_110214.mat,2787592,2.787592,1,160,0.50257671896245
8745,20221018_110214.mat,2787791,2.787791,1,160,0.117410717014538
8746,20221018_110214.mat,2792368,2.792368,1,155,0.997281068458645
8747,20221018_110214.mat,2792567,2.792567,1,165,0.226973857980926
8748,20221018_110214.mat,2792766,2.792766,1,160,0.147006648387826
8749,20221018_110214.mat,2810676,2.810676,1,155,0.0685304225940032
8750,20221018_110214.mat,2810875,2.810875,1,160,0.118710139087813
8751,20221018_110214.mat,2812865,2.812865,1,160,0.6385199931559
8752,20221018_110214.mat,2813064,2.813064,1,170,0.27383356405521
8753,20221018_110214.mat,2813263,2.813263,1,160,0.125869549516243
8754,20221018_110214.mat,2826198,2.826198,1,170,0.0818933214782502
8755,20221018_110214.mat,2859232,2.859232,1,160,1.16845982942219
8756,20221018_110214.mat,2859431,2.859431,1,160,0.285716503659288
8757,20221018_110214.mat,2862416,2.862416,1,180,0.0667778780263923
8758,20221018_110214.mat,2862615,2.862615,1,175,0.207933317264491
8759,20221018_110214.mat,2872366,2.872366,1,175,0.294601879081337
8760,20221018_110214.mat,2872565,2.872565,1,160,0.70233533411919
8761,20221018_110214.mat,2878336,2.878336,1,225,0.0484914304767129
8762,20221018_110214.mat,2878535,2.878535,1,170,0.103230581145654
8763,20221018_110214.mat,2883510,2.88351,1,160,1.1169875122549
8764,20221018_110214.mat,2883709,2.883709,1,160,1.31916674731573
8765,20221018_110214.mat,2883908,2.883908,1,160,0.311928108004057
8766,20221018_110214.mat,2884107,2.884107,1,160,0.0919424956818131
8767,20221018_110214.mat,2886893,2.886893,1,180,0.0522601243091919
8768,20221018_110214.mat,2898037,2.898037,1,170,0.099688246674216
8769,20221018_110214.mat,2911569,2.911569,1,165,0.12572640610032
8770,20221018_110214.mat,2911768,2.911768,1,165,0.113972753695853
8771,20221018_110214.mat,2912365,2.912365,1,160,0.0762035450112488
8772,20221018_110214.mat,2913758,2.913758,1,160,0.100772366313242
8773,20221018_110214.mat,2913957,2.913957,1,165,0.262528522857281
8774,20221018_110214.mat,2915350,2.91535,1,170,0.0660151844327328
8775,20221018_110214.mat,2924106,2.924106,1,180,0.0836994218306795
8776,20221018_110214.mat,2928484,2.928484,1,170,0.0762181481629791
8777,20221018_110214.mat,2928683,2.928683,1,160,0.121453778703768
8778,20221018_110214.mat,2941021,2.941021,1,155,0.0595106431922724
8779,20221018_110214.mat,2941220,2.94122,1,160,0.137473629845147
8780,20221018_110214.mat,2949578,2.949578,1,165,0.144495620065714
8781,20221018_110214.mat,2949777,2.949777,1,160,0.157602075271747
8782,20221018_110214.mat,2954553,2.954553,1,165,0.0756456373614003
8783,20221018_110214.mat,2963707,2.963707,1,160,0.0605308110206464
8784,20221018_110214.mat,2965896,2.965896,1,160,0.0682126996261638
8785,20221018_110214.mat,2968284,2.968284,1,170,0.321840405546967
8786,20221018_110214.mat,2968483,2.968483,1,165,0.153115977678022
8787,20221018_110214.mat,2968682,2.968682,1,165,0.270376815493273
8788,20221018_110214.mat,2968881,2.968881,1,155,2.07367527170423
8789,20221018_110214.mat,2969080,2.96908,1,160,0.36293703132734
8790,20221018_110214.mat,2969279,2.969279,1,160,0.101225941601397
8791,20221018_110214.mat,2970871,2.970871,1,230,0.0780164711074186
8792,20221018_110214.mat,2971269,2.971269,1,160,0.0490729890989589
8793,20221018_110214.mat,2971468,2.971468,1,160,0.313243368968934
8794,20221018_110214.mat,2971667,2.971667,1,170,0.152568340341681
8795,20221018_110214.mat,2971866,2.971866,1,170,3.27081291389018
8796,20221018_110214.mat,2972065,2.972065,1,170,5.7639274362887
8797,20221018_110214.mat,2972264,2.972264,1,170,15.1869654749421
8798,20221018_110214.mat,2972463,2.972463,1,160,3.5831651466418
8799,20221018_110214.mat,2972662,2.972662,1,160,11.4952367185609
8800,20221018_110214.mat,2972861,2.972861,1,160,14.6187624823705
8801,20221018_110214.mat,2973060,2.97306,1,160,25.7436443778945
8802,20221018_110214.mat,2973259,2.973259,1,165,6.1806274973909
8803,20221018_110214.mat,2973458,2.973458,1,160,2.72157598405011
8804,20221018_110214.mat,2973657,2.973657,1,160,0.625533383120637
8805,20221018_110214.mat,2973856,2.973856,1,230,0.11236671966401
8806,20221018_110214.mat,2974055,2.974055,1,225,0.113579376130863
8807,20221018_110214.mat,2974254,2.974254,1,165,1.90771235167296
8808,20221018_110214.mat,2974453,2.974453,1,160,353.415851693986
8809,20221018_110214.mat,2974652,2.974652,1,175,388.838423573788
8810,20221018_110214.mat,2974851,2.974851,1,155,104.868209080994
8811,20221018_110214.mat,2975050,2.97505,1,160,80.0225738526628
8812,20221018_110214.mat,2975249,2.975249,1,165,36.0272490492644
8813,20221018_110214.mat,2975448,2.975448,1,165,26.4153302184782
8814,20221018_110214.mat,2975647,2.975647,1,180,6.74608929713134
8815,20221018_110214.mat,2975846,2.975846,1,160,4.55943081656309
8816,20221018_110214.mat,2976045,2.976045,1,160,6.68886676960846
8817,20221018_110214.mat,2976244,2.976244,1,160,2.42984669460045
8818,20221018_110214.mat,2976443,2.976443,1,160,0.998748459772025
8819,20221018_110214.mat,2976642,2.976642,1,165,0.583338875861876
8820,20221018_110214.mat,2976841,2.976841,1,155,1.28219103575076
8821,20221018_110214.mat,2977040,2.97704,1,160,0.64009044228803
8822,20221018_110214.mat,2977239,2.977239,1,150,0.386212740749312
8823,20221018_110214.mat,2977438,2.977438,1,155,0.326704164879263
8824,20221018_110214.mat,2977637,2.977637,1,165,1.00444967390294
8825,20221018_110214.mat,2977836,2.977836,1,160,0.690138929376986
8826,20221018_110214.mat,2978035,2.978035,1,165,0.67209790940691
8827,20221018_110214.mat,2978234,2.978234,1,160,0.513106722005011
8828,20221018_110214.mat,2978433,2.978433,1,170,0.289416871020946
8829,20221018_110214.mat,2978632,2.978632,1,165,0.34246920278157
8830,20221018_110214.mat,2978831,2.978831,1,160,0.349938726651
8831,20221018_110214.mat,2979030,2.97903,1,160,0.362465514123419
8832,20221018_110214.mat,2979229,2.979229,1,175,0.233598227971493
8833,20221018_110214.mat,2979428,2.979428,1,160,0.261855411271131
8834,20221018_110214.mat,2979627,2.979627,1,160,0.249490140827498
8835,20221018_110214.mat,2979826,2.979826,1,160,0.247514072488327
8836,20221018_110214.mat,2980025,2.980025,1,160,0.385303713352505
8837,20221018_110214.mat,2980224,2.980224,1,160,0.162162644712735
8838,20221018_110214.mat,2980423,2.980423,1,165,0.468696292341611
8839,20221018_110214.mat,2980622,2.980622,1,160,0.508094087906406
8840,20221018_110214.mat,2980821,2.980821,1,160,0.264313329495321
8841,20221018_110214.mat,2981020,2.98102,1,155,0.162538932048649
8842,20221018_110214.mat,2981219,2.981219,1,160,0.184125446935764
8843,20221018_110214.mat,2981418,2.981418,1,170,0.170108188507564
8844,20221018_110214.mat,2981617,2.981617,1,165,0.141181501530122
8845,20221018_110214.mat,2981816,2.981816,1,165,0.211751483745189
8846,20221018_110214.mat,2982015,2.982015,1,160,0.130118166541465
8847,20221018_110214.mat,2982214,2.982214,1,155,0.0805874363929295
8848,20221018_110214.mat,2982413,2.982413,1,160,0.11280134895086
8849,20221018_110214.mat,2982612,2.982612,1,180,0.197399110829852
8850,20221018_110214.mat,2982811,2.982811,1,160,0.0641271822590212
8851,20221018_110214.mat,2983010,2.98301,1,160,0.199781859845363
8852,20221018_110214.mat,2983209,2.983209,1,160,0.174901834293342
8853,20221018_110214.mat,2983408,2.983408,1,160,0.381060454770607
8854,20221018_110214.mat,2983607,2.983607,1,160,0.169826670907274
8855,20221018_110214.mat,2984005,2.984005,1,165,0.131701768148742
8856,20221018_110214.mat,2984204,2.984204,1,170,0.0651521408968929
8857,20221018_110214.mat,2984602,2.984602,1,160,0.0544636514022947
8858,20221018_110214.mat,2984801,2.984801,1,160,0.0412203521421521
8859,20221018_110214.mat,2985000,2.985,1,160,0.0810971077146224
8860,20221018_110214.mat,2985199,2.985199,1,160,0.0884918706384953
8861,20221018_110214.mat,2985597,2.985597,1,160,0.184602724767383
8862,20221018_110214.mat,2985796,2.985796,1,160,0.114159236231459
8863,20221018_110214.mat,2985995,2.985995,1,160,0.142808818004065
8864,20221018_110214.mat,2986194,2.986194,1,230,0.117779582826858
8865,20221018_110214.mat,2986393,2.986393,1,160,0.0934811205349892
8866,20221018_110214.mat,2986592,2.986592,1,160,0.0484202590338438
8867,20221018_110214.mat,2986791,2.986791,1,160,0.064005236933177
8868,20221018_110214.mat,2986990,2.98699,1,180,0.161875716565968
8869,20221018_110214.mat,2987189,2.987189,1,160,0.300431154118392
8870,20221018_110214.mat,2987388,2.987388,1,180,0.222062231100758
8871,20221018_110214.mat,2987587,2.987587,1,160,0.364609543437199
8872,20221018_110214.mat,2987786,2.987786,1,155,0.0708463710562823
8873,20221018_110214.mat,2988184,2.988184,1,165,0.124231450017347
8874,20221018_110214.mat,2988383,2.988383,1,170,0.0464483719159677
8875,20221018_110214.mat,2988582,2.988582,1,160,0.31578154783594
8876,20221018_110214.mat,2988781,2.988781,1,160,0.124030469463715
8877,20221018_110214.mat,2988980,2.98898,1,155,0.0956237923209913
8878,20221018_110214.mat,2989179,2.989179,1,160,0.0750255834669322
8879,20221018_110214.mat,2989378,2.989378,1,160,0.103489057135824
8880,20221018_110214.mat,2989577,2.989577,1,160,0.111231424099771
8881,20221018_110214.mat,2990174,2.990174,1,160,5.6474971501935
8882,20221018_110214.mat,2990373,2.990373,1,160,3.43669326056899
8883,20221018_110214.mat,2990572,2.990572,1,160,0.262692961912603
8884,20221018_110214.mat,2990771,2.990771,1,160,0.145571502126622
8885,20221018_110214.mat,2990970,2.99097,1,160,0.0930773789048343
8886,20221018_110214.mat,2991368,2.991368,1,160,0.168957894045691
8887,20221018_110214.mat,2991567,2.991567,1,160,0.090612395767782
8888,20221018_110214.mat,2991766,2.991766,1,160,0.402950173343946
8889,20221018_110214.mat,2991965,2.991965,1,160,0.193151676883173
8890,20221018_110214.mat,2992164,2.992164,1,160,0.215924236164204
8891,20221018_110214.mat,2992363,2.992363,1,160,0.140598386123151
8892,20221018_110214.mat,2992761,2.992761,1,160,0.0995352345613161
8893,20221018_110214.mat,2992960,2.99296,1,160,0.523516570583781
8894,20221018_110214.mat,2993159,2.993159,1,175,0.191453859932249
8895,20221018_110214.mat,2993358,2.993358,1,160,0.173025615731656
8896,20221018_110214.mat,2993557,2.993557,1,160,0.146061130787157
8897,20221018_110214.mat,2993756,2.993756,1,225,0.139575341287037
8898,20221018_110214.mat,2993955,2.993955,1,160,0.10101889013283
8899,20221018_110214.mat,2994154,2.994154,1,160,0.149711374826056
8900,20221018_110214.mat,2994353,2.994353,1,225,0.0639064835883062
8901,20221018_110214.mat,2994552,2.994552,1,225,0.140359015216926
8902,20221018_110214.mat,2994751,2.994751,1,230,0.182450166073524
8903,20221018_110214.mat,2994950,2.99495,1,155,0.577061744716535
8904,20221018_110214.mat,2995149,2.995149,1,165,0.247248885097129
8905,20221018_110214.mat,2995348,2.995348,1,160,0.169252967752377
8906,20221018_110214.mat,2995547,2.995547,1,160,0.0939731634132306
8907,20221018_110214.mat,2995746,2.995746,1,155,0.0661949075725382
8908,20221018_110214.mat,2995945,2.995945,1,160,0.171282529706616
8909,20221018_110214.mat,2996343,2.996343,1,225,0.0742548333117934
8910,20221018_110214.mat,2996542,2.996542,1,160,0.0916928821724625
8911,20221018_110214.mat,2996741,2.996741,1,155,0.121638258870985
8912,20221018_110214.mat,2996940,2.99694,1,180,0.188446346199986
8913,20221018_110214.mat,2997139,2.997139,1,175,0.132316209709827
8914,20221018_110214.mat,2997537,2.997537,1,160,0.105952226465396
8915,20221018_110214.mat,2998731,2.998731,1,225,0.0614660753693292
8916,20221018_110214.mat,2998930,2.99893,1,175,0.0623467171919714
8917,20221018_110214.mat,2999129,2.999129,1,160,0.189687963842858
8918,20221018_110214.mat,3002711,3.002711,1,230,0.0457378125866254
8919,20221018_110214.mat,3003507,3.003507,1,230,0.0704612743100707
8920,20221018_110214.mat,3004104,3.004104,1,230,0.0475295274411536
8921,20221018_110214.mat,3007089,3.007089,1,160,0.0623809872960815
8922,20221018_110214.mat,3010273,3.010273,1,160,0.0641276804837749
8923,20221018_110214.mat,3011467,3.011467,1,160,0.0576628491374245
8924,20221018_110214.mat,3011666,3.011666,1,160,0.0816624815150888
8925,20221018_110214.mat,3011865,3.011865,1,160,0.118153114688287
8926,20221018_110214.mat,3012462,3.012462,1,165,0.0666604919865678
8927,20221018_110214.mat,3012661,3.012661,1,160,0.0649547273888294
8928,20221018_110214.mat,3013457,3.013457,1,160,0.230172466328529
8929,20221018_110214.mat,3013656,3.013656,1,175,0.110677627843286
8930,20221018_110214.mat,3013855,3.013855,1,155,0.0594597295416008
8931,20221018_110214.mat,3014850,3.01485,1,165,0.108940803913096
8932,20221018_110214.mat,3015049,3.015049,1,165,0.0465386865828869
8933,20221018_110214.mat,3015248,3.015248,1,180,0.112734040456079
8934,20221018_110214.mat,3015447,3.015447,1,160,0.321761410632917
8935,20221018_110214.mat,3028979,3.028979,1,165,0.0759591755407592
8936,20221018_110214.mat,3029775,3.029775,1,165,0.0570798237366934
8937,20221018_110214.mat,3029974,3.029974,1,165,0.0838054736388234
8938,20221018_110214.mat,3030571,3.030571,1,160,0.108444359122509
8939,20221018_110214.mat,3031168,3.031168,1,160,0.0872072502403905
8940,20221018_110214.mat,3031765,3.031765,1,160,0.0646013076623476
8941,20221018_110214.mat,3032362,3.032362,1,165,0.0683441055206797
8942,20221018_110214.mat,3034153,3.034153,1,165,0.059119875846476
8943,20221018_110214.mat,3034750,3.03475,1,155,0.0634235463520533
8944,20221018_110214.mat,3035745,3.035745,1,165,0.0527170446203631
8945,20221018_110214.mat,3036740,3.03674,1,160,0.0655636161417183
8946,20221018_110214.mat,3037735,3.037735,1,165,0.0535647595093762
8947,20221018_110214.mat,3037934,3.037934,1,160,0.0615181802198847
8948,20221018_110214.mat,3054849,3.054849,1,170,0.0559399483357113
8949,20221018_110214.mat,3055048,3.055048,1,165,0.078172506853154
8950,20221018_110214.mat,3056242,3.056242,1,160,0.104310166854653
8951,20221018_110214.mat,3057635,3.057635,1,160,0.102914253896649
8952,20221018_110214.mat,3058829,3.058829,1,160,0.0346975239289047
8953,20221018_110214.mat,3059028,3.059028,1,160,0.0515269800546501
8954,20221018_110214.mat,3065595,3.065595,1,225,0.082611913567114
8955,20221018_110214.mat,3065794,3.065794,1,165,0.0952322600891761
8956,20221018_110214.mat,3074550,3.07455,1,160,0.0846462651802927
8957,20221018_110214.mat,3074749,3.074749,1,160,0.0535760725501807
8958,20221018_110214.mat,3075545,3.075545,1,235,0.0439390603596444
8959,20221018_110214.mat,3076142,3.076142,1,175,0.0651659767730688
8960,20221018_110214.mat,3076341,3.076341,1,165,0.0835402784818979
8961,20221018_110214.mat,3077734,3.077734,1,160,0.115584172188639
8962,20221018_110214.mat,3079326,3.079326,1,160,0.0708877062662563
8963,20221018_110214.mat,3081117,3.081117,1,160,0.0833514564984132
8964,20221018_110214.mat,3092062,3.092062,1,160,0.0803295222910087
8965,20221018_110214.mat,3095843,3.095843,1,165,0.101190058188379
8966,20221018_110214.mat,3096639,3.096639,1,165,0.121200799414722
8967,20221018_110214.mat,3097236,3.097236,1,155,0.100684528326688
8968,20221018_110214.mat,3098032,3.098032,1,165,0.106212418411901
8969,20221018_110214.mat,3098629,3.098629,1,160,0.0946041888961175
8970,20221018_110214.mat,3099425,3.099425,1,155,0.0878462935975414
8971,20221018_110214.mat,3100022,3.100022,1,165,0.0811209308959015
8972,20221018_110214.mat,3105196,3.105196,1,165,0.100052020916418
8973,20221018_110214.mat,3105395,3.105395,1,165,0.0804175989779549
8974,20221018_110214.mat,3119325,3.119325,1,160,0.0389689043988133
8975,20221018_110214.mat,3119524,3.119524,1,160,0.127907590765454
8976,20221018_110214.mat,3120519,3.120519,1,165,0.118558291090508
8977,20221018_110214.mat,3121315,3.121315,1,160,0.0695995384447395
8978,20221018_110214.mat,3121514,3.121514,1,165,0.0599975586251711
8979,20221018_110214.mat,3122310,3.12231,1,160,0.0995827950970362
8980,20221018_110214.mat,3123106,3.123106,1,165,0.0633577178786566
8981,20221018_110214.mat,3123305,3.123305,1,160,0.0674862592498627
8982,20221018_110214.mat,3124101,3.124101,1,160,0.093916402280062
8983,20221018_110214.mat,3125096,3.125096,1,165,0.0925084209234916
8984,20221018_110214.mat,3126091,3.126091,1,160,0.050524983397493
8985,20221018_110214.mat,3127086,3.127086,1,160,0.0686338260416443
8986,20221018_110214.mat,3128479,3.128479,1,160,0.0860387798487029
8987,20221018_110214.mat,3130469,3.130469,1,155,0.0556746626897569
8988,20221018_110214.mat,3131464,3.131464,1,160,0.0627243147990434
8989,20221018_110214.mat,3132857,3.132857,1,225,0.156676349688868
8990,20221018_110214.mat,3133056,3.133056,1,220,0.0588802230263668
8991,20221018_110214.mat,3144996,3.144996,1,160,0.100151314928873
8992,20221018_110214.mat,3145991,3.145991,1,160,0.12279640991659
8993,20221018_110214.mat,3146787,3.146787,1,165,0.111942255514282
8994,20221018_110214.mat,3147583,3.147583,1,165,0.04322706160888
8995,20221018_110214.mat,3147782,3.147782,1,160,0.118359816718634
8996,20221018_110214.mat,3148578,3.148578,1,160,0.112079361685965
8997,20221018_110214.mat,3149374,3.149374,1,165,0.0614033573915681
8998,20221018_110214.mat,3150369,3.150369,1,160,0.0933548862072903
8999,20221018_110214.mat,3160319,3.160319,1,170,0.04790911731692
9000,20221018_110214.mat,3166289,3.166289,1,160,0.247178558546784
9001,20221018_110214.mat,3166488,3.166488,1,160,0.0812646020426786
9002,20221018_110214.mat,3172657,3.172657,1,160,0.132934004478207
9003,20221018_110214.mat,3174647,3.174647,1,165,0.123747323378231
9004,20221018_110214.mat,3178229,3.178229,1,160,0.0979342243174763
9005,20221018_110214.mat,3191562,3.191562,1,160,0.0535574222647759
9006,20221018_110214.mat,3271759,3.271759,1,155,0.0662401298342499
9007,20221018_110214.mat,3292057,3.292057,1,160,0.0731933727604864
9008,20221018_110214.mat,3316534,3.316534,1,220,0.0506672487682537
9009,20221018_110214.mat,3316733,3.316733,1,165,0.10241982411332
9010,20221018_110214.mat,3320713,3.320713,1,230,0.22554691222282
9011,20221018_110214.mat,3320912,3.320912,1,165,0.144494452006664
9012,20221018_110214.mat,3437924,3.437924,1,230,0.046659002777817
9013,20221018_110214.mat,3455038,3.455038,1,165,0.0533545742539418
9014,20221018_110214.mat,3530459,3.530459,1,280,0.114614936813987
9015,20221018_110214.mat,3583791,3.583791,1,160,0.135607475931072
9016,20221018_110214.mat,3733837,3.733837,1,235,0.0283840511296268
9017,20221018_110214.mat,3766274,3.766274,1,155,0.0448834136560034
9018,20221018_110214.mat,3806273,3.806273,1,180,0.12755310054463
9019,20221018_110214.mat,3806472,3.806472,1,150,0.0575805199421475
9020,20221018_110214.mat,3836521,3.836521,1,165,0.0719943771274774
9021,20221018_110214.mat,3840501,3.840501,1,160,0.0595693342286237
9022,20221018_110214.mat,3840700,3.8407,1,165,0.0617608355362698
9023,20221018_110214.mat,3888261,3.888261,1,180,0.129405820239247
9024,20221018_110214.mat,3888460,3.88846,1,150,0.0716236446878201
9025,20221018_110214.mat,3891644,3.891644,1,160,0.0554957133588722
9026,20221018_110214.mat,3962289,3.962289,1,180,0.0614952850298225
9027,20221018_110214.mat,4165667,4.165667,1,160,0.0467589458352927
9028,20221018_110214.mat,4166065,4.166065,1,160,0.128655593289008
9029,20221018_110214.mat,4166264,4.166264,1,165,0.0707347580565462
9030,20221018_110214.mat,4193328,4.193328,1,170,0.0418805320499864
9031,20221018_110214.mat,4243277,4.243277,1,165,0.0337428985812005
9032,20221018_110214.mat,4369045,4.369045,1,165,0.0616092093936289
9033,20221018_110214.mat,4398696,4.398696,1,175,0.0510736600244022
9034,20221018_110214.mat,4531628,4.531628,1,165,0.107027727165986
9035,20221018_110214.mat,4559289,4.559289,1,165,0.13092737214289
9036,20221018_110214.mat,4559488,4.559488,1,165,0.121097577293983
9037,20221018_110214.mat,4561080,4.56108,1,165,0.084545333319731
9038,20221018_110214.mat,4567448,4.567448,1,165,0.155317942575329
9039,20221018_110214.mat,4567647,4.567647,1,165,0.161915001621651
9040,20221018_110214.mat,4568841,4.568841,1,165,0.0641987719723518
9041,20221018_110214.mat,4572821,4.572821,1,180,0.133205330591124
9042,20221018_110214.mat,4582771,4.582771,1,165,0.0835661242230014
9043,20221018_110214.mat,4585358,4.585358,1,165,0.0848540526961136
9044,20221018_110214.mat,4585557,4.585557,1,160,0.118557643422479
9045,20221018_110214.mat,4585756,4.585756,1,170,0.0763366731942678
9046,20221018_110214.mat,4585955,4.585955,1,170,0.259663434620442
9047,20221018_110214.mat,4586154,4.586154,1,225,2.09510664275595
9048,20221018_110214.mat,4586353,4.586353,1,160,382.980423995905
9049,20221018_110214.mat,4586552,4.586552,1,95,242.425628117781
9050,20221018_110214.mat,4586751,4.586751,1,160,97.7213907092256
9051,20221018_110214.mat,4586950,4.58695,1,155,72.9712364372777
9052,20221018_110214.mat,4587149,4.587149,1,160,35.8275087995639
9053,20221018_110214.mat,4587348,4.587348,1,160,29.4394446809394
9054,20221018_110214.mat,4587547,4.587547,1,160,8.09384826968398
9055,20221018_110214.mat,4587746,4.587746,1,160,5.01697656741166
9056,20221018_110214.mat,4587945,4.587945,1,150,5.80472902616771
9057,20221018_110214.mat,4588144,4.588144,1,155,3.51176023092401
9058,20221018_110214.mat,4588343,4.588343,1,160,16.1250906973674
9059,20221018_110214.mat,4588542,4.588542,1,155,16.7554220285329
9060,20221018_110214.mat,4588741,4.588741,1,160,7.74748368410101
9061,20221018_110214.mat,4588940,4.58894,1,160,2.14355258703789
9062,20221018_110214.mat,4589139,4.589139,1,230,1.93781158530812
9063,20221018_110214.mat,4589338,4.589338,1,150,1.64671239632968
9064,20221018_110214.mat,4589537,4.589537,1,165,2.98511309672776
9065,20221018_110214.mat,4589736,4.589736,1,165,1.176943136551
9066,20221018_110214.mat,4589935,4.589935,1,120,0.580846744196527
9067,20221018_110214.mat,4590134,4.590134,1,170,0.7242487752019
9068,20221018_110214.mat,4590333,4.590333,1,155,0.569679755374651
9069,20221018_110214.mat,4590532,4.590532,1,175,0.441804683789387
9070,20221018_110214.mat,4590731,4.590731,1,155,1.16241869107356
9071,20221018_110214.mat,4590930,4.59093,1,165,1.03821989634767
9072,20221018_110214.mat,4591129,4.591129,1,160,0.863016558433007
9073,20221018_110214.mat,4591328,4.591328,1,165,0.49599747805612
9074,20221018_110214.mat,4591527,4.591527,1,165,0.667800964053808
9075,20221018_110214.mat,4591726,4.591726,1,155,0.567899356356558
9076,20221018_110214.mat,4591925,4.591925,1,160,0.492565127218495
9077,20221018_110214.mat,4592124,4.592124,1,165,0.4627178785941
9078,20221018_110214.mat,4592323,4.592323,1,175,5.46662972454464
9079,20221018_110214.mat,4592522,4.592522,1,175,2.73449951451021
9080,20221018_110214.mat,4592721,4.592721,1,175,0.906275935266189
9081,20221018_110214.mat,4592920,4.59292,1,160,0.390168907871323
9082,20221018_110214.mat,4593119,4.593119,1,170,0.270719014112907
9083,20221018_110214.mat,4593318,4.593318,1,175,0.389044259041389
9084,20221018_110214.mat,4593517,4.593517,1,155,0.376733672068474
9085,20221018_110214.mat,4593716,4.593716,1,180,0.480386665561299
9086,20221018_110214.mat,4593915,4.593915,1,160,0.682701067818573
9087,20221018_110214.mat,4594114,4.594114,1,175,0.205743582261429
9088,20221018_110214.mat,4594313,4.594313,1,155,0.175721062994871
9089,20221018_110214.mat,4594512,4.594512,1,165,0.422583760941002
9090,20221018_110214.mat,4594711,4.594711,1,160,0.122382825310655
9091,20221018_110214.mat,4594910,4.59491,1,155,0.302533363605792
9092,20221018_110214.mat,4595109,4.595109,1,155,0.148994828050434
9093,20221018_110214.mat,4595308,4.595308,1,225,0.0711520480583592
9094,20221018_110214.mat,4595507,4.595507,1,155,0.0876384741590673
9095,20221018_110214.mat,4595706,4.595706,1,165,0.196543638557766
9096,20221018_110214.mat,4595905,4.595905,1,165,0.0637311327857395
9097,20221018_110214.mat,4596104,4.596104,1,170,0.158341764494002
9098,20221018_110214.mat,4596303,4.596303,1,160,0.074997299259652
9099,20221018_110214.mat,4596502,4.596502,1,175,0.149729953087215
9100,20221018_110214.mat,4596701,4.596701,1,165,0.250968637680099
9101,20221018_110214.mat,4596900,4.5969,1,160,0.191148095565434
9102,20221018_110214.mat,4597099,4.597099,1,155,0.0920114774861009
9103,20221018_110214.mat,4597298,4.597298,1,175,0.201170678804547
9104,20221018_110214.mat,4597497,4.597497,1,160,0.0989795152411097
9105,20221018_110214.mat,4597696,4.597696,1,160,0.200319693357901
9106,20221018_110214.mat,4598094,4.598094,1,225,0.0833612970631631
9107,20221018_110214.mat,4598890,4.59889,1,165,0.0551204546927757
9108,20221018_110214.mat,4599288,4.599288,1,160,0.0739747845719504
9109,20221018_110214.mat,4599487,4.599487,1,160,0.279473324461639
9110,20221018_110214.mat,4599686,4.599686,1,160,0.198918856921598
9111,20221018_110214.mat,4599885,4.599885,1,160,0.146867839130975
9112,20221018_110214.mat,4600084,4.600084,1,160,0.0838666604850721
9113,20221018_110214.mat,4600283,4.600283,1,155,0.115201980758751
9114,20221018_110214.mat,4600482,4.600482,1,160,0.149928857426404
9115,20221018_110214.mat,4600681,4.600681,1,160,0.0796663753294156
9116,20221018_110214.mat,4600880,4.60088,1,170,0.0659582461078646
9117,20221018_110214.mat,4601079,4.601079,1,160,0.0625859842895904
9118,20221018_110214.mat,4601278,4.601278,1,160,0.0789899648217491
9119,20221018_110214.mat,4601477,4.601477,1,160,0.631259134962948
9120,20221018_110214.mat,4601676,4.601676,1,175,0.705305011480919
9121,20221018_110214.mat,4601875,4.601875,1,175,0.205646766712069
9122,20221018_110214.mat,4602074,4.602074,1,180,0.0604397158820942
9123,20221018_110214.mat,4602273,4.602273,1,160,0.0521013606681609
9124,20221018_110214.mat,4602472,4.602472,1,175,0.320159709784705
9125,20221018_110214.mat,4602671,4.602671,1,175,0.0922283406598751
9126,20221018_110214.mat,4603268,4.603268,1,160,0.0677788531302535
9127,20221018_110214.mat,4603467,4.603467,1,175,0.188021148657749
9128,20221018_110214.mat,4603666,4.603666,1,175,0.0839471880538413
9129,20221018_110214.mat,4604064,4.604064,1,175,0.0576836713525504
9130,20221018_110214.mat,4604263,4.604263,1,175,0.139505672632264
9131,20221018_110214.mat,4605258,4.605258,1,160,0.0959789560511772
9132,20221018_110214.mat,4606452,4.606452,1,150,0.230549440028969
9133,20221018_110214.mat,4606651,4.606651,1,125,0.323300531363397
9134,20221018_110214.mat,4606850,4.60685,1,150,0.173648776266849
9135,20221018_110214.mat,4607248,4.607248,1,155,0.100510312968032
9136,20221018_110214.mat,4607447,4.607447,1,175,0.0686810881946491
9137,20221018_110214.mat,4607646,4.607646,1,175,0.242879595128923
9138,20221018_110214.mat,4608044,4.608044,1,155,0.0528461686840072
9139,20221018_110214.mat,4608442,4.608442,1,180,0.922739751797279
9140,20221018_110214.mat,4608641,4.608641,1,175,5.38939953145416
9141,20221018_110214.mat,4608840,4.60884,1,175,1.06332553064583
9142,20221018_110214.mat,4609039,4.609039,1,160,0.170469374000319
9143,20221018_110214.mat,4609437,4.609437,1,160,0.0511623309489641
9144,20221018_110214.mat,4610631,4.610631,1,125,0.0882619432704859
9145,20221018_110214.mat,4612024,4.612024,1,180,0.16878827896907
9146,20221018_110214.mat,4612223,4.612223,1,175,0.316480706475514
9147,20221018_110214.mat,4612422,4.612422,1,175,0.0700832577422848
9148,20221018_110214.mat,4612621,4.612621,1,175,0.264853852230779
9149,20221018_110214.mat,4612820,4.61282,1,150,2.84393703563372
9150,20221018_110214.mat,4613019,4.613019,1,160,0.256828396037113
9151,20221018_110214.mat,4613218,4.613218,1,160,0.16592949973279
9152,20221018_110214.mat,4613417,4.613417,1,165,0.114488852944434
9153,20221018_110214.mat,4613616,4.613616,1,180,0.0731846439668558
9154,20221018_110214.mat,4613815,4.613815,1,160,0.133344366389295
9155,20221018_110214.mat,4614014,4.614014,1,175,0.0554046975757459
9156,20221018_110214.mat,4614412,4.614412,1,170,0.0730999123274493
9157,20221018_110214.mat,4614611,4.614611,1,175,0.131165599954227
9158,20221018_110214.mat,4614810,4.61481,1,185,0.143523495650986
9159,20221018_110214.mat,4615009,4.615009,1,175,0.400920941365452
9160,20221018_110214.mat,4615208,4.615208,1,160,0.0686481810137257
9161,20221018_110214.mat,4615805,4.615805,1,160,0.0718287305709572
9162,20221018_110214.mat,4616004,4.616004,1,120,0.0695624614577475
9163,20221018_110214.mat,4616800,4.6168,1,150,0.0382902381807304
9164,20221018_110214.mat,4616999,4.616999,1,160,0.0745972644665828
9165,20221018_110214.mat,4617596,4.617596,1,170,0.0904979586712542
9166,20221018_110214.mat,4617795,4.617795,1,175,0.0566678693582462
9167,20221018_110214.mat,4618193,4.618193,1,230,0.0805723595576929
9168,20221018_110214.mat,4618392,4.618392,1,120,0.116442126599475
9169,20221018_110214.mat,4618790,4.61879,1,175,0.187353453435887
9170,20221018_110214.mat,4618989,4.618989,1,200,0.0670579640525745
9171,20221018_110214.mat,4619188,4.619188,1,175,0.502751413307843
9172,20221018_110214.mat,4619387,4.619387,1,175,0.0592072277095031
9173,20221018_110214.mat,4619785,4.619785,1,225,0.0457484836881802
9174,20221018_110214.mat,4620183,4.620183,1,165,0.0829248180048351
9175,20221018_110214.mat,4620581,4.620581,1,130,0.141812776555883
9176,20221018_110214.mat,4620780,4.62078,1,95,0.139545875174384
9177,20221018_110214.mat,4620979,4.620979,1,170,0.130889196930416
9178,20221018_110214.mat,4621178,4.621178,1,175,0.191242684809854
9179,20221018_110214.mat,4621974,4.621974,1,155,0.0723057267529684
9180,20221018_110214.mat,4622770,4.62277,1,175,0.0528940201451249
9181,20221018_110214.mat,4623168,4.623168,1,125,0.0935073687635383
9182,20221018_110214.mat,4623367,4.623367,1,175,0.244646297316551
9183,20221018_110214.mat,4623566,4.623566,1,105,0.174280520767842
9184,20221018_110214.mat,4623765,4.623765,1,100,0.0876001602714516
9185,20221018_110214.mat,4624959,4.624959,1,180,0.0556374045102382
9186,20221018_110214.mat,4625158,4.625158,1,175,0.261132065893323
9187,20221018_110214.mat,4629337,4.629337,1,280,0.194142673976529
9188,20221018_110214.mat,4629934,4.629934,1,155,0.223810260044354
9189,20221018_110214.mat,4630133,4.630133,1,95,0.129986708430894
9190,20221018_110214.mat,4638292,4.638292,1,175,0.0588869055662723
9191,20221018_110214.mat,4638690,4.63869,1,185,0.0573437307669844
9192,20221018_110214.mat,4638889,4.638889,1,175,0.391191008325526
9193,20221018_110214.mat,4640282,4.640282,1,170,0.0959238538380139
9194,20221018_110214.mat,4644262,4.644262,1,175,0.267831932619965
9195,20221018_110214.mat,4644660,4.64466,1,175,0.225275500113577
9196,20221018_110214.mat,4644859,4.644859,1,160,0.303516350135216
9197,20221018_110214.mat,4646451,4.646451,1,175,0.0808550257453347
9198,20221018_110214.mat,4646650,4.64665,1,175,0.495079993228853
9199,20221018_110214.mat,4647645,4.647645,1,155,0.0704067107345388
9200,20221018_110214.mat,4653416,4.653416,1,180,0.18602121768412
9201,20221018_110214.mat,4653615,4.653615,1,175,0.104862281464556
9202,20221018_110214.mat,4655207,4.655207,1,125,0.0969095054292935
9203,20221018_110214.mat,4677097,4.677097,1,180,0.082289959181784
9204,20221018_110214.mat,4687843,4.687843,1,175,0.0909219130660525
9205,20221018_110214.mat,4691823,4.691823,1,465,0.0560485836601093
9206,20221018_110214.mat,4693216,4.693216,1,175,0.0984862367051713
9207,20221018_110214.mat,4710529,4.710529,1,290,0.0838316651983376
9208,20221018_110214.mat,4726250,4.72625,1,345,0.0481508444248868
9209,20221018_110214.mat,4835899,4.835899,1,160,0.131981385617283
9210,20221018_110214.mat,4874704,4.874704,1,165,0.050553039781515
9211,20221018_110214.mat,4874903,4.874903,1,160,0.215503039029248
9212,20221018_110214.mat,4880077,4.880077,1,170,0.0551084516386385
9213,20221018_110214.mat,4892415,4.892415,1,170,0.0391838566580062
9214,20221018_110214.mat,4899977,4.899977,1,345,0.0399210594574389
9215,20221018_110214.mat,4900176,4.900176,1,340,0.0881934443984819
9216,20221018_110214.mat,4915897,4.915897,1,160,0.049503178122907
9217,20221018_110214.mat,4943160,4.94316,1,170,0.0425966410615983
9218,20221018_110214.mat,4952911,4.952911,1,465,0.03617938334112
9219,20221018_110214.mat,4953110,4.95311,1,345,0.0428854015426057
9220,20221018_110219.mat,123380,0.12338,1,180,0.0347647878560915
9221,20221018_110219.mat,130544,0.130544,1,310,0.0291524384558829
9222,20221018_110219.mat,130743,0.130743,1,160,0.110572898356707
9223,20221018_110219.mat,173329,0.173329,1,195,0.0326461296724966
9224,20221018_110219.mat,173926,0.173926,1,160,0.107777801131294
9225,20221018_110219.mat,303077,0.303077,1,170,0.032083023231249
9226,20221018_110219.mat,393025,0.393025,1,160,0.0412916172041881
9227,20221018_110219.mat,402975,0.402975,1,160,0.0329362637672107
9228,20221018_110219.mat,611527,0.611527,1,175,0.379964946226135
9229,20221018_110219.mat,611726,0.611726,1,175,0.449228196974215
9230,20221018_110219.mat,611925,0.611925,1,175,0.0913141173806363
9231,20221018_110219.mat,679983,0.679983,1,175,0.0855824482205393
9232,20221018_110219.mat,822467,0.822467,1,265,0.0308257567483905
9233,20221018_110219.mat,902266,0.902266,1,215,0.0290138720601513
9234,20221018_110219.mat,1221860,1.22186,1,175,0.0355065319669898
9235,20221018_110219.mat,1431407,1.431407,1,165,0.0903097647997265
9236,20221018_110219.mat,1431606,1.431606,1,160,0.128797638112409
9237,20221018_110219.mat,1441556,1.441556,1,115,0.0328587531621859
9238,20221018_110219.mat,1801149,1.801149,1,180,0.0325174957277508
9239,20221018_110219.mat,1901047,1.901047,1,165,0.0368529271980727
9240,20221018_110219.mat,1910997,1.910997,1,180,0.0309806091383591
9241,20221018_110219.mat,1990796,1.990796,1,210,0.0386729706838319
9242,20221018_110219.mat,2120743,2.120743,1,155,0.049729159827862
9243,20221018_110219.mat,2440735,2.440735,1,160,0.171674975792401
9244,20221018_110219.mat,2440934,2.440934,1,160,0.0736550890741416
9245,20221018_110219.mat,2450088,2.450088,1,110,0.0305437383964093
9246,20221018_110219.mat,2490087,2.490087,1,185,0.0285819826808383
9247,20221018_110219.mat,2560135,2.560135,1,155,0.0347334456484891
9248,20221018_110219.mat,2620034,2.620034,1,355,0.028212693123514
9249,20221018_110219.mat,2689883,2.689883,1,270,0.0292118234220495
9250,20221018_110219.mat,2729882,2.729882,1,170,0.0271457521484712
9251,20221018_110219.mat,2770080,2.77008,1,160,0.0874766881200553
9252,20221018_110219.mat,2799731,2.799731,1,155,0.0376742553093012
9253,20221018_110219.mat,2889679,2.889679,1,160,0.0293534181165947
9254,20221018_110219.mat,2919529,2.919529,1,170,0.0477245060740681
9255,20221018_110219.mat,2989378,2.989378,1,185,0.0305043154253506
9256,20221018_110219.mat,3009477,3.009477,1,210,0.0285512677300505
9257,20221018_110219.mat,3039327,3.039327,1,160,0.0415691601517975
9258,20221018_110219.mat,3044103,3.044103,1,150,0.0356758364266949
9259,20221018_110219.mat,3044302,3.044302,1,175,0.546559721720327
9260,20221018_110219.mat,3044501,3.044501,1,175,0.103372180232554
9261,20221018_110219.mat,3099226,3.099226,1,285,0.0287742164545767
9262,20221018_110219.mat,3179224,3.179224,1,230,0.0334301454193777
9263,20221018_110219.mat,3189174,3.189174,1,235,0.0309550507867331
9264,20221018_110219.mat,3219223,3.219223,1,190,0.0311781368553172
9265,20221018_110219.mat,3289072,3.289072,1,170,0.0420561186355795
9266,20221018_110219.mat,3358921,3.358921,1,125,0.0302877559449822
9267,20221018_110219.mat,3370065,3.370065,1,220,0.144825396850562
9268,20221018_110219.mat,3370264,3.370264,1,160,0.102119885072304
9269,20221018_110219.mat,3398920,3.39892,1,185,0.0335226372349552
9270,20221018_110219.mat,3464988,3.464988,1,155,0.105117781240234
9271,20221018_110219.mat,3708564,3.708564,1,175,0.0293723489439744
9272,20221018_110219.mat,3788363,3.788363,1,175,0.0380699881001112
9273,20221018_110219.mat,3848262,3.848262,1,340,0.0280081016023672
9274,20221018_110219.mat,3968060,3.96806,1,170,0.0334314276691275
9275,20221018_110219.mat,4257804,4.257804,1,180,0.0398589328056649
9276,20221018_110219.mat,4267754,4.267754,1,190,0.0330066942984849
9277,20221018_110219.mat,4277704,4.277704,1,215,0.0303566496526236
9278,20221018_110219.mat,4287654,4.287654,1,165,0.0384698976548471
9279,20221018_110219.mat,4357702,4.357702,1,160,0.0394702040748257
9280,20221018_110219.mat,4427551,4.427551,1,175,0.0268746154272874
9281,20221018_110219.mat,4677097,4.677097,1,165,0.0323783293480941
9282,20221018_110219.mat,4936792,4.936792,1,160,0.0312922732825642
9283,20221018_110224.mat,8557,0.008557,1,175,0.0309096941945734
9284,20221018_110224.mat,18507,0.018507,1,165,0.033230687460873
9285,20221018_110224.mat,108455,0.108455,1,160,0.0293128443865743
9286,20221018_110224.mat,216512,0.216512,1,155,0.229062459834059
9287,20221018_110224.mat,218303,0.218303,1,170,0.0430388581871825
9288,20221018_110224.mat,227258,0.227258,1,155,0.221220283418337
9289,20221018_110224.mat,527947,0.527947,1,300,0.0327297789838451
9290,20221018_110224.mat,657695,0.657695,1,170,0.0351922480246814
9291,20221018_110224.mat,897490,0.89749,1,170,0.03725046041261
9292,20221018_110224.mat,1007338,1.007338,1,130,0.0320050244585445
9293,20221018_110224.mat,1306833,1.306833,1,170,0.0387433334898034
9294,20221018_110224.mat,1346832,1.346832,1,185,0.033078340510791
9295,20221018_110224.mat,1476779,1.476779,1,165,0.0474966393381479
9296,20221018_110224.mat,1486729,1.486729,1,180,0.0368997286221577
9297,20221018_110224.mat,1504639,1.504639,1,180,0.173641666044927
9298,20221018_110224.mat,1504838,1.504838,1,175,0.271099703797248
9299,20221018_110224.mat,1505037,1.505037,1,175,0.0476374987345824
9300,20221018_110224.mat,1746424,1.746424,1,160,0.0393917552855686
9301,20221018_110224.mat,1756374,1.756374,1,160,0.0383933780190162
9302,20221018_110224.mat,1906221,1.906221,1,160,0.0445015738473042
9303,20221018_110224.mat,2085918,2.085918,1,275,0.0310898677061974
9304,20221018_110224.mat,2105818,2.105818,1,260,0.0357523694330242
9305,20221018_110224.mat,2145817,2.145817,1,155,0.0406023448677813
9306,20221018_110224.mat,2165916,2.165916,1,165,0.0467496445734515
9307,20221018_110224.mat,2195766,2.195766,1,285,0.0269921417263881
9308,20221018_110224.mat,2235765,2.235765,1,170,0.0334129991898533
9309,20221018_110224.mat,2425611,2.425611,1,180,0.0330323671603104
9310,20221018_110224.mat,2505410,2.50541,1,180,0.0332294711583786
9311,20221018_110224.mat,2700629,2.700629,1,155,0.0583413241151727
9312,20221018_110224.mat,2745205,2.745205,1,165,0.0335262473567557
9313,20221018_110224.mat,2815054,2.815054,1,160,0.0351466238318483
9314,20221018_110224.mat,2855053,2.855053,1,170,0.0367943519623066
9315,20221018_110224.mat,2954951,2.954951,1,175,0.0367267291863751
9316,20221018_110224.mat,3094649,3.094649,1,160,0.0339999830697935
9317,20221018_110224.mat,3364493,3.364493,1,160,0.033321586583685
9318,20221018_110224.mat,3394343,3.394343,1,280,0.0347471436327299
9319,20221018_110224.mat,3644088,3.644088,1,160,0.0297286143453015
9320,20221018_110224.mat,3654038,3.654038,1,185,0.0329971587765699
9321,20221018_110224.mat,3883883,3.883883,1,180,0.040613079447776
9322,20221018_110224.mat,4023581,4.023581,1,165,0.0306678435978869
9323,20221018_110224.mat,4383174,4.383174,1,185,0.0308321464322142
9324,20221018_110224.mat,4403273,4.403273,1,160,0.0318446850573883
9325,20221018_110224.mat,4433123,4.433123,1,175,0.0255249627837269
9326,20221018_110224.mat,4622969,4.622969,1,170,0.0421692208528829
9327,20221018_110224.mat,4662968,4.662968,1,225,0.0327741426753806
9328,20221018_110224.mat,4702967,4.702967,1,165,0.0341968643580253
9329,20221018_110224.mat,4752916,4.752916,1,160,0.0352994444881541
9330,20221018_110224.mat,4762866,4.762866,1,160,0.04062376037507
9331,20221018_110229.mat,103480,0.10348,1,155,0.0272488521058277
9332,20221018_110229.mat,203378,0.203378,1,180,0.0387689020676382
9333,20221018_110229.mat,213527,0.213527,1,270,0.0303614821406596
9334,20221018_110229.mat,373324,0.373324,1,180,0.0363336632799631
9335,20221018_110229.mat,463272,0.463272,1,160,0.0307859434988528
9336,20221018_110229.mat,782866,0.782866,1,170,0.0356021187191613
9337,20221018_110229.mat,842765,0.842765,1,265,0.0292241755089553
9338,20221018_110229.mat,942663,0.942663,1,180,0.0465896044865815
9339,20221018_110229.mat,1152409,1.152409,1,160,0.0401727024983325
9340,20221018_110229.mat,1442153,1.442153,1,220,0.034711991510739
9341,20221018_110229.mat,1671799,1.671799,1,150,0.0303360839918308
9342,20221018_110229.mat,1679958,1.679958,1,330,0.0331958617059092
9343,20221018_110229.mat,1751797,1.751797,1,230,0.0397090140395633
9344,20221018_110229.mat,1841546,1.841546,1,200,0.0333668941183239
9345,20221018_110229.mat,1941444,1.941444,1,165,0.070011192840867
9346,20221018_110229.mat,2031392,2.031392,1,135,0.0333222437074637
9347,20221018_110229.mat,2350986,2.350986,1,340,0.0306896635124838
9348,20221018_110229.mat,2460834,2.460834,1,165,0.0437163269985456
9349,20221018_110229.mat,2750578,2.750578,1,170,0.0403808988070062
9350,20221018_110229.mat,2800527,2.800527,1,180,0.0439231410523349
9351,20221018_110229.mat,2920325,2.920325,1,280,0.0317095495102945
9352,20221018_110229.mat,2990174,2.990174,1,175,0.0328049661386722
9353,20221018_110229.mat,3199920,3.19992,1,180,0.0329617412446748
9354,20221018_110229.mat,3299818,3.299818,1,160,0.0339162432775003
9355,20221018_110229.mat,3399716,3.399716,1,225,0.0373758008745698
9356,20221018_110229.mat,3649461,3.649461,1,165,0.0485681669836384
9357,20221018_110229.mat,3766473,3.766473,1,180,0.109721224642143
9358,20221018_110229.mat,3766672,3.766672,1,160,0.0842105646467586
9359,20221018_110229.mat,3869754,3.869754,1,150,0.115608073588802
9360,20221018_110229.mat,3939006,3.939006,1,170,0.0351039435431858
9361,20221018_110229.mat,4008855,4.008855,1,185,0.0304781518846427
9362,20221018_110229.mat,4028954,4.028954,1,165,0.0342431140929616
9363,20221018_110229.mat,4228551,4.228551,1,190,0.0305198144969842
9364,20221018_110229.mat,4268550,4.26855,1,220,0.0365998697948011
9365,20221018_110229.mat,4807840,4.80784,1,160,0.0375018917258675
9366,20221018_110229.mat,4857789,4.857789,1,165,0.0364419365508756
9367,20221018_110229.mat,4867739,4.867739,1,280,0.0334658709633445
9368,20221018_110229.mat,4997686,4.997686,1,180,0.0316337319499845
9369,20221018_110234.mat,75620,0.07562,1,205,0.0341781781252869
9370,20221018_110234.mat,95719,0.095719,1,155,0.0385201193763699
9371,20221018_110234.mat,105669,0.105669,1,185,0.0288219489570454
9372,20221018_110234.mat,135519,0.135519,1,185,0.036624937677283
9373,20221018_110234.mat,425263,0.425263,1,205,0.0333536720995325
9374,20221018_110234.mat,724758,0.724758,1,160,0.0374420047913438
9375,20221018_110234.mat,774707,0.774707,1,230,0.031677206430658
9376,20221018_110234.mat,784657,0.784657,1,180,0.0354060152748292
9377,20221018_110234.mat,794607,0.794607,1,185,0.0302581346613957
9378,20221018_110234.mat,934504,0.934504,1,180,0.0296466284175599
9379,20221018_110234.mat,944454,0.944454,1,180,0.0386617031304083
9380,20221018_110234.mat,954404,0.954404,1,160,0.0274713370425483
9381,20221018_110234.mat,1154200,1.1542,1,180,0.0338176940548916
9382,20221018_110234.mat,1164150,1.16415,1,165,0.0285373039567883
9383,20221018_110234.mat,1204149,1.204149,1,200,0.026267742003617
9384,20221018_110234.mat,1214099,1.214099,1,185,0.0394541057497814
9385,20221018_110234.mat,1254098,1.254098,1,150,0.0294363629726567
9386,20221018_110234.mat,1733290,1.73329,1,175,0.0368111417208863
9387,20221018_110234.mat,1743439,1.743439,1,175,0.0271707686468311
9388,20221018_110234.mat,1803338,1.803338,1,175,0.0308945761420816
9389,20221018_110234.mat,2152782,2.152782,1,165,0.0355354391893913
9390,20221018_110234.mat,2711972,2.711972,1,155,0.0343444475830169
9391,20221018_110234.mat,2751971,2.751971,1,170,0.0381389108714715
9392,20221018_110234.mat,2782020,2.78202,1,225,0.0292887584580735
9393,20221018_110234.mat,2801920,2.80192,1,280,0.0335574958485402
9394,20221018_110234.mat,3021616,3.021616,1,160,0.0318236784618331
9395,20221018_110234.mat,3051466,3.051466,1,170,0.0350430545230578
9396,20221018_110234.mat,3101415,3.101415,1,220,0.0280171018511517
9397,20221018_110234.mat,3151364,3.151364,1,180,0.0407604131804395
9398,20221018_110234.mat,3391159,3.391159,1,185,0.0367772245489365
9399,20221018_110234.mat,3630755,3.630755,1,160,0.0311474860668028
9400,20221018_110234.mat,3670754,3.670754,1,160,0.0313939766463772
9401,20221018_110234.mat,3690654,3.690654,1,250,0.0331199772792271
9402,20221018_110234.mat,3710554,3.710554,1,160,0.0310981789128552
9403,20221018_110234.mat,3750553,3.750553,1,125,0.0373809355836089
9404,20221018_110234.mat,3780602,3.780602,1,170,0.0442727148983946
9405,20221018_110234.mat,3940399,3.940399,1,160,0.0308157660109169
9406,20221018_110234.mat,3950349,3.950349,1,225,0.0275347618589837
9407,20221018_110234.mat,4120096,4.120096,1,185,0.0380895332161193
9408,20221018_110234.mat,4200094,4.200094,1,175,0.030978589908641
9409,20221018_110234.mat,4269943,4.269943,1,170,0.0306703122983207
9410,20221018_110234.mat,4279893,4.279893,1,180,0.0369741606106745
9411,20221018_110234.mat,4339792,4.339792,1,165,0.0329728440962477
9412,20221018_110234.mat,4569438,4.569438,1,130,0.0303045901532724
9413,20221018_110234.mat,4629337,4.629337,1,160,0.0375483835505566
9414,20221018_110234.mat,4709335,4.709335,1,215,0.034208628332065
9415,20221018_110234.mat,4819183,4.819183,1,280,0.0258664166767104
9416,20221018_110234.mat,4859182,4.859182,1,165,0.0343170448966294
9417,20221018_110234.mat,4969030,4.96903,1,160,0.0435629912587227
9418,20221018_110239.mat,71441,0.071441,1,250,0.0332775422850999
9419,20221018_110239.mat,261287,0.261287,1,175,0.036352678185898
9420,20221018_110239.mat,271237,0.271237,1,285,0.0344270866859532
9421,20221018_110239.mat,301087,0.301087,1,170,0.0344797006854908
9422,20221018_110239.mat,311037,0.311037,1,195,0.0297203895116565
9423,20221018_110239.mat,331136,0.331136,1,165,0.0371973529047958
9424,20221018_110239.mat,381085,0.381085,1,185,0.0323646345464962
9425,20221018_110239.mat,500883,0.500883,1,180,0.0399108612343437
9426,20221018_110239.mat,570732,0.570732,1,175,0.0363820185582488
9427,20221018_110239.mat,610731,0.610731,1,200,0.028746894707168
9428,20221018_110239.mat,620681,0.620681,1,155,0.0348946942889838
9429,20221018_110239.mat,690729,0.690729,1,155,0.0333576047442134
9430,20221018_110239.mat,730529,0.730529,1,175,0.0296891409035866
9431,20221018_110239.mat,790428,0.790428,1,105,0.0321749949574123
9432,20221018_110239.mat,1090122,1.090122,1,160,0.0279708218998134
9433,20221018_110239.mat,1120171,1.120171,1,275,0.0358935646400264
9434,20221018_110239.mat,1239969,1.239969,1,165,0.0387919850544271
9435,20221018_110239.mat,1259869,1.259869,1,220,0.0359699904368102
9436,20221018_110239.mat,1289918,1.289918,1,160,0.0357819354560089
9437,20221018_110239.mat,1329917,1.329917,1,180,0.0288871221921083
9438,20221018_110239.mat,1479764,1.479764,1,165,0.0390075058910886
9439,20221018_110239.mat,1489714,1.489714,1,170,0.0421966512295282
9440,20221018_110239.mat,1579463,1.579463,1,130,0.0290271021294368
9441,20221018_110239.mat,1589612,1.589612,1,160,0.0329751824417661
9442,20221018_110239.mat,1759359,1.759359,1,170,0.0381200111484338
9443,20221018_110239.mat,1889107,1.889107,1,245,0.0337635968779684
9444,20221018_110239.mat,2088903,2.088903,1,180,0.0322657827790976
9445,20221018_110239.mat,2108803,2.108803,1,210,0.035078010779275
9446,20221018_110239.mat,2168901,2.168901,1,180,0.0350725615005889
9447,20221018_110239.mat,2428397,2.428397,1,175,0.0294752908648728
9448,20221018_110239.mat,2478545,2.478545,1,180,0.0309886863488112
9449,20221018_110239.mat,2508395,2.508395,1,180,0.0368988042322825
9450,20221018_110239.mat,2588194,2.588194,1,280,0.0319853973299611
9451,20221018_110239.mat,2678142,2.678142,1,230,0.0324611650171377
9452,20221018_110239.mat,2818039,2.818039,1,155,0.0336503948083786
9453,20221018_110239.mat,3117733,3.117733,1,235,0.03429216260748
9454,20221018_110239.mat,3197532,3.197532,1,225,0.0330028173998234
9455,20221018_110239.mat,3317330,3.31733,1,170,0.0293246331142753
9456,20221018_110239.mat,3357329,3.357329,1,170,0.0437816478871659
9457,20221018_110239.mat,3387378,3.387378,1,185,0.0329791883316711
9458,20221018_110239.mat,3407278,3.407278,1,160,0.0367312879986878
9459,20221018_110239.mat,3527076,3.527076,1,160,0.0297333017545535
9460,20221018_110239.mat,3726872,3.726872,1,165,0.0292710021737205
9461,20221018_110239.mat,3776821,3.776821,1,170,0.0333565766145507
9462,20221018_110239.mat,3796721,3.796721,1,190,0.0270137982785102
9463,20221018_110239.mat,3826770,3.82677,1,160,0.0350291281110382
9464,20221018_110239.mat,3946568,3.946568,1,180,0.0350460627760278
9465,20221018_110239.mat,4006069,4.006069,1,185,0.0827281999084811
9466,20221018_110239.mat,4236312,4.236312,1,240,0.0319451856340077
9467,20221018_110239.mat,4296211,4.296211,1,105,0.0307827999044223
9468,20221018_110239.mat,4635705,4.635705,1,245,0.0313078965372801
9469,20221018_110239.mat,4775602,4.775602,1,165,0.0311571887228866
9470,20221018_110239.mat,4785552,4.785552,1,195,0.0418954547791878
9471,20221018_110239.mat,4945349,4.945349,1,225,0.0330684857926002
9472,20221018_110244.mat,122584,0.122584,1,170,0.0307732727496353
9473,20221018_110244.mat,202582,0.202582,1,180,0.04595531873877
9474,20221018_110244.mat,252531,0.252531,1,255,0.0276188753735387
9475,20221018_110244.mat,362379,0.362379,1,310,0.0299561440581992
9476,20221018_110244.mat,452128,0.452128,1,180,0.032459090177967
9477,20221018_110244.mat,592025,0.592025,1,180,0.0367106644974485
9478,20221018_110244.mat,821671,0.821671,1,255,0.0325285056298356
9479,20221018_110244.mat,831621,0.831621,1,170,0.0382872697130171
9480,20221018_110244.mat,1011517,1.011517,1,180,0.0483384290190018
9481,20221018_110244.mat,1021467,1.021467,1,160,0.0330547556044459
9482,20221018_110244.mat,1101266,1.101266,1,195,0.0311583738110732
9483,20221018_110244.mat,1131315,1.131315,1,185,0.0336572108591263
9484,20221018_110244.mat,1161364,1.161364,1,215,0.0303846921949187
9485,20221018_110244.mat,1251113,1.251113,1,155,0.0301421014238314
9486,20221018_110244.mat,1261063,1.261063,1,215,0.0311524130274385
9487,20221018_110244.mat,1920350,1.92035,1,190,0.0380587487996096
9488,20221018_110244.mat,2326310,2.32631,1,185,0.368636838901522
9489,20221018_110244.mat,2326509,2.326509,1,175,0.894730352771197
9490,20221018_110244.mat,2326708,2.326708,1,175,0.168767901222116
9491,20221018_110244.mat,2399741,2.399741,1,185,0.04006670559113
9492,20221018_110244.mat,2729285,2.729285,1,175,0.0296375783335271
9493,20221018_110244.mat,2879132,2.879132,1,185,0.0341454444423307
9494,20221018_110244.mat,3058829,3.058829,1,165,0.0378931504399153
9495,20221018_110244.mat,3188776,3.188776,1,175,0.0328019601087877
9496,20221018_110244.mat,3249670,3.24967,1,350,0.0540633037921384
9497,20221018_110244.mat,3458222,3.458222,1,170,0.0287210033505955
9498,20221018_110244.mat,3518320,3.51832,1,125,0.0325686116210896
9499,20221018_110244.mat,3678117,3.678117,1,175,0.0379701378972435
9500,20221018_110244.mat,3688067,3.688067,1,95,0.032087804407378
9501,20221018_110244.mat,3777816,3.777816,1,165,0.0345834983279909
9502,20221018_110244.mat,3877714,3.877714,1,185,0.0353341713450191
9503,20221018_110244.mat,3907763,3.907763,1,185,0.0368782534221639
9504,20221018_110244.mat,3927663,3.927663,1,165,0.0420292564943639
9505,20221018_110244.mat,3987562,3.987562,1,185,0.0374330292436758
9506,20221018_110244.mat,4027561,4.027561,1,180,0.0317284415569809
9507,20221018_110244.mat,4057610,4.05761,1,180,0.0406133519758221
9508,20221018_110244.mat,4347155,4.347155,1,170,0.0322024422011884
9509,20221018_110244.mat,4426954,4.426954,1,110,0.0287600008922205
9510,20221018_110244.mat,4526852,4.526852,1,180,0.0299788196036922
9511,20221018_110244.mat,4696599,4.696599,1,175,0.0327098242421918
9512,20221018_110244.mat,4716698,4.716698,1,495,0.0356191607333416
9513,20221018_110244.mat,4816397,4.816397,1,180,0.0344602454249054
9514,20221018_110244.mat,4866346,4.866346,1,195,0.0365827937117629
9515,20221018_110244.mat,4966244,4.966244,1,170,0.0321783658444871
9516,20221018_110244.mat,4986343,4.986343,1,170,0.0340177503041159
9517,20221018_110249.mat,23482,0.023482,1,155,0.0277223150251926
9518,20221018_110249.mat,43382,0.043382,1,165,0.0434632551953409
9519,20221018_110249.mat,133330,0.13333,1,170,0.0326449886110829
9520,20221018_110249.mat,143280,0.14328,1,160,0.0295477200185921
9521,20221018_110249.mat,153230,0.15323,1,235,0.0293059223720107
9522,20221018_110249.mat,233228,0.233228,1,165,0.0373692976916267
9523,20221018_110249.mat,253128,0.253128,1,165,0.028774400614226
9524,20221018_110249.mat,353026,0.353026,1,165,0.0341961207649294
9525,20221018_110249.mat,432825,0.432825,1,185,0.0343103877649211
9526,20221018_110249.mat,562772,0.562772,1,160,0.0430460704261124
9527,20221018_110249.mat,802368,0.802368,1,145,0.0269949133007273
9528,20221018_110249.mat,952215,0.952215,1,245,0.0367698749172169
9529,20221018_110249.mat,1022064,1.022064,1,160,0.0356816721108456
9530,20221018_110249.mat,1032014,1.032014,1,165,0.0351296301025976
9531,20221018_110249.mat,1151812,1.151812,1,105,0.0291188742768895
9532,20221018_110249.mat,1181861,1.181861,1,185,0.0362015423679116
9533,20221018_110249.mat,1251710,1.25171,1,130,0.0268405077903448
9534,20221018_110249.mat,1281759,1.281759,1,280,0.0305691995159081
9535,20221018_110249.mat,1311609,1.311609,1,255,0.0317198347071455
9536,20221018_110249.mat,1365339,1.365339,1,160,0.252271171905145
9537,20221018_110249.mat,1501455,1.501455,1,185,0.0324438817209994
9538,20221018_110249.mat,1511405,1.511405,1,180,0.0345339983515998
9539,20221018_110249.mat,1591204,1.591204,1,240,0.0356550683084401
9540,20221018_110249.mat,1611303,1.611303,1,185,0.0337833386769054
9541,20221018_110249.mat,1681152,1.681152,1,160,0.0468911992443171
9542,20221018_110249.mat,1721151,1.721151,1,145,0.0287025617313483
9543,20221018_110249.mat,1741051,1.741051,1,175,0.0272822732062278
9544,20221018_110249.mat,2390189,2.390189,1,175,0.0369465998921867
9545,20221018_110249.mat,2430188,2.430188,1,295,0.0335342021582915
9546,20221018_110249.mat,2599935,2.599935,1,150,0.030689586569703
9547,20221018_110249.mat,2779831,2.779831,1,170,0.031811776623814
9548,20221018_110249.mat,3024004,3.024004,1,180,0.0670327698327255
9549,20221018_110249.mat,3059426,3.059426,1,150,0.0317327606053043
9550,20221018_110249.mat,3099425,3.099425,1,160,0.046523166172426
9551,20221018_110249.mat,3149374,3.149374,1,255,0.0350228655252295
9552,20221018_110249.mat,3169274,3.169274,1,145,0.0362030120147674
9553,20221018_110249.mat,3249272,3.249272,1,215,0.0273582431217113
9554,20221018_110249.mat,3259222,3.259222,1,180,0.0498450536817844
9555,20221018_110249.mat,3468968,3.468968,1,170,0.0340293376823757
9556,20221018_110249.mat,3518917,3.518917,1,190,0.0381119466630159
9557,20221018_110249.mat,3638715,3.638715,1,230,0.0288521521091554
9558,20221018_110249.mat,3718713,3.718713,1,160,0.0375554117352306
9559,20221018_110249.mat,3748563,3.748563,1,170,0.0369947118616634
9560,20221018_110249.mat,3818611,3.818611,1,215,0.0298820746273064
9561,20221018_110249.mat,4088256,4.088256,1,185,0.0363566297424004
9562,20221018_110249.mat,4387950,4.38795,1,170,0.0367407616908393
9563,20221018_110249.mat,4417800,4.4178,1,175,0.0349636513692593
9564,20221018_110249.mat,4477699,4.477699,1,170,0.0266407776623197
9565,20221018_110249.mat,4937190,4.93719,1,95,0.0348146055721154
9566,20221018_110254.mat,47561,0.047561,1,205,0.0302358889488856
9567,20221018_110254.mat,157608,0.157608,1,185,0.0393106902506981
9568,20221018_110254.mat,207557,0.207557,1,220,0.0293225049007007
9569,20221018_110254.mat,237407,0.237407,1,165,0.0421577574204446
9570,20221018_110254.mat,357404,0.357404,1,160,0.0335154327044726
9571,20221018_110254.mat,387254,0.387254,1,165,0.0406253624231997
9572,20221018_110254.mat,407353,0.407353,1,220,0.0312785469109823
9573,20221018_110254.mat,427253,0.427253,1,180,0.0354618586739552
9574,20221018_110254.mat,457103,0.457103,1,265,0.025873980363529
9575,20221018_110254.mat,507251,0.507251,1,170,0.0425828096504623
9576,20221018_110254.mat,826845,0.826845,1,160,0.0378626819428539
9577,20221018_110254.mat,936693,0.936693,1,165,0.0355182164518754
9578,20221018_110254.mat,956593,0.956593,1,160,0.0396698839310592
9579,20221018_110254.mat,966742,0.966742,1,215,0.0305891146805625
9580,20221018_110254.mat,1116589,1.116589,1,155,0.0355721210138268
9581,20221018_110254.mat,1336285,1.336285,1,230,0.0338685848641941
9582,20221018_110254.mat,1416283,1.416283,1,215,0.037022893951124
9583,20221018_110254.mat,1666028,1.666028,1,175,0.039535890190971
9584,20221018_110254.mat,1695878,1.695878,1,160,0.0304347665083039
9585,20221018_110254.mat,1885724,1.885724,1,160,0.0383894421613165
9586,20221018_110254.mat,1895674,1.895674,1,180,0.042477014888443
9587,20221018_110254.mat,1985622,1.985622,1,180,0.0368659062186969
9588,20221018_110254.mat,2115370,2.11537,1,155,0.0333776288921594
9589,20221018_110254.mat,2185418,2.185418,1,185,0.0310131789174296
9590,20221018_110254.mat,2215268,2.215268,1,185,0.0322318151060195
9591,20221018_110254.mat,2315166,2.315166,1,165,0.0367898744629658
9592,20221018_110254.mat,2375264,2.375264,1,170,0.0305081854523558
9593,20221018_110254.mat,2395164,2.395164,1,180,0.0321617796932784
9594,20221018_110254.mat,2431581,2.431581,1,180,0.189389752775785
9595,20221018_110254.mat,2431780,2.43178,1,180,0.0834362197349917
9596,20221018_110254.mat,2648889,2.648889,1,175,0.063527391473123
9597,20221018_110254.mat,2649088,2.649088,1,160,0.177094709541094
9598,20221018_110254.mat,2649287,2.649287,1,165,0.0705021034512193
9599,20221018_110254.mat,2652869,2.652869,1,160,0.159237957816008
9600,20221018_110254.mat,2653068,2.653068,1,155,0.104725106883488
9601,20221018_110254.mat,2653665,2.653665,1,230,0.0642880032500703
9602,20221018_110254.mat,2653864,2.653864,1,175,0.0518528201577698
9603,20221018_110254.mat,2814656,2.814656,1,220,0.0279887568592369
9604,20221018_110254.mat,2874754,2.874754,1,220,0.0298615424754482
9605,20221018_110254.mat,2954553,2.954553,1,235,0.0295886642831457
9606,20221018_110254.mat,3054451,3.054451,1,290,0.0326392399069094
9607,20221018_110254.mat,3134449,3.134449,1,185,0.0276013419328163
9608,20221018_110254.mat,3224397,3.224397,1,260,0.0310694416909287
9609,20221018_110254.mat,3234347,3.234347,1,165,0.0398947763413
9610,20221018_110254.mat,3424193,3.424193,1,185,0.0324603882450203
9611,20221018_110254.mat,3633939,3.633939,1,250,0.0341847493052553
9612,20221018_110254.mat,3743787,3.743787,1,170,0.0321493754615595
9613,20221018_110254.mat,3965075,3.965075,1,495,0.0705664317484045
9614,20221018_110254.mat,3965274,3.965274,1,160,0.179155692006117
9615,20221018_110254.mat,4147160,4.14716,1,180,0.0568047197515734
9616,20221018_110254.mat,4512922,4.512922,1,165,0.0342110606553085
9617,20221018_110254.mat,4682669,4.682669,1,160,0.0354479978437948
9618,20221018_110259.mat,159996,0.159996,1,210,0.0299100196600568
9619,20221018_110259.mat,449740,0.44974,1,125,0.0300071326753403
9620,20221018_110259.mat,459690,0.45969,1,240,0.0265895531719956
9621,20221018_110259.mat,649536,0.649536,1,225,0.0292479183604636
9622,20221018_110259.mat,689336,0.689336,1,125,0.0334376959495631
9623,20221018_110259.mat,1368722,1.368722,1,165,0.0282982764719294
9624,20221018_110259.mat,1728315,1.728315,1,210,0.0290212711372805
9625,20221018_110259.mat,1848312,1.848312,1,180,0.0393093755730189
9626,20221018_110259.mat,1888311,1.888311,1,160,0.0389700005054924
9627,20221018_110259.mat,2048108,2.048108,1,205,0.0328099727016639
9628,20221018_110259.mat,2068008,2.068008,1,180,0.0486812687872673
9629,20221018_110259.mat,2127907,2.127907,1,235,0.0300016823825683
9630,20221018_110259.mat,2427601,2.427601,1,155,0.032157038728902
9631,20221018_110259.mat,3266784,3.266784,1,170,0.040217290476303
9632,20221018_110259.mat,3296833,3.296833,1,215,0.0338424787791405
9633,20221018_110259.mat,3556528,3.556528,1,185,0.0337663461464591
9634,20221018_110259.mat,4325862,4.325862,1,185,0.0459817611142507
9635,20221018_110259.mat,4395711,4.395711,1,190,0.0339059312022595
9636,20221018_110259.mat,4515708,4.515708,1,180,0.0313055677843381
9637,20221018_110259.mat,4615606,4.615606,1,170,0.0348822912342569
9638,20221018_110259.mat,4755503,4.755503,1,170,0.0369665813439035
9639,20221018_110259.mat,4865351,4.865351,1,185,0.0334986515964941
9640,20221018_110304.mat,97510,0.09751,1,160,0.0272328119528547
9641,20221018_110304.mat,347255,0.347255,1,225,0.0355943749013263
9642,20221018_110304.mat,367354,0.367354,1,180,0.0417417461397139
9643,20221018_110304.mat,407353,0.407353,1,180,0.0412636769921738
9644,20221018_110304.mat,437203,0.437203,1,175,0.0385737727553006
9645,20221018_110304.mat,676998,0.676998,1,110,0.0293059736663108
9646,20221018_110304.mat,747046,0.747046,1,230,0.0343734229686353
9647,20221018_110304.mat,1186637,1.186637,1,160,0.0472148659735078
9648,20221018_110304.mat,1416283,1.416283,1,180,0.0354394629810135
9649,20221018_110304.mat,1795975,1.795975,1,170,0.0325486797791235
9650,20221018_110304.mat,1983632,1.983632,1,165,0.106134748080587
9651,20221018_110304.mat,1983831,1.983831,1,165,0.0558276388204273
9652,20221018_110304.mat,2175667,2.175667,1,205,0.0340109260415428
9653,20221018_110304.mat,2189796,2.189796,1,160,0.0666764257607146
9654,20221018_110304.mat,2295664,2.295664,1,170,0.037539656661781
9655,20221018_110304.mat,2305614,2.305614,1,160,0.0389456752488122
9656,20221018_110304.mat,2745205,2.745205,1,185,0.0320012377734596
9657,20221018_110304.mat,3224795,3.224795,1,170,0.0320472172518638
9658,20221018_110304.mat,3644685,3.644685,1,230,0.404030178295837
9659,20221018_110304.mat,3644884,3.644884,1,155,0.11981807400252
9660,20221018_110304.mat,3904181,3.904181,1,280,0.0395495535380824
9661,20221018_110304.mat,3984179,3.984179,1,180,0.038803134202478
9662,20221018_110304.mat,4124076,4.124076,1,180,0.0372279881869751
9663,20221018_110304.mat,4303972,4.303972,1,100,0.0288327862278241
9664,20221018_110304.mat,4393721,4.393721,1,160,0.0361494225926138
9665,20221018_110304.mat,4403870,4.40387,1,230,0.0296224876477815
9666,20221018_110304.mat,4873510,4.87351,1,170,0.0432225389889452
9667,20221018_110309.mat,84774,0.084774,1,160,0.0445961810017524
9668,20221018_110309.mat,174523,0.174523,1,195,0.035738170197506
9669,20221018_110309.mat,474416,0.474416,1,190,0.0355538024860299
9670,20221018_110309.mat,494316,0.494316,1,230,0.0359389195578353
9671,20221018_110309.mat,584264,0.584264,1,185,0.0286948138263367
9672,20221018_110309.mat,744260,0.74426,1,120,0.0328063435233588
9673,20221018_110309.mat,1193801,1.193801,1,135,0.0335398557275695
9674,20221018_110309.mat,1433596,1.433596,1,190,0.029798424022929
9675,20221018_110309.mat,1523544,1.523544,1,170,0.0339294622387135
9676,20221018_110309.mat,1623442,1.623442,1,180,0.0403042473850106
9677,20221018_110309.mat,2263028,2.263028,1,160,0.0301114163740238
9678,20221018_110309.mat,2382826,2.382826,1,160,0.0287418309089905
9679,20221018_110309.mat,2572672,2.572672,1,180,0.031370031962009
9680,20221018_110309.mat,2702619,2.702619,1,235,0.0341851756457695
9681,20221018_110309.mat,3122310,3.12231,1,170,0.0335364666271416
9682,20221018_110309.mat,3292057,3.292057,1,160,0.0438794240022448
9683,20221018_110309.mat,3391955,3.391955,1,145,0.0331771815024794
9684,20221018_110309.mat,3641899,3.641899,1,160,0.0369712179347828
9685,20221018_110309.mat,4011442,4.011442,1,290,0.0308618728516202
9686,20221018_110309.mat,4051441,4.051441,1,125,0.032682169002696
9687,20221018_110309.mat,4361284,4.361284,1,160,0.031061725130844
9688,20221018_110309.mat,4730827,4.730827,1,160,0.0417138033065105
9689,20221018_110309.mat,4780776,4.780776,1,185,0.0319243463210592
9690,20221018_110314.mat,359593,0.359593,1,160,0.0389925525677155
9691,20221018_110314.mat,589438,0.589438,1,175,0.0280543711770691
9692,20221018_110314.mat,599388,0.599388,1,160,0.0351572016120567
9693,20221018_110314.mat,649337,0.649337,1,120,0.0337906663253474
9694,20221018_110314.mat,819283,0.819283,1,150,0.0275746223092773
9695,20221018_110314.mat,1039178,1.039178,1,165,0.0337080963816376
9696,20221018_110314.mat,1378871,1.378871,1,180,0.0408707392178638
9697,20221018_110314.mat,1448720,1.44872,1,170,0.0367163163292708
9698,20221018_110314.mat,1468819,1.468819,1,175,0.0294026994452328
9699,20221018_110314.mat,1568717,1.568717,1,160,0.0372947991748682
9700,20221018_110314.mat,1638566,1.638566,1,160,0.0321453141403316
9701,20221018_110314.mat,1838561,1.838561,1,165,0.0360828929400637
9702,20221018_110314.mat,1938459,1.938459,1,170,0.0319965833990441
9703,20221018_110314.mat,2028407,2.028407,1,160,0.0311835601884704
9704,20221018_110314.mat,2637944,2.637944,1,180,0.0342247704155532
9705,20221018_110314.mat,2657844,2.657844,1,170,0.032112070306893
9706,20221018_110314.mat,2777841,2.777841,1,190,0.0314877496000042
9707,20221018_110314.mat,2787791,2.787791,1,170,0.0321290156414747
9708,20221018_110314.mat,2997736,2.997736,1,160,0.0298093593077759
9709,20221018_110314.mat,3337429,3.337429,1,170,0.0390173538813418
9710,20221018_110314.mat,4116912,4.116912,1,245,0.0372884179709644
9711,20221018_110314.mat,4166861,4.166861,1,175,0.031330450159999
9712,20221018_110314.mat,4366856,4.366856,1,165,0.0342998145368782
9713,20221018_110314.mat,4536603,4.536603,1,170,0.0319222834438519
9714,20221018_110314.mat,4966443,4.966443,1,195,0.0315435409148982
9715,20221018_110319.mat,46765,0.046765,1,160,0.0359793343251564
9716,20221018_110319.mat,126763,0.126763,1,170,0.0379606937698998
9717,20221018_110319.mat,166762,0.166762,1,205,0.0272856144712179
9718,20221018_110319.mat,546653,0.546653,1,185,0.0320311315459649
9719,20221018_110319.mat,786448,0.786448,1,200,0.0299450657386769
9720,20221018_110319.mat,1026442,1.026442,1,160,0.0431381082095116
9721,20221018_110319.mat,1086341,1.086341,1,180,0.0308442753051926
9722,20221018_110319.mat,1096291,1.096291,1,170,0.0318995693632373
9723,20221018_110319.mat,1226238,1.226238,1,265,0.0349135402453719
9724,20221018_110319.mat,1466232,1.466232,1,245,0.030928391167544
9725,20221018_110319.mat,1965921,1.965921,1,240,0.03005239555437
9726,20221018_110319.mat,2026019,2.026019,1,280,0.0335792063625906
9727,20221018_110319.mat,2365712,2.365712,1,265,0.0318032093039943
9728,20221018_110319.mat,2415860,2.41586,1,155,0.038120000771546
9729,20221018_110319.mat,2565707,2.565707,1,180,0.0473622445752641
9730,20221018_110319.mat,2615656,2.615656,1,165,0.0364115870680354
9731,20221018_110319.mat,2835551,2.835551,1,260,0.0276565736742653
9732,20221018_110319.mat,3065396,3.065396,1,170,0.0301236997635907
9733,20221018_110319.mat,3195343,3.195343,1,225,0.0288950929195275
9734,20221018_110319.mat,3375438,3.375438,1,160,0.0324309465847261
9735,20221018_110319.mat,3515335,3.515335,1,180,0.0443608733594598
9736,20221018_110319.mat,3835128,3.835128,1,155,0.0305806679166278
9737,20221018_110319.mat,4224969,4.224969,1,170,0.0328245291600479
9738,20221018_110319.mat,4474913,4.474913,1,190,0.0308052722861926
9739,20221018_110324.mat,270242,0.270242,1,165,0.0412356739287934
9740,20221018_110324.mat,310241,0.310241,1,165,0.0387760703421588
9741,20221018_110324.mat,880177,0.880177,1,170,0.0252726260001735
9742,20221018_110324.mat,1579861,1.579861,1,175,0.041330188334811
9743,20221018_110324.mat,1729708,1.729708,1,165,0.0408336290144132
9744,20221018_110324.mat,2029800,2.0298,1,160,0.0264005026284717
9745,20221018_110324.mat,2969478,2.969478,1,160,0.0300026236090312
9746,20221018_110324.mat,3029377,3.029377,1,185,0.0367698444296023
9747,20221018_110324.mat,3249272,3.249272,1,230,0.0331519423918906
9748,20221018_110324.mat,3299420,3.29942,1,180,0.0400150740351407
9749,20221018_110324.mat,3359319,3.359319,1,180,0.034680855245281
9750,20221018_110324.mat,3689261,3.689261,1,170,0.0313498375954299
9751,20221018_110324.mat,3919106,3.919106,1,170,0.0337641202209222
9752,20221018_110324.mat,4019203,4.019203,1,160,0.0399075759057705
9753,20221018_110324.mat,4239098,4.239098,1,170,0.0345545689086068
9754,20221018_110324.mat,4369045,4.369045,1,165,0.0336459624515913
9755,20221018_110324.mat,4478893,4.478893,1,185,0.037224837478893
9756,20221018_110324.mat,4568841,4.568841,1,155,0.0325840240634369
9757,20221018_110324.mat,4598890,4.59889,1,155,0.0358115844350906
9758,20221018_110324.mat,4608840,4.60884,1,180,0.031939238703145
9759,20221018_110329.mat,422079,0.422079,1,160,0.032989590963766
9760,20221018_110329.mat,442178,0.442178,1,165,0.0295625898894814
9761,20221018_110329.mat,472028,0.472028,1,195,0.0354957829349383
9762,20221018_110329.mat,686550,0.68655,1,155,0.088134978560058
9763,20221018_110329.mat,912017,0.912017,1,185,0.035881500632802
9764,20221018_110329.mat,1031815,1.031815,1,170,0.0426534431192197
9765,20221018_110329.mat,1231810,1.23181,1,140,0.0348177656670669
9766,20221018_110329.mat,1491704,1.491704,1,330,0.032834383883105
9767,20221018_110329.mat,1551603,1.551603,1,170,0.0783268267621766
9768,20221018_110329.mat,1551802,1.551802,1,160,0.134778868484849
9769,20221018_110329.mat,1761548,1.761548,1,175,0.0480051107640515
9770,20221018_110329.mat,1861446,1.861446,1,170,0.0344631491259103
9771,20221018_110329.mat,1981443,1.981443,1,220,0.0381433354021386
9772,20221018_110329.mat,2241337,2.241337,1,280,0.0309985470420758
9773,20221018_110329.mat,2431382,2.431382,1,170,0.0405484531535987
9774,20221018_110329.mat,2531280,2.53128,1,185,0.0324206051142253
9775,20221018_110329.mat,2991169,2.991169,1,155,0.0311947081465728
9776,20221018_110329.mat,3021019,3.021019,1,120,0.0299542582958307
9777,20221018_110329.mat,3331061,3.331061,1,155,0.0361040371791186
9778,20221018_110329.mat,3371060,3.37106,1,185,0.0342329641129687
9779,20221018_110329.mat,3550956,3.550956,1,170,0.0406624701298951
9780,20221018_110329.mat,3560906,3.560906,1,160,0.0369534381913198
9781,20221018_110329.mat,3650854,3.650854,1,215,0.0335325977314595
9782,20221018_110329.mat,3710753,3.710753,1,230,0.0334298035486287
9783,20221018_110329.mat,3720902,3.720902,1,195,0.0323685487026373
9784,20221018_110329.mat,4140593,4.140593,1,190,0.0340786184323944
9785,20221018_110329.mat,4250640,4.25064,1,235,0.03234655953199
9786,20221018_110329.mat,4560483,4.560483,1,170,0.0334605973384225
9787,20221018_110329.mat,4570433,4.570433,1,165,0.0302150383884416
9788,20221018_110334.mat,489142,0.489142,1,260,0.0287166708308443
9789,20221018_110334.mat,1138479,1.138479,1,180,0.0448849655567437
9790,20221018_110334.mat,1205741,1.205741,1,155,0.2868864330519
9791,20221018_110334.mat,1205940,1.20594,1,155,0.0791709254293399
9792,20221018_110334.mat,1218676,1.218676,1,170,0.0374471526410426
9793,20221018_110334.mat,1393597,1.393597,1,280,0.0456577293661828
9794,20221018_110334.mat,1816273,1.816273,1,195,0.0563571241166393
9795,20221018_110334.mat,1816472,1.816472,1,155,0.493874242082083
9796,20221018_110334.mat,2310390,2.31039,1,155,0.0846878679475388
9797,20221018_110334.mat,2318350,2.31835,1,170,0.0323447098966027
9798,20221018_110334.mat,2355364,2.355364,1,175,0.048136106919538
9799,20221018_110334.mat,2358349,2.358349,1,170,0.0336879120151176
9800,20221018_110334.mat,2398149,2.398149,1,230,0.0672077942944511
9801,20221018_110334.mat,2398348,2.398348,1,175,0.0613700821529431
9802,20221018_110334.mat,2401532,2.401532,1,155,0.578324876704803
9803,20221018_110334.mat,2401731,2.401731,1,165,0.127829205240229
9804,20221018_110334.mat,2401930,2.40193,1,160,0.113279553743244
9805,20221018_110334.mat,2402726,2.402726,1,175,0.772577433080839
9806,20221018_110334.mat,2402925,2.402925,1,170,0.311299457963852
9807,20221018_110334.mat,2403124,2.403124,1,180,0.360454296484679
9808,20221018_110334.mat,2403323,2.403323,1,175,0.235299227958876
9809,20221018_110334.mat,2403920,2.40392,1,175,0.0629914656040836
9810,20221018_110334.mat,2404119,2.404119,1,175,0.24738126617306
9811,20221018_110334.mat,2404318,2.404318,1,165,0.0735574829064528
9812,20221018_110334.mat,2404517,2.404517,1,180,0.536704757291932
9813,20221018_110334.mat,2404716,2.404716,1,180,1.92644681689371
9814,20221018_110334.mat,2404915,2.404915,1,180,0.651771144863684
9815,20221018_110334.mat,2405114,2.405114,1,175,0.0867644584282277
9816,20221018_110334.mat,2406706,2.406706,1,175,0.102132815876171
9817,20221018_110334.mat,2406905,2.406905,1,175,0.142417836216907
9818,20221018_110334.mat,2409094,2.409094,1,180,0.0704571449479277
9819,20221018_110334.mat,2418646,2.418646,1,160,0.140915703106253
9820,20221018_110334.mat,2418845,2.418845,1,155,0.237436519446238
9821,20221018_110334.mat,2423621,2.423621,1,160,0.108761688960161
9822,20221018_110334.mat,2423820,2.42382,1,175,0.0855253652997893
9823,20221018_110334.mat,2428198,2.428198,1,180,0.0358424270752161
9824,20221018_110334.mat,2432576,2.432576,1,175,0.109457929771625
9825,20221018_110334.mat,2432775,2.432775,1,175,0.0481126173134546
9826,20221018_110334.mat,2452476,2.452476,1,175,0.138168348562028
9827,20221018_110334.mat,2452675,2.452675,1,175,0.126713952596278
9828,20221018_110334.mat,2452874,2.452874,1,175,0.123374975335216
9829,20221018_110334.mat,2460635,2.460635,1,185,0.0829050712207374
9830,20221018_110334.mat,2460834,2.460834,1,175,0.47246496649504
9831,20221018_110334.mat,2461033,2.461033,1,175,0.0987242691206377
9832,20221018_110334.mat,2469789,2.469789,1,225,0.0448914396764583
9833,20221018_110334.mat,2473172,2.473172,1,350,0.045583808647189
9834,20221018_110334.mat,2473371,2.473371,1,175,0.381765743384733
9835,20221018_110334.mat,2473570,2.47357,1,175,0.0666653594552932
9836,20221018_110334.mat,2482326,2.482326,1,160,0.079837330202152
9837,20221018_110334.mat,2483122,2.483122,1,160,0.133048844522452
9838,20221018_110334.mat,2483321,2.483321,1,165,0.214031497401759
9839,20221018_110334.mat,2483520,2.48352,1,155,0.0723659422146916
9840,20221018_110334.mat,2490684,2.490684,1,230,0.0671794442986281
9841,20221018_110334.mat,2491480,2.49148,1,175,0.0653487613991543
9842,20221018_110334.mat,2492674,2.492674,1,160,0.0654442300548923
9843,20221018_110334.mat,2494863,2.494863,1,230,0.0708377123311238
9844,20221018_110334.mat,2496057,2.496057,1,160,0.0827407217755084
9845,20221018_110334.mat,2519539,2.519539,1,155,0.058084090736705
9846,20221018_110334.mat,2520534,2.520534,1,155,0.0702329894800288
9847,20221018_110334.mat,2552374,2.552374,1,155,0.0602484019230477
9848,20221018_110334.mat,2557349,2.557349,1,170,0.117131314239882
9849,20221018_110334.mat,2557548,2.557548,1,175,0.0868901998427064
9850,20221018_110334.mat,2568692,2.568692,1,175,0.0467884069673781
9851,20221018_110334.mat,2658043,2.658043,1,165,0.0404344315315091
9852,20221018_110334.mat,2954155,2.954155,1,160,0.142283414930592
9853,20221018_110334.mat,2954354,2.954354,1,160,0.0510082229923316
9854,20221018_110334.mat,3163304,3.163304,1,135,0.0618517347379108
9855,20221018_110334.mat,3203303,3.203303,1,160,0.0555547183815056
9856,20221018_110334.mat,3329469,3.329469,1,380,0.0632631293582878
9857,20221018_110334.mat,3329668,3.329668,1,350,0.452873886015869
9858,20221018_110334.mat,3357727,3.357727,1,200,0.0356566465020948
9859,20221018_110334.mat,3495236,3.495236,1,175,0.240393903360908
9860,20221018_110334.mat,3495435,3.495435,1,170,0.0872000424422577
9861,20221018_110334.mat,3577821,3.577821,1,165,0.0437231657144798
9862,20221018_110334.mat,3587771,3.587771,1,240,0.0312015836083962
9863,20221018_110334.mat,3857615,3.857615,1,180,0.0320962599629634
9864,20221018_110334.mat,4247456,4.247456,1,200,0.0386075248937103
9865,20221018_110334.mat,4287455,4.287455,1,205,0.0293987211951124
9866,20221018_110334.mat,4497798,4.497798,1,180,0.0599866414203705
9867,20221018_110334.mat,4507350,4.50735,1,175,0.0358617673606873
9868,20221018_110334.mat,4940374,4.940374,1,230,0.0988564883219377
9869,20221018_110339.mat,146066,0.146066,1,230,0.029164897458702
9870,20221018_110339.mat,247357,0.247357,1,170,0.0650371582547057
9871,20221018_110339.mat,247556,0.247556,1,180,0.092230960465355
9872,20221018_110339.mat,249944,0.249944,1,160,0.085295301365052
9873,20221018_110339.mat,492326,0.492326,1,170,0.162232798343852
9874,20221018_110339.mat,492525,0.492525,1,165,0.555176079968902
9875,20221018_110339.mat,493122,0.493122,1,165,0.17718066498846
9876,20221018_110339.mat,493321,0.493321,1,165,0.0852162244052509
9877,20221018_110339.mat,644163,0.644163,1,180,0.0649972683930426
9878,20221018_110339.mat,735902,0.735902,1,255,0.0287201946738739
9879,20221018_110339.mat,840576,0.840576,1,160,0.339211742396809
9880,20221018_110339.mat,970722,0.970722,1,175,0.103546491630131
9881,20221018_110339.mat,971120,0.97112,1,205,0.0758904621751956
9882,20221018_110339.mat,1118778,1.118778,1,165,0.0518396340518553
9883,20221018_110339.mat,1123156,1.123156,1,175,0.0691976824478645
9884,20221018_110339.mat,1123355,1.123355,1,165,0.098685726153307
9885,20221018_110339.mat,1131912,1.131912,1,175,0.056203155788456
9886,20221018_110339.mat,1148230,1.14823,1,175,0.184291564152241
9887,20221018_110339.mat,1150817,1.150817,1,165,0.0694619107885767
9888,20221018_110339.mat,1151016,1.151016,1,175,0.229269296351395
9889,20221018_110339.mat,1151215,1.151215,1,175,0.0798118145677895
9890,20221018_110339.mat,1151613,1.151613,1,180,0.0915427227795296
9891,20221018_110339.mat,1483744,1.483744,1,175,0.0677877032216754
9892,20221018_110339.mat,1675580,1.67558,1,185,0.0308623009345497
9893,20221018_110339.mat,1695679,1.695679,1,180,0.0320081746178641
9894,20221018_110339.mat,1858262,1.858262,1,175,0.109239010596287
9895,20221018_110339.mat,1901246,1.901246,1,165,0.0986855847206086
9896,20221018_110339.mat,2055670,2.05567,1,175,0.0313688811910596
9897,20221018_110339.mat,2585408,2.585408,1,165,0.0297819640339432
9898,20221018_110339.mat,2745404,2.745404,1,180,0.173002129776866
9899,20221018_110339.mat,2774856,2.774856,1,165,0.111556232800647
9900,20221018_110339.mat,2775652,2.775652,1,180,0.0593380935586249
9901,20221018_110339.mat,2789582,2.789582,1,165,0.132831588489905
9902,20221018_110339.mat,2790378,2.790378,1,180,0.137718426932152
9903,20221018_110339.mat,2798935,2.798935,1,175,0.0723186280982207
9904,20221018_110339.mat,2802915,2.802915,1,175,0.0621319405137429
9905,20221018_110339.mat,2814457,2.814457,1,155,0.0762607597575947
9906,20221018_110339.mat,2985398,2.985398,1,195,0.0286296109515416
9907,20221018_110339.mat,3615233,3.615233,1,200,0.0302632962613293
9908,20221018_110339.mat,3785378,3.785378,1,180,0.0316895638255237
9909,20221018_110339.mat,3805278,3.805278,1,145,0.0273970010341246
9910,20221018_110339.mat,3825377,3.825377,1,165,0.0346478603672763
9911,20221018_110339.mat,4175219,4.175219,1,170,0.0321196056067665
9912,20221018_110344.mat,523569,0.523569,1,185,0.0306895189687957
9913,20221018_110344.mat,783662,0.783662,1,105,0.0308061927475818
9914,20221018_110344.mat,847143,0.847143,1,165,0.111214066656647
9915,20221018_110344.mat,847342,0.847342,1,175,0.100551237598915
9916,20221018_110344.mat,1333499,1.333499,1,270,0.0326253121710906
9917,20221018_110344.mat,1353399,1.353399,1,165,0.0372381122443541
9918,20221018_110344.mat,1623442,1.623442,1,180,0.0379183390510069
9919,20221018_110344.mat,1763339,1.763339,1,185,0.0253627931417334
9920,20221018_110344.mat,1863436,1.863436,1,245,0.0273330030086414
9921,20221018_110344.mat,1963334,1.963334,1,180,0.0362787444130821
9922,20221018_110344.mat,2053282,2.053282,1,205,0.0295308863213326
9923,20221018_110344.mat,2103430,2.10343,1,180,0.0327687259343692
9924,20221018_110344.mat,2303425,2.303425,1,165,0.0431573047051784
9925,20221018_110344.mat,2453272,2.453272,1,160,0.0380239224741538
9926,20221018_110344.mat,2503221,2.503221,1,165,0.0304922251978055
9927,20221018_110344.mat,2533270,2.53327,1,165,0.0465067788025787
9928,20221018_110344.mat,2613268,2.613268,1,180,0.0292106349539969
9929,20221018_110344.mat,2653267,2.653267,1,240,0.0273071575171293
9930,20221018_110344.mat,2693266,2.693266,1,225,0.0291847201298357
9931,20221018_110344.mat,2783214,2.783214,1,165,0.0430094878878875
9932,20221018_110344.mat,2843312,2.843312,1,180,0.038526521833607
9933,20221018_110344.mat,3163105,3.163105,1,180,0.0373198405136941
9934,20221018_110344.mat,3253053,3.253053,1,175,0.0392464737077102
9935,20221018_110344.mat,3363100,3.3631,1,190,0.034146885108901
9936,20221018_110344.mat,3493047,3.493047,1,230,0.0343134412021276
9937,20221018_110344.mat,3693042,3.693042,1,190,0.0401951323547061
9938,20221018_110344.mat,4442874,4.442874,1,110,0.0329710162216619
9939,20221018_110344.mat,4511529,4.511529,1,370,0.0692722062234659
9940,20221018_110344.mat,4511728,4.511728,1,345,0.202770988415962
9941,20221018_110344.mat,4692818,4.692818,1,165,0.0348440916577376
9942,20221018_110344.mat,4712917,4.712917,1,185,0.0341363806673861
9943,20221018_110344.mat,4972811,4.972811,1,175,0.0545694550199055
