event_id,file_name,start_sample,event_time_s,rms,threshold,valid_peak_count
1,20221018_110039.mat,83779,0.083779,0.000959175368654375,0.000936295822816573,3
2,20221018_110039.mat,153628,0.153628,0.000963833584986818,0.000936295822816573,3
3,20221018_110039.mat,183478,0.183478,0.000972096767047879,0.000936295822816573,3
4,20221018_110039.mat,213328,0.213328,0.000944938430679334,0.000936295822816573,3
5,20221018_110039.mat,452924,0.452924,0.000977139888725445,0.000936295822816573,3
6,20221018_110039.mat,502873,0.502873,0.000986934261725776,0.000936295822816573,3
7,20221018_110039.mat,544862,0.544862,0.00192020132376414,0.000936295822816573,3
8,20221018_110039.mat,545061,0.545061,0.00166295071710147,0.000936295822816573,3
9,20221018_110039.mat,631029,0.631029,0.00164833404717871,0.000936295822816573,3
10,20221018_110039.mat,631228,0.631228,0.00178092234202493,0.000936295822816573,3
11,20221018_110039.mat,672421,0.672421,0.000941649550985458,0.000936295822816573,3
12,20221018_110039.mat,708440,0.70844,0.00145320674332502,0.000936295822816573,3
13,20221018_110039.mat,752220,0.75222,0.000977771333297681,0.000936295822816573,3
14,20221018_110039.mat,872018,0.872018,0.000965797756835521,0.000936295822816573,3
15,20221018_110039.mat,971916,0.971916,0.000941808128234488,0.000936295822816573,3
16,20221018_110039.mat,1091515,1.091515,0.00100918370205624,0.000936295822816573,3
17,20221018_110039.mat,1141464,1.141464,0.000983457324570536,0.000936295822816573,3
18,20221018_110039.mat,1189224,1.189224,0.00178085474711782,0.000936295822816573,3
19,20221018_110039.mat,1360961,1.360961,0.000959178174747561,0.000936295822816573,3
20,20221018_110039.mat,1391010,1.39101,0.000957643730505274,0.000936295822816573,3
21,20221018_110039.mat,1510609,1.510609,0.00096401383435314,0.000936295822816573,3
22,20221018_110039.mat,1610507,1.610507,0.00102041697233574,0.000936295822816573,3
23,20221018_110039.mat,1720156,1.720156,0.000955943045278391,0.000936295822816573,3
24,20221018_110039.mat,1820054,1.820054,0.000961409846705098,0.000936295822816573,3
25,20221018_110039.mat,1929703,1.929703,0.000957752369908683,0.000936295822816573,3
26,20221018_110039.mat,1979652,1.979652,0.00101664687106948,0.000936295822816573,3
27,20221018_110039.mat,1999552,1.999552,0.001007775689509,0.000936295822816573,3
28,20221018_110039.mat,2108007,2.108007,0.000949118338255459,0.000936295822816573,3
29,20221018_110039.mat,2169299,2.169299,0.000985748807144039,0.000936295822816573,3
30,20221018_110039.mat,2268998,2.268998,0.000952188545234308,0.000936295822816573,3
31,20221018_110039.mat,2299047,2.299047,0.000944915446542847,0.000936295822816573,3
32,20221018_110039.mat,2308997,2.308997,0.000939270743139222,0.000936295822816573,3
33,20221018_110039.mat,2398746,2.398746,0.00095545154170389,0.000936295822816573,3
34,20221018_110039.mat,2418845,2.418845,0.000990783610376174,0.000936295822816573,3
35,20221018_110039.mat,2538444,2.538444,0.000942483433313052,0.000936295822816573,3
36,20221018_110039.mat,2548394,2.548394,0.000938991254631728,0.000936295822816573,3
37,20221018_110039.mat,2568493,2.568493,0.000942706163010359,0.000936295822816573,3
38,20221018_110039.mat,2668192,2.668192,0.000992516707061153,0.000936295822816573,3
39,20221018_110039.mat,2728091,2.728091,0.000969822505460194,0.000936295822816573,3
40,20221018_110039.mat,2847889,2.847889,0.000952783339248941,0.000936295822816573,3
41,20221018_110039.mat,2897639,2.897639,0.000988761970755118,0.000936295822816573,3
42,20221018_110039.mat,3226984,3.226984,0.000944211212551674,0.000936295822816573,3
43,20221018_110039.mat,3266983,3.266983,0.00097473438338779,0.000936295822816573,3
44,20221018_110039.mat,3446481,3.446481,0.00095768433843689,0.000936295822816573,3
45,20221018_110039.mat,3536429,3.536429,0.000938159115973455,0.000936295822816573,3
46,20221018_110039.mat,3586179,3.586179,0.000947549483048255,0.000936295822816573,3
47,20221018_110039.mat,3594736,3.594736,0.0799886523644157,0.000936295822816573,3
48,20221018_110039.mat,3594935,3.594935,0.0199811402244395,0.000936295822816573,3
49,20221018_110039.mat,3595134,3.595134,0.00405800307954187,0.000936295822816573,3
50,20221018_110039.mat,3595333,3.595333,0.00140326639782262,0.000936295822816573,3
51,20221018_110039.mat,3696027,3.696027,0.000971022719853516,0.000936295822816573,3
52,20221018_110039.mat,3875525,3.875525,0.000961322281954636,0.000936295822816573,3
53,20221018_110039.mat,3905574,3.905574,0.000955956249448801,0.000936295822816573,3
54,20221018_110039.mat,3955523,3.955523,0.00095060278885458,0.000936295822816573,3
55,20221018_110039.mat,3975423,3.975423,0.000939029802885569,0.000936295822816573,3
56,20221018_110039.mat,4065172,4.065172,0.000961941532112714,0.000936295822816573,3
57,20221018_110039.mat,4075122,4.075122,0.000995473024942777,0.000936295822816573,3
58,20221018_110039.mat,4254819,4.254819,0.000978279326321266,0.000936295822816573,3
59,20221018_110039.mat,4404467,4.404467,0.000965503453026768,0.000936295822816573,3
60,20221018_110039.mat,4424367,4.424367,0.0010041888406856,0.000936295822816573,3
61,20221018_110039.mat,4474316,4.474316,0.000996603329440605,0.000936295822816573,3
62,20221018_110039.mat,4514116,4.514116,0.000975424002294301,0.000936295822816573,3
63,20221018_110039.mat,4544165,4.544165,0.000945675591102178,0.000936295822816573,3
64,20221018_110039.mat,4574015,4.574015,0.000980671498759854,0.000936295822816573,3
65,20221018_110039.mat,4654013,4.654013,0.000973219793271121,0.000936295822816573,3
66,20221018_110039.mat,4663963,4.663963,0.000947570444218058,0.000936295822816573,3
67,20221018_110039.mat,4773612,4.773612,0.00100811326150898,0.000936295822816573,3
68,20221018_110039.mat,4893410,4.89341,0.000980319838117788,0.000936295822816573,3
69,20221018_110044.mat,10348,0.010348,0.00306062440878762,0.000940796141154753,3
70,20221018_110044.mat,10547,0.010547,0.0134183877608951,0.000940796141154753,3
71,20221018_110044.mat,10746,0.010746,0.00118475811774491,0.000940796141154753,3
72,20221018_110044.mat,192632,0.192632,0.000963651249151714,0.000940796141154753,3
73,20221018_110044.mat,262481,0.262481,0.000972356865166916,0.000940796141154753,3
74,20221018_110044.mat,287953,0.287953,0.000972444702127819,0.000940796141154753,3
75,20221018_110044.mat,322380,0.32238,0.000946955433429268,0.000940796141154753,3
76,20221018_110044.mat,356011,0.356011,0.0123352434382439,0.000940796141154753,3
77,20221018_110044.mat,356210,0.35621,0.00909727319355533,0.000940796141154753,3
78,20221018_110044.mat,356409,0.356409,0.00159556499480669,0.000940796141154753,3
79,20221018_110044.mat,358200,0.3582,0.000948811764766411,0.000940796141154753,3
80,20221018_110044.mat,422079,0.422079,0.00103434023660158,0.000940796141154753,3
81,20221018_110044.mat,462078,0.462078,0.00101748690782479,0.000940796141154753,3
82,20221018_110044.mat,512027,0.512027,0.000950174153920234,0.000940796141154753,3
83,20221018_110044.mat,530932,0.530932,0.0113337205241853,0.000940796141154753,3
84,20221018_110044.mat,531131,0.531131,0.00417058223540765,0.000940796141154753,3
85,20221018_110044.mat,531330,0.53133,0.00102937284423867,0.000940796141154753,3
86,20221018_110044.mat,551827,0.551827,0.000941496099353081,0.000940796141154753,3
87,20221018_110044.mat,591826,0.591826,0.000964667939301328,0.000940796141154753,3
88,20221018_110044.mat,681575,0.681575,0.000948290621897019,0.000940796141154753,3
89,20221018_110044.mat,696500,0.6965,0.0143305118587803,0.000940796141154753,3
90,20221018_110044.mat,696699,0.696699,0.00332236323436582,0.000940796141154753,3
91,20221018_110044.mat,696898,0.696898,0.00143922565175393,0.000940796141154753,3
92,20221018_110044.mat,700679,0.700679,0.016881100086387,0.000940796141154753,3
93,20221018_110044.mat,700878,0.700878,0.0132356846459015,0.000940796141154753,3
94,20221018_110044.mat,701077,0.701077,0.00238838427684759,0.000940796141154753,3
95,20221018_110044.mat,813910,0.81391,0.00149993136602081,0.000940796141154753,3
96,20221018_110044.mat,880575,0.880575,0.00364306578818963,0.000940796141154753,3
97,20221018_110044.mat,913012,0.913012,0.000964549571811593,0.000940796141154753,3
98,20221018_110044.mat,991020,0.99102,0.000950674712376841,0.000940796141154753,3
99,20221018_110044.mat,1015497,1.015497,0.00180756779518949,0.000940796141154753,3
100,20221018_110044.mat,1015696,1.015696,0.0043158818018351,0.000940796141154753,3
101,20221018_110044.mat,1015895,1.015895,0.00101423789369712,0.000940796141154753,3
102,20221018_110044.mat,1031417,1.031417,0.00697539517906322,0.000940796141154753,3
103,20221018_110044.mat,1031616,1.031616,0.00979973437252513,0.000940796141154753,3
104,20221018_110044.mat,1031815,1.031815,0.00180784688271867,0.000940796141154753,3
105,20221018_110044.mat,1032014,1.032014,0.00107167073888139,0.000940796141154753,3
106,20221018_110044.mat,1060272,1.060272,0.0151546197997805,0.000940796141154753,3
107,20221018_110044.mat,1060471,1.060471,0.0246201888548032,0.000940796141154753,3
108,20221018_110044.mat,1060670,1.06067,0.00383921662001557,0.000940796141154753,3
109,20221018_110044.mat,1060869,1.060869,0.00110191496682436,0.000940796141154753,3
110,20221018_110044.mat,1280366,1.280366,0.000982602549130305,0.000940796141154753,3
111,20221018_110044.mat,1400363,1.400363,0.00154253349054929,0.000940796141154753,3
112,20221018_110044.mat,1400562,1.400562,0.00210313457753014,0.000940796141154753,3
113,20221018_110044.mat,1467028,1.467028,0.00107485155427499,0.000940796141154753,3
114,20221018_110044.mat,1483545,1.483545,0.00142720815763805,0.000940796141154753,3
115,20221018_110044.mat,1515982,1.515982,0.000998902884555573,0.000940796141154753,3
116,20221018_110044.mat,1539862,1.539862,0.000967709317060819,0.000940796141154753,3
117,20221018_110044.mat,1569712,1.569712,0.000970330776289853,0.000940796141154753,3
118,20221018_110044.mat,1599761,1.599761,0.000941910593216038,0.000940796141154753,3
119,20221018_110044.mat,1619661,1.619661,0.00097481874955558,0.000940796141154753,3
120,20221018_110044.mat,1669610,1.66961,0.000970594357989247,0.000940796141154753,3
121,20221018_110044.mat,1799358,1.799358,0.000981537255760248,0.000940796141154753,3
122,20221018_110044.mat,1801746,1.801746,0.00516365439432757,0.000940796141154753,3
123,20221018_110044.mat,1801945,1.801945,0.0107724334450013,0.000940796141154753,3
124,20221018_110044.mat,1802144,1.802144,0.00190237576993114,0.000940796141154753,3
125,20221018_110044.mat,1802343,1.802343,0.000961063142382503,0.000940796141154753,3
126,20221018_110044.mat,1816671,1.816671,0.00203667476849965,0.000940796141154753,3
127,20221018_110044.mat,1816870,1.81687,0.00283446875105733,0.000940796141154753,3
128,20221018_110044.mat,1839158,1.839158,0.000961784906889592,0.000940796141154753,3
129,20221018_110044.mat,1859257,1.859257,0.000969594835195054,0.000940796141154753,3
130,20221018_110044.mat,1968906,1.968906,0.000941930796317636,0.000940796141154753,3
131,20221018_110044.mat,2040944,2.040944,0.00371584733197963,0.000940796141154753,3
132,20221018_110044.mat,2041143,2.041143,0.00155635633742902,0.000940796141154753,3
133,20221018_110044.mat,2049899,2.049899,0.00231523538090315,0.000940796141154753,3
134,20221018_110044.mat,2050098,2.050098,0.00670317733313859,0.000940796141154753,3
135,20221018_110044.mat,2060247,2.060247,0.000952873581861341,0.000940796141154753,3
136,20221018_110044.mat,2064824,2.064824,0.000978265656672147,0.000940796141154753,3
137,20221018_110044.mat,2068008,2.068008,0.00201557951928525,0.000940796141154753,3
138,20221018_110044.mat,2068605,2.068605,0.00445034511861939,0.000940796141154753,3
139,20221018_110044.mat,2068804,2.068804,0.00171490804782624,0.000940796141154753,3
140,20221018_110044.mat,2075769,2.075769,0.01664735292627,0.000940796141154753,3
141,20221018_110044.mat,2075968,2.075968,0.00467858816100175,0.000940796141154753,3
142,20221018_110044.mat,2076167,2.076167,0.00150347189459092,0.000940796141154753,3
143,20221018_110044.mat,2080147,2.080147,0.000991265843811698,0.000940796141154753,3
144,20221018_110044.mat,2080346,2.080346,0.00208386714499948,0.000940796141154753,3
145,20221018_110044.mat,2080545,2.080545,0.155390632841785,0.000940796141154753,3
146,20221018_110044.mat,2080744,2.080744,0.0426311852551684,0.000940796141154753,3
147,20221018_110044.mat,2080943,2.080943,0.0129683939980665,0.000940796141154753,3
148,20221018_110044.mat,2081142,2.081142,0.00400820636829741,0.000940796141154753,3
149,20221018_110044.mat,2081739,2.081739,0.0088998259292516,0.000940796141154753,3
150,20221018_110044.mat,2081938,2.081938,0.00232204055846527,0.000940796141154753,3
151,20221018_110044.mat,2118554,2.118554,0.00099119887363106,0.000940796141154753,3
152,20221018_110044.mat,2228402,2.228402,0.000973617223025049,0.000940796141154753,3
153,20221018_110044.mat,2291684,2.291684,0.0168896064441415,0.000940796141154753,3
154,20221018_110044.mat,2291883,2.291883,0.0160452608609558,0.000940796141154753,3
155,20221018_110044.mat,2292082,2.292082,0.00272910275555383,0.000940796141154753,3
156,20221018_110044.mat,2292281,2.292281,0.00113363505911464,0.000940796141154753,3
157,20221018_110044.mat,2408099,2.408099,0.000947146089869669,0.000940796141154753,3
158,20221018_110044.mat,2426805,2.426805,0.00327974515940511,0.000940796141154753,3
159,20221018_110044.mat,2427004,2.427004,0.00175260048132907,0.000940796141154753,3
160,20221018_110044.mat,2504415,2.504415,0.0167741668653115,0.000940796141154753,3
161,20221018_110044.mat,2504614,2.504614,0.00553971193234395,0.000940796141154753,3
162,20221018_110044.mat,2504813,2.504813,0.00146576453177038,0.000940796141154753,3
163,20221018_110044.mat,2617646,2.617646,0.000960676261045922,0.000940796141154753,3
164,20221018_110044.mat,2618840,2.61884,0.00374481848477035,0.000940796141154753,3
165,20221018_110044.mat,2619039,2.619039,0.0093590577684869,0.000940796141154753,3
166,20221018_110044.mat,2619238,2.619238,0.00104959304869027,0.000940796141154753,3
167,20221018_110044.mat,2657446,2.657446,0.00102358181888406,0.000940796141154753,3
168,20221018_110044.mat,2667396,2.667396,0.000942375154972452,0.000940796141154753,3
169,20221018_110044.mat,2680331,2.680331,0.00117038233472875,0.000940796141154753,3
170,20221018_110044.mat,2687097,2.687097,0.00349188570150748,0.000940796141154753,3
171,20221018_110044.mat,2687296,2.687296,0.00820561641555919,0.000940796141154753,3
172,20221018_110044.mat,2687495,2.687495,0.00140007447433661,0.000940796141154753,3
173,20221018_110044.mat,2693266,2.693266,0.00963653941765657,0.000940796141154753,3
174,20221018_110044.mat,2693465,2.693465,0.0136809127302479,0.000940796141154753,3
175,20221018_110044.mat,2693664,2.693664,0.00181424868666882,0.000940796141154753,3
176,20221018_110044.mat,2735454,2.735454,0.00856697366797283,0.000940796141154753,3
177,20221018_110044.mat,2735653,2.735653,0.0126604538259032,0.000940796141154753,3
178,20221018_110044.mat,2735852,2.735852,0.00218558624883618,0.000940796141154753,3
179,20221018_110044.mat,2737245,2.737245,0.00096633226461163,0.000940796141154753,3
180,20221018_110044.mat,2752568,2.752568,0.00630700250830915,0.000940796141154753,3
181,20221018_110044.mat,2752767,2.752767,0.00665615477651762,0.000940796141154753,3
182,20221018_110044.mat,2752966,2.752966,0.108482345365148,0.000940796141154753,3
183,20221018_110044.mat,2753165,2.753165,0.025497768197797,0.000940796141154753,3
184,20221018_110044.mat,2753364,2.753364,0.0108134104829785,0.000940796141154753,3
185,20221018_110044.mat,2753563,2.753563,0.00237521101636631,0.000940796141154753,3
186,20221018_110044.mat,2753762,2.753762,0.0183552284150645,0.000940796141154753,3
187,20221018_110044.mat,2753961,2.753961,0.00499787609967023,0.000940796141154753,3
188,20221018_110044.mat,2754160,2.75416,0.00124288957608441,0.000940796141154753,3
189,20221018_110044.mat,2754558,2.754558,0.00427509076496065,0.000940796141154753,3
190,20221018_110044.mat,2754757,2.754757,0.01190512693662,0.000940796141154753,3
191,20221018_110044.mat,2754956,2.754956,0.00199154107378274,0.000940796141154753,3
192,20221018_110044.mat,2757344,2.757344,0.00264262278429907,0.000940796141154753,3
193,20221018_110044.mat,2757543,2.757543,0.00170525881780757,0.000940796141154753,3
194,20221018_110044.mat,2768687,2.768687,0.00328702450629783,0.000940796141154753,3
195,20221018_110044.mat,2768886,2.768886,0.000954737412297915,0.000940796141154753,3
196,20221018_110044.mat,2797144,2.797144,0.000983531259592936,0.000940796141154753,3
197,20221018_110044.mat,2816049,2.816049,0.0312816003525943,0.000940796141154753,3
198,20221018_110044.mat,2816248,2.816248,0.0455055097236048,0.000940796141154753,3
199,20221018_110044.mat,2816447,2.816447,0.0110549957101805,0.000940796141154753,3
200,20221018_110044.mat,2816646,2.816646,0.00377067512300154,0.000940796141154753,3
201,20221018_110044.mat,2816845,2.816845,0.00104410579994487,0.000940796141154753,3
202,20221018_110044.mat,2822218,2.822218,0.00878415319172029,0.000940796141154753,3
203,20221018_110044.mat,2822417,2.822417,0.00219532944611226,0.000940796141154753,3
204,20221018_110044.mat,2822616,2.822616,0.000958753355659101,0.000940796141154753,3
205,20221018_110044.mat,2847093,2.847093,0.00095827733693553,0.000940796141154753,3
206,20221018_110044.mat,2848685,2.848685,0.00397846156972361,0.000940796141154753,3
207,20221018_110044.mat,2848884,2.848884,0.000956190870828183,0.000940796141154753,3
208,20221018_110044.mat,2856247,2.856247,0.0014535868007888,0.000940796141154753,3
209,20221018_110044.mat,2869779,2.869779,0.00138078517864157,0.000940796141154753,3
210,20221018_110044.mat,2869978,2.869978,0.00221977955560826,0.000940796141154753,3
211,20221018_110044.mat,2879729,2.879729,0.000945910815108171,0.000940796141154753,3
212,20221018_110044.mat,2929280,2.92928,0.00161413268877466,0.000940796141154753,3
213,20221018_110044.mat,2936842,2.936842,0.000957483138732521,0.000940796141154753,3
214,20221018_110044.mat,2956941,2.956941,0.00101797262683048,0.000940796141154753,3
215,20221018_110044.mat,2957936,2.957936,0.00518541450952969,0.000940796141154753,3
216,20221018_110044.mat,2958135,2.958135,0.0014073242317335,0.000940796141154753,3
217,20221018_110044.mat,2996542,2.996542,0.00884013263109588,0.000940796141154753,3
218,20221018_110044.mat,2996741,2.996741,0.00886860920432842,0.000940796141154753,3
219,20221018_110044.mat,2996940,2.99694,0.00203369330426194,0.000940796141154753,3
220,20221018_110044.mat,3036740,3.03674,0.000943787163192119,0.000940796141154753,3
221,20221018_110044.mat,3056640,3.05664,0.000942576597983862,0.000940796141154753,3
222,20221018_110044.mat,3104997,3.104997,0.010315036390063,0.000940796141154753,3
223,20221018_110044.mat,3105196,3.105196,0.00454929559656021,0.000940796141154753,3
224,20221018_110044.mat,3105395,3.105395,0.00106300952089684,0.000940796141154753,3
225,20221018_110044.mat,3106589,3.106589,0.000966283260254565,0.000940796141154753,3
226,20221018_110044.mat,3116539,3.116539,0.000964273324496777,0.000940796141154753,3
227,20221018_110044.mat,3126688,3.126688,0.0015506874234013,0.000940796141154753,3
228,20221018_110044.mat,3146389,3.146389,0.000944351094490555,0.000940796141154753,3
229,20221018_110044.mat,3193154,3.193154,0.00127640608894529,0.000940796141154753,3
230,20221018_110044.mat,3193353,3.193353,0.00100382222692928,0.000940796141154753,3
231,20221018_110044.mat,3198129,3.198129,0.000942526358509706,0.000940796141154753,3
232,20221018_110044.mat,3198328,3.198328,0.00104867768748962,0.000940796141154753,3
233,20221018_110044.mat,3217432,3.217432,0.0289261346309336,0.000940796141154753,3
234,20221018_110044.mat,3217631,3.217631,0.0152039705866216,0.000940796141154753,3
235,20221018_110044.mat,3217830,3.21783,0.00137527041336986,0.000940796141154753,3
236,20221018_110044.mat,3222407,3.222407,0.000962328174607907,0.000940796141154753,3
237,20221018_110044.mat,3233153,3.233153,0.00106059962899381,0.000940796141154753,3
238,20221018_110044.mat,3236337,3.236337,0.000955912670353168,0.000940796141154753,3
239,20221018_110044.mat,3299619,3.299619,0.00108792119865151,0.000940796141154753,3
240,20221018_110044.mat,3299818,3.299818,0.00196855688568007,0.000940796141154753,3
241,20221018_110044.mat,3340016,3.340016,0.00585421942685731,0.000940796141154753,3
242,20221018_110044.mat,3340215,3.340215,0.00361982461079345,0.000940796141154753,3
243,20221018_110044.mat,3340414,3.340414,0.00110806908509338,0.000940796141154753,3
244,20221018_110044.mat,3458620,3.45862,0.0157992771248352,0.000940796141154753,3
245,20221018_110044.mat,3458819,3.458819,0.0116981554365142,0.000940796141154753,3
246,20221018_110044.mat,3459018,3.459018,0.00173237221167295,0.000940796141154753,3
247,20221018_110044.mat,3535434,3.535434,0.00236443135796222,0.000940796141154753,3
248,20221018_110044.mat,3535633,3.535633,0.00124581762503876,0.000940796141154753,3
249,20221018_110044.mat,3643093,3.643093,0.00138953296032736,0.000940796141154753,3
250,20221018_110044.mat,3655829,3.655829,0.0013122937005424,0.000940796141154753,3
251,20221018_110044.mat,3688266,3.688266,0.0026396519262502,0.000940796141154753,3
252,20221018_110044.mat,3688465,3.688465,0.0155230243481615,0.000940796141154753,3
253,20221018_110044.mat,3688664,3.688664,0.00230549963979119,0.000940796141154753,3
254,20221018_110044.mat,3733837,3.733837,0.00192182388996667,0.000940796141154753,3
255,20221018_110044.mat,3734036,3.734036,1.05284766138705,0.000940796141154753,3
256,20221018_110044.mat,3734235,3.734235,0.133163402486439,0.000940796141154753,3
257,20221018_110044.mat,3734434,3.734434,0.0199900552263573,0.000940796141154753,3
258,20221018_110044.mat,3734633,3.734633,0.00454000167884531,0.000940796141154753,3
259,20221018_110044.mat,3734832,3.734832,0.0122236759669346,0.000940796141154753,3
260,20221018_110044.mat,3735031,3.735031,0.00704723262603722,0.000940796141154753,3
261,20221018_110044.mat,3735230,3.73523,0.00149354532337947,0.000940796141154753,3
262,20221018_110044.mat,3743588,3.743588,0.00368083944245056,0.000940796141154753,3
263,20221018_110044.mat,3743787,3.743787,0.00275186930146499,0.000940796141154753,3
264,20221018_110044.mat,3747767,3.747767,0.0104798622276604,0.000940796141154753,3
265,20221018_110044.mat,3750951,3.750951,0.00145154399418077,0.000940796141154753,3
266,20221018_110044.mat,3751150,3.75115,0.000973833106268603,0.000940796141154753,3
267,20221018_110044.mat,3755329,3.755329,0.0564761403923538,0.000940796141154753,3
268,20221018_110044.mat,3755528,3.755528,0.0110824333128389,0.000940796141154753,3
269,20221018_110044.mat,3755727,3.755727,0.00195752962972119,0.000940796141154753,3
270,20221018_110044.mat,3766075,3.766075,0.0521192309110152,0.000940796141154753,3
271,20221018_110044.mat,3766274,3.766274,0.0116900247917597,0.000940796141154753,3
272,20221018_110044.mat,3766473,3.766473,0.00189165125501208,0.000940796141154753,3
273,20221018_110044.mat,3780204,3.780204,0.01086230709617,0.000940796141154753,3
274,20221018_110044.mat,3780403,3.780403,0.00470816396464331,0.000940796141154753,3
275,20221018_110044.mat,3780602,3.780602,0.00152078089843076,0.000940796141154753,3
276,20221018_110044.mat,3785179,3.785179,0.00100275123087583,0.000940796141154753,3
277,20221018_110044.mat,3792343,3.792343,0.0266723770532541,0.000940796141154753,3
278,20221018_110044.mat,3792542,3.792542,0.0289185034884416,0.000940796141154753,3
279,20221018_110044.mat,3792741,3.792741,0.00478775888369586,0.000940796141154753,3
280,20221018_110044.mat,3792940,3.79294,0.00149903710373456,0.000940796141154753,3
281,20221018_110044.mat,3810651,3.810651,0.00235929693690715,0.000940796141154753,3
282,20221018_110044.mat,3811248,3.811248,0.755181518193527,0.000940796141154753,3
283,20221018_110044.mat,3811447,3.811447,0.173336183225474,0.000940796141154753,3
284,20221018_110044.mat,3811646,3.811646,0.0591060079544749,0.000940796141154753,3
285,20221018_110044.mat,3811845,3.811845,0.0164981187175832,0.000940796141154753,3
286,20221018_110044.mat,3812044,3.812044,0.00279040137180285,0.000940796141154753,3
287,20221018_110044.mat,3812243,3.812243,0.00094341336843203,0.000940796141154753,3
288,20221018_110044.mat,3838511,3.838511,0.00125558158090171,0.000940796141154753,3
289,20221018_110044.mat,3867167,3.867167,0.00321456393241996,0.000940796141154753,3
290,20221018_110044.mat,3867366,3.867366,0.00447697065770281,0.000940796141154753,3
291,20221018_110044.mat,3867565,3.867565,0.000961329265127933,0.000940796141154753,3
292,20221018_110044.mat,3914927,3.914927,0.000969055185157644,0.000940796141154753,3
293,20221018_110044.mat,3918708,3.918708,0.00531719127857535,0.000940796141154753,3
294,20221018_110044.mat,3924877,3.924877,0.000970379120737917,0.000940796141154753,3
295,20221018_110044.mat,3934827,3.934827,0.000942536687997488,0.000940796141154753,3
296,20221018_110044.mat,3939603,3.939603,0.00430608639232693,0.000940796141154753,3
297,20221018_110044.mat,3939802,3.939802,0.00185958377019788,0.000940796141154753,3
298,20221018_110044.mat,3943384,3.943384,0.00119018923337861,0.000940796141154753,3
299,20221018_110044.mat,3943583,3.943583,0.00550949552917496,0.000940796141154753,3
300,20221018_110044.mat,3943782,3.943782,0.00160618210141933,0.000940796141154753,3
301,20221018_110044.mat,3949354,3.949354,0.000956240854632788,0.000940796141154753,3
302,20221018_110044.mat,3997313,3.997313,0.0134392667283521,0.000940796141154753,3
303,20221018_110044.mat,3997512,3.997512,0.00198148218425932,0.000940796141154753,3
304,20221018_110044.mat,4022984,4.022984,0.00154635112679044,0.000940796141154753,3
305,20221018_110044.mat,4023183,4.023183,0.00201465010310356,0.000940796141154753,3
306,20221018_110044.mat,4024576,4.024576,0.000957026372621328,0.000940796141154753,3
307,20221018_110044.mat,4070744,4.070744,0.00157376140151893,0.000940796141154753,3
308,20221018_110044.mat,4110146,4.110146,0.0135084635251025,0.000940796141154753,3
309,20221018_110044.mat,4110345,4.110345,0.00802295943315338,0.000940796141154753,3
310,20221018_110044.mat,4110544,4.110544,0.00112017437535163,0.000940796141154753,3
311,20221018_110044.mat,4164274,4.164274,0.00101528805449222,0.000940796141154753,3
312,20221018_110044.mat,4174224,4.174224,0.000969398550673061,0.000940796141154753,3
313,20221018_110044.mat,4244272,4.244272,0.0010104797223648,0.000940796141154753,3
314,20221018_110044.mat,4264172,4.264172,0.000976261350717882,0.000940796141154753,3
315,20221018_110044.mat,4294022,4.294022,0.00095174479075146,0.000940796141154753,3
316,20221018_110044.mat,4326857,4.326857,0.0119171034009659,0.000940796141154753,3
317,20221018_110044.mat,4327056,4.327056,0.00190537783266909,0.000940796141154753,3
318,20221018_110044.mat,4357105,4.357105,0.00559775163891542,0.000940796141154753,3
319,20221018_110044.mat,4357702,4.357702,0.00112957600670169,0.000940796141154753,3
320,20221018_110044.mat,4383970,4.38397,0.000986910071041136,0.000940796141154753,3
321,20221018_110044.mat,4396308,4.396308,0.00154468373703371,0.000940796141154753,3
322,20221018_110044.mat,4433720,4.43372,0.00103230633395601,0.000940796141154753,3
323,20221018_110044.mat,4443670,4.44367,0.000972943355172592,0.000940796141154753,3
324,20221018_110044.mat,4492823,4.492823,0.00323743587938896,0.000940796141154753,3
325,20221018_110044.mat,4493022,4.493022,0.00140667565850044,0.000940796141154753,3
326,20221018_110044.mat,4543568,4.543568,0.000947297465106118,0.000940796141154753,3
327,20221018_110044.mat,4588741,4.588741,0.00189028355624649,0.000940796141154753,3
328,20221018_110044.mat,4588940,4.58894,0.00169232607625069,0.000940796141154753,3
329,20221018_110044.mat,4599288,4.599288,0.000975511282637492,0.000940796141154753,3
330,20221018_110044.mat,4643267,4.643267,0.000944331411242344,0.000940796141154753,3
331,20221018_110044.mat,4693216,4.693216,0.000981469621753573,0.000940796141154753,3
332,20221018_110044.mat,4720678,4.720678,0.0546416083980612,0.000940796141154753,3
333,20221018_110044.mat,4720877,4.720877,0.132772260098556,0.000940796141154753,3
334,20221018_110044.mat,4721076,4.721076,0.0144263325688044,0.000940796141154753,3
335,20221018_110044.mat,4721275,4.721275,0.00477812282944125,0.000940796141154753,3
336,20221018_110044.mat,4721474,4.721474,0.00107718560408205,0.000940796141154753,3
337,20221018_110044.mat,4799482,4.799482,0.0370913207456113,0.000940796141154753,3
338,20221018_110044.mat,4799681,4.799681,0.0386098838921839,0.000940796141154753,3
339,20221018_110044.mat,4799880,4.79988,0.0115096641852538,0.000940796141154753,3
340,20221018_110044.mat,4800079,4.800079,0.00447901393030058,0.000940796141154753,3
341,20221018_110044.mat,4800278,4.800278,0.00107244268665251,0.000940796141154753,3
342,20221018_110044.mat,4810626,4.810626,0.00163366531839605,0.000940796141154753,3
343,20221018_110044.mat,4810825,4.810825,0.00879878491371434,0.000940796141154753,3
344,20221018_110044.mat,4811024,4.811024,0.00178746739747285,0.000940796141154753,3
345,20221018_110044.mat,4815601,4.815601,0.00145248090345927,0.000940796141154753,3
346,20221018_110044.mat,4862963,4.862963,0.000944129406298006,0.000940796141154753,3
347,20221018_110044.mat,4879082,4.879082,0.00318925330826501,0.000940796141154753,3
348,20221018_110044.mat,4879281,4.879281,0.00187544277224946,0.000940796141154753,3
349,20221018_110044.mat,4903161,4.903161,0.0584086439893207,0.000940796141154753,3
350,20221018_110044.mat,4903360,4.90336,0.0860411333785967,0.000940796141154753,3
351,20221018_110044.mat,4903559,4.903559,0.00933461732704725,0.000940796141154753,3
352,20221018_110044.mat,4903758,4.903758,0.00241672024113881,0.000940796141154753,3
353,20221018_110044.mat,4909529,4.909529,0.000990306401687422,0.000940796141154753,3
354,20221018_110044.mat,4912713,4.912713,0.00172742429313791,0.000940796141154753,3
355,20221018_110044.mat,4912912,4.912912,0.00103097006158278,0.000940796141154753,3
356,20221018_110049.mat,24676,0.024676,0.000972606052569874,0.000941847836924272,3
357,20221018_110049.mat,48158,0.048158,0.00103477677762242,0.000941847836924272,3
358,20221018_110049.mat,51740,0.05174,0.00465894736715894,0.000941847836924272,3
359,20221018_110049.mat,51939,0.051939,0.00407876576513519,0.000941847836924272,3
360,20221018_110049.mat,54526,0.054526,0.000959155506011678,0.000941847836924272,3
361,20221018_110049.mat,72635,0.072635,0.00315602254207927,0.000941847836924272,3
362,20221018_110049.mat,84575,0.084575,0.00190897341759972,0.000941847836924272,3
363,20221018_110049.mat,86565,0.086565,0.00679364292155315,0.000941847836924272,3
364,20221018_110049.mat,86764,0.086764,0.000951441749549071,0.000941847836924272,3
365,20221018_110049.mat,119798,0.119798,0.56536111719654,0.000941847836924272,3
366,20221018_110049.mat,119997,0.119997,0.178607616722783,0.000941847836924272,3
367,20221018_110049.mat,120196,0.120196,0.0229386308243327,0.000941847836924272,3
368,20221018_110049.mat,120395,0.120395,0.00981114634933535,0.000941847836924272,3
369,20221018_110049.mat,120594,0.120594,0.00253997190281932,0.000941847836924272,3
370,20221018_110049.mat,128355,0.128355,0.0025177620896964,0.000941847836924272,3
371,20221018_110049.mat,128554,0.128554,0.00110294210272107,0.000941847836924272,3
372,20221018_110049.mat,130146,0.130146,0.00246204763600349,0.000941847836924272,3
373,20221018_110049.mat,130942,0.130942,0.00231799876826148,0.000941847836924272,3
374,20221018_110049.mat,131141,0.131141,0.00115542346801208,0.000941847836924272,3
375,20221018_110049.mat,132136,0.132136,0.00369868570004093,0.000941847836924272,3
376,20221018_110049.mat,132335,0.132335,0.00169929712704691,0.000941847836924272,3
377,20221018_110049.mat,140693,0.140693,0.0136788153375169,0.000941847836924272,3
378,20221018_110049.mat,140892,0.140892,0.0114160258806097,0.000941847836924272,3
379,20221018_110049.mat,141091,0.141091,0.00148261493147865,0.000941847836924272,3
380,20221018_110049.mat,144076,0.144076,0.00457468193984733,0.000941847836924272,3
381,20221018_110049.mat,177508,0.177508,0.00285826558913266,0.000941847836924272,3
382,20221018_110049.mat,177707,0.177707,0.00222201302830074,0.000941847836924272,3
383,20221018_110049.mat,194224,0.194224,0.000947021153829773,0.000941847836924272,3
384,20221018_110049.mat,311037,0.311037,0.00462379580676687,0.000941847836924272,3
385,20221018_110049.mat,311236,0.311236,0.00536503214728095,0.000941847836924272,3
386,20221018_110049.mat,327952,0.327952,0.00170124396003642,0.000941847836924272,3
387,20221018_110049.mat,363971,0.363971,0.000962790474118487,0.000941847836924272,3
388,20221018_110049.mat,403771,0.403771,0.000963057730567051,0.000941847836924272,3
389,20221018_110049.mat,406159,0.406159,0.00103479068933076,0.000941847836924272,3
390,20221018_110049.mat,433422,0.433422,0.0147309864681207,0.000941847836924272,3
391,20221018_110049.mat,433621,0.433621,0.00357069483440924,0.000941847836924272,3
392,20221018_110049.mat,484963,0.484963,0.00132888176129899,0.000941847836924272,3
393,20221018_110049.mat,485162,0.485162,0.00180689012458746,0.000941847836924272,3
394,20221018_110049.mat,487152,0.487152,0.00220912960411673,0.000941847836924272,3
395,20221018_110049.mat,487351,0.487351,0.00163385347317885,0.000941847836924272,3
396,20221018_110049.mat,489142,0.489142,0.00104858231621107,0.000941847836924272,3
397,20221018_110049.mat,489341,0.489341,0.00435099358049635,0.000941847836924272,3
398,20221018_110049.mat,489540,0.48954,0.00103636399288863,0.000941847836924272,3
399,20221018_110049.mat,495510,0.49551,0.00186837167409944,0.000941847836924272,3
400,20221018_110049.mat,501281,0.501281,0.00100216133728897,0.000941847836924272,3
401,20221018_110049.mat,607746,0.607746,0.03495290427656,0.000941847836924272,3
402,20221018_110049.mat,607945,0.607945,0.00565380889466025,0.000941847836924272,3
403,20221018_110049.mat,608144,0.608144,0.00138870374865794,0.000941847836924272,3
404,20221018_110049.mat,635208,0.635208,0.00267238171307536,0.000941847836924272,3
405,20221018_110049.mat,635407,0.635407,0.00717382347293691,0.000941847836924272,3
406,20221018_110049.mat,635606,0.635606,0.000946803858229938,0.000941847836924272,3
407,20221018_110049.mat,663267,0.663267,0.000952462607830692,0.000941847836924272,3
408,20221018_110049.mat,687744,0.687744,0.00185536797370169,0.000941847836924272,3
409,20221018_110049.mat,687943,0.687943,0.00345228899085759,0.000941847836924272,3
410,20221018_110049.mat,693316,0.693316,0.000951402658444001,0.000941847836924272,3
411,20221018_110049.mat,739285,0.739285,0.0331424673976283,0.000941847836924272,3
412,20221018_110049.mat,739484,0.739484,0.0836841632998401,0.000941847836924272,3
413,20221018_110049.mat,739683,0.739683,2.14587221171654,0.000941847836924272,3
414,20221018_110049.mat,739882,0.739882,0.28137876682542,0.000941847836924272,3
415,20221018_110049.mat,740081,0.740081,0.160457707251065,0.000941847836924272,3
416,20221018_110049.mat,740280,0.74028,0.035585315893096,0.000941847836924272,3
417,20221018_110049.mat,740479,0.740479,0.0091902438516682,0.000941847836924272,3
418,20221018_110049.mat,740678,0.740678,0.00536626262350252,0.000941847836924272,3
419,20221018_110049.mat,742071,0.742071,1.11771911937792,0.000941847836924272,3
420,20221018_110049.mat,742270,0.74227,0.235685026592781,0.000941847836924272,3
421,20221018_110049.mat,742469,0.742469,0.0682637397507423,0.000941847836924272,3
422,20221018_110049.mat,742668,0.742668,0.0201821176981684,0.000941847836924272,3
423,20221018_110049.mat,742867,0.742867,0.01166515301027,0.000941847836924272,3
424,20221018_110049.mat,743066,0.743066,0.00800241077511177,0.000941847836924272,3
425,20221018_110049.mat,743265,0.743265,0.00179996368658731,0.000941847836924272,3
426,20221018_110049.mat,746051,0.746051,0.00263350141925016,0.000941847836924272,3
427,20221018_110049.mat,746250,0.74625,0.00110906456202735,0.000941847836924272,3
428,20221018_110049.mat,833014,0.833014,0.00095297262687916,0.000941847836924272,3
429,20221018_110049.mat,875799,0.875799,0.00270465746580133,0.000941847836924272,3
430,20221018_110049.mat,888933,0.888933,0.00261533069371322,0.000941847836924272,3
431,20221018_110049.mat,980274,0.980274,0.00109850918007828,0.000941847836924272,3
432,20221018_110049.mat,980473,0.980473,0.00129348411116049,0.000941847836924272,3
433,20221018_110049.mat,1188229,1.188229,0.0180303533018226,0.000941847836924272,3
434,20221018_110049.mat,1188428,1.188428,0.0192940777635283,0.000941847836924272,3
435,20221018_110049.mat,1188627,1.188627,0.00262387571336715,0.000941847836924272,3
436,20221018_110049.mat,1188826,1.188826,0.00102352819407154,0.000941847836924272,3
437,20221018_110049.mat,1195393,1.195393,0.000992421687400636,0.000941847836924272,3
438,20221018_110049.mat,1202159,1.202159,0.000973602248117681,0.000941847836924272,3
439,20221018_110049.mat,1212109,1.212109,0.000992315293703257,0.000941847836924272,3
440,20221018_110049.mat,1277381,1.277381,0.0203365105449316,0.000941847836924272,3
441,20221018_110049.mat,1277580,1.27758,0.00920093520633729,0.000941847836924272,3
442,20221018_110049.mat,1277779,1.277779,0.00176659901154495,0.000941847836924272,3
443,20221018_110049.mat,1291908,1.291908,0.000978203840805213,0.000941847836924272,3
444,20221018_110049.mat,1300664,1.300664,0.00175705410916532,0.000941847836924272,3
445,20221018_110049.mat,1300863,1.300863,0.00181838149396714,0.000941847836924272,3
446,20221018_110049.mat,1371309,1.371309,0.0134266234945601,0.000941847836924272,3
447,20221018_110049.mat,1371508,1.371508,0.00559490900596719,0.000941847836924272,3
448,20221018_110049.mat,1371707,1.371707,0.00114865002317934,0.000941847836924272,3
449,20221018_110049.mat,1499266,1.499266,0.00102349185622977,0.000941847836924272,3
450,20221018_110049.mat,1531504,1.531504,0.000943113632063825,0.000941847836924272,3
451,20221018_110049.mat,1532300,1.5323,0.00734481420876987,0.000941847836924272,3
452,20221018_110049.mat,1532499,1.532499,0.0081393548092473,0.000941847836924272,3
453,20221018_110049.mat,1532698,1.532698,0.00173030044734431,0.000941847836924272,3
454,20221018_110049.mat,1535285,1.535285,0.0174934877881283,0.000941847836924272,3
455,20221018_110049.mat,1535484,1.535484,0.00502177507533472,0.000941847836924272,3
456,20221018_110049.mat,1535683,1.535683,0.00126536943572535,0.000941847836924272,3
457,20221018_110049.mat,1561951,1.561951,0.00120140962591722,0.000941847836924272,3
458,20221018_110049.mat,1562150,1.56215,0.000988202031237215,0.000941847836924272,3
459,20221018_110049.mat,1581453,1.581453,0.000990536390620362,0.000941847836924272,3
460,20221018_110049.mat,1591403,1.591403,0.000947832874072689,0.000941847836924272,3
461,20221018_110049.mat,1594189,1.594189,0.00332581912542385,0.000941847836924272,3
462,20221018_110049.mat,1614686,1.614686,0.00110653084518322,0.000941847836924272,3
463,20221018_110049.mat,1651302,1.651302,0.000961305182912965,0.000941847836924272,3
464,20221018_110049.mat,1655282,1.655282,0.0360853395898667,0.000941847836924272,3
465,20221018_110049.mat,1655481,1.655481,0.00872909973308619,0.000941847836924272,3
466,20221018_110049.mat,1655680,1.65568,0.00114954324080192,0.000941847836924272,3
467,20221018_110049.mat,1664436,1.664436,0.048561577607754,0.000941847836924272,3
468,20221018_110049.mat,1664635,1.664635,0.0309451489927488,0.000941847836924272,3
469,20221018_110049.mat,1664834,1.664834,0.0043750123169701,0.000941847836924272,3
470,20221018_110049.mat,1665033,1.665033,0.0017289221448338,0.000941847836924272,3
471,20221018_110049.mat,1731101,1.731101,0.000954989247192716,0.000941847836924272,3
472,20221018_110049.mat,1741051,1.741051,0.000947157328312082,0.000941847836924272,3
473,20221018_110049.mat,1930698,1.930698,0.000941864208159545,0.000941847836924272,3
474,20221018_110049.mat,1938857,1.938857,0.00523063979857489,0.000941847836924272,3
475,20221018_110049.mat,1939056,1.939056,0.00182848788669416,0.000941847836924272,3
476,20221018_110049.mat,1970498,1.970498,0.000947522072318394,0.000941847836924272,3
477,20221018_110049.mat,2034377,2.034377,0.0210158719897367,0.000941847836924272,3
478,20221018_110049.mat,2034576,2.034576,0.0233912600259975,0.000941847836924272,3
479,20221018_110049.mat,2034775,2.034775,0.0027340089890135,0.000941847836924272,3
480,20221018_110049.mat,2034974,2.034974,0.00148040573281909,0.000941847836924272,3
481,20221018_110049.mat,2108803,2.108803,0.00740981335807525,0.000941847836924272,3
482,20221018_110049.mat,2109002,2.109002,0.00750143596268722,0.000941847836924272,3
483,20221018_110049.mat,2109201,2.109201,0.0015924066334647,0.000941847836924272,3
484,20221018_110049.mat,2120345,2.120345,0.000959200530843007,0.000941847836924272,3
485,20221018_110049.mat,2143628,2.143628,0.00231541897893195,0.000941847836924272,3
486,20221018_110049.mat,2173478,2.173478,0.00502605658285847,0.000941847836924272,3
487,20221018_110049.mat,2173677,2.173677,0.00197700578824581,0.000941847836924272,3
488,20221018_110049.mat,2294072,2.294072,0.00136063433802024,0.000941847836924272,3
489,20221018_110049.mat,2388398,2.388398,0.00135054034553191,0.000941847836924272,3
490,20221018_110049.mat,2388597,2.388597,0.00184702984180259,0.000941847836924272,3
491,20221018_110049.mat,2519340,2.51934,0.000984599951674893,0.000941847836924272,3
492,20221018_110049.mat,2559339,2.559339,0.00094292279158873,0.000941847836924272,3
493,20221018_110049.mat,2564911,2.564911,0.00134121862700229,0.000941847836924272,3
494,20221018_110049.mat,2732071,2.732071,0.000999436456361633,0.000941847836924272,3
495,20221018_110049.mat,2778836,2.778836,0.000945613866806198,0.000941847836924272,3
496,20221018_110049.mat,2847690,2.84769,0.00140194192796233,0.000941847836924272,3
497,20221018_110049.mat,2847889,2.847889,0.00288311038288878,0.000941847836924272,3
498,20221018_110049.mat,2849680,2.84968,0.0983776977096874,0.000941847836924272,3
499,20221018_110049.mat,2849879,2.849879,0.0502508511671308,0.000941847836924272,3
500,20221018_110049.mat,2850078,2.850078,0.00581070890143855,0.000941847836924272,3
501,20221018_110049.mat,2850277,2.850277,0.00218452572525056,0.000941847836924272,3
502,20221018_110049.mat,2851670,2.85167,0.0128781200712061,0.000941847836924272,3
503,20221018_110049.mat,2851869,2.851869,0.00892241121876866,0.000941847836924272,3
504,20221018_110049.mat,2852068,2.852068,0.0013555555823789,0.000941847836924272,3
505,20221018_110049.mat,2854655,2.854655,0.00713496289168915,0.000941847836924272,3
506,20221018_110049.mat,2854854,2.854854,0.00351271578920903,0.000941847836924272,3
507,20221018_110049.mat,2858635,2.858635,0.0288190762738044,0.000941847836924272,3
508,20221018_110049.mat,2858834,2.858834,0.00399920526995849,0.000941847836924272,3
509,20221018_110049.mat,2859033,2.859033,0.00188746234262015,0.000941847836924272,3
510,20221018_110049.mat,2874555,2.874555,0.00594397053582594,0.000941847836924272,3
511,20221018_110049.mat,2956145,2.956145,0.00693467653348178,0.000941847836924272,3
512,20221018_110049.mat,2956344,2.956344,0.0225865335288265,0.000941847836924272,3
513,20221018_110049.mat,2956543,2.956543,0.00211366218601373,0.000941847836924272,3
514,20221018_110049.mat,2956742,2.956742,0.00152421554540393,0.000941847836924272,3
515,20221018_110049.mat,2960324,2.960324,0.00923186665847723,0.000941847836924272,3
516,20221018_110049.mat,2960523,2.960523,0.0113035986561127,0.000941847836924272,3
517,20221018_110049.mat,2960722,2.960722,0.00168416473893338,0.000941847836924272,3
518,20221018_110049.mat,2989776,2.989776,0.00367307126897056,0.000941847836924272,3
519,20221018_110049.mat,2989975,2.989975,0.0191871804595804,0.000941847836924272,3
520,20221018_110049.mat,2990174,2.990174,0.0024082334020136,0.000941847836924272,3
521,20221018_110049.mat,2990373,2.990373,0.0011796761207507,0.000941847836924272,3
522,20221018_110049.mat,3038332,3.038332,0.000962229546829602,0.000941847836924272,3
523,20221018_110049.mat,3057038,3.057038,0.00230335323110019,0.000941847836924272,3
524,20221018_110049.mat,3108181,3.108181,0.000962042498388077,0.000941847836924272,3
525,20221018_110049.mat,3118131,3.118131,0.000942577273400309,0.000941847836924272,3
526,20221018_110049.mat,3187980,3.18798,0.000959209905296526,0.000941847836924272,3
527,20221018_110049.mat,3262804,3.262804,0.00538593703884632,0.000941847836924272,3
528,20221018_110049.mat,3263003,3.263003,0.00482200796536991,0.000941847836924272,3
529,20221018_110049.mat,3265590,3.26559,0.00172729618097491,0.000941847836924272,3
530,20221018_110049.mat,3265789,3.265789,0.00104268869311682,0.000941847836924272,3
531,20221018_110049.mat,3307778,3.307778,0.000949140803880564,0.000941847836924272,3
532,20221018_110049.mat,3407676,3.407676,0.000968063980065426,0.000941847836924272,3
533,20221018_110049.mat,3413646,3.413646,0.00378028888895778,0.000941847836924272,3
534,20221018_110049.mat,3413845,3.413845,0.00300414576556411,0.000941847836924272,3
535,20221018_110049.mat,3507375,3.507375,0.000968430135066457,0.000941847836924272,3
536,20221018_110049.mat,3517325,3.517325,0.000979456518363745,0.000941847836924272,3
537,20221018_110049.mat,3627372,3.627372,0.0174648085411364,0.000941847836924272,3
538,20221018_110049.mat,3627571,3.627571,0.00263453127702552,0.000941847836924272,3
539,20221018_110049.mat,3627770,3.62777,0.00107202304820864,0.000941847836924272,3
540,20221018_110049.mat,3637123,3.637123,0.000954714072239712,0.000941847836924272,3
541,20221018_110049.mat,3651053,3.651053,0.00102280176986666,0.000941847836924272,3
542,20221018_110049.mat,3651252,3.651252,0.00163720548599254,0.000941847836924272,3
543,20221018_110049.mat,3651451,3.651451,0.00119311534753983,0.000941847836924272,3
544,20221018_110049.mat,3657023,3.657023,0.00096264839823435,0.000941847836924272,3
545,20221018_110049.mat,3737021,3.737021,0.000950242416809027,0.000941847836924272,3
546,20221018_110049.mat,3745180,3.74518,0.00145618983349492,0.000941847836924272,3
547,20221018_110049.mat,3836720,3.83672,0.000983362369369369,0.000941847836924272,3
548,20221018_110049.mat,3867963,3.867963,0.00147481131128251,0.000941847836924272,3
549,20221018_110049.mat,3906569,3.906569,0.000964958783985591,0.000941847836924272,3
550,20221018_110049.mat,3924678,3.924678,0.00142066051528872,0.000941847836924272,3
551,20221018_110049.mat,3924877,3.924877,0.00115082313084519,0.000941847836924272,3
552,20221018_110049.mat,3926270,3.92627,0.00600724607361491,0.000941847836924272,3
553,20221018_110049.mat,3926469,3.926469,0.00110726951711869,0.000941847836924272,3
554,20221018_110049.mat,3926668,3.926668,0.0366969994363228,0.000941847836924272,3
555,20221018_110049.mat,3926867,3.926867,0.0344605433393859,0.000941847836924272,3
556,20221018_110049.mat,3927066,3.927066,0.0220390729178603,0.000941847836924272,3
557,20221018_110049.mat,3927265,3.927265,0.0122158097095675,0.000941847836924272,3
558,20221018_110049.mat,3927464,3.927464,0.00326159297512665,0.000941847836924272,3
559,20221018_110049.mat,3927663,3.927663,0.066383465143138,0.000941847836924272,3
560,20221018_110049.mat,3927862,3.927862,0.139462832770491,0.000941847836924272,3
561,20221018_110049.mat,3928061,3.928061,0.0338800508832086,0.000941847836924272,3
562,20221018_110049.mat,3928260,3.92826,0.12175610977364,0.000941847836924272,3
563,20221018_110049.mat,3928459,3.928459,0.0179084274312944,0.000941847836924272,3
564,20221018_110049.mat,3928658,3.928658,0.00617874105323698,0.000941847836924272,3
565,20221018_110049.mat,3928857,3.928857,0.00133669719850455,0.000941847836924272,3
566,20221018_110049.mat,3929056,3.929056,0.0197647457135141,0.000941847836924272,3
567,20221018_110049.mat,3929255,3.929255,0.00456010623155193,0.000941847836924272,3
568,20221018_110049.mat,3929454,3.929454,0.00109521789902004,0.000941847836924272,3
569,20221018_110049.mat,3929852,3.929852,0.0081529772660834,0.000941847836924272,3
570,20221018_110049.mat,3930051,3.930051,0.00135798690198148,0.000941847836924272,3
571,20221018_110049.mat,4098405,4.098405,0.0213272511018115,0.000941847836924272,3
572,20221018_110049.mat,4098604,4.098604,0.00300217263534365,0.000941847836924272,3
573,20221018_110049.mat,4098803,4.098803,0.00164101606302674,0.000941847836924272,3
574,20221018_110049.mat,4145966,4.145966,0.00145156780272005,0.000941847836924272,3
575,20221018_110049.mat,4146165,4.146165,0.000990524883386264,0.000941847836924272,3
576,20221018_110049.mat,4146563,4.146563,0.00225399882483569,0.000941847836924272,3
577,20221018_110049.mat,4149349,4.149349,0.00470276042706315,0.000941847836924272,3
578,20221018_110049.mat,4149548,4.149548,0.00408311977659704,0.000941847836924272,3
579,20221018_110049.mat,4162284,4.162284,0.00102957636701529,0.000941847836924272,3
580,20221018_110049.mat,4206064,4.206064,0.00100949651407708,0.000941847836924272,3
581,20221018_110049.mat,4216014,4.216014,0.0474877425897794,0.000941847836924272,3
582,20221018_110049.mat,4216213,4.216213,0.00900202584887379,0.000941847836924272,3
583,20221018_110049.mat,4216412,4.216412,0.00185972608189407,0.000941847836924272,3
584,20221018_110049.mat,4258003,4.258003,0.0113412168692624,0.000941847836924272,3
585,20221018_110049.mat,4258202,4.258202,0.0156699972150063,0.000941847836924272,3
586,20221018_110049.mat,4258401,4.258401,0.00104161631695333,0.000941847836924272,3
587,20221018_110049.mat,4271535,4.271535,0.00178575008748459,0.000941847836924272,3
588,20221018_110049.mat,4278102,4.278102,0.0061512498416833,0.000941847836924272,3
589,20221018_110049.mat,4278301,4.278301,0.00143622319891013,0.000941847836924272,3
590,20221018_110049.mat,4278500,4.2785,0.0012678024221166,0.000941847836924272,3
591,20221018_110049.mat,4286858,4.286858,0.0011111196556202,0.000941847836924272,3
592,20221018_110049.mat,4287057,4.287057,0.0111061400854224,0.000941847836924272,3
593,20221018_110049.mat,4287256,4.287256,0.00210433458349616,0.000941847836924272,3
594,20221018_110049.mat,4326061,4.326061,0.00113068677898314,0.000941847836924272,3
595,20221018_110049.mat,4405462,4.405462,0.00622957946641087,0.000941847836924272,3
596,20221018_110049.mat,4405661,4.405661,0.00132051593333205,0.000941847836924272,3
597,20221018_110049.mat,4455411,4.455411,0.000942046345381388,0.000941847836924272,3
598,20221018_110049.mat,4495410,4.49541,0.000951192666087497,0.000941847836924272,3
599,20221018_110049.mat,4554115,4.554115,0.0411402490952398,0.000941847836924272,3
600,20221018_110049.mat,4554314,4.554314,0.0203389190996162,0.000941847836924272,3
601,20221018_110049.mat,4554513,4.554513,0.0473993812571309,0.000941847836924272,3
602,20221018_110049.mat,4554712,4.554712,0.00570266788291624,0.000941847836924272,3
603,20221018_110049.mat,4554911,4.554911,0.00314891294959892,0.000941847836924272,3
604,20221018_110049.mat,4638690,4.63869,0.00480857917204428,0.000941847836924272,3
605,20221018_110049.mat,4638889,4.638889,0.00238246103748039,0.000941847836924272,3
606,20221018_110049.mat,4656003,4.656003,0.00122792178692518,0.000941847836924272,3
607,20221018_110049.mat,4656202,4.656202,0.00113193499407866,0.000941847836924272,3
608,20221018_110049.mat,4663764,4.663764,0.00108587102691856,0.000941847836924272,3
609,20221018_110049.mat,4665157,4.665157,0.000964090547720527,0.000941847836924272,3
610,20221018_110049.mat,4760876,4.760876,0.00111506678906636,0.000941847836924272,3
611,20221018_110049.mat,4804855,4.804855,0.000973543709784306,0.000941847836924272,3
612,20221018_110049.mat,4808835,4.808835,0.00105596599431182,0.000941847836924272,3
613,20221018_110049.mat,4914504,4.914504,0.00100355806412662,0.000941847836924272,3
614,20221018_110049.mat,4975199,4.975199,0.00144322980596112,0.000941847836924272,3
615,20221018_110049.mat,4975398,4.975398,0.00143433529808678,0.000941847836924272,3
616,20221018_110049.mat,4984353,4.984353,0.000960359313075171,0.000941847836924272,3
617,20221018_110054.mat,21094,0.021094,0.0029273888128159,0.000947215348562602,3
618,20221018_110054.mat,21293,0.021293,0.190156296951265,0.000947215348562602,3
619,20221018_110054.mat,21492,0.021492,0.035762374359166,0.000947215348562602,3
620,20221018_110054.mat,21691,0.021691,0.00904719051997796,0.000947215348562602,3
621,20221018_110054.mat,21890,0.02189,0.00189114351499742,0.000947215348562602,3
622,20221018_110054.mat,22885,0.022885,0.00728048687698913,0.000947215348562602,3
623,20221018_110054.mat,23084,0.023084,0.00417240578059115,0.000947215348562602,3
624,20221018_110054.mat,23482,0.023482,0.0160015347815658,0.000947215348562602,3
625,20221018_110054.mat,23681,0.023681,0.00508249092952238,0.000947215348562602,3
626,20221018_110054.mat,23880,0.02388,0.000986298220407081,0.000947215348562602,3
627,20221018_110054.mat,28258,0.028258,0.0011826048441488,0.000947215348562602,3
628,20221018_110054.mat,33432,0.033432,0.00807044352839873,0.000947215348562602,3
629,20221018_110054.mat,33631,0.033631,0.00125549906415673,0.000947215348562602,3
630,20221018_110054.mat,43581,0.043581,0.00401705315113207,0.000947215348562602,3
631,20221018_110054.mat,80595,0.080595,0.00424468530071348,0.000947215348562602,3
632,20221018_110054.mat,80794,0.080794,0.00132541727383309,0.000947215348562602,3
633,20221018_110054.mat,96117,0.096117,0.00731259974593277,0.000947215348562602,3
634,20221018_110054.mat,96316,0.096316,0.0135895074559398,0.000947215348562602,3
635,20221018_110054.mat,135718,0.135718,0.00729374503088759,0.000947215348562602,3
636,20221018_110054.mat,135917,0.135917,0.00162169671804113,0.000947215348562602,3
637,20221018_110054.mat,150643,0.150643,0.0368078978891498,0.000947215348562602,3
638,20221018_110054.mat,150842,0.150842,0.03197607395957,0.000947215348562602,3
639,20221018_110054.mat,151041,0.151041,0.00327033597340455,0.000947215348562602,3
640,20221018_110054.mat,151240,0.15124,0.00165608222234792,0.000947215348562602,3
641,20221018_110054.mat,151638,0.151638,0.0105362721456693,0.000947215348562602,3
642,20221018_110054.mat,151837,0.151837,0.00526185463633291,0.000947215348562602,3
643,20221018_110054.mat,152036,0.152036,0.0012406537057062,0.000947215348562602,3
644,20221018_110054.mat,152633,0.152633,0.00108607841154674,0.000947215348562602,3
645,20221018_110054.mat,153827,0.153827,0.00230727213347569,0.000947215348562602,3
646,20221018_110054.mat,154424,0.154424,0.000984648157453939,0.000947215348562602,3
647,20221018_110054.mat,154822,0.154822,0.00145947348838297,0.000947215348562602,3
648,20221018_110054.mat,156812,0.156812,0.051701417889533,0.000947215348562602,3
649,20221018_110054.mat,157011,0.157011,0.00750563352050811,0.000947215348562602,3
650,20221018_110054.mat,157210,0.15721,0.00269806575947091,0.000947215348562602,3
651,20221018_110054.mat,160195,0.160195,0.0106424198889048,0.000947215348562602,3
652,20221018_110054.mat,160394,0.160394,0.00363804947904323,0.000947215348562602,3
653,20221018_110054.mat,160593,0.160593,0.00111452393267966,0.000947215348562602,3
654,20221018_110054.mat,173329,0.173329,0.00877392752588174,0.000947215348562602,3
655,20221018_110054.mat,173528,0.173528,0.00213653642115945,0.000947215348562602,3
656,20221018_110054.mat,193030,0.19303,0.0251144467568671,0.000947215348562602,3
657,20221018_110054.mat,193229,0.193229,0.00115357431320384,0.000947215348562602,3
658,20221018_110054.mat,235616,0.235616,0.002271236958292,0.000947215348562602,3
659,20221018_110054.mat,235815,0.235815,0.00105764922233058,0.000947215348562602,3
660,20221018_110054.mat,284769,0.284769,0.00101158526430888,0.000947215348562602,3
661,20221018_110054.mat,284968,0.284968,0.00104353831661101,0.000947215348562602,3
662,20221018_110054.mat,285167,0.285167,0.00142494811546136,0.000947215348562602,3
663,20221018_110054.mat,286361,0.286361,0.00100177263801862,0.000947215348562602,3
664,20221018_110054.mat,292928,0.292928,0.00127318455446335,0.000947215348562602,3
665,20221018_110054.mat,296510,0.29651,0.00120944556036381,0.000947215348562602,3
666,20221018_110054.mat,388050,0.38805,0.00410322643497048,0.000947215348562602,3
667,20221018_110054.mat,388249,0.388249,0.01089501865234,0.000947215348562602,3
668,20221018_110054.mat,388448,0.388448,0.00202862119629861,0.000947215348562602,3
669,20221018_110054.mat,388647,0.388647,0.00103466291727792,0.000947215348562602,3
670,20221018_110054.mat,487152,0.487152,0.00350695321476345,0.000947215348562602,3
671,20221018_110054.mat,487351,0.487351,0.00159455676478016,0.000947215348562602,3
672,20221018_110054.mat,628243,0.628243,0.0121532123513895,0.000947215348562602,3
673,20221018_110054.mat,628442,0.628442,0.0115869144206693,0.000947215348562602,3
674,20221018_110054.mat,628641,0.628641,0.00139900440326904,0.000947215348562602,3
675,20221018_110054.mat,635009,0.635009,0.00113677253106184,0.000947215348562602,3
676,20221018_110054.mat,645556,0.645556,0.00164360665241176,0.000947215348562602,3
677,20221018_110054.mat,675406,0.675406,0.00113661242195238,0.000947215348562602,3
678,20221018_110054.mat,675605,0.675605,0.012855478609356,0.000947215348562602,3
679,20221018_110054.mat,675804,0.675804,0.0011974196080159,0.000947215348562602,3
680,20221018_110054.mat,677197,0.677197,0.0157039380810653,0.000947215348562602,3
681,20221018_110054.mat,677396,0.677396,0.00934279733202294,0.000947215348562602,3
682,20221018_110054.mat,677595,0.677595,0.00144019948595641,0.000947215348562602,3
683,20221018_110054.mat,678988,0.678988,0.00464866480028586,0.000947215348562602,3
684,20221018_110054.mat,679187,0.679187,0.0739153572535213,0.000947215348562602,3
685,20221018_110054.mat,679386,0.679386,0.0140432469427253,0.000947215348562602,3
686,20221018_110054.mat,679585,0.679585,0.00297009376168843,0.000947215348562602,3
687,20221018_110054.mat,732519,0.732519,0.00311350381265506,0.000947215348562602,3
688,20221018_110054.mat,732718,0.732718,0.0252006740747696,0.000947215348562602,3
689,20221018_110054.mat,732917,0.732917,0.00255881366612001,0.000947215348562602,3
690,20221018_110054.mat,783861,0.783861,0.0179545409371081,0.000947215348562602,3
691,20221018_110054.mat,784060,0.78406,0.00251255444989133,0.000947215348562602,3
692,20221018_110054.mat,805353,0.805353,0.000956521062157025,0.000947215348562602,3
693,20221018_110054.mat,824855,0.824855,0.0207367701794708,0.000947215348562602,3
694,20221018_110054.mat,825054,0.825054,0.017656791749249,0.000947215348562602,3
695,20221018_110054.mat,825253,0.825253,0.00267857801875003,0.000947215348562602,3
696,20221018_110054.mat,825452,0.825452,0.00121154040046804,0.000947215348562602,3
697,20221018_110054.mat,877192,0.877192,0.00728124752105839,0.000947215348562602,3
698,20221018_110054.mat,877391,0.877391,0.0286035466143877,0.000947215348562602,3
699,20221018_110054.mat,877590,0.87759,0.00286916129810553,0.000947215348562602,3
700,20221018_110054.mat,877789,0.877789,0.00125104380649937,0.000947215348562602,3
701,20221018_110054.mat,898883,0.898883,0.00328573385425413,0.000947215348562602,3
702,20221018_110054.mat,899082,0.899082,0.00271349673486861,0.000947215348562602,3
703,20221018_110054.mat,935101,0.935101,0.000950083652030424,0.000947215348562602,3
704,20221018_110054.mat,955200,0.9552,0.0259052077732142,0.000947215348562602,3
705,20221018_110054.mat,955399,0.955399,0.00717641732002196,0.000947215348562602,3
706,20221018_110054.mat,955598,0.955598,0.00212559906087638,0.000947215348562602,3
707,20221018_110054.mat,1015099,1.015099,0.0298936979771182,0.000947215348562602,3
708,20221018_110054.mat,1015298,1.015298,0.00415451386386628,0.000947215348562602,3
709,20221018_110054.mat,1015497,1.015497,0.00180928315933324,0.000947215348562602,3
710,20221018_110054.mat,1094699,1.094699,0.000975267777460457,0.000947215348562602,3
711,20221018_110054.mat,1095097,1.095097,0.01187465277282,0.000947215348562602,3
712,20221018_110054.mat,1095296,1.095296,0.0107715801093329,0.000947215348562602,3
713,20221018_110054.mat,1095495,1.095495,0.0014887234003229,0.000947215348562602,3
714,20221018_110054.mat,1106838,1.106838,0.0170735605211276,0.000947215348562602,3
715,20221018_110054.mat,1107037,1.107037,0.0113994800230987,0.000947215348562602,3
716,20221018_110054.mat,1107236,1.107236,0.00154645632706295,0.000947215348562602,3
717,20221018_110054.mat,1159971,1.159971,0.00478935751836857,0.000947215348562602,3
718,20221018_110054.mat,1160170,1.16017,0.0120370436814182,0.000947215348562602,3
719,20221018_110054.mat,1160369,1.160369,0.00134593542689581,0.000947215348562602,3
720,20221018_110054.mat,1204547,1.204547,0.00100391188582072,0.000947215348562602,3
721,20221018_110054.mat,1287729,1.287729,0.00465876978069022,0.000947215348562602,3
722,20221018_110054.mat,1287928,1.287928,0.000982196641148265,0.000947215348562602,3
723,20221018_110054.mat,1294296,1.294296,0.00411068765467405,0.000947215348562602,3
724,20221018_110054.mat,1294495,1.294495,0.0132327495049534,0.000947215348562602,3
725,20221018_110054.mat,1304843,1.304843,0.0012405436813157,0.000947215348562602,3
726,20221018_110054.mat,1305042,1.305042,0.00112464375028498,0.000947215348562602,3
727,20221018_110054.mat,1307629,1.307629,0.00488871408956939,0.000947215348562602,3
728,20221018_110054.mat,1307828,1.307828,0.000960519270686285,0.000947215348562602,3
729,20221018_110054.mat,1404144,1.404144,0.000999431280600925,0.000947215348562602,3
730,20221018_110054.mat,1404741,1.404741,0.0119226059187532,0.000947215348562602,3
731,20221018_110054.mat,1404940,1.40494,0.00533516590037634,0.000947215348562602,3
732,20221018_110054.mat,1405139,1.405139,0.00146858189212037,0.000947215348562602,3
733,20221018_110054.mat,1434790,1.43479,0.290735969103481,0.000947215348562602,3
734,20221018_110054.mat,1434989,1.434989,0.0673307340808631,0.000947215348562602,3
735,20221018_110054.mat,1435188,1.435188,0.00641663486727179,0.000947215348562602,3
736,20221018_110054.mat,1435387,1.435387,0.00268836277977398,0.000947215348562602,3
737,20221018_110054.mat,1464839,1.464839,0.00232197986414973,0.000947215348562602,3
738,20221018_110054.mat,1468222,1.468222,0.00293953912979758,0.000947215348562602,3
739,20221018_110054.mat,1519166,1.519166,0.00288716341078649,0.000947215348562602,3
740,20221018_110054.mat,1519365,1.519365,0.00446610568603653,0.000947215348562602,3
741,20221018_110054.mat,1533892,1.533892,0.000956608409222341,0.000947215348562602,3
742,20221018_110054.mat,1573891,1.573891,0.00102561823783377,0.000947215348562602,3
743,20221018_110054.mat,1576876,1.576876,0.00100902621066419,0.000947215348562602,3
744,20221018_110054.mat,1577075,1.577075,0.0012764462197288,0.000947215348562602,3
745,20221018_110054.mat,1608119,1.608119,0.00225529594765239,0.000947215348562602,3
746,20221018_110054.mat,1613691,1.613691,0.000948390351781703,0.000947215348562602,3
747,20221018_110054.mat,1653491,1.653491,0.00152964081642417,0.000947215348562602,3
748,20221018_110054.mat,1653690,1.65369,0.00568689303755432,0.000947215348562602,3
749,20221018_110054.mat,1653889,1.653889,0.00103071688928628,0.000947215348562602,3
750,20221018_110054.mat,1737071,1.737071,0.0194994833677139,0.000947215348562602,3
751,20221018_110054.mat,1737270,1.73727,0.00419358042826827,0.000947215348562602,3
752,20221018_110054.mat,1737469,1.737469,0.00205296592398676,0.000947215348562602,3
753,20221018_110054.mat,1758364,1.758364,0.00313227511391617,0.000947215348562602,3
754,20221018_110054.mat,1758563,1.758563,0.00121196571347027,0.000947215348562602,3
755,20221018_110054.mat,1767717,1.767717,0.00895588326964612,0.000947215348562602,3
756,20221018_110054.mat,1767916,1.767916,0.00417620864584038,0.000947215348562602,3
757,20221018_110054.mat,1853287,1.853287,0.00100981869301926,0.000947215348562602,3
758,20221018_110054.mat,1983433,1.983433,0.00496836927376574,0.000947215348562602,3
759,20221018_110054.mat,1983632,1.983632,0.0112259063277572,0.000947215348562602,3
760,20221018_110054.mat,1983831,1.983831,0.00178477038486873,0.000947215348562602,3
761,20221018_110054.mat,1984030,1.98403,0.00104964799404405,0.000947215348562602,3
762,20221018_110054.mat,2007512,2.007512,0.00491472976490425,0.000947215348562602,3
763,20221018_110054.mat,2007711,2.007711,0.00116913973781851,0.000947215348562602,3
764,20221018_110054.mat,2041143,2.041143,0.00138449305573098,0.000947215348562602,3
765,20221018_110054.mat,2043929,2.043929,0.0071495807536535,0.000947215348562602,3
766,20221018_110054.mat,2044128,2.044128,0.00478645835240021,0.000947215348562602,3
767,20221018_110054.mat,2052884,2.052884,0.00100243057003936,0.000947215348562602,3
768,20221018_110054.mat,2104823,2.104823,0.00531443131184636,0.000947215348562602,3
769,20221018_110054.mat,2132484,2.132484,0.000951634282041152,0.000947215348562602,3
770,20221018_110054.mat,2133081,2.133081,0.00102044574296581,0.000947215348562602,3
771,20221018_110054.mat,2133280,2.13328,0.00114507841795443,0.000947215348562602,3
772,20221018_110054.mat,2143827,2.143827,0.264394637712356,0.000947215348562602,3
773,20221018_110054.mat,2144026,2.144026,0.07604768179326,0.000947215348562602,3
774,20221018_110054.mat,2144225,2.144225,0.0120638841690873,0.000947215348562602,3
775,20221018_110054.mat,2144424,2.144424,0.00461257668559876,0.000947215348562602,3
776,20221018_110054.mat,2144623,2.144623,0.392085654298401,0.000947215348562602,3
777,20221018_110054.mat,2144822,2.144822,0.0361263549703014,0.000947215348562602,3
778,20221018_110054.mat,2145021,2.145021,0.0126336275608838,0.000947215348562602,3
779,20221018_110054.mat,2145220,2.14522,0.00239140253821638,0.000947215348562602,3
780,20221018_110054.mat,2145618,2.145618,0.00452144934417608,0.000947215348562602,3
781,20221018_110054.mat,2145817,2.145817,0.00165669785093607,0.000947215348562602,3
782,20221018_110054.mat,2146215,2.146215,0.00170248888616041,0.000947215348562602,3
783,20221018_110054.mat,2154971,2.154971,0.0675760150160082,0.000947215348562602,3
784,20221018_110054.mat,2155170,2.15517,0.0109969715947649,0.000947215348562602,3
785,20221018_110054.mat,2155369,2.155369,0.00217087775796422,0.000947215348562602,3
786,20221018_110054.mat,2163130,2.16313,0.0195661037320357,0.000947215348562602,3
787,20221018_110054.mat,2163329,2.163329,0.03050893309938,0.000947215348562602,3
788,20221018_110054.mat,2163528,2.163528,0.00873204776587228,0.000947215348562602,3
789,20221018_110054.mat,2163727,2.163727,0.00180180933272108,0.000947215348562602,3
790,20221018_110054.mat,2163926,2.163926,0.00279171750944345,0.000947215348562602,3
791,20221018_110054.mat,2164125,2.164125,0.0077825824394143,0.000947215348562602,3
792,20221018_110054.mat,2164324,2.164324,0.00232430335202769,0.000947215348562602,3
793,20221018_110054.mat,2165319,2.165319,0.219999898856177,0.000947215348562602,3
794,20221018_110054.mat,2165518,2.165518,0.159366293079178,0.000947215348562602,3
795,20221018_110054.mat,2165717,2.165717,0.0179218689935577,0.000947215348562602,3
796,20221018_110054.mat,2165916,2.165916,0.00790856743825379,0.000947215348562602,3
797,20221018_110054.mat,2166115,2.166115,0.00108776980846543,0.000947215348562602,3
798,20221018_110054.mat,2168503,2.168503,0.00208415989814306,0.000947215348562602,3
799,20221018_110054.mat,2168702,2.168702,0.0010634821076767,0.000947215348562602,3
800,20221018_110054.mat,2169697,2.169697,0.000994877283291638,0.000947215348562602,3
801,20221018_110054.mat,2174473,2.174473,0.00185440734063989,0.000947215348562602,3
802,20221018_110054.mat,2174672,2.174672,0.00257006508077683,0.000947215348562602,3
803,20221018_110054.mat,2174871,2.174871,0.00204491472750793,0.000947215348562602,3
804,20221018_110054.mat,2187010,2.18701,0.000980338581395171,0.000947215348562602,3
805,20221018_110054.mat,2196164,2.196164,0.0178550753782434,0.000947215348562602,3
806,20221018_110054.mat,2196363,2.196363,0.00796369427484387,0.000947215348562602,3
807,20221018_110054.mat,2196562,2.196562,0.00170575411243261,0.000947215348562602,3
808,20221018_110054.mat,2201338,2.201338,0.00482903957030356,0.000947215348562602,3
809,20221018_110054.mat,2201537,2.201537,0.00533765344702605,0.000947215348562602,3
810,20221018_110054.mat,2206313,2.206313,0.0010327889782013,0.000947215348562602,3
811,20221018_110054.mat,2231984,2.231984,0.0338681789582206,0.000947215348562602,3
812,20221018_110054.mat,2232183,2.232183,0.00620944308028908,0.000947215348562602,3
813,20221018_110054.mat,2232382,2.232382,0.00206502806242395,0.000947215348562602,3
814,20221018_110054.mat,2232581,2.232581,0.000996788192555612,0.000947215348562602,3
815,20221018_110054.mat,2245914,2.245914,0.023453446277273,0.000947215348562602,3
816,20221018_110054.mat,2246113,2.246113,0.0234912162568193,0.000947215348562602,3
817,20221018_110054.mat,2246312,2.246312,0.00211689844475009,0.000947215348562602,3
818,20221018_110054.mat,2246511,2.246511,0.00121284749746385,0.000947215348562602,3
819,20221018_110054.mat,2284719,2.284719,0.00100799267390329,0.000947215348562602,3
820,20221018_110054.mat,2284918,2.284918,0.0017586105657173,0.000947215348562602,3
821,20221018_110054.mat,2342230,2.34223,0.000978515600272249,0.000947215348562602,3
822,20221018_110054.mat,2461033,2.461033,0.0334212091945068,0.000947215348562602,3
823,20221018_110054.mat,2461232,2.461232,0.0944328674890834,0.000947215348562602,3
824,20221018_110054.mat,2461431,2.461431,0.0462553036273649,0.000947215348562602,3
825,20221018_110054.mat,2461630,2.46163,0.00640437712547454,0.000947215348562602,3
826,20221018_110054.mat,2461829,2.461829,0.00231353114910824,0.000947215348562602,3
827,20221018_110054.mat,2468396,2.468396,0.00260889453716469,0.000947215348562602,3
828,20221018_110054.mat,2468595,2.468595,0.0010770783946163,0.000947215348562602,3
829,20221018_110054.mat,2468794,2.468794,0.00657151224616072,0.000947215348562602,3
830,20221018_110054.mat,2468993,2.468993,0.00435479167220142,0.000947215348562602,3
831,20221018_110054.mat,2469192,2.469192,0.00106067678926611,0.000947215348562602,3
832,20221018_110054.mat,2474366,2.474366,0.00799968885079681,0.000947215348562602,3
833,20221018_110054.mat,2474565,2.474565,0.00781973603486967,0.000947215348562602,3
834,20221018_110054.mat,2474764,2.474764,0.0013475341455701,0.000947215348562602,3
835,20221018_110054.mat,2475759,2.475759,0.000960167815057255,0.000947215348562602,3
836,20221018_110054.mat,2520534,2.520534,0.00250373450102363,0.000947215348562602,3
837,20221018_110054.mat,2520733,2.520733,0.00290213892229124,0.000947215348562602,3
838,20221018_110054.mat,2520932,2.520932,0.00157926703710046,0.000947215348562602,3
839,20221018_110054.mat,2521927,2.521927,0.00101688093274731,0.000947215348562602,3
840,20221018_110054.mat,2528892,2.528892,0.00937931980996903,0.000947215348562602,3
841,20221018_110054.mat,2557747,2.557747,0.0389927258899487,0.000947215348562602,3
842,20221018_110054.mat,2557946,2.557946,0.0171103869251268,0.000947215348562602,3
843,20221018_110054.mat,2558145,2.558145,0.00264152248049313,0.000947215348562602,3
844,20221018_110054.mat,2558344,2.558344,0.00127211830685528,0.000947215348562602,3
845,20221018_110054.mat,2563319,2.563319,0.00200094806923796,0.000947215348562602,3
846,20221018_110054.mat,2577050,2.57705,0.00255741180435632,0.000947215348562602,3
847,20221018_110054.mat,2636352,2.636352,0.00869458168948123,0.000947215348562602,3
848,20221018_110054.mat,2636551,2.636551,0.0015896330634273,0.000947215348562602,3
849,20221018_110054.mat,2647496,2.647496,0.011756319893367,0.000947215348562602,3
850,20221018_110054.mat,2647695,2.647695,0.00231645719540197,0.000947215348562602,3
851,20221018_110054.mat,2723713,2.723713,0.00910900406695351,0.000947215348562602,3
852,20221018_110054.mat,2723912,2.723912,0.0087765348349824,0.000947215348562602,3
853,20221018_110054.mat,2724111,2.724111,0.0011649010241086,0.000947215348562602,3
854,20221018_110054.mat,2724310,2.72431,0.00466743508199317,0.000947215348562602,3
855,20221018_110054.mat,2724509,2.724509,0.00159853355522524,0.000947215348562602,3
856,20221018_110054.mat,2742021,2.742021,0.00115791331502669,0.000947215348562602,3
857,20221018_110054.mat,2791373,2.791373,0.000948849924401053,0.000947215348562602,3
858,20221018_110054.mat,2801920,2.80192,0.00333481456625859,0.000947215348562602,3
859,20221018_110054.mat,2802119,2.802119,0.00520244052339892,0.000947215348562602,3
860,20221018_110054.mat,2815054,2.815054,0.0157160058433748,0.000947215348562602,3
861,20221018_110054.mat,2815253,2.815253,0.0103736267122414,0.000947215348562602,3
862,20221018_110054.mat,2815452,2.815452,0.00155358248737212,0.000947215348562602,3
863,20221018_110054.mat,2851471,2.851471,0.00312141206187286,0.000947215348562602,3
864,20221018_110054.mat,2871371,2.871371,0.00453475443165251,0.000947215348562602,3
865,20221018_110054.mat,2890276,2.890276,0.179049128110037,0.000947215348562602,3
866,20221018_110054.mat,2890475,2.890475,0.221896160372117,0.000947215348562602,3
867,20221018_110054.mat,2890674,2.890674,0.0645797249157019,0.000947215348562602,3
868,20221018_110054.mat,2890873,2.890873,0.015441802377173,0.000947215348562602,3
869,20221018_110054.mat,2891072,2.891072,0.00460023011685819,0.000947215348562602,3
870,20221018_110054.mat,2891271,2.891271,0.00101028389278573,0.000947215348562602,3
871,20221018_110054.mat,2892465,2.892465,0.00150594549853608,0.000947215348562602,3
872,20221018_110054.mat,2901221,2.901221,0.00189602581237898,0.000947215348562602,3
873,20221018_110054.mat,2901619,2.901619,0.00151618773399394,0.000947215348562602,3
874,20221018_110054.mat,2901818,2.901818,0.0031146199812693,0.000947215348562602,3
875,20221018_110054.mat,2906395,2.906395,0.00103701938945473,0.000947215348562602,3
876,20221018_110054.mat,2932663,2.932663,0.0105804407281646,0.000947215348562602,3
877,20221018_110054.mat,2932862,2.932862,0.00388468643950743,0.000947215348562602,3
878,20221018_110054.mat,2933061,2.933061,0.00136583195202879,0.000947215348562602,3
879,20221018_110054.mat,2941220,2.94122,0.00732096284396708,0.000947215348562602,3
880,20221018_110054.mat,2941419,2.941419,0.00893187370762989,0.000947215348562602,3
881,20221018_110054.mat,2941618,2.941618,0.00115632452405674,0.000947215348562602,3
882,20221018_110054.mat,2945399,2.945399,0.00820152350593729,0.000947215348562602,3
883,20221018_110054.mat,2945598,2.945598,0.0031924911173038,0.000947215348562602,3
884,20221018_110054.mat,2946195,2.946195,0.00106575002325631,0.000947215348562602,3
885,20221018_110054.mat,2946394,2.946394,0.00146902063504228,0.000947215348562602,3
886,20221018_110054.mat,3030969,3.030969,0.000948450245023593,0.000947215348562602,3
887,20221018_110054.mat,3100022,3.100022,0.00155419471541175,0.000947215348562602,3
888,20221018_110054.mat,3100221,3.100221,0.00136069364930873,0.000947215348562602,3
889,20221018_110054.mat,3110768,3.110768,0.00100324695155835,0.000947215348562602,3
890,20221018_110054.mat,3130668,3.130668,0.00098873928634051,0.000947215348562602,3
891,20221018_110054.mat,3210467,3.210467,0.000958183876436718,0.000947215348562602,3
892,20221018_110054.mat,3248476,3.248476,0.00518426636587774,0.000947215348562602,3
893,20221018_110054.mat,3248675,3.248675,0.00251512980602028,0.000947215348562602,3
894,20221018_110054.mat,3248874,3.248874,0.000969658727124973,0.000947215348562602,3
895,20221018_110054.mat,3258824,3.258824,0.015238834833056,0.000947215348562602,3
896,20221018_110054.mat,3259023,3.259023,0.00202215315142226,0.000947215348562602,3
897,20221018_110054.mat,3259222,3.259222,0.00102431639044525,0.000947215348562602,3
898,20221018_110054.mat,3266585,3.266585,0.0129776513712396,0.000947215348562602,3
899,20221018_110054.mat,3266784,3.266784,0.00552893927847317,0.000947215348562602,3
900,20221018_110054.mat,3266983,3.266983,0.0011968211750057,0.000947215348562602,3
901,20221018_110054.mat,3273550,3.27355,0.00888610575238421,0.000947215348562602,3
902,20221018_110054.mat,3273749,3.273749,0.00375959886499543,0.000947215348562602,3
903,20221018_110054.mat,3283699,3.283699,0.000949113474317736,0.000947215348562602,3
904,20221018_110054.mat,3283898,3.283898,0.012252512071835,0.000947215348562602,3
905,20221018_110054.mat,3284097,3.284097,0.00205855478969717,0.000947215348562602,3
906,20221018_110054.mat,3284296,3.284296,0.00101188861195053,0.000947215348562602,3
907,20221018_110054.mat,3330265,3.330265,0.000980976315754197,0.000947215348562602,3
908,20221018_110054.mat,3368274,3.368274,0.00212659565522345,0.000947215348562602,3
909,20221018_110054.mat,3368473,3.368473,0.00231284785269231,0.000947215348562602,3
910,20221018_110054.mat,3370264,3.370264,0.00104360358215687,0.000947215348562602,3
911,20221018_110054.mat,3371458,3.371458,0.0175113010151437,0.000947215348562602,3
912,20221018_110054.mat,3371657,3.371657,0.00181799015693776,0.000947215348562602,3
913,20221018_110054.mat,3412850,3.41285,0.00128014403067836,0.000947215348562602,3
914,20221018_110054.mat,3477923,3.477923,0.00121360049725333,0.000947215348562602,3
915,20221018_110054.mat,3490062,3.490062,0.00342166233918904,0.000947215348562602,3
916,20221018_110054.mat,3490261,3.490261,0.0144096875221676,0.000947215348562602,3
917,20221018_110054.mat,3490460,3.49046,0.00252198686344214,0.000947215348562602,3
918,20221018_110054.mat,3563095,3.563095,0.00950658950684253,0.000947215348562602,3
919,20221018_110054.mat,3563294,3.563294,0.0353559829892286,0.000947215348562602,3
920,20221018_110054.mat,3563493,3.563493,0.00382462612213742,0.000947215348562602,3
921,20221018_110054.mat,3563692,3.563692,0.00193689509415218,0.000947215348562602,3
922,20221018_110054.mat,3584587,3.584587,0.00206089201135804,0.000947215348562602,3
923,20221018_110054.mat,3584786,3.584786,0.00396850325990743,0.000947215348562602,3
924,20221018_110054.mat,3590756,3.590756,0.0394482719449934,0.000947215348562602,3
925,20221018_110054.mat,3590955,3.590955,0.00788630725484076,0.000947215348562602,3
926,20221018_110054.mat,3591154,3.591154,0.00250903531225633,0.000947215348562602,3
927,20221018_110054.mat,3599910,3.59991,0.000999393481631891,0.000947215348562602,3
928,20221018_110054.mat,3642297,3.642297,0.0010208728784821,0.000947215348562602,3
929,20221018_110054.mat,3642496,3.642496,0.00319776923457018,0.000947215348562602,3
930,20221018_110054.mat,3689659,3.689659,0.000981671502032201,0.000947215348562602,3
931,20221018_110054.mat,3713937,3.713937,0.00283234009196179,0.000947215348562602,3
932,20221018_110054.mat,3714136,3.714136,0.00174516741059129,0.000947215348562602,3
933,20221018_110054.mat,3733638,3.733638,0.00775599686094953,0.000947215348562602,3
934,20221018_110054.mat,3733837,3.733837,0.00154606898830774,0.000947215348562602,3
935,20221018_110054.mat,3749558,3.749558,0.000955910571085965,0.000947215348562602,3
936,20221018_110054.mat,3772045,3.772045,0.00375419389919568,0.000947215348562602,3
937,20221018_110054.mat,3772244,3.772244,0.00332033845846587,0.000947215348562602,3
938,20221018_110054.mat,3830153,3.830153,0.00512286509772611,0.000947215348562602,3
939,20221018_110054.mat,3870749,3.870749,0.0014994449005532,0.000947215348562602,3
940,20221018_110054.mat,3870948,3.870948,0.00132920393820142,0.000947215348562602,3
941,20221018_110054.mat,3889256,3.889256,0.000960735992181567,0.000947215348562602,3
942,20221018_110054.mat,3918310,3.91831,0.00101104156991623,0.000947215348562602,3
943,20221018_110054.mat,3922688,3.922688,0.013851458032283,0.000947215348562602,3
944,20221018_110054.mat,3922887,3.922887,0.00630713102378158,0.000947215348562602,3
945,20221018_110054.mat,3928260,3.92826,0.00219941506953712,0.000947215348562602,3
946,20221018_110054.mat,4021591,4.021591,0.00427704521373717,0.000947215348562602,3
947,20221018_110054.mat,4021790,4.02179,0.00437923357822959,0.000947215348562602,3
948,20221018_110054.mat,4078903,4.078903,0.000953277851665826,0.000947215348562602,3
949,20221018_110054.mat,4088853,4.088853,0.0487776266748876,0.000947215348562602,3
950,20221018_110054.mat,4089052,4.089052,0.0108045574919936,0.000947215348562602,3
951,20221018_110054.mat,4089251,4.089251,0.00193917162157702,0.000947215348562602,3
952,20221018_110054.mat,4090246,4.090246,0.00243358966573236,0.000947215348562602,3
953,20221018_110054.mat,4128852,4.128852,0.000976448641841875,0.000947215348562602,3
954,20221018_110054.mat,4208651,4.208651,0.000959097441544501,0.000947215348562602,3
955,20221018_110054.mat,4221984,4.221984,0.00250791559571017,0.000947215348562602,3
956,20221018_110054.mat,4222183,4.222183,0.00119225813321879,0.000947215348562602,3
957,20221018_110054.mat,4298400,4.2984,0.0010108165358008,0.000947215348562602,3
958,20221018_110054.mat,4345762,4.345762,0.0010905957003697,0.000947215348562602,3
959,20221018_110054.mat,4407651,4.407651,0.00344239205683916,0.000947215348562602,3
960,20221018_110054.mat,4407850,4.40785,0.00668377822736618,0.000947215348562602,3
961,20221018_110054.mat,4411631,4.411631,0.0309466760120254,0.000947215348562602,3
962,20221018_110054.mat,4411830,4.41183,0.0548238976453587,0.000947215348562602,3
963,20221018_110054.mat,4412029,4.412029,0.0459781045599499,0.000947215348562602,3
964,20221018_110054.mat,4412228,4.412228,0.0320895083385018,0.000947215348562602,3
965,20221018_110054.mat,4412427,4.412427,0.00967389176552921,0.000947215348562602,3
966,20221018_110054.mat,4412626,4.412626,0.00185382672733107,0.000947215348562602,3
967,20221018_110054.mat,4412825,4.412825,0.00111494544609451,0.000947215348562602,3
968,20221018_110054.mat,4413024,4.413024,0.00832203845663652,0.000947215348562602,3
969,20221018_110054.mat,4413223,4.413223,0.025312177425077,0.000947215348562602,3
970,20221018_110054.mat,4413422,4.413422,0.00611929926937449,0.000947215348562602,3
971,20221018_110054.mat,4413621,4.413621,0.00170125715731875,0.000947215348562602,3
972,20221018_110054.mat,4413820,4.41382,0.0009497323999501,0.000947215348562602,3
973,20221018_110054.mat,4415014,4.415014,0.00120534539073217,0.000947215348562602,3
974,20221018_110054.mat,4416208,4.416208,0.000984416807865223,0.000947215348562602,3
975,20221018_110054.mat,4427551,4.427551,0.00171082877589488,0.000947215348562602,3
976,20221018_110054.mat,4427750,4.42775,0.00109620827316684,0.000947215348562602,3
977,20221018_110054.mat,4434715,4.434715,0.00247954262877547,0.000947215348562602,3
978,20221018_110054.mat,4434914,4.434914,0.00119185748354425,0.000947215348562602,3
979,20221018_110054.mat,4435909,4.435909,0.00810692549329335,0.000947215348562602,3
980,20221018_110054.mat,4436108,4.436108,0.118703520121104,0.000947215348562602,3
981,20221018_110054.mat,4436307,4.436307,0.0178647069744987,0.000947215348562602,3
982,20221018_110054.mat,4436506,4.436506,0.00556971961589499,0.000947215348562602,3
983,20221018_110054.mat,4436705,4.436705,0.00395625830356442,0.000947215348562602,3
984,20221018_110054.mat,4436904,4.436904,0.0139029557421569,0.000947215348562602,3
985,20221018_110054.mat,4437103,4.437103,0.00653267352705795,0.000947215348562602,3
986,20221018_110054.mat,4437302,4.437302,0.00276341215211992,0.000947215348562602,3
987,20221018_110054.mat,4438098,4.438098,0.000968305283168473,0.000947215348562602,3
988,20221018_110054.mat,4440088,4.440088,0.00400347797350756,0.000947215348562602,3
989,20221018_110054.mat,4440287,4.440287,0.00100599012061191,0.000947215348562602,3
990,20221018_110054.mat,4445461,4.445461,0.00153028262614293,0.000947215348562602,3
991,20221018_110054.mat,4455610,4.45561,0.00302799645794803,0.000947215348562602,3
992,20221018_110054.mat,4466356,4.466356,0.00450704281274179,0.000947215348562602,3
993,20221018_110054.mat,4466555,4.466555,0.00127300889416418,0.000947215348562602,3
994,20221018_110054.mat,4475709,4.475709,0.00213210519959743,0.000947215348562602,3
995,20221018_110054.mat,4478893,4.478893,0.00134484791816596,0.000947215348562602,3
996,20221018_110054.mat,4497400,4.4974,0.00246806435230879,0.000947215348562602,3
997,20221018_110054.mat,4507947,4.507947,0.000947338396919766,0.000947215348562602,3
998,20221018_110054.mat,4560085,4.560085,0.00366328159794772,0.000947215348562602,3
999,20221018_110054.mat,4560284,4.560284,0.00209299292386432,0.000947215348562602,3
1000,20221018_110054.mat,4560483,4.560483,0.0639892613272,0.000947215348562602,3
1001,20221018_110054.mat,4560682,4.560682,0.0108496044215471,0.000947215348562602,3
1002,20221018_110054.mat,4560881,4.560881,0.00277873399093789,0.000947215348562602,3
1003,20221018_110054.mat,4574811,4.574811,0.0009642332648584,0.000947215348562602,3
1004,20221018_110054.mat,4575010,4.57501,0.00148005126919788,0.000947215348562602,3
1005,20221018_110054.mat,4578194,4.578194,0.0108976196939657,0.000947215348562602,3
1006,20221018_110054.mat,4578393,4.578393,0.00213382371624037,0.000947215348562602,3
1007,20221018_110054.mat,4578592,4.578592,0.0009931229179093,0.000947215348562602,3
1008,20221018_110054.mat,4668142,4.668142,0.0207212702253908,0.000947215348562602,3
1009,20221018_110054.mat,4668341,4.668341,0.00618617857632314,0.000947215348562602,3
1010,20221018_110054.mat,4668540,4.66854,0.00233646685267886,0.000947215348562602,3
1011,20221018_110054.mat,4681873,4.681873,0.00758702037778094,0.000947215348562602,3
1012,20221018_110054.mat,4682072,4.682072,0.00335561198610325,0.000947215348562602,3
1013,20221018_110054.mat,4682271,4.682271,0.00103899504756588,0.000947215348562602,3
1014,20221018_110054.mat,4763662,4.763662,0.00121515797043014,0.000947215348562602,3
1015,20221018_110054.mat,4877291,4.877291,0.000990811218706422,0.000947215348562602,3
1016,20221018_110054.mat,4907340,4.90734,0.00100253647067805,0.000947215348562602,3
1017,20221018_110054.mat,4915300,4.9153,0.00103087498809644,0.000947215348562602,3
1018,20221018_110054.mat,4993905,4.993905,0.00298909233131648,0.000947215348562602,3
1019,20221018_110054.mat,4994104,4.994104,0.00168656844046442,0.000947215348562602,3
1020,20221018_110054.mat,4997089,4.997089,0.000993409142830755,0.000947215348562602,3
1021,20221018_110059.mat,45969,0.045969,0.013565804327881,0.000941231276504552,3
1022,20221018_110059.mat,46168,0.046168,0.00228204038306395,0.000941231276504552,3
1023,20221018_110059.mat,46367,0.046367,0.00120824296240007,0.000941231276504552,3
1024,20221018_110059.mat,47959,0.047959,0.00368210483581908,0.000941231276504552,3
1025,20221018_110059.mat,48158,0.048158,0.0016664344666798,0.000941231276504552,3
1026,20221018_110059.mat,52138,0.052138,0.00574503548607865,0.000941231276504552,3
1027,20221018_110059.mat,52337,0.052337,0.00223493609649462,0.000941231276504552,3
1028,20221018_110059.mat,60098,0.060098,0.000975540129925115,0.000941231276504552,3
1029,20221018_110059.mat,135718,0.135718,0.00465547668695539,0.000941231276504552,3
1030,20221018_110059.mat,135917,0.135917,0.00259096614502529,0.000941231276504552,3
1031,20221018_110059.mat,139897,0.139897,0.000963496764000984,0.000941231276504552,3
1032,20221018_110059.mat,174523,0.174523,0.00504240912337245,0.000941231276504552,3
1033,20221018_110059.mat,174722,0.174722,0.00115966924206497,0.000941231276504552,3
1034,20221018_110059.mat,239198,0.239198,0.00119715133536963,0.000941231276504552,3
1035,20221018_110059.mat,309644,0.309644,0.000963389393761856,0.000941231276504552,3
1036,20221018_110059.mat,322181,0.322181,0.00257780037676179,0.000941231276504552,3
1037,20221018_110059.mat,322380,0.32238,0.00128105756393005,0.000941231276504552,3
1038,20221018_110059.mat,359593,0.359593,0.000957840077027585,0.000941231276504552,3
1039,20221018_110059.mat,370737,0.370737,0.00105630116550807,0.000941231276504552,3
1040,20221018_110059.mat,463073,0.463073,0.0114813119101702,0.000941231276504552,3
1041,20221018_110059.mat,463272,0.463272,0.00693385988119838,0.000941231276504552,3
1042,20221018_110059.mat,463471,0.463471,0.00115927704530226,0.000941231276504552,3
1043,20221018_110059.mat,495311,0.495311,0.00119274593513721,0.000941231276504552,3
1044,20221018_110059.mat,495510,0.49551,0.00204954061783296,0.000941231276504552,3
1045,20221018_110059.mat,559190,0.55919,0.000950675168796489,0.000941231276504552,3
1046,20221018_110059.mat,604164,0.604164,0.00163104025456568,0.000941231276504552,3
1047,20221018_110059.mat,604363,0.604363,0.00184763179034634,0.000941231276504552,3
1048,20221018_110059.mat,604960,0.60496,0.00108612325798509,0.000941231276504552,3
1049,20221018_110059.mat,615706,0.615706,0.00124688049917765,0.000941231276504552,3
1050,20221018_110059.mat,617099,0.617099,0.00219253229940585,0.000941231276504552,3
1051,20221018_110059.mat,617298,0.617298,0.00100721946943715,0.000941231276504552,3
1052,20221018_110059.mat,713017,0.713017,0.00155510398781464,0.000941231276504552,3
1053,20221018_110059.mat,713216,0.713216,0.00275303764807427,0.000941231276504552,3
1054,20221018_110059.mat,778687,0.778687,0.000980750072374979,0.000941231276504552,3
1055,20221018_110059.mat,782070,0.78207,0.00126712304499658,0.000941231276504552,3
1056,20221018_110059.mat,797592,0.797592,0.00208188759846876,0.000941231276504552,3
1057,20221018_110059.mat,797791,0.797791,0.00133484813917239,0.000941231276504552,3
1058,20221018_110059.mat,835800,0.8358,0.00135535360111657,0.000941231276504552,3
1059,20221018_110059.mat,869630,0.86963,0.0018496115614158,0.000941231276504552,3
1060,20221018_110059.mat,880575,0.880575,0.00193766248150556,0.000941231276504552,3
1061,20221018_110059.mat,918783,0.918783,0.00111220550455241,0.000941231276504552,3
1062,20221018_110059.mat,921569,0.921569,0.00108646345967567,0.000941231276504552,3
1063,20221018_110059.mat,932315,0.932315,0.00368655687525788,0.000941231276504552,3
1064,20221018_110059.mat,932514,0.932514,0.00192634059429775,0.000941231276504552,3
1065,20221018_110059.mat,954802,0.954802,0.0103621690874957,0.000941231276504552,3
1066,20221018_110059.mat,955001,0.955001,0.00101739531450746,0.000941231276504552,3
1067,20221018_110059.mat,963757,0.963757,0.00273551264894256,0.000941231276504552,3
1068,20221018_110059.mat,986642,0.986642,0.00117334400124115,0.000941231276504552,3
1069,20221018_110059.mat,986841,0.986841,0.00145125059504298,0.000941231276504552,3
1070,20221018_110059.mat,1071416,1.071416,0.00446187633266223,0.000941231276504552,3
1071,20221018_110059.mat,1071615,1.071615,0.00368201548646781,0.000941231276504552,3
1072,20221018_110059.mat,1071814,1.071814,0.000959827474117966,0.000941231276504552,3
1073,20221018_110059.mat,1237780,1.23778,0.000955995381705431,0.000941231276504552,3
1074,20221018_110059.mat,1256287,1.256287,0.00498772160769186,0.000941231276504552,3
1075,20221018_110059.mat,1256486,1.256486,0.00200013013258909,0.000941231276504552,3
1076,20221018_110059.mat,1260267,1.260267,0.00113962160499166,0.000941231276504552,3
1077,20221018_110059.mat,1293699,1.293699,0.00301716334441848,0.000941231276504552,3
1078,20221018_110059.mat,1293898,1.293898,0.00474478439596454,0.000941231276504552,3
1079,20221018_110059.mat,1294097,1.294097,0.00110009720404856,0.000941231276504552,3
1080,20221018_110059.mat,1327529,1.327529,0.000947898387290449,0.000941231276504552,3
1081,20221018_110059.mat,1333300,1.3333,0.00105568499249389,0.000941231276504552,3
1082,20221018_110059.mat,1374095,1.374095,0.00294925957046905,0.000941231276504552,3
1083,20221018_110059.mat,1374294,1.374294,0.0014125974175143,0.000941231276504552,3
1084,20221018_110059.mat,1454690,1.45469,0.00266314636097739,0.000941231276504552,3
1085,20221018_110059.mat,1454889,1.454889,0.0392226726942793,0.000941231276504552,3
1086,20221018_110059.mat,1455088,1.455088,0.0424257709805288,0.000941231276504552,3
1087,20221018_110059.mat,1455287,1.455287,0.00331232674085951,0.000941231276504552,3
1088,20221018_110059.mat,1455486,1.455486,0.000961626429557719,0.000941231276504552,3
1089,20221018_110059.mat,1509813,1.509813,0.00237513854696284,0.000941231276504552,3
1090,20221018_110059.mat,1510012,1.510012,0.010317934535596,0.000941231276504552,3
1091,20221018_110059.mat,1510211,1.510211,0.00148771826275728,0.000941231276504552,3
1092,20221018_110059.mat,1557175,1.557175,0.000978540709411371,0.000941231276504552,3
1093,20221018_110059.mat,1559165,1.559165,0.00122041409426512,0.000941231276504552,3
1094,20221018_110059.mat,1670207,1.670207,0.0011840233507088,0.000941231276504552,3
1095,20221018_110059.mat,1686923,1.686923,0.0009687046862772,0.000941231276504552,3
1096,20221018_110059.mat,1710206,1.710206,0.00284665287585985,0.000941231276504552,3
1097,20221018_110059.mat,1710405,1.710405,0.00208844288608606,0.000941231276504552,3
1098,20221018_110059.mat,1722146,1.722146,0.00732061349363899,0.000941231276504552,3
1099,20221018_110059.mat,1722345,1.722345,0.00171556080126921,0.000941231276504552,3
1100,20221018_110059.mat,1722544,1.722544,0.00108600410807131,0.000941231276504552,3
1101,20221018_110059.mat,1722743,1.722743,0.00117435326945791,0.000941231276504552,3
1102,20221018_110059.mat,1756772,1.756772,0.000953121739727502,0.000941231276504552,3
1103,20221018_110059.mat,1973682,1.973682,0.00333927960397722,0.000941231276504552,3
1104,20221018_110059.mat,1976269,1.976269,0.000993719618930329,0.000941231276504552,3
1105,20221018_110059.mat,2069600,2.0696,0.0699851958943894,0.000941231276504552,3
1106,20221018_110059.mat,2069799,2.069799,0.0719986089403183,0.000941231276504552,3
1107,20221018_110059.mat,2069998,2.069998,0.0150321783277921,0.000941231276504552,3
1108,20221018_110059.mat,2070197,2.070197,0.00491614003498441,0.000941231276504552,3
1109,20221018_110059.mat,2070396,2.070396,0.00119719775385439,0.000941231276504552,3
1110,20221018_110059.mat,2247307,2.247307,0.00102153460407769,0.000941231276504552,3
1111,20221018_110059.mat,2247506,2.247506,0.00126833180022563,0.000941231276504552,3
1112,20221018_110059.mat,2265814,2.265814,0.000948545659490821,0.000941231276504552,3
1113,20221018_110059.mat,2345613,2.345613,0.000955825210288411,0.000941231276504552,3
1114,20221018_110059.mat,2502823,2.502823,0.00114091193674479,0.000941231276504552,3
1115,20221018_110059.mat,2503022,2.503022,0.00740080511165978,0.000941231276504552,3
1116,20221018_110059.mat,2503221,2.503221,0.0011861711073901,0.000941231276504552,3
1117,20221018_110059.mat,2505012,2.505012,0.00132673675581231,0.000941231276504552,3
1118,20221018_110059.mat,2505211,2.505211,0.00221652470752901,0.000941231276504552,3
1119,20221018_110059.mat,2545210,2.54521,0.000961720704247842,0.000941231276504552,3
1120,20221018_110059.mat,2641924,2.641924,0.00107948619926815,0.000941231276504552,3
1121,20221018_110059.mat,2734857,2.734857,0.000948717136641948,0.000941231276504552,3
1122,20221018_110059.mat,2953558,2.953558,0.00357276129285435,0.000941231276504552,3
1123,20221018_110059.mat,3008681,3.008681,0.00141145990128455,0.000941231276504552,3
1124,20221018_110059.mat,3144001,3.144001,0.00108741421135185,0.000941231276504552,3
1125,20221018_110059.mat,3188776,3.188776,0.00382357214924461,0.000941231276504552,3
1126,20221018_110059.mat,3188975,3.188975,0.00283733477773327,0.000941231276504552,3
1127,20221018_110059.mat,3203701,3.203701,0.00558656429401595,0.000941231276504552,3
1128,20221018_110059.mat,3203900,3.2039,0.00143156258344935,0.000941231276504552,3
1129,20221018_110059.mat,3233949,3.233949,0.00120368623637971,0.000941231276504552,3
1130,20221018_110059.mat,3234148,3.234148,0.00100048207867556,0.000941231276504552,3
1131,20221018_110059.mat,3324096,3.324096,0.0031741919611639,0.000941231276504552,3
1132,20221018_110059.mat,3509365,3.509365,0.00124392243235323,0.000941231276504552,3
1133,20221018_110059.mat,3511753,3.511753,0.00451564207942508,0.000941231276504552,3
1134,20221018_110059.mat,3511952,3.511952,0.00193709002248104,0.000941231276504552,3
1135,20221018_110059.mat,3559513,3.559513,0.0295334886877415,0.000941231276504552,3
1136,20221018_110059.mat,3559712,3.559712,0.00734496853357382,0.000941231276504552,3
1137,20221018_110059.mat,3559911,3.559911,0.0017680946600189,0.000941231276504552,3
1138,20221018_110059.mat,3572050,3.57205,0.00149321837340724,0.000941231276504552,3
1139,20221018_110059.mat,3572249,3.572249,0.000982668836264288,0.000941231276504552,3
1140,20221018_110059.mat,3682893,3.682893,0.00096694385843052,0.000941231276504552,3
1141,20221018_110059.mat,3684883,3.684883,0.044322039275808,0.000941231276504552,3
1142,20221018_110059.mat,3685082,3.685082,0.00681965117364968,0.000941231276504552,3
1143,20221018_110059.mat,3685281,3.685281,0.00285753161769603,0.000941231276504552,3
1144,20221018_110059.mat,3695231,3.695231,0.000992509732237317,0.000941231276504552,3
1145,20221018_110059.mat,3697818,3.697818,0.00640483237235982,0.000941231276504552,3
1146,20221018_110059.mat,3698017,3.698017,0.0014171045691595,0.000941231276504552,3
1147,20221018_110059.mat,3699410,3.69941,0.000961140124812515,0.000941231276504552,3
1148,20221018_110059.mat,3703987,3.703987,0.0300783585085887,0.000941231276504552,3
1149,20221018_110059.mat,3704186,3.704186,0.00372679333642653,0.000941231276504552,3
1150,20221018_110059.mat,3704385,3.704385,0.0204337916066535,0.000941231276504552,3
1151,20221018_110059.mat,3704584,3.704584,0.0067445567755654,0.000941231276504552,3
1152,20221018_110059.mat,3704783,3.704783,0.00175273559075351,0.000941231276504552,3
1153,20221018_110059.mat,3704982,3.704982,0.00611831340613292,0.000941231276504552,3
1154,20221018_110059.mat,3705181,3.705181,0.0347608775650739,0.000941231276504552,3
1155,20221018_110059.mat,3705380,3.70538,0.302868173741721,0.000941231276504552,3
1156,20221018_110059.mat,3705579,3.705579,0.0368206882943614,0.000941231276504552,3
1157,20221018_110059.mat,3705778,3.705778,0.0137482681069903,0.000941231276504552,3
1158,20221018_110059.mat,3705977,3.705977,0.00185156927771599,0.000941231276504552,3
1159,20221018_110059.mat,3706375,3.706375,0.00995812319898555,0.000941231276504552,3
1160,20221018_110059.mat,3706574,3.706574,0.00417428568951217,0.000941231276504552,3
1161,20221018_110059.mat,3706773,3.706773,0.00208784191700638,0.000941231276504552,3
1162,20221018_110059.mat,3722892,3.722892,0.000955215783514482,0.000941231276504552,3
1163,20221018_110059.mat,3734235,3.734235,0.00104681976372543,0.000941231276504552,3
1164,20221018_110059.mat,3734434,3.734434,0.00305491559026766,0.000941231276504552,3
1165,20221018_110059.mat,3775428,3.775428,0.00104315831979013,0.000941231276504552,3
1166,20221018_110059.mat,3822591,3.822591,0.00102975972201577,0.000941231276504552,3
1167,20221018_110059.mat,3839904,3.839904,0.00101433850320124,0.000941231276504552,3
1168,20221018_110059.mat,4029352,4.029352,0.00453307830068481,0.000941231276504552,3
1169,20221018_110059.mat,4029551,4.029551,0.00114144816371586,0.000941231276504552,3
1170,20221018_110059.mat,4030148,4.030148,0.00352694889569666,0.000941231276504552,3
1171,20221018_110059.mat,4032934,4.032934,0.00193904707636084,0.000941231276504552,3
1172,20221018_110059.mat,4033133,4.033133,0.00472834829473234,0.000941231276504552,3
1173,20221018_110059.mat,4034924,4.034924,0.00245210559243458,0.000941231276504552,3
1174,20221018_110059.mat,4060794,4.060794,0.00290776123399425,0.000941231276504552,3
1175,20221018_110059.mat,4060993,4.060993,0.00203731196627064,0.000941231276504552,3
1176,20221018_110059.mat,4094425,4.094425,0.00097479342660419,0.000941231276504552,3
1177,20221018_110059.mat,4126862,4.126862,0.00653987675673538,0.000941231276504552,3
1178,20221018_110059.mat,4127061,4.127061,0.00110858986599996,0.000941231276504552,3
1179,20221018_110059.mat,4166065,4.166065,0.0103758155709781,0.000941231276504552,3
1180,20221018_110059.mat,4166264,4.166264,0.0037536049963076,0.000941231276504552,3
1181,20221018_110059.mat,4223974,4.223974,0.00235509168620924,0.000941231276504552,3
1182,20221018_110059.mat,4233725,4.233725,0.00410628585049212,0.000941231276504552,3
1183,20221018_110059.mat,4233924,4.233924,0.0197230023849018,0.000941231276504552,3
1184,20221018_110059.mat,4234123,4.234123,0.00266860786057737,0.000941231276504552,3
1185,20221018_110059.mat,4234322,4.234322,0.00105609453789791,0.000941231276504552,3
1186,20221018_110059.mat,4240093,4.240093,0.0017056012422747,0.000941231276504552,3
1187,20221018_110059.mat,4261784,4.261784,0.000970077672387643,0.000941231276504552,3
1188,20221018_110059.mat,4337802,4.337802,0.00254872813979716,0.000941231276504552,3
1189,20221018_110059.mat,4348548,4.348548,0.00541682521361384,0.000941231276504552,3
1190,20221018_110059.mat,4348747,4.348747,0.00408236064144902,0.000941231276504552,3
1191,20221018_110059.mat,4348946,4.348946,0.0010529535913883,0.000941231276504552,3
1192,20221018_110059.mat,4349543,4.349543,0.00120748394600742,0.000941231276504552,3
1193,20221018_110059.mat,4402477,4.402477,0.0131492437825644,0.000941231276504552,3
1194,20221018_110059.mat,4402676,4.402676,0.0131533468344447,0.000941231276504552,3
1195,20221018_110059.mat,4402875,4.402875,0.00197897939448447,0.000941231276504552,3
1196,20221018_110059.mat,4461381,4.461381,0.00172212167181511,0.000941231276504552,3
1197,20221018_110059.mat,4515509,4.515509,0.00105578297656495,0.000941231276504552,3
1198,20221018_110059.mat,4531230,4.53123,0.000997631058034487,0.000941231276504552,3
1199,20221018_110059.mat,4570035,4.570035,0.00106977327943052,0.000941231276504552,3
1200,20221018_110059.mat,4607447,4.607447,0.00417486703077667,0.000941231276504552,3
1201,20221018_110059.mat,4607646,4.607646,0.0013505938457465,0.000941231276504552,3
1202,20221018_110059.mat,4658789,4.658789,0.00992925298414499,0.000941231276504552,3
1203,20221018_110059.mat,4658988,4.658988,0.00302368754412128,0.000941231276504552,3
1204,20221018_110059.mat,4659187,4.659187,0.000960562996895705,0.000941231276504552,3
1205,20221018_110059.mat,4660978,4.660978,0.000945019863398521,0.000941231276504552,3
1206,20221018_110059.mat,4663366,4.663366,0.00108704874699681,0.000941231276504552,3
1207,20221018_110059.mat,4673913,4.673913,0.00366064327122806,0.000941231276504552,3
1208,20221018_110059.mat,4674112,4.674112,0.00184887384059663,0.000941231276504552,3
1209,20221018_110059.mat,4693017,4.693017,0.00286027426605739,0.000941231276504552,3
1210,20221018_110059.mat,4693216,4.693216,0.00121045767001413,0.000941231276504552,3
1211,20221018_110059.mat,4700977,4.700977,0.0029737092525121,0.000941231276504552,3
1212,20221018_110059.mat,4701176,4.701176,0.00215929468693313,0.000941231276504552,3
1213,20221018_110059.mat,4769632,4.769632,0.00312416304218162,0.000941231276504552,3
1214,20221018_110059.mat,4769831,4.769831,0.00190129698777875,0.000941231276504552,3
1215,20221018_110059.mat,4860376,4.860376,0.0144523516401316,0.000941231276504552,3
1216,20221018_110059.mat,4860575,4.860575,0.00197438612409766,0.000941231276504552,3
1217,20221018_110059.mat,4870525,4.870525,0.000950572113908883,0.000941231276504552,3
1218,20221018_110059.mat,4968433,4.968433,0.0037556160487599,0.000941231276504552,3
1219,20221018_110059.mat,4968632,4.968632,0.00224306366266707,0.000941231276504552,3
1220,20221018_110059.mat,4970423,4.970423,0.000960870814390702,0.000941231276504552,3
1221,20221018_110104.mat,25671,0.025671,0.00458808819086323,0.000946941091465346,3
1222,20221018_110104.mat,25870,0.02587,0.0012648703158448,0.000946941091465346,3
1223,20221018_110104.mat,75620,0.07562,0.000969898322305565,0.000946941091465346,3
1224,20221018_110104.mat,93132,0.093132,0.00116164534803717,0.000946941091465346,3
1225,20221018_110104.mat,115818,0.115818,0.00103379081484012,0.000946941091465346,3
1226,20221018_110104.mat,128156,0.128156,0.00477483904429253,0.000946941091465346,3
1227,20221018_110104.mat,172334,0.172334,0.00341769867823701,0.000946941091465346,3
1228,20221018_110104.mat,172533,0.172533,0.00103524568390698,0.000946941091465346,3
1229,20221018_110104.mat,199995,0.199995,0.00310248351550589,0.000946941091465346,3
1230,20221018_110104.mat,200194,0.200194,0.0106257998625106,0.000946941091465346,3
1231,20221018_110104.mat,200393,0.200393,0.00163840131097688,0.000946941091465346,3
1232,20221018_110104.mat,293326,0.293326,0.00102819650898791,0.000946941091465346,3
1233,20221018_110104.mat,334718,0.334718,0.00126132151518784,0.000946941091465346,3
1234,20221018_110104.mat,353822,0.353822,0.0013625698269288,0.000946941091465346,3
1235,20221018_110104.mat,364966,0.364966,0.00097440109680903,0.000946941091465346,3
1236,20221018_110104.mat,387652,0.387652,0.0194305367457711,0.000946941091465346,3
1237,20221018_110104.mat,387851,0.387851,0.0234662315037129,0.000946941091465346,3
1238,20221018_110104.mat,388050,0.38805,0.00247393857452151,0.000946941091465346,3
1239,20221018_110104.mat,388249,0.388249,0.00100697794175312,0.000946941091465346,3
1240,20221018_110104.mat,411134,0.411134,0.00101658237875256,0.000946941091465346,3
1241,20221018_110104.mat,411333,0.411333,0.00770290220574641,0.000946941091465346,3
1242,20221018_110104.mat,411532,0.411532,0.00134586736826536,0.000946941091465346,3
1243,20221018_110104.mat,424865,0.424865,0.000954430109112442,0.000946941091465346,3
1244,20221018_110104.mat,440586,0.440586,0.00660186988145045,0.000946941091465346,3
1245,20221018_110104.mat,501679,0.501679,0.020156827295886,0.000946941091465346,3
1246,20221018_110104.mat,501878,0.501878,0.0025486729777744,0.000946941091465346,3
1247,20221018_110104.mat,502077,0.502077,0.00105055236625134,0.000946941091465346,3
1248,20221018_110104.mat,513818,0.513818,0.00200411547580707,0.000946941091465346,3
1249,20221018_110104.mat,514017,0.514017,0.00952622606657751,0.000946941091465346,3
1250,20221018_110104.mat,514216,0.514216,0.00210360784593125,0.000946941091465346,3
1251,20221018_110104.mat,532524,0.532524,0.00465535296690175,0.000946941091465346,3
1252,20221018_110104.mat,574513,0.574513,0.000947245221606082,0.000946941091465346,3
1253,20221018_110104.mat,580284,0.580284,0.000998266578867143,0.000946941091465346,3
1254,20221018_110104.mat,654312,0.654312,0.000952784474848518,0.000946941091465346,3
1255,20221018_110104.mat,674411,0.674411,0.000959896618920439,0.000946941091465346,3
1256,20221018_110104.mat,684361,0.684361,0.000953535342539431,0.000946941091465346,3
1257,20221018_110104.mat,734310,0.73431,0.000967103331133638,0.000946941091465346,3
1258,20221018_110104.mat,745852,0.745852,0.00425514080426628,0.000946941091465346,3
1259,20221018_110104.mat,746051,0.746051,0.00187594181557159,0.000946941091465346,3
1260,20221018_110104.mat,796199,0.796199,0.00105278482419589,0.000946941091465346,3
1261,20221018_110104.mat,797990,0.79799,0.00112105164851206,0.000946941091465346,3
1262,20221018_110104.mat,798189,0.798189,0.00114662107523082,0.000946941091465346,3
1263,20221018_110104.mat,879182,0.879182,0.00815206157057319,0.000946941091465346,3
1264,20221018_110104.mat,879381,0.879381,0.0023818898649973,0.000946941091465346,3
1265,20221018_110104.mat,912216,0.912216,0.00129598283209687,0.000946941091465346,3
1266,20221018_110104.mat,914206,0.914206,0.00402313337979088,0.000946941091465346,3
1267,20221018_110104.mat,914405,0.914405,0.00892127353220317,0.000946941091465346,3
1268,20221018_110104.mat,914604,0.914604,0.00193996499781381,0.000946941091465346,3
1269,20221018_110104.mat,928534,0.928534,0.00954693246796326,0.000946941091465346,3
1270,20221018_110104.mat,928733,0.928733,0.00881342127741297,0.000946941091465346,3
1271,20221018_110104.mat,928932,0.928932,0.00107480721077204,0.000946941091465346,3
1272,20221018_110104.mat,942663,0.942663,0.00365312476693073,0.000946941091465346,3
1273,20221018_110104.mat,961767,0.961767,0.00198596148852195,0.000946941091465346,3
1274,20221018_110104.mat,987836,0.987836,0.00819929016119109,0.000946941091465346,3
1275,20221018_110104.mat,988035,0.988035,0.009440968501203,0.000946941091465346,3
1276,20221018_110104.mat,988234,0.988234,0.00133820206724725,0.000946941091465346,3
1277,20221018_110104.mat,1003756,1.003756,0.0010123306729555,0.000946941091465346,3
1278,20221018_110104.mat,1013706,1.013706,0.000982887673079179,0.000946941091465346,3
1279,20221018_110104.mat,1018880,1.01888,0.0158503869193585,0.000946941091465346,3
1280,20221018_110104.mat,1019079,1.019079,0.00231653216646856,0.000946941091465346,3
1281,20221018_110104.mat,1028631,1.028631,0.0474275143716622,0.000946941091465346,3
1282,20221018_110104.mat,1028830,1.02883,0.00633404621449222,0.000946941091465346,3
1283,20221018_110104.mat,1029029,1.029029,0.00153846025316421,0.000946941091465346,3
1284,20221018_110104.mat,1072013,1.072013,0.0141597397170986,0.000946941091465346,3
1285,20221018_110104.mat,1072212,1.072212,0.00376504308484438,0.000946941091465346,3
1286,20221018_110104.mat,1113405,1.113405,0.000970260180452899,0.000946941091465346,3
1287,20221018_110104.mat,1254297,1.254297,0.0355371159566343,0.000946941091465346,3
1288,20221018_110104.mat,1254496,1.254496,0.00782587368398451,0.000946941091465346,3
1289,20221018_110104.mat,1254695,1.254695,0.00234723870511976,0.000946941091465346,3
1290,20221018_110104.mat,1288127,1.288127,0.000995101108913809,0.000946941091465346,3
1291,20221018_110104.mat,1368722,1.368722,0.0108491276910424,0.000946941091465346,3
1292,20221018_110104.mat,1368921,1.368921,0.0266584546411111,0.000946941091465346,3
1293,20221018_110104.mat,1369120,1.36912,0.00321915287096008,0.000946941091465346,3
1294,20221018_110104.mat,1369319,1.369319,0.00126697850418435,0.000946941091465346,3
1295,20221018_110104.mat,1377677,1.377677,0.00682828000536022,0.000946941091465346,3
1296,20221018_110104.mat,1377876,1.377876,0.001879016062727,0.000946941091465346,3
1297,20221018_110104.mat,1378473,1.378473,0.00148818236073667,0.000946941091465346,3
1298,20221018_110104.mat,1387428,1.387428,0.0011811053662267,0.000946941091465346,3
1299,20221018_110104.mat,1422850,1.42285,0.000974632381586603,0.000946941091465346,3
1300,20221018_110104.mat,1435984,1.435984,0.00100159798283672,0.000946941091465346,3
1301,20221018_110104.mat,1436183,1.436183,0.00151962381525456,0.000946941091465346,3
1302,20221018_110104.mat,1470212,1.470212,0.00100925941992927,0.000946941091465346,3
1303,20221018_110104.mat,1509415,1.509415,0.00630179180015717,0.000946941091465346,3
1304,20221018_110104.mat,1509614,1.509614,0.010195094530185,0.000946941091465346,3
1305,20221018_110104.mat,1509813,1.509813,0.00126151100513908,0.000946941091465346,3
1306,20221018_110104.mat,1522748,1.522748,0.000978426776303828,0.000946941091465346,3
1307,20221018_110104.mat,1597572,1.597572,0.00103383839133805,0.000946941091465346,3
1308,20221018_110104.mat,1608318,1.608318,0.00397113924284879,0.000946941091465346,3
1309,20221018_110104.mat,1608517,1.608517,0.000961547131901746,0.000946941091465346,3
1310,20221018_110104.mat,1661451,1.661451,0.00577262675317664,0.000946941091465346,3
1311,20221018_110104.mat,1661650,1.66165,0.013092783763423,0.000946941091465346,3
1312,20221018_110104.mat,1661849,1.661849,0.00143323995785316,0.000946941091465346,3
1313,20221018_110104.mat,1678764,1.678764,0.00177796832957297,0.000946941091465346,3
1314,20221018_110104.mat,1682943,1.682943,0.00208237836668194,0.000946941091465346,3
1315,20221018_110104.mat,1816074,1.816074,0.017314628436572,0.000946941091465346,3
1316,20221018_110104.mat,1816273,1.816273,0.0089146510200002,0.000946941091465346,3
1317,20221018_110104.mat,1816472,1.816472,0.00135721173685867,0.000946941091465346,3
1318,20221018_110104.mat,1832193,1.832193,0.000976155799912618,0.000946941091465346,3
1319,20221018_110104.mat,1919355,1.919355,0.0012487807405576,0.000946941091465346,3
1320,20221018_110104.mat,2081739,2.081739,0.00121531583810666,0.000946941091465346,3
1321,20221018_110104.mat,2081938,2.081938,0.00102999746597149,0.000946941091465346,3
1322,20221018_110104.mat,2098654,2.098654,0.00289187467570828,0.000946941091465346,3
1323,20221018_110104.mat,2098853,2.098853,0.00410696778501451,0.000946941091465346,3
1324,20221018_110104.mat,2102037,2.102037,0.00323767617398144,0.000946941091465346,3
1325,20221018_110104.mat,2102236,2.102236,0.00311414600666603,0.000946941091465346,3
1326,20221018_110104.mat,2211288,2.211288,0.000955312654475505,0.000946941091465346,3
1327,20221018_110104.mat,2262431,2.262431,0.00767824547770396,0.000946941091465346,3
1328,20221018_110104.mat,2262630,2.26263,0.0319018547590086,0.000946941091465346,3
1329,20221018_110104.mat,2262829,2.262829,0.00455147980005721,0.000946941091465346,3
1330,20221018_110104.mat,2263028,2.263028,0.00150433617463354,0.000946941091465346,3
1331,20221018_110104.mat,2281336,2.281336,0.000952919228711423,0.000946941091465346,3
1332,20221018_110104.mat,2368299,2.368299,0.0023765460413382,0.000946941091465346,3
1333,20221018_110104.mat,2368498,2.368498,0.00102519938825473,0.000946941091465346,3
1334,20221018_110104.mat,2432974,2.432974,0.000954799275039594,0.000946941091465346,3
1335,20221018_110104.mat,2462824,2.462824,0.00104418225034894,0.000946941091465346,3
1336,20221018_110104.mat,2479341,2.479341,0.00873683562509293,0.000946941091465346,3
1337,20221018_110104.mat,2479540,2.47954,0.00903636334905283,0.000946941091465346,3
1338,20221018_110104.mat,2479739,2.479739,0.00120416363925254,0.000946941091465346,3
1339,20221018_110104.mat,2485709,2.485709,0.000961147878495311,0.000946941091465346,3
1340,20221018_110104.mat,2506405,2.506405,0.0019609894653342,0.000946941091465346,3
1341,20221018_110104.mat,2517947,2.517947,0.0356421469182224,0.000946941091465346,3
1342,20221018_110104.mat,2518146,2.518146,0.0141749686236052,0.000946941091465346,3
1343,20221018_110104.mat,2518345,2.518345,0.00190502133435501,0.000946941091465346,3
1344,20221018_110104.mat,2535061,2.535061,0.00103420691420435,0.000946941091465346,3
1345,20221018_110104.mat,2579040,2.57904,0.00164639448509221,0.000946941091465346,3
1346,20221018_110104.mat,2579239,2.579239,0.000966940925086049,0.000946941091465346,3
1347,20221018_110104.mat,2622422,2.622422,0.00154050783040493,0.000946941091465346,3
1348,20221018_110104.mat,2622621,2.622621,0.00141397550982125,0.000946941091465346,3
1349,20221018_110104.mat,2628989,2.628989,0.00192254733313013,0.000946941091465346,3
1350,20221018_110104.mat,2629188,2.629188,0.00112541079265126,0.000946941091465346,3
1351,20221018_110104.mat,2631775,2.631775,0.00787788378453365,0.000946941091465346,3
1352,20221018_110104.mat,2631974,2.631974,0.0016065827629078,0.000946941091465346,3
1353,20221018_110104.mat,2650879,2.650879,0.00201500341147476,0.000946941091465346,3
1354,20221018_110104.mat,2651078,2.651078,0.00111697388364666,0.000946941091465346,3
1355,20221018_110104.mat,2654660,2.65466,0.000979432724479485,0.000946941091465346,3
1356,20221018_110104.mat,2654859,2.654859,0.00101385140406602,0.000946941091465346,3
1357,20221018_110104.mat,2677346,2.677346,0.0610628622419663,0.000946941091465346,3
1358,20221018_110104.mat,2677545,2.677545,0.0119294736887387,0.000946941091465346,3
1359,20221018_110104.mat,2677744,2.677744,0.00148268772478434,0.000946941091465346,3
1360,20221018_110104.mat,2690480,2.69048,0.000958264693166797,0.000946941091465346,3
1361,20221018_110104.mat,2846695,2.846695,0.00105742804019483,0.000946941091465346,3
1362,20221018_110104.mat,2850476,2.850476,0.0103756629337344,0.000946941091465346,3
1363,20221018_110104.mat,2850675,2.850675,0.00249951462132363,0.000946941091465346,3
1364,20221018_110104.mat,2964702,2.964702,0.00157339214614796,0.000946941091465346,3
1365,20221018_110104.mat,2971269,2.971269,0.00137122482915911,0.000946941091465346,3
1366,20221018_110104.mat,3002711,3.002711,0.00475527313877626,0.000946941091465346,3
1367,20221018_110104.mat,3002910,3.00291,0.00122657375804732,0.000946941091465346,3
1368,20221018_110104.mat,3003109,3.003109,0.0384292780947423,0.000946941091465346,3
1369,20221018_110104.mat,3003308,3.003308,0.025618149531636,0.000946941091465346,3
1370,20221018_110104.mat,3003507,3.003507,0.00393058492637815,0.000946941091465346,3
1371,20221018_110104.mat,3003706,3.003706,0.00105059918370088,0.000946941091465346,3
1372,20221018_110104.mat,3008681,3.008681,0.00160847742582631,0.000946941091465346,3
1373,20221018_110104.mat,3009875,3.009875,0.000959717348295956,0.000946941091465346,3
1374,20221018_110104.mat,3019427,3.019427,0.00171159454182201,0.000946941091465346,3
1375,20221018_110104.mat,3033755,3.033755,0.00102638970266335,0.000946941091465346,3
1376,20221018_110104.mat,3048879,3.048879,0.00104681975778842,0.000946941091465346,3
1377,20221018_110104.mat,3049078,3.049078,0.00145440656144931,0.000946941091465346,3
1378,20221018_110104.mat,3049675,3.049675,0.000995212272551521,0.000946941091465346,3
1379,20221018_110104.mat,3060023,3.060023,0.00291847838386416,0.000946941091465346,3
1380,20221018_110104.mat,3069774,3.069774,0.00100241713999716,0.000946941091465346,3
1381,20221018_110104.mat,3102410,3.10241,0.0162306678260525,0.000946941091465346,3
1382,20221018_110104.mat,3102609,3.102609,0.00160256090435979,0.000946941091465346,3
1383,20221018_110104.mat,3159523,3.159523,0.0016007121753578,0.000946941091465346,3
1384,20221018_110104.mat,3178030,3.17803,0.0010442881893517,0.000946941091465346,3
1385,20221018_110104.mat,3289271,3.289271,0.000976662192731525,0.000946941091465346,3
1386,20221018_110104.mat,3299221,3.299221,0.00096424923127362,0.000946941091465346,3
1387,20221018_110104.mat,3319320,3.31932,0.000951470524837511,0.000946941091465346,3
1388,20221018_110104.mat,3323499,3.323499,0.000983469745850714,0.000946941091465346,3
1389,20221018_110104.mat,3323698,3.323698,0.000950854524564699,0.000946941091465346,3
1390,20221018_110104.mat,3331658,3.331658,0.001361303278252,0.000946941091465346,3
1391,20221018_110104.mat,3452451,3.452451,0.00130853468870189,0.000946941091465346,3
1392,20221018_110104.mat,3563095,3.563095,0.0239182160183302,0.000946941091465346,3
1393,20221018_110104.mat,3563294,3.563294,0.0294539329142863,0.000946941091465346,3
1394,20221018_110104.mat,3563493,3.563493,0.0114330007400042,0.000946941091465346,3
1395,20221018_110104.mat,3563692,3.563692,0.00348000404385792,0.000946941091465346,3
1396,20221018_110104.mat,3563891,3.563891,0.0450261019689496,0.000946941091465346,3
1397,20221018_110104.mat,3564090,3.56409,0.0310701338446576,0.000946941091465346,3
1398,20221018_110104.mat,3564289,3.564289,0.0144741179475557,0.000946941091465346,3
1399,20221018_110104.mat,3564488,3.564488,0.00322288851741308,0.000946941091465346,3
1400,20221018_110104.mat,3564687,3.564687,0.00111093916288207,0.000946941091465346,3
1401,20221018_110104.mat,3565284,3.565284,0.00676015386876389,0.000946941091465346,3
1402,20221018_110104.mat,3565483,3.565483,0.18107041015049,0.000946941091465346,3
1403,20221018_110104.mat,3565682,3.565682,0.0585119735246418,0.000946941091465346,3
1404,20221018_110104.mat,3565881,3.565881,0.0305274926946457,0.000946941091465346,3
1405,20221018_110104.mat,3566080,3.56608,0.0265354000975964,0.000946941091465346,3
1406,20221018_110104.mat,3566279,3.566279,0.00397299051618553,0.000946941091465346,3
1407,20221018_110104.mat,3566478,3.566478,0.00132392407263384,0.000946941091465346,3
1408,20221018_110104.mat,3571055,3.571055,0.00290623847497818,0.000946941091465346,3
1409,20221018_110104.mat,3578219,3.578219,0.00134850531735204,0.000946941091465346,3
1410,20221018_110104.mat,3578418,3.578418,0.00142375257001099,0.000946941091465346,3
1411,20221018_110104.mat,3578617,3.578617,0.00189462529484871,0.000946941091465346,3
1412,20221018_110104.mat,3578816,3.578816,0.000970946878657771,0.000946941091465346,3
1413,20221018_110104.mat,3579612,3.579612,0.00505519394904441,0.000946941091465346,3
1414,20221018_110104.mat,3579811,3.579811,0.000957264987477638,0.000946941091465346,3
1415,20221018_110104.mat,3598915,3.598915,0.00271471073649648,0.000946941091465346,3
1416,20221018_110104.mat,3620407,3.620407,0.00115934920592533,0.000946941091465346,3
1417,20221018_110104.mat,3624785,3.624785,0.00186186303661843,0.000946941091465346,3
1418,20221018_110104.mat,3630954,3.630954,0.00160269045155235,0.000946941091465346,3
1419,20221018_110104.mat,3632745,3.632745,0.00412036579521559,0.000946941091465346,3
1420,20221018_110104.mat,3632944,3.632944,0.00555161133614998,0.000946941091465346,3
1421,20221018_110104.mat,3633143,3.633143,0.00205447666096969,0.000946941091465346,3
1422,20221018_110104.mat,3633342,3.633342,0.00186979864684051,0.000946941091465346,3
1423,20221018_110104.mat,3685281,3.685281,0.00340480495051613,0.000946941091465346,3
1424,20221018_110104.mat,3685480,3.68548,0.00410961472407664,0.000946941091465346,3
1425,20221018_110104.mat,3685679,3.685679,0.0100562137247393,0.000946941091465346,3
1426,20221018_110104.mat,3685878,3.685878,0.00100082040600187,0.000946941091465346,3
1427,20221018_110104.mat,3693042,3.693042,0.00252470446024414,0.000946941091465346,3
1428,20221018_110104.mat,3693241,3.693241,0.00878300058043781,0.000946941091465346,3
1429,20221018_110104.mat,3693440,3.69344,0.00109157831107783,0.000946941091465346,3
1430,20221018_110104.mat,3695231,3.695231,0.00126379550960614,0.000946941091465346,3
1431,20221018_110104.mat,3695430,3.69543,0.00513358023352177,0.000946941091465346,3
1432,20221018_110104.mat,3700007,3.700007,0.00120979888146768,0.000946941091465346,3
1433,20221018_110104.mat,3700206,3.700206,0.00247853525824244,0.000946941091465346,3
1434,20221018_110104.mat,3704584,3.704584,0.0023007833799618,0.000946941091465346,3
1435,20221018_110104.mat,3712345,3.712345,0.0034964187314391,0.000946941091465346,3
1436,20221018_110104.mat,3712544,3.712544,0.00144188561187923,0.000946941091465346,3
1437,20221018_110104.mat,3713141,3.713141,0.00179520858449654,0.000946941091465346,3
1438,20221018_110104.mat,3726872,3.726872,0.0154732207694407,0.000946941091465346,3
1439,20221018_110104.mat,3727071,3.727071,0.0029716993325882,0.000946941091465346,3
1440,20221018_110104.mat,3788363,3.788363,0.00731280256203397,0.000946941091465346,3
1441,20221018_110104.mat,3788562,3.788562,0.00188897820416463,0.000946941091465346,3
1442,20221018_110104.mat,3990149,3.990149,0.00113119929464727,0.000946941091465346,3
1443,20221018_110104.mat,3990348,3.990348,0.00130990232847931,0.000946941091465346,3
1444,20221018_110104.mat,4007860,4.00786,0.00100930678537213,0.000946941091465346,3
1445,20221018_110104.mat,4015422,4.015422,0.00126488873323421,0.000946941091465346,3
1446,20221018_110104.mat,4047859,4.047859,0.00149015147656325,0.000946941091465346,3
1447,20221018_110104.mat,4087858,4.087858,0.000958294590258115,0.000946941091465346,3
1448,20221018_110104.mat,4094823,4.094823,0.00459608379247453,0.000946941091465346,3
1449,20221018_110104.mat,4095022,4.095022,0.00113709887751126,0.000946941091465346,3
1450,20221018_110104.mat,4105768,4.105768,0.00420034059245801,0.000946941091465346,3
1451,20221018_110104.mat,4105967,4.105967,0.00207317904415857,0.000946941091465346,3
1452,20221018_110104.mat,4107758,4.107758,0.00097456650813034,0.000946941091465346,3
1453,20221018_110104.mat,4124076,4.124076,0.0089117058950588,0.000946941091465346,3
1454,20221018_110104.mat,4124275,4.124275,0.00892871902578763,0.000946941091465346,3
1455,20221018_110104.mat,4124474,4.124474,0.00114789251123782,0.000946941091465346,3
1456,20221018_110104.mat,4169846,4.169846,0.00121021992072503,0.000946941091465346,3
1457,20221018_110104.mat,4170045,4.170045,0.0010818493922999,0.000946941091465346,3
1458,20221018_110104.mat,4225964,4.225964,0.0032775636551135,0.000946941091465346,3
1459,20221018_110104.mat,4226163,4.226163,0.00404798995085575,0.000946941091465346,3
1460,20221018_110104.mat,4226959,4.226959,0.00207438624686152,0.000946941091465346,3
1461,20221018_110104.mat,4252829,4.252829,0.000982242706696943,0.000946941091465346,3
1462,20221018_110104.mat,4268550,4.26855,0.00327063564961888,0.000946941091465346,3
1463,20221018_110104.mat,4268749,4.268749,0.00124949144148397,0.000946941091465346,3
1464,20221018_110104.mat,4269147,4.269147,0.00149550364168415,0.000946941091465346,3
1465,20221018_110104.mat,4293425,4.293425,0.00142725347940978,0.000946941091465346,3
1466,20221018_110104.mat,4295813,4.295813,0.00123813525232707,0.000946941091465346,3
1467,20221018_110104.mat,4309345,4.309345,0.00226326593945949,0.000946941091465346,3
1468,20221018_110104.mat,4309544,4.309544,0.00509729105085139,0.000946941091465346,3
1469,20221018_110104.mat,4349145,4.349145,0.00468104814363984,0.000946941091465346,3
1470,20221018_110104.mat,4349344,4.349344,0.00152115633688643,0.000946941091465346,3
1471,20221018_110104.mat,4361881,4.361881,0.00444649210532434,0.000946941091465346,3
1472,20221018_110104.mat,4362080,4.36208,0.00255971448718964,0.000946941091465346,3
1473,20221018_110104.mat,4442078,4.442078,0.00153687480273388,0.000946941091465346,3
1474,20221018_110104.mat,4459590,4.45959,0.0248293696948858,0.000946941091465346,3
1475,20221018_110104.mat,4459789,4.459789,0.0142448490006733,0.000946941091465346,3
1476,20221018_110104.mat,4459988,4.459988,0.00149702800010382,0.000946941091465346,3
1477,20221018_110104.mat,4460187,4.460187,0.00110405409117321,0.000946941091465346,3
1478,20221018_110104.mat,4467550,4.46755,0.00520945187150909,0.000946941091465346,3
1479,20221018_110104.mat,4467749,4.467749,0.00588377170428515,0.000946941091465346,3
1480,20221018_110104.mat,4468346,4.468346,0.00208388635436528,0.000946941091465346,3
1481,20221018_110104.mat,4468545,4.468545,0.00129189374790852,0.000946941091465346,3
1482,20221018_110104.mat,4469938,4.469938,0.00124918974586779,0.000946941091465346,3
1483,20221018_110104.mat,4472127,4.472127,0.00126619025238525,0.000946941091465346,3
1484,20221018_110104.mat,4485062,4.485062,0.00173669312974313,0.000946941091465346,3
1485,20221018_110104.mat,4485261,4.485261,0.220989196912888,0.000946941091465346,3
1486,20221018_110104.mat,4485460,4.48546,0.0775390419364053,0.000946941091465346,3
1487,20221018_110104.mat,4485659,4.485659,0.0245230633513309,0.000946941091465346,3
1488,20221018_110104.mat,4485858,4.485858,0.00615250369684241,0.000946941091465346,3
1489,20221018_110104.mat,4486057,4.486057,0.000956921117633196,0.000946941091465346,3
1490,20221018_110104.mat,4499589,4.499589,0.00157587023740466,0.000946941091465346,3
1491,20221018_110104.mat,4499788,4.499788,0.00396003168945174,0.000946941091465346,3
1492,20221018_110104.mat,4506554,4.506554,0.00396646320367833,0.000946941091465346,3
1493,20221018_110104.mat,4506753,4.506753,0.000961879477342719,0.000946941091465346,3
1494,20221018_110104.mat,4516902,4.516902,0.000947683476950349,0.000946941091465346,3
1495,20221018_110104.mat,4526852,4.526852,0.00100303691668323,0.000946941091465346,3
1496,20221018_110104.mat,4547747,4.547747,0.00115193199025227,0.000946941091465346,3
1497,20221018_110104.mat,4576204,4.576204,0.00112444196721967,0.000946941091465346,3
1498,20221018_110104.mat,4583169,4.583169,0.00846856679629113,0.000946941091465346,3
1499,20221018_110104.mat,4583368,4.583368,0.00140000793105625,0.000946941091465346,3
1500,20221018_110104.mat,4637695,4.637695,0.0298400473739956,0.000946941091465346,3
1501,20221018_110104.mat,4637894,4.637894,0.00264945341320124,0.000946941091465346,3
1502,20221018_110104.mat,4638093,4.638093,0.00106404749159505,0.000946941091465346,3
1503,20221018_110104.mat,4641874,4.641874,0.00812216541399667,0.000946941091465346,3
1504,20221018_110104.mat,4642073,4.642073,0.00209747964622521,0.000946941091465346,3
1505,20221018_110104.mat,4642272,4.642272,0.00104468309285629,0.000946941091465346,3
1506,20221018_110104.mat,4643068,4.643068,0.00477213065170523,0.000946941091465346,3
1507,20221018_110104.mat,4643267,4.643267,0.00114303489889608,0.000946941091465346,3
1508,20221018_110104.mat,4732021,4.732021,0.00401446824770542,0.000946941091465346,3
1509,20221018_110104.mat,4746946,4.746946,0.00450530345148448,0.000946941091465346,3
1510,20221018_110104.mat,4747145,4.747145,0.0223159467512204,0.000946941091465346,3
1511,20221018_110104.mat,4747344,4.747344,0.00363535685412613,0.000946941091465346,3
1512,20221018_110104.mat,4747543,4.747543,0.00131081123217216,0.000946941091465346,3
1513,20221018_110104.mat,4763662,4.763662,0.00231048401871895,0.000946941091465346,3
1514,20221018_110104.mat,4911718,4.911718,0.00283777140065785,0.000946941091465346,3
1515,20221018_110104.mat,4912514,4.912514,0.0647065130468511,0.000946941091465346,3
1516,20221018_110104.mat,4912713,4.912713,0.00710851334686499,0.000946941091465346,3
1517,20221018_110104.mat,4912912,4.912912,0.00380575942943402,0.000946941091465346,3
1518,20221018_110109.mat,398,0.000398,0.000952514290899952,0.000943599365491248,3
1519,20221018_110109.mat,14129,0.014129,0.000945036196313058,0.000943599365491248,3
1520,20221018_110109.mat,70247,0.070247,0.000964684985060225,0.000943599365491248,3
1521,20221018_110109.mat,99500,0.0995,0.00393536496619289,0.000943599365491248,3
1522,20221018_110109.mat,99699,0.099699,0.00254438899541677,0.000943599365491248,3
1523,20221018_110109.mat,100097,0.100097,0.000953073526999341,0.000943599365491248,3
1524,20221018_110109.mat,169946,0.169946,0.000973263970974888,0.000943599365491248,3
1525,20221018_110109.mat,419691,0.419691,0.00112865505887698,0.000943599365491248,3
1526,20221018_110109.mat,476605,0.476605,0.0105854177304342,0.000943599365491248,3
1527,20221018_110109.mat,476804,0.476804,0.020381479477623,0.000943599365491248,3
1528,20221018_110109.mat,477003,0.477003,0.00289951801534153,0.000943599365491248,3
1529,20221018_110109.mat,477202,0.477202,0.00110090322767048,0.000943599365491248,3
1530,20221018_110109.mat,479391,0.479391,0.000954679654816541,0.000943599365491248,3
1531,20221018_110109.mat,492923,0.492923,0.00324430146243437,0.000943599365491248,3
1532,20221018_110109.mat,493122,0.493122,0.00206647203870993,0.000943599365491248,3
1533,20221018_110109.mat,499291,0.499291,0.00104711814075256,0.000943599365491248,3
1534,20221018_110109.mat,559190,0.55919,0.000947690333318968,0.000943599365491248,3
1535,20221018_110109.mat,594214,0.594214,0.00257403356639908,0.000943599365491248,3
1536,20221018_110109.mat,594413,0.594413,0.0011506934969854,0.000943599365491248,3
1537,20221018_110109.mat,607945,0.607945,0.00458832522506988,0.000943599365491248,3
1538,20221018_110109.mat,608144,0.608144,0.00159281317480981,0.000943599365491248,3
1539,20221018_110109.mat,634412,0.634412,0.0445742186495081,0.000943599365491248,3
1540,20221018_110109.mat,634611,0.634611,0.310485207471348,0.000943599365491248,3
1541,20221018_110109.mat,634810,0.63481,0.0253453514537771,0.000943599365491248,3
1542,20221018_110109.mat,635009,0.635009,0.0093091381511501,0.000943599365491248,3
1543,20221018_110109.mat,635208,0.635208,0.00249225415415655,0.000943599365491248,3
1544,20221018_110109.mat,635407,0.635407,0.00104138461115405,0.000943599365491248,3
1545,20221018_110109.mat,659088,0.659088,0.000972534911234539,0.000943599365491248,3
1546,20221018_110109.mat,660879,0.660879,0.00295126345866686,0.000943599365491248,3
1547,20221018_110109.mat,661078,0.661078,0.0011704250549927,0.000943599365491248,3
1548,20221018_110109.mat,661277,0.661277,0.00524558861760995,0.000943599365491248,3
1549,20221018_110109.mat,661476,0.661476,0.00131516740592476,0.000943599365491248,3
1550,20221018_110109.mat,679983,0.679983,0.00105820592853955,0.000943599365491248,3
1551,20221018_110109.mat,691326,0.691326,0.00400946532548055,0.000943599365491248,3
1552,20221018_110109.mat,691525,0.691525,0.00123058679673497,0.000943599365491248,3
1553,20221018_110109.mat,699087,0.699087,0.000949124793513234,0.000943599365491248,3
1554,20221018_110109.mat,717793,0.717793,0.0112662938866714,0.000943599365491248,3
1555,20221018_110109.mat,717992,0.717992,0.00390733963422936,0.000943599365491248,3
1556,20221018_110109.mat,718191,0.718191,0.000951998961951033,0.000943599365491248,3
1557,20221018_110109.mat,728937,0.728937,0.00100117319830686,0.000943599365491248,3
1558,20221018_110109.mat,769931,0.769931,0.00110546574288231,0.000943599365491248,3
1559,20221018_110109.mat,770130,0.77013,0.00326686185036022,0.000943599365491248,3
1560,20221018_110109.mat,770329,0.770329,0.00126408456413834,0.000943599365491248,3
1561,20221018_110109.mat,792816,0.792816,0.00329976849092985,0.000943599365491248,3
1562,20221018_110109.mat,859282,0.859282,0.027487590835497,0.000943599365491248,3
1563,20221018_110109.mat,859481,0.859481,0.00454664266700451,0.000943599365491248,3
1564,20221018_110109.mat,859680,0.85968,0.00116481324759316,0.000943599365491248,3
1565,20221018_110109.mat,877391,0.877391,0.00120671401485487,0.000943599365491248,3
1566,20221018_110109.mat,906445,0.906445,0.00117198483932473,0.000943599365491248,3
1567,20221018_110109.mat,947041,0.947041,0.00380593009860318,0.000943599365491248,3
1568,20221018_110109.mat,947240,0.94724,0.0233839349086932,0.000943599365491248,3
1569,20221018_110109.mat,947439,0.947439,0.00225318156931416,0.000943599365491248,3
1570,20221018_110109.mat,947638,0.947638,0.00169810401685496,0.000943599365491248,3
1571,20221018_110109.mat,972513,0.972513,0.0012190622234626,0.000943599365491248,3
1572,20221018_110109.mat,972712,0.972712,0.00888573261272644,0.000943599365491248,3
1573,20221018_110109.mat,972911,0.972911,0.00171674017024515,0.000943599365491248,3
1574,20221018_110109.mat,1073605,1.073605,0.00574110906869209,0.000943599365491248,3
1575,20221018_110109.mat,1073804,1.073804,0.00149837597631275,0.000943599365491248,3
1576,20221018_110109.mat,1081764,1.081764,0.00263966626478613,0.000943599365491248,3
1577,20221018_110109.mat,1093505,1.093505,0.00345658176290435,0.000943599365491248,3
1578,20221018_110109.mat,1106042,1.106042,0.038804811536343,0.000943599365491248,3
1579,20221018_110109.mat,1106241,1.106241,0.0136159740965163,0.000943599365491248,3
1580,20221018_110109.mat,1106440,1.10644,0.0042896435300015,0.000943599365491248,3
1581,20221018_110109.mat,1106639,1.106639,0.00157514887212281,0.000943599365491248,3
1582,20221018_110109.mat,1120370,1.12037,0.000980693616526351,0.000943599365491248,3
1583,20221018_110109.mat,1124748,1.124748,0.00510290029245822,0.000943599365491248,3
1584,20221018_110109.mat,1124947,1.124947,0.00287268058453881,0.000943599365491248,3
1585,20221018_110109.mat,1125146,1.125146,0.0009574779105107,0.000943599365491248,3
1586,20221018_110109.mat,1143056,1.143056,0.00252287873449029,0.000943599365491248,3
1587,20221018_110109.mat,1143255,1.143255,0.00163405253028067,0.000943599365491248,3
1588,20221018_110109.mat,1151613,1.151613,0.00387612353726874,0.000943599365491248,3
1589,20221018_110109.mat,1151812,1.151812,0.00347407575853509,0.000943599365491248,3
1590,20221018_110109.mat,1174498,1.174498,0.0014464366719487,0.000943599365491248,3
1591,20221018_110109.mat,1231611,1.231611,0.00113394589496956,0.000943599365491248,3
1592,20221018_110109.mat,1347827,1.347827,0.000964600940257608,0.000943599365491248,3
1593,20221018_110109.mat,1367727,1.367727,0.000986448255763212,0.000943599365491248,3
1594,20221018_110109.mat,1419865,1.419865,0.00270966795794008,0.000943599365491248,3
1595,20221018_110109.mat,1420064,1.420064,0.00103336493530855,0.000943599365491248,3
1596,20221018_110109.mat,1437576,1.437576,0.000993891754789775,0.000943599365491248,3
1597,20221018_110109.mat,1440959,1.440959,0.00443823045030757,0.000943599365491248,3
1598,20221018_110109.mat,1470610,1.47061,0.000995449866152232,0.000943599365491248,3
1599,20221018_110109.mat,1504639,1.504639,0.00107555934267387,0.000943599365491248,3
1600,20221018_110109.mat,1513793,1.513793,0.00145802782348751,0.000943599365491248,3
1601,20221018_110109.mat,1663441,1.663441,0.00175910419077524,0.000943599365491248,3
1602,20221018_110109.mat,1756971,1.756971,0.0129429193536604,0.000943599365491248,3
1603,20221018_110109.mat,1757170,1.75717,0.00553514451718841,0.000943599365491248,3
1604,20221018_110109.mat,1757369,1.757369,0.00103870787752204,0.000943599365491248,3
1605,20221018_110109.mat,1763936,1.763936,0.0298081387048204,0.000943599365491248,3
1606,20221018_110109.mat,1764135,1.764135,0.00486584222890404,0.000943599365491248,3
1607,20221018_110109.mat,1764334,1.764334,0.00191424255729806,0.000943599365491248,3
1608,20221018_110109.mat,1777070,1.77707,0.000984191537530429,0.000943599365491248,3
1609,20221018_110109.mat,1852292,1.852292,0.00336276277702363,0.000943599365491248,3
1610,20221018_110109.mat,1852491,1.852491,0.00147886305564163,0.000943599365491248,3
1611,20221018_110109.mat,1886719,1.886719,0.00112691456582892,0.000943599365491248,3
1612,20221018_110109.mat,1960747,1.960747,0.0190826123338409,0.000943599365491248,3
1613,20221018_110109.mat,1960946,1.960946,0.00771336964833142,0.000943599365491248,3
1614,20221018_110109.mat,1961145,1.961145,0.00183169904388671,0.000943599365491248,3
1615,20221018_110109.mat,2006517,2.006517,0.000970769769801645,0.000943599365491248,3
1616,20221018_110109.mat,2046118,2.046118,0.0243075066638952,0.000943599365491248,3
1617,20221018_110109.mat,2046317,2.046317,0.0211600154073294,0.000943599365491248,3
1618,20221018_110109.mat,2046516,2.046516,0.00368204406927355,0.000943599365491248,3
1619,20221018_110109.mat,2046715,2.046715,0.00146143490550881,0.000943599365491248,3
1620,20221018_110109.mat,2117957,2.117957,0.00102435979710717,0.000943599365491248,3
1621,20221018_110109.mat,2118355,2.118355,0.0100124818626231,0.000943599365491248,3
1622,20221018_110109.mat,2118554,2.118554,0.00195564425068165,0.000943599365491248,3
1623,20221018_110109.mat,2141240,2.14124,0.00116854036836027,0.000943599365491248,3
1624,20221018_110109.mat,2141439,2.141439,0.00294295415824974,0.000943599365491248,3
1625,20221018_110109.mat,2141638,2.141638,0.00387115131167844,0.000943599365491248,3
1626,20221018_110109.mat,2141837,2.141837,0.00227857167640515,0.000943599365491248,3
1627,20221018_110109.mat,2226213,2.226213,0.000949527343865098,0.000943599365491248,3
1628,20221018_110109.mat,2227009,2.227009,0.00155962016956193,0.000943599365491248,3
1629,20221018_110109.mat,2289296,2.289296,0.00920428225813022,0.000943599365491248,3
1630,20221018_110109.mat,2289495,2.289495,0.00966886625317301,0.000943599365491248,3
1631,20221018_110109.mat,2289694,2.289694,0.00168283902545704,0.000943599365491248,3
1632,20221018_110109.mat,2307803,2.307803,0.0126794236029311,0.000943599365491248,3
1633,20221018_110109.mat,2308002,2.308002,0.00340825340296429,0.000943599365491248,3
1634,20221018_110109.mat,2333275,2.333275,0.00119943815518356,0.000943599365491248,3
1635,20221018_110109.mat,2334469,2.334469,0.00102573591230769,0.000943599365491248,3
1636,20221018_110109.mat,2350787,2.350787,0.00180801610192669,0.000943599365491248,3
1637,20221018_110109.mat,2405910,2.40591,0.00100254713484111,0.000943599365491248,3
1638,20221018_110109.mat,2468396,2.468396,0.000982519944046808,0.000943599365491248,3
1639,20221018_110109.mat,2549389,2.549389,0.00473140703247659,0.000943599365491248,3
1640,20221018_110109.mat,2549588,2.549588,0.00659656088227711,0.000943599365491248,3
1641,20221018_110109.mat,2549787,2.549787,0.00109732414117499,0.000943599365491248,3
1642,20221018_110109.mat,2565110,2.56511,0.00232082905721628,0.000943599365491248,3
1643,20221018_110109.mat,2565309,2.565309,0.00403334169793586,0.000943599365491248,3
1644,20221018_110109.mat,2565508,2.565508,0.00110900098858908,0.000943599365491248,3
1645,20221018_110109.mat,2665406,2.665406,0.000957169990292886,0.000943599365491248,3
1646,20221018_110109.mat,2680729,2.680729,0.00205775612919484,0.000943599365491248,3
1647,20221018_110109.mat,2735255,2.735255,0.000944264712265258,0.000943599365491248,3
1648,20221018_110109.mat,2876943,2.876943,0.000963186258848348,0.000943599365491248,3
1649,20221018_110109.mat,2907390,2.90739,0.000968499885394858,0.000943599365491248,3
1650,20221018_110109.mat,2930673,2.930673,0.00294012318098218,0.000943599365491248,3
1651,20221018_110109.mat,2962911,2.962911,0.00320515966252413,0.000943599365491248,3
1652,20221018_110109.mat,2984801,2.984801,0.000960593428063949,0.000943599365491248,3
1653,20221018_110109.mat,2989378,2.989378,0.00212705878430681,0.000943599365491248,3
1654,20221018_110109.mat,3009676,3.009676,0.00577047342397085,0.000943599365491248,3
1655,20221018_110109.mat,3009875,3.009875,0.00137118155173927,0.000943599365491248,3
1656,20221018_110109.mat,3066988,3.066988,0.000986177267924824,0.000943599365491248,3
1657,20221018_110109.mat,3107385,3.107385,0.000979571558999529,0.000943599365491248,3
1658,20221018_110109.mat,3131464,3.131464,0.00121143019944834,0.000943599365491248,3
1659,20221018_110109.mat,3144200,3.1442,0.0209032928885289,0.000943599365491248,3
1660,20221018_110109.mat,3144399,3.144399,0.00654714897049592,0.000943599365491248,3
1661,20221018_110109.mat,3144598,3.144598,0.00152693285843552,0.000943599365491248,3
1662,20221018_110109.mat,3174647,3.174647,0.0164349304209292,0.000943599365491248,3
1663,20221018_110109.mat,3174846,3.174846,0.013680499025633,0.000943599365491248,3
1664,20221018_110109.mat,3175045,3.175045,0.00151699327379238,0.000943599365491248,3
1665,20221018_110109.mat,3200716,3.200716,0.00345068127110567,0.000943599365491248,3
1666,20221018_110109.mat,3200915,3.200915,0.00435359328299226,0.000943599365491248,3
1667,20221018_110109.mat,3201114,3.201114,0.000999322478682363,0.000943599365491248,3
1668,20221018_110109.mat,3203104,3.203104,0.00693560966799039,0.000943599365491248,3
1669,20221018_110109.mat,3203303,3.203303,0.00173495592714103,0.000943599365491248,3
1670,20221018_110109.mat,3301410,3.30141,0.00350786135655122,0.000943599365491248,3
1671,20221018_110109.mat,3301609,3.301609,0.00110826764899461,0.000943599365491248,3
1672,20221018_110109.mat,3316335,3.316335,0.00773394822609561,0.000943599365491248,3
1673,20221018_110109.mat,3316534,3.316534,0.00562273940522177,0.000943599365491248,3
1674,20221018_110109.mat,3350563,3.350563,0.000953287511335658,0.000943599365491248,3
1675,20221018_110109.mat,3374642,3.374642,0.0021052638649646,0.000943599365491248,3
1676,20221018_110109.mat,3387975,3.387975,0.0160187773210783,0.000943599365491248,3
1677,20221018_110109.mat,3388174,3.388174,0.00719344899415483,0.000943599365491248,3
1678,20221018_110109.mat,3388373,3.388373,0.00195161705860666,0.000943599365491248,3
1679,20221018_110109.mat,3403497,3.403497,0.00116382563530833,0.000943599365491248,3
1680,20221018_110109.mat,3417228,3.417228,0.00197198006348927,0.000943599365491248,3
1681,20221018_110109.mat,3417427,3.417427,0.00696795024089827,0.000943599365491248,3
1682,20221018_110109.mat,3417626,3.417626,0.00114944306290664,0.000943599365491248,3
1683,20221018_110109.mat,3442302,3.442302,0.00513978658423162,0.000943599365491248,3
1684,20221018_110109.mat,3442501,3.442501,0.00542255038627965,0.000943599365491248,3
1685,20221018_110109.mat,3446083,3.446083,0.00137904043444052,0.000943599365491248,3
1686,20221018_110109.mat,3474142,3.474142,0.00101003706155078,0.000943599365491248,3
1687,20221018_110109.mat,3481306,3.481306,0.0773956028782336,0.000943599365491248,3
1688,20221018_110109.mat,3481505,3.481505,0.0177305786112506,0.000943599365491248,3
1689,20221018_110109.mat,3481704,3.481704,0.00541877402722236,0.000943599365491248,3
1690,20221018_110109.mat,3481903,3.481903,0.00161024048712857,0.000943599365491248,3
1691,20221018_110109.mat,3485485,3.485485,0.00334081996162783,0.000943599365491248,3
1692,20221018_110109.mat,3485684,3.485684,0.00107146339376688,0.000943599365491248,3
1693,20221018_110109.mat,3490261,3.490261,0.00420290594130119,0.000943599365491248,3
1694,20221018_110109.mat,3490460,3.49046,0.00351763111092189,0.000943599365491248,3
1695,20221018_110109.mat,3496231,3.496231,0.00617127614190928,0.000943599365491248,3
1696,20221018_110109.mat,3496430,3.49643,0.00292928997549686,0.000943599365491248,3
1697,20221018_110109.mat,3539215,3.539215,0.0266858157752257,0.000943599365491248,3
1698,20221018_110109.mat,3539414,3.539414,0.00987107852454538,0.000943599365491248,3
1699,20221018_110109.mat,3539613,3.539613,0.00206378686896844,0.000943599365491248,3
1700,20221018_110109.mat,3562896,3.562896,0.00380338633751425,0.000943599365491248,3
1701,20221018_110109.mat,3563095,3.563095,0.00101435537028501,0.000943599365491248,3
1702,20221018_110109.mat,3563891,3.563891,0.000967303569855267,0.000943599365491248,3
1703,20221018_110109.mat,3571254,3.571254,0.00142448626650352,0.000943599365491248,3
1704,20221018_110109.mat,3575035,3.575035,0.000966323692106965,0.000943599365491248,3
1705,20221018_110109.mat,3575234,3.575234,0.00109483887412648,0.000943599365491248,3
1706,20221018_110109.mat,3595930,3.59593,0.000976095235294258,0.000943599365491248,3
1707,20221018_110109.mat,3633740,3.63374,0.000951030422723419,0.000943599365491248,3
1708,20221018_110109.mat,3652247,3.652247,0.000970688024578877,0.000943599365491248,3
1709,20221018_110109.mat,3883485,3.883485,0.00259691900197013,0.000943599365491248,3
1710,20221018_110109.mat,3883684,3.883684,0.00263323360780765,0.000943599365491248,3
1711,20221018_110109.mat,3903385,3.903385,0.00095439454384592,0.000943599365491248,3
1712,20221018_110109.mat,3903783,3.903783,0.00101803367876596,0.000943599365491248,3
1713,20221018_110109.mat,3943384,3.943384,0.000948305279663401,0.000943599365491248,3
1714,20221018_110109.mat,3968856,3.968856,0.401458410540668,0.000943599365491248,3
1715,20221018_110109.mat,3969055,3.969055,0.127078230927223,0.000943599365491248,3
1716,20221018_110109.mat,3969254,3.969254,0.0218891428539408,0.000943599365491248,3
1717,20221018_110109.mat,3969453,3.969453,0.00565990752474125,0.000943599365491248,3
1718,20221018_110109.mat,3969652,3.969652,0.00227377616857885,0.000943599365491248,3
1719,20221018_110109.mat,3969851,3.969851,0.000995220479223144,0.000943599365491248,3
1720,20221018_110109.mat,3992338,3.992338,0.00170960017280644,0.000943599365491248,3
1721,20221018_110109.mat,3992537,3.992537,0.00261229936584445,0.000943599365491248,3
1722,20221018_110109.mat,3999104,3.999104,0.0012272963021701,0.000943599365491248,3
1723,20221018_110109.mat,4005273,4.005273,0.00107269764042036,0.000943599365491248,3
1724,20221018_110109.mat,4026765,4.026765,0.00273417227198144,0.000943599365491248,3
1725,20221018_110109.mat,4026964,4.026964,0.00140654452613347,0.000943599365491248,3
1726,20221018_110109.mat,4043083,4.043083,0.000960799181727733,0.000943599365491248,3
1727,20221018_110109.mat,4086067,4.086067,0.0288073921973699,0.000943599365491248,3
1728,20221018_110109.mat,4086266,4.086266,0.00506032304394367,0.000943599365491248,3
1729,20221018_110109.mat,4086465,4.086465,0.00125793923628381,0.000943599365491248,3
1730,20221018_110109.mat,4096813,4.096813,0.0182530194936653,0.000943599365491248,3
1731,20221018_110109.mat,4097012,4.097012,0.00866218261022767,0.000943599365491248,3
1732,20221018_110109.mat,4097211,4.097211,0.00176904111480711,0.000943599365491248,3
1733,20221018_110109.mat,4118703,4.118703,0.00109052298825244,0.000943599365491248,3
1734,20221018_110109.mat,4172234,4.172234,0.00411260079308992,0.000943599365491248,3
1735,20221018_110109.mat,4173826,4.173826,0.00147153738156728,0.000943599365491248,3
1736,20221018_110109.mat,4235914,4.235914,0.0156804746990951,0.000943599365491248,3
1737,20221018_110109.mat,4236113,4.236113,0.00218963562233606,0.000943599365491248,3
1738,20221018_110109.mat,4236312,4.236312,0.00139748727874908,0.000943599365491248,3
1739,20221018_110109.mat,4236909,4.236909,0.0177754990349641,0.000943599365491248,3
1740,20221018_110109.mat,4237108,4.237108,0.00250556699752125,0.000943599365491248,3
1741,20221018_110109.mat,4237307,4.237307,0.00166031639845602,0.000943599365491248,3
1742,20221018_110109.mat,4376408,4.376408,0.00099419636814121,0.000943599365491248,3
1743,20221018_110109.mat,4403472,4.403472,0.0234355965591021,0.000943599365491248,3
1744,20221018_110109.mat,4403671,4.403671,0.00435508210684298,0.000943599365491248,3
1745,20221018_110109.mat,4403870,4.40387,0.0014984591395473,0.000943599365491248,3
1746,20221018_110109.mat,4457998,4.457998,0.00347287097882904,0.000943599365491248,3
1747,20221018_110109.mat,4458197,4.458197,0.00104664939205079,0.000943599365491248,3
1748,20221018_110109.mat,4514912,4.514912,0.00162175536537365,0.000943599365491248,3
1749,20221018_110109.mat,4522474,4.522474,0.000949506827180756,0.000943599365491248,3
1750,20221018_110109.mat,4573020,4.57302,0.00116268960921425,0.000943599365491248,3
1751,20221018_110109.mat,4581179,4.581179,0.00108182737951667,0.000943599365491248,3
1752,20221018_110109.mat,4581378,4.581378,0.00149557609098201,0.000943599365491248,3
1753,20221018_110109.mat,4608442,4.608442,0.010164011698644,0.000943599365491248,3
1754,20221018_110109.mat,4608641,4.608641,0.00742727015772496,0.000943599365491248,3
1755,20221018_110109.mat,4608840,4.60884,0.00145570221595311,0.000943599365491248,3
1756,20221018_110109.mat,4611825,4.611825,0.00185505865841366,0.000943599365491248,3
1757,20221018_110109.mat,4612024,4.612024,0.00185764273879608,0.000943599365491248,3
1758,20221018_110109.mat,4612223,4.612223,0.00099984092158939,0.000943599365491248,3
1759,20221018_110109.mat,4642272,4.642272,0.000944593819799213,0.000943599365491248,3
1760,20221018_110109.mat,4702171,4.702171,0.00101072149922926,0.000943599365491248,3
1761,20221018_110109.mat,4766647,4.766647,0.00122500598261497,0.000943599365491248,3
1762,20221018_110109.mat,4766846,4.766846,0.000977217762604178,0.000943599365491248,3
1763,20221018_110109.mat,4772020,4.77202,0.00145490991138517,0.000943599365491248,3
1764,20221018_110109.mat,4861769,4.861769,0.0116093502758059,0.000943599365491248,3
1765,20221018_110109.mat,4861968,4.861968,0.00339761343949763,0.000943599365491248,3
1766,20221018_110109.mat,4862167,4.862167,0.000952010694193881,0.000943599365491248,3
1767,20221018_110109.mat,4993507,4.993507,0.00208357286737294,0.000943599365491248,3
1768,20221018_110109.mat,4993706,4.993706,0.00655447385131321,0.000943599365491248,3
1769,20221018_110109.mat,4993905,4.993905,0.00125310730783033,0.000943599365491248,3
1770,20221018_110114.mat,123380,0.12338,0.000968127127412754,0.000949495293108928,3
1771,20221018_110114.mat,350041,0.350041,0.00323383391771753,0.000949495293108928,3
1772,20221018_110114.mat,359593,0.359593,0.00268696355343695,0.000949495293108928,3
1773,20221018_110114.mat,362379,0.362379,0.00122396609490876,0.000949495293108928,3
1774,20221018_110114.mat,410139,0.410139,0.00208062360197627,0.000949495293108928,3
1775,20221018_110114.mat,461481,0.461481,0.0071729112178361,0.000949495293108928,3
1776,20221018_110114.mat,461680,0.46168,0.00181619342639027,0.000949495293108928,3
1777,20221018_110114.mat,461879,0.461879,0.000959432037748821,0.000949495293108928,3
1778,20221018_110114.mat,462078,0.462078,0.00537508250082308,0.000949495293108928,3
1779,20221018_110114.mat,462277,0.462277,0.00132726953039516,0.000949495293108928,3
1780,20221018_110114.mat,473023,0.473023,0.000964927054584685,0.000949495293108928,3
1781,20221018_110114.mat,532922,0.532922,0.000966558601257048,0.000949495293108928,3
1782,20221018_110114.mat,553817,0.553817,0.0010761177888489,0.000949495293108928,3
1783,20221018_110114.mat,562772,0.562772,0.0135018136026788,0.000949495293108928,3
1784,20221018_110114.mat,562971,0.562971,0.00345166763027482,0.000949495293108928,3
1785,20221018_110114.mat,563170,0.56317,0.00123921510759462,0.000949495293108928,3
1786,20221018_110114.mat,569538,0.569538,0.0233716837310558,0.000949495293108928,3
1787,20221018_110114.mat,569737,0.569737,0.00905248334997067,0.000949495293108928,3
1788,20221018_110114.mat,569936,0.569936,0.00295188943423885,0.000949495293108928,3
1789,20221018_110114.mat,588841,0.588841,0.00174628875558015,0.000949495293108928,3
1790,20221018_110114.mat,589040,0.58904,0.00112551719740723,0.000949495293108928,3
1791,20221018_110114.mat,641775,0.641775,0.00124053469902569,0.000949495293108928,3
1792,20221018_110114.mat,641974,0.641974,0.00553570355574824,0.000949495293108928,3
1793,20221018_110114.mat,642173,0.642173,0.00103200638743465,0.000949495293108928,3
1794,20221018_110114.mat,676202,0.676202,0.00228297961961717,0.000949495293108928,3
1795,20221018_110114.mat,700878,0.700878,0.0015803097055271,0.000949495293108928,3
1796,20221018_110114.mat,701077,0.701077,0.000998027302885483,0.000949495293108928,3
1797,20221018_110114.mat,821870,0.82187,0.00100793132029436,0.000949495293108928,3
1798,20221018_110114.mat,826049,0.826049,0.00119635800608233,0.000949495293108928,3
1799,20221018_110114.mat,932315,0.932315,0.000959482903388674,0.000949495293108928,3
1800,20221018_110114.mat,948434,0.948434,0.000966507010290112,0.000949495293108928,3
1801,20221018_110114.mat,982264,0.982264,0.000954612524510275,0.000949495293108928,3
1802,20221018_110114.mat,1017288,1.017288,0.00241028279134257,0.000949495293108928,3
1803,20221018_110114.mat,1017487,1.017487,0.00443231388430522,0.000949495293108928,3
1804,20221018_110114.mat,1052113,1.052113,0.000989046920522897,0.000949495293108928,3
1805,20221018_110114.mat,1061864,1.061864,0.000994206504041985,0.000949495293108928,3
1806,20221018_110114.mat,1062063,1.062063,0.000965448132919793,0.000949495293108928,3
1807,20221018_110114.mat,1062859,1.062859,0.0165745117213161,0.000949495293108928,3
1808,20221018_110114.mat,1063058,1.063058,0.00522677935268698,0.000949495293108928,3
1809,20221018_110114.mat,1063257,1.063257,0.0162669750995451,0.000949495293108928,3
1810,20221018_110114.mat,1063456,1.063456,0.0101039367064663,0.000949495293108928,3
1811,20221018_110114.mat,1063655,1.063655,0.00193664239563094,0.000949495293108928,3
1812,20221018_110114.mat,1106241,1.106241,0.00796499455402734,0.000949495293108928,3
1813,20221018_110114.mat,1106440,1.10644,0.00216298290122493,0.000949495293108928,3
1814,20221018_110114.mat,1186438,1.186438,0.0167708234344707,0.000949495293108928,3
1815,20221018_110114.mat,1186637,1.186637,0.00375481837991822,0.000949495293108928,3
1816,20221018_110114.mat,1205343,1.205343,0.00273768741626357,0.000949495293108928,3
1817,20221018_110114.mat,1205542,1.205542,0.0012158432282901,0.000949495293108928,3
1818,20221018_110114.mat,1247730,1.24773,0.00166820014576716,0.000949495293108928,3
1819,20221018_110114.mat,1247929,1.247929,0.00632307690262444,0.000949495293108928,3
1820,20221018_110114.mat,1248128,1.248128,0.00132727912247889,0.000949495293108928,3
1821,20221018_110114.mat,1270217,1.270217,0.000973562171392067,0.000949495293108928,3
1822,20221018_110114.mat,1305639,1.305639,0.000951297850701157,0.000949495293108928,3
1823,20221018_110114.mat,1315191,1.315191,0.0211119518337189,0.000949495293108928,3
1824,20221018_110114.mat,1315390,1.31539,0.00312524537409818,0.000949495293108928,3
1825,20221018_110114.mat,1315589,1.315589,0.00119055605270097,0.000949495293108928,3
1826,20221018_110114.mat,1316385,1.316385,0.00219348207366562,0.000949495293108928,3
1827,20221018_110114.mat,1316584,1.316584,0.00311400678939793,0.000949495293108928,3
1828,20221018_110114.mat,1325141,1.325141,0.00103251005350974,0.000949495293108928,3
1829,20221018_110114.mat,1331708,1.331708,0.000968655246526478,0.000949495293108928,3
1830,20221018_110114.mat,1333897,1.333897,0.00215572089916025,0.000949495293108928,3
1831,20221018_110114.mat,1334096,1.334096,0.00220750020158115,0.000949495293108928,3
1832,20221018_110114.mat,1433198,1.433198,0.0010663485727911,0.000949495293108928,3
1833,20221018_110114.mat,1442352,1.442352,0.00184536156946588,0.000949495293108928,3
1834,20221018_110114.mat,1442551,1.442551,0.00519696078125746,0.000949495293108928,3
1835,20221018_110114.mat,1442750,1.44275,0.00118579543352949,0.000949495293108928,3
1836,20221018_110114.mat,1484739,1.484739,0.000979473068426801,0.000949495293108928,3
1837,20221018_110114.mat,1501455,1.501455,0.00100736376103075,0.000949495293108928,3
1838,20221018_110114.mat,1510609,1.510609,0.00100320203771607,0.000949495293108928,3
1839,20221018_110114.mat,1534091,1.534091,0.00111156519366805,0.000949495293108928,3
1840,20221018_110114.mat,1558369,1.558369,0.00131938862118608,0.000949495293108928,3
1841,20221018_110114.mat,1558568,1.558568,0.00304900150739501,0.000949495293108928,3
1842,20221018_110114.mat,1630208,1.630208,0.00166125536740083,0.000949495293108928,3
1843,20221018_110114.mat,1701848,1.701848,0.000961677721711065,0.000949495293108928,3
1844,20221018_110114.mat,1753389,1.753389,0.022186530155692,0.000949495293108928,3
1845,20221018_110114.mat,1753588,1.753588,0.013801865920529,0.000949495293108928,3
1846,20221018_110114.mat,1753787,1.753787,0.0013615668360568,0.000949495293108928,3
1847,20221018_110114.mat,1792791,1.792791,0.0114265921726922,0.000949495293108928,3
1848,20221018_110114.mat,1792990,1.79299,0.00800129996099997,0.000949495293108928,3
1849,20221018_110114.mat,1793189,1.793189,0.00160818087284582,0.000949495293108928,3
1850,20221018_110114.mat,1800950,1.80095,0.000974114572599184,0.000949495293108928,3
1851,20221018_110114.mat,1822243,1.822243,0.00102391299998281,0.000949495293108928,3
1852,20221018_110114.mat,1822442,1.822442,0.00101047879241727,0.000949495293108928,3
1853,20221018_110114.mat,1822641,1.822641,0.0014515802717587,0.000949495293108928,3
1854,20221018_110114.mat,1822840,1.82284,0.00161205703567706,0.000949495293108928,3
1855,20221018_110114.mat,1894082,1.894082,0.00183458139106528,0.000949495293108928,3
1856,20221018_110114.mat,1894281,1.894281,0.00098426678440846,0.000949495293108928,3
1857,20221018_110114.mat,1899057,1.899057,0.00790831167510025,0.000949495293108928,3
1858,20221018_110114.mat,1899256,1.899256,0.00211162398586916,0.000949495293108928,3
1859,20221018_110114.mat,1933484,1.933484,0.00434760113233321,0.000949495293108928,3
1860,20221018_110114.mat,1933683,1.933683,0.0018637088403558,0.000949495293108928,3
1861,20221018_110114.mat,1933882,1.933882,0.00160720872118265,0.000949495293108928,3
1862,20221018_110114.mat,1934081,1.934081,0.00327483166649944,0.000949495293108928,3
1863,20221018_110114.mat,1936469,1.936469,0.00122488551635618,0.000949495293108928,3
1864,20221018_110114.mat,1960747,1.960747,0.00104160467785195,0.000949495293108928,3
1865,20221018_110114.mat,1980846,1.980846,0.000991198753620438,0.000949495293108928,3
1866,20221018_110114.mat,1983831,1.983831,0.0031068205959756,0.000949495293108928,3
1867,20221018_110114.mat,1984030,1.98403,0.0125057720515297,0.000949495293108928,3
1868,20221018_110114.mat,1984229,1.984229,0.00208696301427916,0.000949495293108928,3
1869,20221018_110114.mat,1984428,1.984428,0.00368037836209475,0.000949495293108928,3
1870,20221018_110114.mat,1984627,1.984627,0.00117658168765572,0.000949495293108928,3
1871,20221018_110114.mat,1991990,1.99199,0.00416070975608152,0.000949495293108928,3
1872,20221018_110114.mat,1992189,1.992189,0.00168597319226625,0.000949495293108928,3
1873,20221018_110114.mat,2009502,2.009502,0.000998567232677436,0.000949495293108928,3
1874,20221018_110114.mat,2025223,2.025223,0.00233109163760449,0.000949495293108928,3
1875,20221018_110114.mat,2025422,2.025422,0.000959531554955837,0.000949495293108928,3
1876,20221018_110114.mat,2031790,2.03179,0.00429846641579495,0.000949495293108928,3
1877,20221018_110114.mat,2067013,2.067013,0.00134023437260824,0.000949495293108928,3
1878,20221018_110114.mat,2075371,2.075371,0.00975507991171051,0.000949495293108928,3
1879,20221018_110114.mat,2075570,2.07557,0.00383078943003776,0.000949495293108928,3
1880,20221018_110114.mat,2075769,2.075769,0.000973046528571239,0.000949495293108928,3
1881,20221018_110114.mat,2077162,2.077162,0.00121457892153247,0.000949495293108928,3
1882,20221018_110114.mat,2077361,2.077361,0.00321926030904461,0.000949495293108928,3
1883,20221018_110114.mat,2093679,2.093679,0.00214893704995774,0.000949495293108928,3
1884,20221018_110114.mat,2093878,2.093878,0.0046051561424452,0.000949495293108928,3
1885,20221018_110114.mat,2118355,2.118355,0.00570592858259438,0.000949495293108928,3
1886,20221018_110114.mat,2118554,2.118554,0.00705667447274816,0.000949495293108928,3
1887,20221018_110114.mat,2118753,2.118753,0.00111765953214214,0.000949495293108928,3
1888,20221018_110114.mat,2136066,2.136066,0.0049591128280238,0.000949495293108928,3
1889,20221018_110114.mat,2136265,2.136265,0.00807457286093622,0.000949495293108928,3
1890,20221018_110114.mat,2136464,2.136464,0.00117915443878772,0.000949495293108928,3
1891,20221018_110114.mat,2138255,2.138255,0.00114123105109435,0.000949495293108928,3
1892,20221018_110114.mat,2141439,2.141439,0.00181220528168361,0.000949495293108928,3
1893,20221018_110114.mat,2153379,2.153379,0.0181183475849653,0.000949495293108928,3
1894,20221018_110114.mat,2153578,2.153578,0.00866155667918804,0.000949495293108928,3
1895,20221018_110114.mat,2153777,2.153777,0.00179740309795392,0.000949495293108928,3
1896,20221018_110114.mat,2155369,2.155369,0.00655398624185987,0.000949495293108928,3
1897,20221018_110114.mat,2155568,2.155568,0.0211126778494502,0.000949495293108928,3
1898,20221018_110114.mat,2155767,2.155767,0.00377232258318355,0.000949495293108928,3
1899,20221018_110114.mat,2156364,2.156364,0.00133757244263671,0.000949495293108928,3
1900,20221018_110114.mat,2156563,2.156563,0.000980560080191348,0.000949495293108928,3
1901,20221018_110114.mat,2164523,2.164523,0.00657064963182676,0.000949495293108928,3
1902,20221018_110114.mat,2164722,2.164722,0.00249875982721793,0.000949495293108928,3
1903,20221018_110114.mat,2165916,2.165916,0.00851980023287397,0.000949495293108928,3
1904,20221018_110114.mat,2166115,2.166115,0.00511306519102267,0.000949495293108928,3
1905,20221018_110114.mat,2166314,2.166314,0.00105457205272547,0.000949495293108928,3
1906,20221018_110114.mat,2167906,2.167906,0.000994321746999389,0.000949495293108928,3
1907,20221018_110114.mat,2181040,2.18104,0.00143525679259704,0.000949495293108928,3
1908,20221018_110114.mat,2181637,2.181637,0.00446525468772707,0.000949495293108928,3
1909,20221018_110114.mat,2181836,2.181836,0.00298923479933903,0.000949495293108928,3
1910,20221018_110114.mat,2187607,2.187607,0.00407494453006756,0.000949495293108928,3
1911,20221018_110114.mat,2187806,2.187806,0.000949676952468444,0.000949495293108928,3
1912,20221018_110114.mat,2240740,2.24074,0.00212249577859707,0.000949495293108928,3
1913,20221018_110114.mat,2288699,2.288699,0.000998497107449913,0.000949495293108928,3
1914,20221018_110114.mat,2311186,2.311186,0.00156564099045102,0.000949495293108928,3
1915,20221018_110114.mat,2320340,2.32034,0.000972603700611105,0.000949495293108928,3
1916,20221018_110114.mat,2352180,2.35218,0.0208411611122012,0.000949495293108928,3
1917,20221018_110114.mat,2352379,2.352379,0.0079186893825964,0.000949495293108928,3
1918,20221018_110114.mat,2370886,2.370886,0.00301225275543329,0.000949495293108928,3
1919,20221018_110114.mat,2372279,2.372279,0.00101155660861598,0.000949495293108928,3
1920,20221018_110114.mat,2388796,2.388796,0.00666689723612018,0.000949495293108928,3
1921,20221018_110114.mat,2388995,2.388995,0.00148860844069359,0.000949495293108928,3
1922,20221018_110114.mat,2407701,2.407701,0.00578829540694943,0.000949495293108928,3
1923,20221018_110114.mat,2407900,2.4079,0.00229833906255615,0.000949495293108928,3
1924,20221018_110114.mat,2470585,2.470585,0.00179418946274197,0.000949495293108928,3
1925,20221018_110114.mat,2470784,2.470784,0.00104460338951282,0.000949495293108928,3
1926,20221018_110114.mat,2500037,2.500037,0.000949665780773583,0.000949495293108928,3
1927,20221018_110114.mat,2528693,2.528693,0.00108201954164206,0.000949495293108928,3
1928,20221018_110114.mat,2597149,2.597149,0.00113853254148613,0.000949495293108928,3
1929,20221018_110114.mat,2607696,2.607696,0.00467883726262475,0.000949495293108928,3
1930,20221018_110114.mat,2607895,2.607895,0.00176153315720595,0.000949495293108928,3
1931,20221018_110114.mat,2617248,2.617248,0.0156702636417581,0.000949495293108928,3
1932,20221018_110114.mat,2617447,2.617447,0.00505957265724401,0.000949495293108928,3
1933,20221018_110114.mat,2617646,2.617646,0.000962271124964244,0.000949495293108928,3
1934,20221018_110114.mat,2629785,2.629785,0.000956780814141227,0.000949495293108928,3
1935,20221018_110114.mat,2674958,2.674958,0.00160264700462607,0.000949495293108928,3
1936,20221018_110114.mat,2675157,2.675157,0.00122104811600669,0.000949495293108928,3
1937,20221018_110114.mat,2708788,2.708788,0.00115268835300219,0.000949495293108928,3
1938,20221018_110114.mat,2708987,2.708987,0.00118008719673583,0.000949495293108928,3
1939,20221018_110114.mat,2745006,2.745006,0.000975228227395362,0.000949495293108928,3
1940,20221018_110114.mat,2745205,2.745205,0.00103002531143945,0.000949495293108928,3
1941,20221018_110114.mat,2770080,2.77008,0.00460858811378505,0.000949495293108928,3
1942,20221018_110114.mat,2770279,2.770279,0.0368444192637776,0.000949495293108928,3
1943,20221018_110114.mat,2770478,2.770478,0.0035406989662769,0.000949495293108928,3
1944,20221018_110114.mat,2770677,2.770677,0.00106008436675951,0.000949495293108928,3
1945,20221018_110114.mat,2868784,2.868784,0.00703998091698613,0.000949495293108928,3
1946,20221018_110114.mat,2868983,2.868983,0.0134838727857857,0.000949495293108928,3
1947,20221018_110114.mat,2869182,2.869182,0.00211581753470875,0.000949495293108928,3
1948,20221018_110114.mat,2869381,2.869381,0.00106004233187293,0.000949495293108928,3
1949,20221018_110114.mat,2879331,2.879331,0.0026179590744308,0.000949495293108928,3
1950,20221018_110114.mat,2879530,2.87953,0.00106300100868915,0.000949495293108928,3
1951,20221018_110114.mat,2905002,2.905002,0.00249829864112192,0.000949495293108928,3
1952,20221018_110114.mat,2908584,2.908584,0.0102923921134231,0.000949495293108928,3
1953,20221018_110114.mat,2908783,2.908783,0.00123545055692679,0.000949495293108928,3
1954,20221018_110114.mat,2959329,2.959329,0.000962193943962315,0.000949495293108928,3
1955,20221018_110114.mat,2990174,2.990174,0.0132561701166671,0.000949495293108928,3
1956,20221018_110114.mat,2990373,2.990373,0.00914662778979656,0.000949495293108928,3
1957,20221018_110114.mat,2990572,2.990572,0.00160685350792815,0.000949495293108928,3
1958,20221018_110114.mat,3002114,3.002114,0.00103250491580426,0.000949495293108928,3
1959,20221018_110114.mat,3007288,3.007288,0.001161754579558,0.000949495293108928,3
1960,20221018_110114.mat,3009278,3.009278,0.0146577333454151,0.000949495293108928,3
1961,20221018_110114.mat,3009477,3.009477,0.00280584024116266,0.000949495293108928,3
1962,20221018_110114.mat,3009676,3.009676,0.00136037713251056,0.000949495293108928,3
1963,20221018_110114.mat,3041118,3.041118,0.00184848222527764,0.000949495293108928,3
1964,20221018_110114.mat,3041317,3.041317,0.00177133252192603,0.000949495293108928,3
1965,20221018_110114.mat,3045894,3.045894,0.00459935321376552,0.000949495293108928,3
1966,20221018_110114.mat,3046093,3.046093,0.00215863816654496,0.000949495293108928,3
1967,20221018_110114.mat,3091266,3.091266,0.00244949053036829,0.000949495293108928,3
1968,20221018_110114.mat,3105196,3.105196,0.00111484877734152,0.000949495293108928,3
1969,20221018_110114.mat,3120320,3.12032,0.000972548066764503,0.000949495293108928,3
1970,20221018_110114.mat,3131265,3.131265,0.00152265830896377,0.000949495293108928,3
1971,20221018_110114.mat,3150767,3.150767,0.00302921800218938,0.000949495293108928,3
1972,20221018_110114.mat,3161314,3.161314,0.00242415460567474,0.000949495293108928,3
1973,20221018_110114.mat,3161513,3.161513,0.0106341918930433,0.000949495293108928,3
1974,20221018_110114.mat,3161712,3.161712,0.00144435869633467,0.000949495293108928,3
1975,20221018_110114.mat,3254247,3.254247,0.00359335707257489,0.000949495293108928,3
1976,20221018_110114.mat,3254446,3.254446,0.00318067860639548,0.000949495293108928,3
1977,20221018_110114.mat,3265988,3.265988,0.00184282070443658,0.000949495293108928,3
1978,20221018_110114.mat,3281311,3.281311,0.00148507742901328,0.000949495293108928,3
1979,20221018_110114.mat,3283301,3.283301,0.00119504645220887,0.000949495293108928,3
1980,20221018_110114.mat,3283500,3.2835,0.00447062933791303,0.000949495293108928,3
1981,20221018_110114.mat,3283699,3.283699,0.00101007023206043,0.000949495293108928,3
1982,20221018_110114.mat,3289470,3.28947,0.029581356132417,0.000949495293108928,3
1983,20221018_110114.mat,3289669,3.289669,0.0188323429230937,0.000949495293108928,3
1984,20221018_110114.mat,3289868,3.289868,0.00268698527002373,0.000949495293108928,3
1985,20221018_110114.mat,3318126,3.318126,0.0102408954830212,0.000949495293108928,3
1986,20221018_110114.mat,3318325,3.318325,0.0119206569687928,0.000949495293108928,3
1987,20221018_110114.mat,3318524,3.318524,0.00152403881674908,0.000949495293108928,3
1988,20221018_110114.mat,3332653,3.332653,0.00126230640958707,0.000949495293108928,3
1989,20221018_110114.mat,3332852,3.332852,0.001071262639136,0.000949495293108928,3
1990,20221018_110114.mat,3357926,3.357926,0.0018601049698473,0.000949495293108928,3
1991,20221018_110114.mat,3358125,3.358125,0.00531688469400722,0.000949495293108928,3
1992,20221018_110114.mat,3376831,3.376831,0.00129707815468203,0.000949495293108928,3
1993,20221018_110114.mat,3377030,3.37703,0.0018957385463648,0.000949495293108928,3
1994,20221018_110114.mat,3397129,3.397129,0.00116979135151161,0.000949495293108928,3
1995,20221018_110114.mat,3400910,3.40091,0.00310697291256461,0.000949495293108928,3
1996,20221018_110114.mat,3407875,3.407875,0.0015679644833725,0.000949495293108928,3
1997,20221018_110114.mat,3412850,3.41285,0.00165562588506305,0.000949495293108928,3
1998,20221018_110114.mat,3413049,3.413049,0.00268268153943615,0.000949495293108928,3
1999,20221018_110114.mat,3415636,3.415636,0.0113653558477173,0.000949495293108928,3
2000,20221018_110114.mat,3415835,3.415835,0.0128898825514835,0.000949495293108928,3
2001,20221018_110114.mat,3416034,3.416034,0.00130187602117698,0.000949495293108928,3
2002,20221018_110114.mat,3421606,3.421606,0.00303629396834983,0.000949495293108928,3
2003,20221018_110114.mat,3421805,3.421805,0.00212447048595937,0.000949495293108928,3
2004,20221018_110114.mat,3451456,3.451456,0.00137458565439188,0.000949495293108928,3
2005,20221018_110114.mat,3515136,3.515136,0.00437757495949414,0.000949495293108928,3
2006,20221018_110114.mat,3515335,3.515335,0.00356102518971131,0.000949495293108928,3
2007,20221018_110114.mat,3568468,3.568468,0.0009601494894563,0.000949495293108928,3
2008,20221018_110114.mat,3580209,3.580209,0.00102697370310533,0.000949495293108928,3
2009,20221018_110114.mat,3586179,3.586179,0.0131237895124191,0.000949495293108928,3
2010,20221018_110114.mat,3586378,3.586378,0.00254952870771505,0.000949495293108928,3
2011,20221018_110114.mat,3586577,3.586577,0.000987987501943246,0.000949495293108928,3
2012,20221018_110114.mat,3609860,3.60986,0.00114032698525394,0.000949495293108928,3
2013,20221018_110114.mat,3648267,3.648267,0.000962770499644711,0.000949495293108928,3
2014,20221018_110114.mat,3649262,3.649262,0.00652814340538842,0.000949495293108928,3
2015,20221018_110114.mat,3649461,3.649461,0.00100475876448989,0.000949495293108928,3
2016,20221018_110114.mat,3662396,3.662396,0.0202052162126762,0.000949495293108928,3
2017,20221018_110114.mat,3662595,3.662595,0.0105628276355145,0.000949495293108928,3
2018,20221018_110114.mat,3662794,3.662794,0.00156796583664731,0.000949495293108928,3
2019,20221018_110114.mat,3738215,3.738215,0.000973045438238522,0.000949495293108928,3
2020,20221018_110114.mat,3828163,3.828163,0.000952411450162885,0.000949495293108928,3
2021,20221018_110114.mat,3840302,3.840302,0.00385392484814875,0.000949495293108928,3
2022,20221018_110114.mat,3840501,3.840501,0.00391720106856988,0.000949495293108928,3
2023,20221018_110114.mat,3840700,3.8407,0.00100683697849642,0.000949495293108928,3
2024,20221018_110114.mat,3845476,3.845476,0.00159933328725898,0.000949495293108928,3
2025,20221018_110114.mat,3845675,3.845675,0.00106983839135914,0.000949495293108928,3
2026,20221018_110114.mat,3855824,3.855824,0.0185129818817216,0.000949495293108928,3
2027,20221018_110114.mat,3856023,3.856023,0.00694950248068243,0.000949495293108928,3
2028,20221018_110114.mat,3856222,3.856222,0.00199437381688464,0.000949495293108928,3
2029,20221018_110114.mat,3897216,3.897216,0.00215672327571337,0.000949495293108928,3
2030,20221018_110114.mat,3897415,3.897415,0.00100114595084134,0.000949495293108928,3
2031,20221018_110114.mat,3926071,3.926071,0.0110588893559161,0.000949495293108928,3
2032,20221018_110114.mat,3926270,3.92627,0.0097399888757274,0.000949495293108928,3
2033,20221018_110114.mat,3926469,3.926469,0.00189542956931676,0.000949495293108928,3
2034,20221018_110114.mat,3976418,3.976418,0.0143051476243608,0.000949495293108928,3
2035,20221018_110114.mat,3976617,3.976617,0.00315622307482799,0.000949495293108928,3
2036,20221018_110114.mat,3976816,3.976816,0.00104906515923209,0.000949495293108928,3
2037,20221018_110114.mat,3978010,3.97801,0.00102334601041854,0.000949495293108928,3
2038,20221018_110114.mat,3978209,3.978209,0.00139198233559622,0.000949495293108928,3
2039,20221018_110114.mat,3989950,3.98995,0.00461909477759604,0.000949495293108928,3
2040,20221018_110114.mat,3990149,3.990149,0.0016989399309495,0.000949495293108928,3
2041,20221018_110114.mat,4035919,4.035919,0.000980520046209292,0.000949495293108928,3
2042,20221018_110114.mat,4098803,4.098803,0.00342017889699878,0.000949495293108928,3
2043,20221018_110114.mat,4099002,4.099002,0.00350863787663816,0.000949495293108928,3
2044,20221018_110114.mat,4105967,4.105967,0.00624415118138628,0.000949495293108928,3
2045,20221018_110114.mat,4106166,4.106166,0.0110420782075044,0.000949495293108928,3
2046,20221018_110114.mat,4106365,4.106365,0.00156262092321207,0.000949495293108928,3
2047,20221018_110114.mat,4106564,4.106564,0.000968718770393413,0.000949495293108928,3
2048,20221018_110114.mat,4118703,4.118703,0.00227474401303437,0.000949495293108928,3
2049,20221018_110114.mat,4162881,4.162881,0.00709820999438483,0.000949495293108928,3
2050,20221018_110114.mat,4163080,4.16308,0.00198070245103388,0.000949495293108928,3
2051,20221018_110114.mat,4233725,4.233725,0.00386830365802721,0.000949495293108928,3
2052,20221018_110114.mat,4233924,4.233924,0.00204490392848497,0.000949495293108928,3
2053,20221018_110114.mat,4239894,4.239894,0.00411911377076888,0.000949495293108928,3
2054,20221018_110114.mat,4240093,4.240093,0.00121328181784951,0.000949495293108928,3
2055,20221018_110114.mat,4240292,4.240292,0.00348428891354539,0.000949495293108928,3
2056,20221018_110114.mat,4240491,4.240491,0.00583232268912588,0.000949495293108928,3
2057,20221018_110114.mat,4242680,4.24268,0.00472857380398711,0.000949495293108928,3
2058,20221018_110114.mat,4242879,4.242879,0.0100932189351189,0.000949495293108928,3
2059,20221018_110114.mat,4243078,4.243078,0.00175203389029876,0.000949495293108928,3
2060,20221018_110114.mat,4283873,4.283873,0.00126600618874636,0.000949495293108928,3
2061,20221018_110114.mat,4284072,4.284072,0.00123584556028297,0.000949495293108928,3
2062,20221018_110114.mat,4294022,4.294022,0.00244691050875287,0.000949495293108928,3
2063,20221018_110114.mat,4294221,4.294221,0.00409043004267742,0.000949495293108928,3
2064,20221018_110114.mat,4302778,4.302778,0.00129823025110307,0.000949495293108928,3
2065,20221018_110114.mat,4302977,4.302977,0.00135964064253424,0.000949495293108928,3
2066,20221018_110114.mat,4307355,4.307355,0.00280616922245635,0.000949495293108928,3
2067,20221018_110114.mat,4319693,4.319693,0.00876643069109538,0.000949495293108928,3
2068,20221018_110114.mat,4319892,4.319892,0.0124107526666831,0.000949495293108928,3
2069,20221018_110114.mat,4320091,4.320091,0.00148681900844163,0.000949495293108928,3
2070,20221018_110114.mat,4325464,4.325464,0.0139339712053802,0.000949495293108928,3
2071,20221018_110114.mat,4325663,4.325663,0.00333355100086243,0.000949495293108928,3
2072,20221018_110114.mat,4325862,4.325862,0.00106145473598815,0.000949495293108928,3
2073,20221018_110114.mat,4333623,4.333623,0.0011661966734143,0.000949495293108928,3
2074,20221018_110114.mat,4351931,4.351931,0.00139496109718233,0.000949495293108928,3
2075,20221018_110114.mat,4353125,4.353125,0.0102642968801573,0.000949495293108928,3
2076,20221018_110114.mat,4353324,4.353324,0.0020056664243132,0.000949495293108928,3
2077,20221018_110114.mat,4416407,4.416407,0.074706932341761,0.000949495293108928,3
2078,20221018_110114.mat,4416606,4.416606,0.0165262047950592,0.000949495293108928,3
2079,20221018_110114.mat,4416805,4.416805,0.00386587128881552,0.000949495293108928,3
2080,20221018_110114.mat,4417004,4.417004,0.00132777625564082,0.000949495293108928,3
2081,20221018_110114.mat,4420387,4.420387,0.00519022135383921,0.000949495293108928,3
2082,20221018_110114.mat,4420586,4.420586,0.00433857129370865,0.000949495293108928,3
2083,20221018_110114.mat,4420785,4.420785,0.00109883878917157,0.000949495293108928,3
2084,20221018_110114.mat,4447451,4.447451,0.00189266778032495,0.000949495293108928,3
2085,20221018_110114.mat,4462177,4.462177,0.00691983488915923,0.000949495293108928,3
2086,20221018_110114.mat,4462376,4.462376,0.0160109954322234,0.000949495293108928,3
2087,20221018_110114.mat,4462575,4.462575,0.00290817038760628,0.000949495293108928,3
2088,20221018_110114.mat,4462774,4.462774,0.000975740542631235,0.000949495293108928,3
2089,20221018_110114.mat,4467550,4.46755,0.0207795022497984,0.000949495293108928,3
2090,20221018_110114.mat,4467749,4.467749,0.00497975627995607,0.000949495293108928,3
2091,20221018_110114.mat,4467948,4.467948,0.00142315487770648,0.000949495293108928,3
2092,20221018_110114.mat,4476505,4.476505,0.00105655429799592,0.000949495293108928,3
2093,20221018_110114.mat,4476704,4.476704,0.014627410768068,0.000949495293108928,3
2094,20221018_110114.mat,4476903,4.476903,0.00282698874524142,0.000949495293108928,3
2095,20221018_110114.mat,4477102,4.477102,0.0011153426190984,0.000949495293108928,3
2096,20221018_110114.mat,4519489,4.519489,0.00116625034724951,0.000949495293108928,3
2097,20221018_110114.mat,4519688,4.519688,0.00287397070882119,0.000949495293108928,3
2098,20221018_110114.mat,4528842,4.528842,0.00400699154529668,0.000949495293108928,3
2099,20221018_110114.mat,4529041,4.529041,0.00190150812385983,0.000949495293108928,3
2100,20221018_110114.mat,4543767,4.543767,0.00153014902213688,0.000949495293108928,3
2101,20221018_110114.mat,4543966,4.543966,0.00142024570843497,0.000949495293108928,3
2102,20221018_110114.mat,4570831,4.570831,0.00619436969396832,0.000949495293108928,3
2103,20221018_110114.mat,4571030,4.57103,0.0017267821310908,0.000949495293108928,3
2104,20221018_110114.mat,4574015,4.574015,0.0165575287732746,0.000949495293108928,3
2105,20221018_110114.mat,4574214,4.574214,0.00396579391057259,0.000949495293108928,3
2106,20221018_110114.mat,4574413,4.574413,0.00121113995918044,0.000949495293108928,3
2107,20221018_110114.mat,4582174,4.582174,0.0127438842065429,0.000949495293108928,3
2108,20221018_110114.mat,4582373,4.582373,0.00493341458765988,0.000949495293108928,3
2109,20221018_110114.mat,4582572,4.582572,0.00125650918641415,0.000949495293108928,3
2110,20221018_110114.mat,4591129,4.591129,0.00336044019739833,0.000949495293108928,3
2111,20221018_110114.mat,4591328,4.591328,0.00140390631447152,0.000949495293108928,3
2112,20221018_110114.mat,4601278,4.601278,0.00147659599734718,0.000949495293108928,3
2113,20221018_110114.mat,4604462,4.604462,0.017116290566665,0.000949495293108928,3
2114,20221018_110114.mat,4604661,4.604661,0.00503844126555869,0.000949495293108928,3
2115,20221018_110114.mat,4604860,4.60486,0.00110967548329399,0.000949495293108928,3
2116,20221018_110114.mat,4612422,4.612422,0.0359550759973388,0.000949495293108928,3
2117,20221018_110114.mat,4612621,4.612621,0.0135753811819528,0.000949495293108928,3
2118,20221018_110114.mat,4612820,4.61282,0.00195843442835934,0.000949495293108928,3
2119,20221018_110114.mat,4614014,4.614014,0.0138123685611217,0.000949495293108928,3
2120,20221018_110114.mat,4614213,4.614213,0.00720522230680357,0.000949495293108928,3
2121,20221018_110114.mat,4614412,4.614412,0.000962288765466937,0.000949495293108928,3
2122,20221018_110114.mat,4619984,4.619984,0.00118580795941326,0.000949495293108928,3
2123,20221018_110114.mat,4638889,4.638889,0.000966549820010337,0.000949495293108928,3
2124,20221018_110114.mat,4639088,4.639088,0.00178485508899675,0.000949495293108928,3
2125,20221018_110114.mat,4665356,4.665356,0.0108127347849702,0.000949495293108928,3
2126,20221018_110114.mat,4665555,4.665555,0.00254603503175213,0.000949495293108928,3
2127,20221018_110114.mat,4682072,4.682072,0.0012422168176932,0.000949495293108928,3
2128,20221018_110114.mat,4697395,4.697395,0.0141144319062493,0.000949495293108928,3
2129,20221018_110114.mat,4697594,4.697594,0.00569096056832069,0.000949495293108928,3
2130,20221018_110114.mat,4697793,4.697793,0.00171582649153244,0.000949495293108928,3
2131,20221018_110114.mat,4712121,4.712121,0.00413900971406655,0.000949495293108928,3
2132,20221018_110114.mat,4712320,4.71232,0.0160255586463976,0.000949495293108928,3
2133,20221018_110114.mat,4712519,4.712519,0.00267312781058737,0.000949495293108928,3
2134,20221018_110114.mat,4716698,4.716698,0.00347236530839691,0.000949495293108928,3
2135,20221018_110114.mat,4716897,4.716897,0.0282960583093478,0.000949495293108928,3
2136,20221018_110114.mat,4717096,4.717096,0.00626448682474251,0.000949495293108928,3
2137,20221018_110114.mat,4717295,4.717295,0.00181967084716458,0.000949495293108928,3
2138,20221018_110114.mat,4724061,4.724061,0.00445704106129189,0.000949495293108928,3
2139,20221018_110114.mat,4724260,4.72426,0.00265603530041811,0.000949495293108928,3
2140,20221018_110114.mat,4726051,4.726051,0.000953472565529692,0.000949495293108928,3
2141,20221018_110114.mat,4729434,4.729434,0.0161863198310711,0.000949495293108928,3
2142,20221018_110114.mat,4729633,4.729633,0.00337288912329417,0.000949495293108928,3
2143,20221018_110114.mat,4729832,4.729832,0.0011106111876447,0.000949495293108928,3
2144,20221018_110114.mat,4732419,4.732419,0.0417069744665107,0.000949495293108928,3
2145,20221018_110114.mat,4732618,4.732618,0.0207125296415994,0.000949495293108928,3
2146,20221018_110114.mat,4732817,4.732817,0.00374504978349054,0.000949495293108928,3
2147,20221018_110114.mat,4733016,4.733016,0.00115089658957354,0.000949495293108928,3
2148,20221018_110114.mat,4736996,4.736996,0.0058224425069412,0.000949495293108928,3
2149,20221018_110114.mat,4737195,4.737195,0.00332571878298032,0.000949495293108928,3
2150,20221018_110114.mat,4740180,4.74018,0.0161172706118385,0.000949495293108928,3
2151,20221018_110114.mat,4740379,4.740379,0.00923863246929925,0.000949495293108928,3
2152,20221018_110114.mat,4740578,4.740578,0.00152506468164049,0.000949495293108928,3
2153,20221018_110114.mat,4740777,4.740777,0.0224440548978412,0.000949495293108928,3
2154,20221018_110114.mat,4740976,4.740976,0.0196203462606595,0.000949495293108928,3
2155,20221018_110114.mat,4741175,4.741175,0.00271218038820181,0.000949495293108928,3
2156,20221018_110114.mat,4741374,4.741374,0.00107857405540914,0.000949495293108928,3
2157,20221018_110114.mat,4750926,4.750926,0.0196543616748152,0.000949495293108928,3
2158,20221018_110114.mat,4751125,4.751125,0.004645734939934,0.000949495293108928,3
2159,20221018_110114.mat,4751324,4.751324,0.00131222954552782,0.000949495293108928,3
2160,20221018_110114.mat,4752518,4.752518,0.00989653873678293,0.000949495293108928,3
2161,20221018_110114.mat,4752717,4.752717,0.00284342386161976,0.000949495293108928,3
2162,20221018_110114.mat,4752916,4.752916,0.00102486385841199,0.000949495293108928,3
2163,20221018_110114.mat,4753513,4.753513,0.0010314253318744,0.000949495293108928,3
2164,20221018_110114.mat,4753712,4.753712,0.00156029831252351,0.000949495293108928,3
2165,20221018_110114.mat,4790527,4.790527,0.00817775533460611,0.000949495293108928,3
2166,20221018_110114.mat,4790726,4.790726,0.00185664728042084,0.000949495293108928,3
2167,20221018_110114.mat,4855003,4.855003,0.0206778766256205,0.000949495293108928,3
2168,20221018_110114.mat,4855202,4.855202,0.00541069667912602,0.000949495293108928,3
2169,20221018_110114.mat,4855401,4.855401,0.00199674096537214,0.000949495293108928,3
2170,20221018_110114.mat,4865948,4.865948,0.0202206695507255,0.000949495293108928,3
2171,20221018_110114.mat,4866147,4.866147,0.0275884457650146,0.000949495293108928,3
2172,20221018_110114.mat,4866346,4.866346,0.00328088650006234,0.000949495293108928,3
2173,20221018_110114.mat,4874903,4.874903,0.0207818918238,0.000949495293108928,3
2174,20221018_110114.mat,4875102,4.875102,0.00587155519328513,0.000949495293108928,3
2175,20221018_110114.mat,4875301,4.875301,0.00187374852342717,0.000949495293108928,3
2176,20221018_110114.mat,4876694,4.876694,0.0110703319994898,0.000949495293108928,3
2177,20221018_110114.mat,4876893,4.876893,0.0205439702297093,0.000949495293108928,3
2178,20221018_110114.mat,4877092,4.877092,0.00331216021338198,0.000949495293108928,3
2179,20221018_110114.mat,4877291,4.877291,0.000995389345926571,0.000949495293108928,3
2180,20221018_110114.mat,4880475,4.880475,0.000970352688566893,0.000949495293108928,3
2181,20221018_110114.mat,4896594,4.896594,0.00121020834167309,0.000949495293108928,3
2182,20221018_110114.mat,4926444,4.926444,0.000960630087583119,0.000949495293108928,3
2183,20221018_110114.mat,4957687,4.957687,0.00437015953298527,0.000949495293108928,3
2184,20221018_110114.mat,4957886,4.957886,0.00112231587667292,0.000949495293108928,3
2185,20221018_110114.mat,4958682,4.958682,0.0108981136402702,0.000949495293108928,3
2186,20221018_110114.mat,4958881,4.958881,0.00758197073584248,0.000949495293108928,3
2187,20221018_110114.mat,4959080,4.95908,0.00155792320816835,0.000949495293108928,3
2188,20221018_110114.mat,4974204,4.974204,0.00159640088648597,0.000949495293108928,3
2189,20221018_110119.mat,117211,0.117211,0.00465259975609891,0.000953392011620193,3
2190,20221018_110119.mat,117410,0.11741,0.00461632543640145,0.000953392011620193,3
2191,20221018_110119.mat,220691,0.220691,0.00109197234312204,0.000953392011620193,3
2192,20221018_110119.mat,222084,0.222084,0.000974640494139544,0.000953392011620193,3
2193,20221018_110119.mat,254521,0.254521,0.00108564992061828,0.000953392011620193,3
2194,20221018_110119.mat,318400,0.3184,0.00341598704429462,0.000953392011620193,3
2195,20221018_110119.mat,318599,0.318599,0.00144131262870405,0.000953392011620193,3
2196,20221018_110119.mat,321385,0.321385,0.00127453492991811,0.000953392011620193,3
2197,20221018_110119.mat,358399,0.358399,0.00160766085272228,0.000953392011620193,3
2198,20221018_110119.mat,380886,0.380886,0.00840056991645188,0.000953392011620193,3
2199,20221018_110119.mat,381085,0.381085,0.0098488370152059,0.000953392011620193,3
2200,20221018_110119.mat,381284,0.381284,0.00200898945685811,0.000953392011620193,3
2201,20221018_110119.mat,381682,0.381682,0.00101327890079925,0.000953392011620193,3
2202,20221018_110119.mat,539290,0.53929,0.00154008672522394,0.000953392011620193,3
2203,20221018_110119.mat,539489,0.539489,0.0014597190655097,0.000953392011620193,3
2204,20221018_110119.mat,554016,0.554016,0.00100361558886226,0.000953392011620193,3
2205,20221018_110119.mat,607348,0.607348,0.00167493980146745,0.000953392011620193,3
2206,20221018_110119.mat,607547,0.607547,0.00408873151690303,0.000953392011620193,3
2207,20221018_110119.mat,614910,0.61491,0.00119513453792038,0.000953392011620193,3
2208,20221018_110119.mat,648342,0.648342,0.0021429087602651,0.000953392011620193,3
2209,20221018_110119.mat,648541,0.648541,0.00338149917667506,0.000953392011620193,3
2210,20221018_110119.mat,723763,0.723763,0.00114127333872729,0.000953392011620193,3
2211,20221018_110119.mat,723962,0.723962,0.00106582966392727,0.000953392011620193,3
2212,20221018_110119.mat,729136,0.729136,0.00160015183244309,0.000953392011620193,3
2213,20221018_110119.mat,729335,0.729335,0.00103043934351221,0.000953392011620193,3
2214,20221018_110119.mat,730529,0.730529,0.00129164465158898,0.000953392011620193,3
2215,20221018_110119.mat,940474,0.940474,0.0384211206202352,0.000953392011620193,3
2216,20221018_110119.mat,940673,0.940673,0.015945710912207,0.000953392011620193,3
2217,20221018_110119.mat,940872,0.940872,0.00181609072314119,0.000953392011620193,3
2218,20221018_110119.mat,946842,0.946842,0.00127619195029573,0.000953392011620193,3
2219,20221018_110119.mat,947041,0.947041,0.00168527898019824,0.000953392011620193,3
2220,20221018_110119.mat,972911,0.972911,0.00458847819067781,0.000953392011620193,3
2221,20221018_110119.mat,1010721,1.010721,0.000959625822085639,0.000953392011620193,3
2222,20221018_110119.mat,1049327,1.049327,0.0163910119665745,0.000953392011620193,3
2223,20221018_110119.mat,1049526,1.049526,0.00424909876224424,0.000953392011620193,3
2224,20221018_110119.mat,1049725,1.049725,0.00101503396760647,0.000953392011620193,3
2225,20221018_110119.mat,1097883,1.097883,0.00140695706339233,0.000953392011620193,3
2226,20221018_110119.mat,1123753,1.123753,0.000988602185028879,0.000953392011620193,3
2227,20221018_110119.mat,1123952,1.123952,0.00148798562702216,0.000953392011620193,3
2228,20221018_110119.mat,1269819,1.269819,0.0220110984754801,0.000953392011620193,3
2229,20221018_110119.mat,1270018,1.270018,0.0235084460101785,0.000953392011620193,3
2230,20221018_110119.mat,1270217,1.270217,0.00168754538577365,0.000953392011620193,3
2231,20221018_110119.mat,1270416,1.270416,0.00104669916441618,0.000953392011620193,3
2232,20221018_110119.mat,1420064,1.420064,0.00095991652040001,0.000953392011620193,3
2233,20221018_110119.mat,1422651,1.422651,0.00110096293951693,0.000953392011620193,3
2234,20221018_110119.mat,1424840,1.42484,0.0291703783650321,0.000953392011620193,3
2235,20221018_110119.mat,1425039,1.425039,0.00960590546070925,0.000953392011620193,3
2236,20221018_110119.mat,1425238,1.425238,0.00195433318756068,0.000953392011620193,3
2237,20221018_110119.mat,1431009,1.431009,0.0167014024827769,0.000953392011620193,3
2238,20221018_110119.mat,1431208,1.431208,0.00432634473617803,0.000953392011620193,3
2239,20221018_110119.mat,1431407,1.431407,0.00115823322968325,0.000953392011620193,3
2240,20221018_110119.mat,1519962,1.519962,0.000976140668414999,0.000953392011620193,3
2241,20221018_110119.mat,1643541,1.643541,0.00282240159400177,0.000953392011620193,3
2242,20221018_110119.mat,1702445,1.702445,0.00105116348412631,0.000953392011620193,3
2243,20221018_110119.mat,1883535,1.883535,0.00105294021290201,0.000953392011620193,3
2244,20221018_110119.mat,1916967,1.916967,0.00183442851830382,0.000953392011620193,3
2245,20221018_110119.mat,1917166,1.917166,0.0021478203873323,0.000953392011620193,3
2246,20221018_110119.mat,1919753,1.919753,0.00106909788075134,0.000953392011620193,3
2247,20221018_110119.mat,1919952,1.919952,0.00134035252370185,0.000953392011620193,3
2248,20221018_110119.mat,1959354,1.959354,0.00096097966045896,0.000953392011620193,3
2249,20221018_110119.mat,1960946,1.960946,0.0011649221464989,0.000953392011620193,3
2250,20221018_110119.mat,1983632,1.983632,0.00201152915617992,0.000953392011620193,3
2251,20221018_110119.mat,1983831,1.983831,0.00232553504601097,0.000953392011620193,3
2252,20221018_110119.mat,1994776,1.994776,0.00484797269647679,0.000953392011620193,3
2253,20221018_110119.mat,1994975,1.994975,0.00133205317579542,0.000953392011620193,3
2254,20221018_110119.mat,2000945,2.000945,0.00111909897489382,0.000953392011620193,3
2255,20221018_110119.mat,2001343,2.001343,0.00167347253662429,0.000953392011620193,3
2256,20221018_110119.mat,2002935,2.002935,0.00177333000722488,0.000953392011620193,3
2257,20221018_110119.mat,2003930,2.00393,0.112943066699875,0.000953392011620193,3
2258,20221018_110119.mat,2004129,2.004129,0.0314316151859912,0.000953392011620193,3
2259,20221018_110119.mat,2004328,2.004328,0.00582200060249664,0.000953392011620193,3
2260,20221018_110119.mat,2004527,2.004527,0.00182704066528614,0.000953392011620193,3
2261,20221018_110119.mat,2004726,2.004726,0.00164559481732008,0.000953392011620193,3
2262,20221018_110119.mat,2010099,2.010099,0.00274790274701978,0.000953392011620193,3
2263,20221018_110119.mat,2012288,2.012288,0.0820625805646591,0.000953392011620193,3
2264,20221018_110119.mat,2012487,2.012487,0.029658713476381,0.000953392011620193,3
2265,20221018_110119.mat,2012686,2.012686,0.0240502425141894,0.000953392011620193,3
2266,20221018_110119.mat,2012885,2.012885,0.0182033644460199,0.000953392011620193,3
2267,20221018_110119.mat,2013084,2.013084,0.0122101032750786,0.000953392011620193,3
2268,20221018_110119.mat,2013283,2.013283,0.00325941779906428,0.000953392011620193,3
2269,20221018_110119.mat,2013482,2.013482,0.0191662272546222,0.000953392011620193,3
2270,20221018_110119.mat,2013681,2.013681,0.00156787691488957,0.000953392011620193,3
2271,20221018_110119.mat,2014875,2.014875,0.00112373373325613,0.000953392011620193,3
2272,20221018_110119.mat,2016069,2.016069,0.00214048976548054,0.000953392011620193,3
2273,20221018_110119.mat,2016268,2.016268,0.00389244042451461,0.000953392011620193,3
2274,20221018_110119.mat,2016467,2.016467,0.0790028210425855,0.000953392011620193,3
2275,20221018_110119.mat,2016666,2.016666,0.022460241193879,0.000953392011620193,3
2276,20221018_110119.mat,2016865,2.016865,0.0128539460905432,0.000953392011620193,3
2277,20221018_110119.mat,2017064,2.017064,0.00469499068870582,0.000953392011620193,3
2278,20221018_110119.mat,2017263,2.017263,0.00136920286157136,0.000953392011620193,3
2279,20221018_110119.mat,2019054,2.019054,0.0701499175782114,0.000953392011620193,3
2280,20221018_110119.mat,2019253,2.019253,0.019336002428756,0.000953392011620193,3
2281,20221018_110119.mat,2019452,2.019452,0.0038320613613468,0.000953392011620193,3
2282,20221018_110119.mat,2019651,2.019651,0.00118908259433729,0.000953392011620193,3
2283,20221018_110119.mat,2046914,2.046914,0.0294545088576376,0.000953392011620193,3
2284,20221018_110119.mat,2047113,2.047113,0.0065005076458473,0.000953392011620193,3
2285,20221018_110119.mat,2047312,2.047312,0.00130038435316662,0.000953392011620193,3
2286,20221018_110119.mat,2069202,2.069202,0.00101011872278713,0.000953392011620193,3
2287,20221018_110119.mat,2077958,2.077958,0.00282419311337087,0.000953392011620193,3
2288,20221018_110119.mat,2078157,2.078157,0.013568127054328,0.000953392011620193,3
2289,20221018_110119.mat,2078356,2.078356,0.0011651532069515,0.000953392011620193,3
2290,20221018_110119.mat,2094873,2.094873,0.00112193358809425,0.000953392011620193,3
2291,20221018_110119.mat,2095072,2.095072,0.00168065150882081,0.000953392011620193,3
2292,20221018_110119.mat,2108803,2.108803,0.00132005582735188,0.000953392011620193,3
2293,20221018_110119.mat,2114176,2.114176,0.048554587525779,0.000953392011620193,3
2294,20221018_110119.mat,2114375,2.114375,0.00776340063578699,0.000953392011620193,3
2295,20221018_110119.mat,2114574,2.114574,0.0026711714147557,0.000953392011620193,3
2296,20221018_110119.mat,2115370,2.11537,0.00129025829271927,0.000953392011620193,3
2297,20221018_110119.mat,2123131,2.123131,0.00137183691894528,0.000953392011620193,3
2298,20221018_110119.mat,2123330,2.12333,0.00109614413287991,0.000953392011620193,3
2299,20221018_110119.mat,2130096,2.130096,0.080382056153971,0.000953392011620193,3
2300,20221018_110119.mat,2130295,2.130295,0.0114085779370499,0.000953392011620193,3
2301,20221018_110119.mat,2130494,2.130494,0.00342215615709785,0.000953392011620193,3
2302,20221018_110119.mat,2130693,2.130693,0.0011111205492283,0.000953392011620193,3
2303,20221018_110119.mat,2131688,2.131688,0.0305506929618158,0.000953392011620193,3
2304,20221018_110119.mat,2131887,2.131887,0.011750370525113,0.000953392011620193,3
2305,20221018_110119.mat,2132086,2.132086,0.00181115287390234,0.000953392011620193,3
2306,20221018_110119.mat,2132882,2.132882,0.00233057952810294,0.000953392011620193,3
2307,20221018_110119.mat,2133081,2.133081,0.00114725771364808,0.000953392011620193,3
2308,20221018_110119.mat,2136066,2.136066,0.00171126165716754,0.000953392011620193,3
2309,20221018_110119.mat,2136265,2.136265,0.00211944838362334,0.000953392011620193,3
2310,20221018_110119.mat,2138852,2.138852,0.00330649274549275,0.000953392011620193,3
2311,20221018_110119.mat,2139051,2.139051,0.00265036052762074,0.000953392011620193,3
2312,20221018_110119.mat,2140046,2.140046,0.0472828872008085,0.000953392011620193,3
2313,20221018_110119.mat,2140245,2.140245,0.0123563896765257,0.000953392011620193,3
2314,20221018_110119.mat,2140444,2.140444,0.00304509360395492,0.000953392011620193,3
2315,20221018_110119.mat,2140643,2.140643,0.00121351610645935,0.000953392011620193,3
2316,20221018_110119.mat,2145817,2.145817,0.00572804959538772,0.000953392011620193,3
2317,20221018_110119.mat,2146016,2.146016,0.0107587521518828,0.000953392011620193,3
2318,20221018_110119.mat,2146215,2.146215,0.00122449351394479,0.000953392011620193,3
2319,20221018_110119.mat,2151389,2.151389,0.00103545081588312,0.000953392011620193,3
2320,20221018_110119.mat,2169896,2.169896,0.0087143732125076,0.000953392011620193,3
2321,20221018_110119.mat,2170095,2.170095,0.00949779104849058,0.000953392011620193,3
2322,20221018_110119.mat,2170294,2.170294,0.00103192061028816,0.000953392011620193,3
2323,20221018_110119.mat,2227208,2.227208,0.00378312206510972,0.000953392011620193,3
2324,20221018_110119.mat,2227407,2.227407,0.00142330524426822,0.000953392011620193,3
2325,20221018_110119.mat,2239745,2.239745,0.00137069250910379,0.000953392011620193,3
2326,20221018_110119.mat,2239944,2.239944,0.00255328123203408,0.000953392011620193,3
2327,20221018_110119.mat,2252282,2.252282,0.00543359182084451,0.000953392011620193,3
2328,20221018_110119.mat,2252481,2.252481,0.068047608684848,0.000953392011620193,3
2329,20221018_110119.mat,2252680,2.25268,0.00922039981660618,0.000953392011620193,3
2330,20221018_110119.mat,2252879,2.252879,0.00495369080573345,0.000953392011620193,3
2331,20221018_110119.mat,2253078,2.253078,0.00111135656460262,0.000953392011620193,3
2332,20221018_110119.mat,2268003,2.268003,0.00216742321732004,0.000953392011620193,3
2333,20221018_110119.mat,2268202,2.268202,0.138578749887677,0.000953392011620193,3
2334,20221018_110119.mat,2268401,2.268401,0.010384138433912,0.000953392011620193,3
2335,20221018_110119.mat,2268600,2.2686,0.00335268548915338,0.000953392011620193,3
2336,20221018_110119.mat,2268799,2.268799,0.00101074820906586,0.000953392011620193,3
2337,20221018_110119.mat,2272978,2.272978,0.00144940599578647,0.000953392011620193,3
2338,20221018_110119.mat,2277953,2.277953,0.026209422176158,0.000953392011620193,3
2339,20221018_110119.mat,2278152,2.278152,0.0255480324131991,0.000953392011620193,3
2340,20221018_110119.mat,2278351,2.278351,0.00320747975440919,0.000953392011620193,3
2341,20221018_110119.mat,2278550,2.27855,0.343410225137816,0.000953392011620193,3
2342,20221018_110119.mat,2278749,2.278749,0.0710849468890319,0.000953392011620193,3
2343,20221018_110119.mat,2278948,2.278948,0.0154407403443476,0.000953392011620193,3
2344,20221018_110119.mat,2279147,2.279147,0.0160569900813968,0.000953392011620193,3
2345,20221018_110119.mat,2279346,2.279346,0.00134806080173778,0.000953392011620193,3
2346,20221018_110119.mat,2279545,2.279545,0.00732434193115333,0.000953392011620193,3
2347,20221018_110119.mat,2279744,2.279744,0.00321916632154783,0.000953392011620193,3
2348,20221018_110119.mat,2281336,2.281336,0.00134063975827518,0.000953392011620193,3
2349,20221018_110119.mat,2290092,2.290092,0.00319742875156037,0.000953392011620193,3
2350,20221018_110119.mat,2290291,2.290291,0.00197093962021406,0.000953392011620193,3
2351,20221018_110119.mat,2291087,2.291087,0.00178340229997992,0.000953392011620193,3
2352,20221018_110119.mat,2291286,2.291286,0.00117623451258606,0.000953392011620193,3
2353,20221018_110119.mat,2338250,2.33825,0.001036741957608,0.000953392011620193,3
2354,20221018_110119.mat,2338648,2.338648,0.000960584762715042,0.000953392011620193,3
2355,20221018_110119.mat,2340837,2.340837,0.00475364850265702,0.000953392011620193,3
2356,20221018_110119.mat,2341036,2.341036,0.011705363162596,0.000953392011620193,3
2357,20221018_110119.mat,2341235,2.341235,0.00126354517037593,0.000953392011620193,3
2358,20221018_110119.mat,2344419,2.344419,0.102761404029635,0.000953392011620193,3
2359,20221018_110119.mat,2344618,2.344618,0.0254352193201926,0.000953392011620193,3
2360,20221018_110119.mat,2344817,2.344817,0.011589830811576,0.000953392011620193,3
2361,20221018_110119.mat,2345016,2.345016,0.0029945481957122,0.000953392011620193,3
2362,20221018_110119.mat,2350190,2.35019,0.00230723967517698,0.000953392011620193,3
2363,20221018_110119.mat,2351981,2.351981,0.00137978179497794,0.000953392011620193,3
2364,20221018_110119.mat,2370488,2.370488,0.00232457331760061,0.000953392011620193,3
2365,20221018_110119.mat,2370687,2.370687,0.00226647018706064,0.000953392011620193,3
2366,20221018_110119.mat,2386209,2.386209,0.00215833797208104,0.000953392011620193,3
2367,20221018_110119.mat,2388199,2.388199,0.00114102277648986,0.000953392011620193,3
2368,20221018_110119.mat,2388398,2.388398,0.00102429415199739,0.000953392011620193,3
2369,20221018_110119.mat,2396159,2.396159,0.0149318722447811,0.000953392011620193,3
2370,20221018_110119.mat,2396358,2.396358,0.00611726675336304,0.000953392011620193,3
2371,20221018_110119.mat,2396557,2.396557,0.00114598521676623,0.000953392011620193,3
2372,20221018_110119.mat,2397950,2.39795,0.0202188953379282,0.000953392011620193,3
2373,20221018_110119.mat,2398149,2.398149,0.00381261809575051,0.000953392011620193,3
2374,20221018_110119.mat,2398348,2.398348,0.00125492241037016,0.000953392011620193,3
2375,20221018_110119.mat,2398547,2.398547,0.00106928704802372,0.000953392011620193,3
2376,20221018_110119.mat,2403920,2.40392,0.00503976092931253,0.000953392011620193,3
2377,20221018_110119.mat,2404119,2.404119,0.00143998611093574,0.000953392011620193,3
2378,20221018_110119.mat,2404318,2.404318,0.0035292580598072,0.000953392011620193,3
2379,20221018_110119.mat,2404517,2.404517,0.00222580876502338,0.000953392011620193,3
2380,20221018_110119.mat,2406308,2.406308,0.00785898064928188,0.000953392011620193,3
2381,20221018_110119.mat,2406507,2.406507,0.0254486937627166,0.000953392011620193,3
2382,20221018_110119.mat,2406706,2.406706,0.00264440121859618,0.000953392011620193,3
2383,20221018_110119.mat,2406905,2.406905,0.00122201785729447,0.000953392011620193,3
2384,20221018_110119.mat,2415661,2.415661,0.0154352124178657,0.000953392011620193,3
2385,20221018_110119.mat,2415860,2.41586,0.00239930348932653,0.000953392011620193,3
2386,20221018_110119.mat,2416059,2.416059,0.00105892844056881,0.000953392011620193,3
2387,20221018_110119.mat,2423820,2.42382,0.00139430785414361,0.000953392011620193,3
2388,20221018_110119.mat,2424019,2.424019,0.00210507095175511,0.000953392011620193,3
2389,20221018_110119.mat,2424218,2.424218,0.00101378263037223,0.000953392011620193,3
2390,20221018_110119.mat,2439541,2.439541,0.00158574238859569,0.000953392011620193,3
2391,20221018_110119.mat,2446506,2.446506,0.00110026208221597,0.000953392011620193,3
2392,20221018_110119.mat,2448496,2.448496,0.001021562701475,0.000953392011620193,3
2393,20221018_110119.mat,2455461,2.455461,0.00110894653819813,0.000953392011620193,3
2394,20221018_110119.mat,2457252,2.457252,0.00121874423642791,0.000953392011620193,3
2395,20221018_110119.mat,2458048,2.458048,0.00191777292859321,0.000953392011620193,3
2396,20221018_110119.mat,2460635,2.460635,0.00300624864890441,0.000953392011620193,3
2397,20221018_110119.mat,2460834,2.460834,0.0117907461373963,0.000953392011620193,3
2398,20221018_110119.mat,2461033,2.461033,0.0119506122461032,0.000953392011620193,3
2399,20221018_110119.mat,2461232,2.461232,0.00171597808785163,0.000953392011620193,3
2400,20221018_110119.mat,2461630,2.46163,0.00098395754450327,0.000953392011620193,3
2401,20221018_110119.mat,2462227,2.462227,0.00161283773528559,0.000953392011620193,3
2402,20221018_110119.mat,2463620,2.46362,0.175012224484757,0.000953392011620193,3
2403,20221018_110119.mat,2463819,2.463819,0.142653201307142,0.000953392011620193,3
2404,20221018_110119.mat,2464018,2.464018,0.0231784831839557,0.000953392011620193,3
2405,20221018_110119.mat,2464217,2.464217,0.00678278116302625,0.000953392011620193,3
2406,20221018_110119.mat,2464416,2.464416,0.00247069041313673,0.000953392011620193,3
2407,20221018_110119.mat,2476157,2.476157,0.00138004462038469,0.000953392011620193,3
2408,20221018_110119.mat,2487898,2.487898,0.0010660233356688,0.000953392011620193,3
2409,20221018_110119.mat,2488097,2.488097,0.00134732797841271,0.000953392011620193,3
2410,20221018_110119.mat,2499042,2.499042,0.00128031694980115,0.000953392011620193,3
2411,20221018_110119.mat,2499241,2.499241,0.00109843489753149,0.000953392011620193,3
2412,20221018_110119.mat,2501430,2.50143,0.00126390499221064,0.000953392011620193,3
2413,20221018_110119.mat,2501629,2.501629,0.0013888778665694,0.000953392011620193,3
2414,20221018_110119.mat,2502624,2.502624,0.00461833140974283,0.000953392011620193,3
2415,20221018_110119.mat,2502823,2.502823,0.00149489927979995,0.000953392011620193,3
2416,20221018_110119.mat,2554961,2.554961,0.0056112648150397,0.000953392011620193,3
2417,20221018_110119.mat,2555160,2.55516,0.00142739502128062,0.000953392011620193,3
2418,20221018_110119.mat,2562921,2.562921,0.00229907420283197,0.000953392011620193,3
2419,20221018_110119.mat,2624611,2.624611,0.00137556871030507,0.000953392011620193,3
2420,20221018_110119.mat,2705206,2.705206,0.00109550129677739,0.000953392011620193,3
2421,20221018_110119.mat,2705405,2.705405,0.00136608690807287,0.000953392011620193,3
2422,20221018_110119.mat,2729285,2.729285,0.00106035807433554,0.000953392011620193,3
2423,20221018_110119.mat,2729484,2.729484,0.0011431138278279,0.000953392011620193,3
2424,20221018_110119.mat,2733066,2.733066,0.00191710437122708,0.000953392011620193,3
2425,20221018_110119.mat,2745802,2.745802,0.000993315009500201,0.000953392011620193,3
2426,20221018_110119.mat,2750976,2.750976,0.0271691254293297,0.000953392011620193,3
2427,20221018_110119.mat,2751175,2.751175,0.0226839316805571,0.000953392011620193,3
2428,20221018_110119.mat,2751374,2.751374,0.00271601765500461,0.000953392011620193,3
2429,20221018_110119.mat,2751573,2.751573,0.000971736529680011,0.000953392011620193,3
2430,20221018_110119.mat,2765702,2.765702,0.00131891516149453,0.000953392011620193,3
2431,20221018_110119.mat,2783015,2.783015,0.00644670307517391,0.000953392011620193,3
2432,20221018_110119.mat,2783214,2.783214,0.00242466153778587,0.000953392011620193,3
2433,20221018_110119.mat,2783612,2.783612,0.001268333983654,0.000953392011620193,3
2434,20221018_110119.mat,2783811,2.783811,0.00195038997587669,0.000953392011620193,3
2435,20221018_110119.mat,2784010,2.78401,0.00151424555353287,0.000953392011620193,3
2436,20221018_110119.mat,2787791,2.787791,0.00567405006928763,0.000953392011620193,3
2437,20221018_110119.mat,2787990,2.78799,0.00172177812513776,0.000953392011620193,3
2438,20221018_110119.mat,2792169,2.792169,0.00151054979579379,0.000953392011620193,3
2439,20221018_110119.mat,2796348,2.796348,0.000989617599362231,0.000953392011620193,3
2440,20221018_110119.mat,2800726,2.800726,0.00212167834980751,0.000953392011620193,3
2441,20221018_110119.mat,2800925,2.800925,0.0265490840560514,0.000953392011620193,3
2442,20221018_110119.mat,2801124,2.801124,0.0052787316192878,0.000953392011620193,3
2443,20221018_110119.mat,2801323,2.801323,0.00201495471310979,0.000953392011620193,3
2444,20221018_110119.mat,2802318,2.802318,0.00096537653541507,0.000953392011620193,3
2445,20221018_110119.mat,2810079,2.810079,0.00166664518136119,0.000953392011620193,3
2446,20221018_110119.mat,2810278,2.810278,0.00600891529937099,0.000953392011620193,3
2447,20221018_110119.mat,2810477,2.810477,0.0019803774577229,0.000953392011620193,3
2448,20221018_110119.mat,2810676,2.810676,0.000979669692041036,0.000953392011620193,3
2449,20221018_110119.mat,2871172,2.871172,0.00332145399687673,0.000953392011620193,3
2450,20221018_110119.mat,2872963,2.872963,0.0237324271792073,0.000953392011620193,3
2451,20221018_110119.mat,2873162,2.873162,0.0318781823013618,0.000953392011620193,3
2452,20221018_110119.mat,2873361,2.873361,0.0023408867755843,0.000953392011620193,3
2453,20221018_110119.mat,2873958,2.873958,0.00135508302383627,0.000953392011620193,3
2454,20221018_110119.mat,2874157,2.874157,0.0216468843402841,0.000953392011620193,3
2455,20221018_110119.mat,2874356,2.874356,0.00456277335002972,0.000953392011620193,3
2456,20221018_110119.mat,2874555,2.874555,0.0206605712552083,0.000953392011620193,3
2457,20221018_110119.mat,2874754,2.874754,0.0390203892519368,0.000953392011620193,3
2458,20221018_110119.mat,2874953,2.874953,0.0038888873862971,0.000953392011620193,3
2459,20221018_110119.mat,2875152,2.875152,0.00107268783331826,0.000953392011620193,3
2460,20221018_110119.mat,2875351,2.875351,0.00164469266274261,0.000953392011620193,3
2461,20221018_110119.mat,2876147,2.876147,0.00227438718481854,0.000953392011620193,3
2462,20221018_110119.mat,2876346,2.876346,0.00185043081000902,0.000953392011620193,3
2463,20221018_110119.mat,2879928,2.879928,0.00176884301520849,0.000953392011620193,3
2464,20221018_110119.mat,2880127,2.880127,0.00798961199774454,0.000953392011620193,3
2465,20221018_110119.mat,2880326,2.880326,0.00255300696205283,0.000953392011620193,3
2466,20221018_110119.mat,2893062,2.893062,0.00162096965342406,0.000953392011620193,3
2467,20221018_110119.mat,2893261,2.893261,0.00105767365815321,0.000953392011620193,3
2468,20221018_110119.mat,3020820,3.02082,0.000955176197183698,0.000953392011620193,3
2469,20221018_110119.mat,3032959,3.032959,0.0106636042302168,0.000953392011620193,3
2470,20221018_110119.mat,3033158,3.033158,0.00676322588768571,0.000953392011620193,3
2471,20221018_110119.mat,3033357,3.033357,0.00129112508111456,0.000953392011620193,3
2472,20221018_110119.mat,3100022,3.100022,0.00104648592544335,0.000953392011620193,3
2473,20221018_110119.mat,3105992,3.105992,0.00646976016488767,0.000953392011620193,3
2474,20221018_110119.mat,3106191,3.106191,0.0163414075029031,0.000953392011620193,3
2475,20221018_110119.mat,3106390,3.10639,0.00392886893935665,0.000953392011620193,3
2476,20221018_110119.mat,3142409,3.142409,0.00433437276921885,0.000953392011620193,3
2477,20221018_110119.mat,3142608,3.142608,0.00130416120394935,0.000953392011620193,3
2478,20221018_110119.mat,3147384,3.147384,0.000954230870206363,0.000953392011620193,3
2479,20221018_110119.mat,3186587,3.186587,0.00250524270396356,0.000953392011620193,3
2480,20221018_110119.mat,3186786,3.186786,0.00102142203909275,0.000953392011620193,3
2481,20221018_110119.mat,3186985,3.186985,0.00261308587605781,0.000953392011620193,3
2482,20221018_110119.mat,3187184,3.187184,0.00110447962462986,0.000953392011620193,3
2483,20221018_110119.mat,3217233,3.217233,0.000975903438572436,0.000953392011620193,3
2484,20221018_110119.mat,3228377,3.228377,0.00165684144715751,0.000953392011620193,3
2485,20221018_110119.mat,3235143,3.235143,0.0205151208726593,0.000953392011620193,3
2486,20221018_110119.mat,3235342,3.235342,0.0320522324833368,0.000953392011620193,3
2487,20221018_110119.mat,3235541,3.235541,0.00589364937934225,0.000953392011620193,3
2488,20221018_110119.mat,3235740,3.23574,0.00176771414225297,0.000953392011620193,3
2489,20221018_110119.mat,3236138,3.236138,0.00136290243961339,0.000953392011620193,3
2490,20221018_110119.mat,3236337,3.236337,0.00108538518874061,0.000953392011620193,3
2491,20221018_110119.mat,3238526,3.238526,0.00105247907558283,0.000953392011620193,3
2492,20221018_110119.mat,3238725,3.238725,0.00201902469938425,0.000953392011620193,3
2493,20221018_110119.mat,3239919,3.239919,0.00114724677371893,0.000953392011620193,3
2494,20221018_110119.mat,3243700,3.2437,0.00137280258049605,0.000953392011620193,3
2495,20221018_110119.mat,3247481,3.247481,0.00143940282557001,0.000953392011620193,3
2496,20221018_110119.mat,3257829,3.257829,0.00118318954618439,0.000953392011620193,3
2497,20221018_110119.mat,3262804,3.262804,0.00137442436382053,0.000953392011620193,3
2498,20221018_110119.mat,3270167,3.270167,0.00109732192859326,0.000953392011620193,3
2499,20221018_110119.mat,3270366,3.270366,0.00127205357436356,0.000953392011620193,3
2500,20221018_110119.mat,3330862,3.330862,0.0033107463007821,0.000953392011620193,3
2501,20221018_110119.mat,3331061,3.331061,0.00125355332556771,0.000953392011620193,3
2502,20221018_110119.mat,3360712,3.360712,0.00101582799868536,0.000953392011620193,3
2503,20221018_110119.mat,3361508,3.361508,0.00324016963499375,0.000953392011620193,3
2504,20221018_110119.mat,3361707,3.361707,0.00644200293216902,0.000953392011620193,3
2505,20221018_110119.mat,3403497,3.403497,0.0024129169763458,0.000953392011620193,3
2506,20221018_110119.mat,3425586,3.425586,0.0434009042290913,0.000953392011620193,3
2507,20221018_110119.mat,3425785,3.425785,0.0141921909473201,0.000953392011620193,3
2508,20221018_110119.mat,3425984,3.425984,0.00251681139620483,0.000953392011620193,3
2509,20221018_110119.mat,3449466,3.449466,0.00339540414634908,0.000953392011620193,3
2510,20221018_110119.mat,3449665,3.449665,0.00326269437560673,0.000953392011620193,3
2511,20221018_110119.mat,3466182,3.466182,0.011049875448677,0.000953392011620193,3
2512,20221018_110119.mat,3466381,3.466381,0.00452994059969994,0.000953392011620193,3
2513,20221018_110119.mat,3466580,3.46658,0.00103745749822368,0.000953392011620193,3
2514,20221018_110119.mat,3467973,3.467973,0.00260601490500188,0.000953392011620193,3
2515,20221018_110119.mat,3468172,3.468172,0.00102368384697032,0.000953392011620193,3
2516,20221018_110119.mat,3553145,3.553145,0.013209745679424,0.000953392011620193,3
2517,20221018_110119.mat,3553344,3.553344,0.00272838400328295,0.000953392011620193,3
2518,20221018_110119.mat,3586378,3.586378,0.00104850739902403,0.000953392011620193,3
2519,20221018_110119.mat,3634536,3.634536,0.00528303244072728,0.000953392011620193,3
2520,20221018_110119.mat,3634735,3.634735,0.00229903718116318,0.000953392011620193,3
2521,20221018_110119.mat,3634934,3.634934,0.0694700478458382,0.000953392011620193,3
2522,20221018_110119.mat,3635133,3.635133,0.0469231809192501,0.000953392011620193,3
2523,20221018_110119.mat,3635332,3.635332,0.00829183050075528,0.000953392011620193,3
2524,20221018_110119.mat,3635531,3.635531,0.00225794046104101,0.000953392011620193,3
2525,20221018_110119.mat,3635730,3.63573,0.001443397720524,0.000953392011620193,3
2526,20221018_110119.mat,3636327,3.636327,0.00163669818563157,0.000953392011620193,3
2527,20221018_110119.mat,3636526,3.636526,0.00244468237753301,0.000953392011620193,3
2528,20221018_110119.mat,3636725,3.636725,0.00151842662504607,0.000953392011620193,3
2529,20221018_110119.mat,3637123,3.637123,0.00166360168228731,0.000953392011620193,3
2530,20221018_110119.mat,3637521,3.637521,0.00108149047365143,0.000953392011620193,3
2531,20221018_110119.mat,3638715,3.638715,0.00165524100823667,0.000953392011620193,3
2532,20221018_110119.mat,3638914,3.638914,0.00215028755864435,0.000953392011620193,3
2533,20221018_110119.mat,3643690,3.64369,0.00115801399389309,0.000953392011620193,3
2534,20221018_110119.mat,3645083,3.645083,0.00140895538829838,0.000953392011620193,3
2535,20221018_110119.mat,3645282,3.645282,0.00153385619115579,0.000953392011620193,3
2536,20221018_110119.mat,3647471,3.647471,0.000956275232355816,0.000953392011620193,3
2537,20221018_110119.mat,3647670,3.64767,0.00215974836331193,0.000953392011620193,3
2538,20221018_110119.mat,3647869,3.647869,0.00190703895970048,0.000953392011620193,3
2539,20221018_110119.mat,3677321,3.677321,0.0011031564765546,0.000953392011620193,3
2540,20221018_110119.mat,3678913,3.678913,0.00111648330683138,0.000953392011620193,3
2541,20221018_110119.mat,3690057,3.690057,0.00153176492451989,0.000953392011620193,3
2542,20221018_110119.mat,3690256,3.690256,0.00132892675724873,0.000953392011620193,3
2543,20221018_110119.mat,3699808,3.699808,0.00161384673354472,0.000953392011620193,3
2544,20221018_110119.mat,3705579,3.705579,0.00128087356723132,0.000953392011620193,3
2545,20221018_110119.mat,3714534,3.714534,0.00122559575797293,0.000953392011620193,3
2546,20221018_110119.mat,3725280,3.72528,0.00401195036930924,0.000953392011620193,3
2547,20221018_110119.mat,3742792,3.742792,0.00160819351813144,0.000953392011620193,3
2548,20221018_110119.mat,3742991,3.742991,0.00145266777931463,0.000953392011620193,3
2549,20221018_110119.mat,3782791,3.782791,0.00353646077943325,0.000953392011620193,3
2550,20221018_110119.mat,3792741,3.792741,0.00405761091767659,0.000953392011620193,3
2551,20221018_110119.mat,3792940,3.79294,0.00101317425196953,0.000953392011620193,3
2552,20221018_110119.mat,3823984,3.823984,0.00124151759703789,0.000953392011620193,3
2553,20221018_110119.mat,3900201,3.900201,0.000971200892100859,0.000953392011620193,3
2554,20221018_110119.mat,3927464,3.927464,0.00184845693795534,0.000953392011620193,3
2555,20221018_110119.mat,3927663,3.927663,0.00107174197247652,0.000953392011620193,3
2556,20221018_110119.mat,3950150,3.95015,0.00101385690900816,0.000953392011620193,3
2557,20221018_110119.mat,3984378,3.984378,0.00204511341033468,0.000953392011620193,3
2558,20221018_110119.mat,4023780,4.02378,0.00158646883803373,0.000953392011620193,3
2559,20221018_110119.mat,4027760,4.02776,0.00213535746285422,0.000953392011620193,3
2560,20221018_110119.mat,4027959,4.027959,0.00116969613544272,0.000953392011620193,3
2561,20221018_110119.mat,4069351,4.069351,0.00251743982717583,0.000953392011620193,3
2562,20221018_110119.mat,4069550,4.06955,0.00117178243299569,0.000953392011620193,3
2563,20221018_110119.mat,4075520,4.07552,0.0011352144660672,0.000953392011620193,3
2564,20221018_110119.mat,4075719,4.075719,0.00108499182571798,0.000953392011620193,3
2565,20221018_110119.mat,4111937,4.111937,0.00676043266490843,0.000953392011620193,3
2566,20221018_110119.mat,4112136,4.112136,0.00470960826808277,0.000953392011620193,3
2567,20221018_110119.mat,4112335,4.112335,0.000961922704309542,0.000953392011620193,3
2568,20221018_110119.mat,4122285,4.122285,0.00176789799934039,0.000953392011620193,3
2569,20221018_110119.mat,4122484,4.122484,0.00142162638251361,0.000953392011620193,3
2570,20221018_110119.mat,4146762,4.146762,0.00152330883610155,0.000953392011620193,3
2571,20221018_110119.mat,4175816,4.175816,0.000970844626741444,0.000953392011620193,3
2572,20221018_110119.mat,4194124,4.194124,0.00456333430152084,0.000953392011620193,3
2573,20221018_110119.mat,4194323,4.194323,0.00121930151283399,0.000953392011620193,3
2574,20221018_110119.mat,4201288,4.201288,0.00146143146009793,0.000953392011620193,3
2575,20221018_110119.mat,4214024,4.214024,0.003414849599947,0.000953392011620193,3
2576,20221018_110119.mat,4269744,4.269744,0.0616211350610066,0.000953392011620193,3
2577,20221018_110119.mat,4269943,4.269943,0.10663884907141,0.000953392011620193,3
2578,20221018_110119.mat,4270142,4.270142,0.257614271594689,0.000953392011620193,3
2579,20221018_110119.mat,4270341,4.270341,1.35539837313847,0.000953392011620193,3
2580,20221018_110119.mat,4270540,4.27054,0.717801220732605,0.000953392011620193,3
2581,20221018_110119.mat,4270739,4.270739,0.0824623061236716,0.000953392011620193,3
2582,20221018_110119.mat,4270938,4.270938,0.0247938477199291,0.000953392011620193,3
2583,20221018_110119.mat,4271137,4.271137,0.00632241742671912,0.000953392011620193,3
2584,20221018_110119.mat,4271336,4.271336,0.00220725051982276,0.000953392011620193,3
2585,20221018_110119.mat,4271535,4.271535,0.000999618620279425,0.000953392011620193,3
2586,20221018_110119.mat,4273525,4.273525,0.00120652664608968,0.000953392011620193,3
2587,20221018_110119.mat,4273724,4.273724,0.00105905622082508,0.000953392011620193,3
2588,20221018_110119.mat,4276510,4.27651,0.0151438670980444,0.000953392011620193,3
2589,20221018_110119.mat,4276709,4.276709,0.00819875834319783,0.000953392011620193,3
2590,20221018_110119.mat,4276908,4.276908,0.00132698555700548,0.000953392011620193,3
2591,20221018_110119.mat,4277306,4.277306,0.00197773852770648,0.000953392011620193,3
2592,20221018_110119.mat,4277505,4.277505,0.00690302514079088,0.000953392011620193,3
2593,20221018_110119.mat,4277704,4.277704,0.00304027298594792,0.000953392011620193,3
2594,20221018_110119.mat,4277903,4.277903,0.00891013460595583,0.000953392011620193,3
2595,20221018_110119.mat,4278102,4.278102,0.0211341235533977,0.000953392011620193,3
2596,20221018_110119.mat,4278301,4.278301,0.00257404405331869,0.000953392011620193,3
2597,20221018_110119.mat,4278500,4.2785,0.00130836859962077,0.000953392011620193,3
2598,20221018_110119.mat,4282679,4.282679,0.00304023260527519,0.000953392011620193,3
2599,20221018_110119.mat,4282878,4.282878,0.00110626526826937,0.000953392011620193,3
2600,20221018_110119.mat,4283077,4.283077,0.96110446723992,0.000953392011620193,3
2601,20221018_110119.mat,4283276,4.283276,1.31348429890164,0.000953392011620193,3
2602,20221018_110119.mat,4283475,4.283475,0.206209062421483,0.000953392011620193,3
2603,20221018_110119.mat,4283674,4.283674,0.0600786367712824,0.000953392011620193,3
2604,20221018_110119.mat,4283873,4.283873,0.0137081216542119,0.000953392011620193,3
2605,20221018_110119.mat,4284072,4.284072,0.00390244501338614,0.000953392011620193,3
2606,20221018_110119.mat,4284271,4.284271,0.00112130926801074,0.000953392011620193,3
2607,20221018_110119.mat,4285266,4.285266,0.00432601423974182,0.000953392011620193,3
2608,20221018_110119.mat,4285465,4.285465,0.00139541987081285,0.000953392011620193,3
2609,20221018_110119.mat,4285664,4.285664,0.000957438552049508,0.000953392011620193,3
2610,20221018_110119.mat,4286062,4.286062,0.000974601861103795,0.000953392011620193,3
2611,20221018_110119.mat,4286261,4.286261,0.000957592982059703,0.000953392011620193,3
2612,20221018_110119.mat,4286460,4.28646,0.00108999693547128,0.000953392011620193,3
2613,20221018_110119.mat,4293624,4.293624,0.00109867744589656,0.000953392011620193,3
2614,20221018_110119.mat,4306559,4.306559,0.00183170572985949,0.000953392011620193,3
2615,20221018_110119.mat,4306758,4.306758,0.00375041210187568,0.000953392011620193,3
2616,20221018_110119.mat,4308151,4.308151,0.00194199689008415,0.000953392011620193,3
2617,20221018_110119.mat,4319494,4.319494,0.00283890814748244,0.000953392011620193,3
2618,20221018_110119.mat,4319693,4.319693,0.00445583363133775,0.000953392011620193,3
2619,20221018_110119.mat,4322877,4.322877,0.00152413641430741,0.000953392011620193,3
2620,20221018_110119.mat,4337006,4.337006,0.00162468638763955,0.000953392011620193,3
2621,20221018_110119.mat,4337205,4.337205,0.00096090414702801,0.000953392011620193,3
2622,20221018_110119.mat,4338996,4.338996,0.00186617553913789,0.000953392011620193,3
2623,20221018_110119.mat,4339195,4.339195,0.00255004382651969,0.000953392011620193,3
2624,20221018_110119.mat,4354319,4.354319,0.00106676764948703,0.000953392011620193,3
2625,20221018_110119.mat,4380189,4.380189,0.0025293558821277,0.000953392011620193,3
2626,20221018_110119.mat,4446655,4.446655,0.00150252395337338,0.000953392011620193,3
2627,20221018_110119.mat,4461779,4.461779,0.00169644833320067,0.000953392011620193,3
2628,20221018_110119.mat,4481281,4.481281,0.00232841543157147,0.000953392011620193,3
2629,20221018_110119.mat,4483669,4.483669,0.0015541404353166,0.000953392011620193,3
2630,20221018_110119.mat,4494813,4.494813,0.00109492686181955,0.000953392011620193,3
2631,20221018_110119.mat,4502375,4.502375,0.00122846624129101,0.000953392011620193,3
2632,20221018_110119.mat,4528643,4.528643,0.00159155512400522,0.000953392011620193,3
2633,20221018_110119.mat,4565060,4.56506,0.000964527960141807,0.000953392011620193,3
2634,20221018_110119.mat,4580781,4.580781,0.000992758754617898,0.000953392011620193,3
2635,20221018_110119.mat,4613815,4.613815,0.0010281978682496,0.000953392011620193,3
2636,20221018_110119.mat,4657794,4.657794,0.00144573068656168,0.000953392011620193,3
2637,20221018_110119.mat,4657993,4.657993,0.00458864265137284,0.000953392011620193,3
2638,20221018_110119.mat,4695007,4.695007,0.00103487134672769,0.000953392011620193,3
2639,20221018_110119.mat,4709335,4.709335,0.00212670854133814,0.000953392011620193,3
2640,20221018_110119.mat,4731822,4.731822,0.00219198994903665,0.000953392011620193,3
2641,20221018_110119.mat,4732021,4.732021,0.00175891733412657,0.000953392011620193,3
2642,20221018_110119.mat,4760876,4.760876,0.00157126562293567,0.000953392011620193,3
2643,20221018_110119.mat,4761075,4.761075,0.00101191918952238,0.000953392011620193,3
2644,20221018_110119.mat,4771423,4.771423,0.00335887160875871,0.000953392011620193,3
2645,20221018_110119.mat,4775005,4.775005,0.000982489129141965,0.000953392011620193,3
2646,20221018_110119.mat,4775204,4.775204,0.00125015919227564,0.000953392011620193,3
2647,20221018_110119.mat,4776995,4.776995,0.00182308761309898,0.000953392011620193,3
2648,20221018_110119.mat,4777194,4.777194,0.001749377144511,0.000953392011620193,3
2649,20221018_110119.mat,4791323,4.791323,0.000967920629542025,0.000953392011620193,3
2650,20221018_110119.mat,4797890,4.79789,0.0020531603897094,0.000953392011620193,3
2651,20221018_110119.mat,4874704,4.874704,0.000956177470861331,0.000953392011620193,3
2652,20221018_110119.mat,4889231,4.889231,0.000996515881991702,0.000953392011620193,3
2653,20221018_110119.mat,4889430,4.88943,0.00111949775028152,0.000953392011620193,3
2654,20221018_110119.mat,4930225,4.930225,0.00112543178924884,0.000953392011620193,3
2655,20221018_110119.mat,4972413,4.972413,0.0123533337967879,0.000953392011620193,3
2656,20221018_110119.mat,4972612,4.972612,0.00326495995801789,0.000953392011620193,3
2657,20221018_110119.mat,4972811,4.972811,0.000954137283968733,0.000953392011620193,3
2658,20221018_110119.mat,4996293,4.996293,0.00135289584047125,0.000953392011620193,3
2659,20221018_110124.mat,5373,0.005373,0.00170727079019607,0.000944840954493906,3
2660,20221018_110124.mat,5572,0.005572,0.00163555075761786,0.000944840954493906,3
2661,20221018_110124.mat,11542,0.011542,0.00107376636914549,0.000944840954493906,3
2662,20221018_110124.mat,52735,0.052735,0.00105898179484807,0.000944840954493906,3
2663,20221018_110124.mat,190244,0.190244,0.00109016845662329,0.000944840954493906,3
2664,20221018_110124.mat,190642,0.190642,0.0015185566744554,0.000944840954493906,3
2665,20221018_110124.mat,274023,0.274023,0.00295525811911182,0.000944840954493906,3
2666,20221018_110124.mat,392428,0.392428,0.00101262341794207,0.000944840954493906,3
2667,20221018_110124.mat,440785,0.440785,0.00286420699304838,0.000944840954493906,3
2668,20221018_110124.mat,517798,0.517798,0.000969809086237019,0.000944840954493906,3
2669,20221018_110124.mat,614711,0.614711,0.00107333163853299,0.000944840954493906,3
2670,20221018_110124.mat,1074003,1.074003,0.00101629990443711,0.000944840954493906,3
2671,20221018_110124.mat,1074202,1.074202,0.00096490229150311,0.000944840954493906,3
2672,20221018_110124.mat,1161961,1.161961,0.00124539177070664,0.000944840954493906,3
2673,20221018_110124.mat,1178279,1.178279,0.00179795044597005,0.000944840954493906,3
2674,20221018_110124.mat,1179871,1.179871,0.00119202069138612,0.000944840954493906,3
2675,20221018_110124.mat,1286734,1.286734,0.000962730817207893,0.000944840954493906,3
2676,20221018_110124.mat,1355986,1.355986,0.162021699803133,0.000944840954493906,3
2677,20221018_110124.mat,1356185,1.356185,0.023165123488785,0.000944840954493906,3
2678,20221018_110124.mat,1356384,1.356384,0.00711174698662167,0.000944840954493906,3
2679,20221018_110124.mat,1356583,1.356583,0.00192804886258166,0.000944840954493906,3
2680,20221018_110124.mat,1446531,1.446531,0.000952894584498005,0.000944840954493906,3
2681,20221018_110124.mat,1715579,1.715579,0.00128381179138561,0.000944840954493906,3
2682,20221018_110124.mat,1753588,1.753588,0.00100752837974453,0.000944840954493906,3
2683,20221018_110124.mat,1825825,1.825825,0.000983727400744821,0.000944840954493906,3
2684,20221018_110124.mat,1975672,1.975672,0.000967957656009794,0.000944840954493906,3
2685,20221018_110124.mat,2055670,2.05567,0.000983172459940833,0.000944840954493906,3
2686,20221018_110124.mat,2125519,2.125519,0.000962982332850334,0.000944840954493906,3
2687,20221018_110124.mat,2155369,2.155369,0.000971923813811526,0.000944840954493906,3
2688,20221018_110124.mat,2175468,2.175468,0.000953160311071364,0.000944840954493906,3
2689,20221018_110124.mat,2177657,2.177657,0.0142854787124221,0.000944840954493906,3
2690,20221018_110124.mat,2177856,2.177856,0.00410166648825276,0.000944840954493906,3
2691,20221018_110124.mat,2178055,2.178055,0.00136368158547616,0.000944840954493906,3
2692,20221018_110124.mat,2194970,2.19497,0.00829595507806551,0.000944840954493906,3
2693,20221018_110124.mat,2195169,2.195169,0.00718465812996098,0.000944840954493906,3
2694,20221018_110124.mat,2195368,2.195368,0.00143274465305604,0.000944840954493906,3
2695,20221018_110124.mat,2225417,2.225417,0.00145400590798839,0.000944840954493906,3
2696,20221018_110124.mat,2328101,2.328101,0.00134046028316777,0.000944840954493906,3
2697,20221018_110124.mat,2330887,2.330887,0.0016051777504861,0.000944840954493906,3
2698,20221018_110124.mat,2331086,2.331086,0.0010591358199219,0.000944840954493906,3
2699,20221018_110124.mat,2418049,2.418049,0.00120640102529586,0.000944840954493906,3
2700,20221018_110124.mat,2418248,2.418248,0.00192081204796361,0.000944840954493906,3
2701,20221018_110124.mat,2444914,2.444914,0.00094999217489916,0.000944840954493906,3
2702,20221018_110124.mat,2504017,2.504017,0.00947107614417466,0.000944840954493906,3
2703,20221018_110124.mat,2504216,2.504216,0.0262246972952039,0.000944840954493906,3
2704,20221018_110124.mat,2504415,2.504415,0.00234800408636691,0.000944840954493906,3
2705,20221018_110124.mat,2504614,2.504614,0.00119189312772857,0.000944840954493906,3
2706,20221018_110124.mat,2584811,2.584811,0.000970493593288482,0.000944840954493906,3
2707,20221018_110124.mat,2630183,2.630183,0.00110572651489266,0.000944840954493906,3
2708,20221018_110124.mat,2742021,2.742021,0.000948303269957247,0.000944840954493906,3
2709,20221018_110124.mat,2742220,2.74222,0.000962018308633414,0.000944840954493906,3
2710,20221018_110124.mat,2746598,2.746598,0.000950702595816222,0.000944840954493906,3
2711,20221018_110124.mat,2763314,2.763314,0.00109048290401288,0.000944840954493906,3
2712,20221018_110124.mat,2763513,2.763513,0.00137266839668107,0.000944840954493906,3
2713,20221018_110124.mat,2798338,2.798338,0.00322748710610107,0.000944840954493906,3
2714,20221018_110124.mat,2798537,2.798537,0.00223987176627971,0.000944840954493906,3
2715,20221018_110124.mat,2808885,2.808885,0.00218752513131868,0.000944840954493906,3
2716,20221018_110124.mat,2809681,2.809681,0.0013721522534169,0.000944840954493906,3
2717,20221018_110124.mat,2889679,2.889679,0.00246591209008983,0.000944840954493906,3
2718,20221018_110124.mat,2889878,2.889878,0.00108360657201601,0.000944840954493906,3
2719,20221018_110124.mat,2890077,2.890077,0.00180174127716109,0.000944840954493906,3
2720,20221018_110124.mat,2890276,2.890276,0.000968927731588906,0.000944840954493906,3
2721,20221018_110124.mat,2923509,2.923509,0.0042482760306611,0.000944840954493906,3
2722,20221018_110124.mat,2923708,2.923708,0.000977654202181023,0.000944840954493906,3
2723,20221018_110124.mat,3039327,3.039327,0.00220591446554881,0.000944840954493906,3
2724,20221018_110124.mat,3144001,3.144001,0.000959353955100911,0.000944840954493906,3
2725,20221018_110124.mat,3198726,3.198726,0.000955223345465166,0.000944840954493906,3
2726,20221018_110124.mat,3219621,3.219621,0.00103520146987012,0.000944840954493906,3
2727,20221018_110124.mat,3255043,3.255043,0.000986958659306613,0.000944840954493906,3
2728,20221018_110124.mat,3486281,3.486281,0.00217777630159858,0.000944840954493906,3
2729,20221018_110124.mat,3486480,3.48648,0.000978528226097854,0.000944840954493906,3
2730,20221018_110124.mat,3492052,3.492052,0.001087094411683,0.000944840954493906,3
2731,20221018_110124.mat,3503594,3.503594,0.00100732748331943,0.000944840954493906,3
2732,20221018_110124.mat,3702196,3.702196,0.00270952159708556,0.000944840954493906,3
2733,20221018_110124.mat,3702395,3.702395,0.00483809886914175,0.000944840954493906,3
2734,20221018_110124.mat,3833138,3.833138,0.000977147329027757,0.000944840954493906,3
2735,20221018_110124.mat,3860202,3.860202,0.0014994800996574,0.000944840954493906,3
2736,20221018_110124.mat,3862988,3.862988,0.000960409271567031,0.000944840954493906,3
2737,20221018_110124.mat,3905375,3.905375,0.00101898087577099,0.000944840954493906,3
2738,20221018_110124.mat,3933036,3.933036,0.000950649101191194,0.000944840954493906,3
2739,20221018_110124.mat,3942986,3.942986,0.000945606674883156,0.000944840954493906,3
2740,20221018_110124.mat,3979403,3.979403,0.00104661427792935,0.000944840954493906,3
2741,20221018_110124.mat,4082684,4.082684,0.000983510912345348,0.000944840954493906,3
2742,20221018_110124.mat,4186363,4.186363,0.0125945574025167,0.000944840954493906,3
2743,20221018_110124.mat,4186562,4.186562,0.016847164421215,0.000944840954493906,3
2744,20221018_110124.mat,4186761,4.186761,0.00266348583243892,0.000944840954493906,3
2745,20221018_110124.mat,4186960,4.18696,0.00115318610148482,0.000944840954493906,3
2746,20221018_110124.mat,4200293,4.200293,0.00282148467648421,0.000944840954493906,3
2747,20221018_110124.mat,4200492,4.200492,0.000948647235939483,0.000944840954493906,3
2748,20221018_110124.mat,4392328,4.392328,0.000958098893425851,0.000944840954493906,3
2749,20221018_110124.mat,4402278,4.402278,0.00102595618136796,0.000944840954493906,3
2750,20221018_110124.mat,4442277,4.442277,0.000967411370640214,0.000944840954493906,3
2751,20221018_110124.mat,4447053,4.447053,0.00124308658019056,0.000944840954493906,3
2752,20221018_110124.mat,4479092,4.479092,0.00487308128952083,0.000944840954493906,3
2753,20221018_110124.mat,4502176,4.502176,0.000983493500485033,0.000944840954493906,3
2754,20221018_110124.mat,4514514,4.514514,0.00693461018232047,0.000944840954493906,3
2755,20221018_110124.mat,4514713,4.514713,0.00275864277425147,0.000944840954493906,3
2756,20221018_110124.mat,4537399,4.537399,0.00222981716064403,0.000944840954493906,3
2757,20221018_110124.mat,4537598,4.537598,0.00498839869010416,0.000944840954493906,3
2758,20221018_110124.mat,4539588,4.539588,0.00104850449968689,0.000944840954493906,3
2759,20221018_110124.mat,4557697,4.557697,0.00153407498776676,0.000944840954493906,3
2760,20221018_110124.mat,4632123,4.632123,0.000976854127197194,0.000944840954493906,3
2761,20221018_110124.mat,4862764,4.862764,0.00543494027395513,0.000944840954493906,3
2762,20221018_110124.mat,4862963,4.862963,0.00419278523145834,0.000944840954493906,3
2763,20221018_110124.mat,4943359,4.943359,0.00141805761383814,0.000944840954493906,3
2764,20221018_110129.mat,77212,0.077212,0.00116626378880331,0.000941229224797679,3
2765,20221018_110129.mat,77411,0.077411,0.00127303207403244,0.000941229224797679,3
2766,20221018_110129.mat,78406,0.078406,0.00120126915866397,0.000941229224797679,3
2767,20221018_110129.mat,78605,0.078605,0.00143554843806625,0.000941229224797679,3
2768,20221018_110129.mat,150444,0.150444,0.00146923648681202,0.000941229224797679,3
2769,20221018_110129.mat,154225,0.154225,0.00168360426335708,0.000941229224797679,3
2770,20221018_110129.mat,154424,0.154424,0.00199519062450205,0.000941229224797679,3
2771,20221018_110129.mat,186264,0.186264,0.002891839204785,0.000941229224797679,3
2772,20221018_110129.mat,186463,0.186463,0.00566659422141775,0.000941229224797679,3
2773,20221018_110129.mat,186662,0.186662,0.000951825386047019,0.000941229224797679,3
2774,20221018_110129.mat,191637,0.191637,0.00528112810184916,0.000941229224797679,3
2775,20221018_110129.mat,191836,0.191836,0.00118473216742584,0.000941229224797679,3
2776,20221018_110129.mat,292928,0.292928,0.00279985417463291,0.000941229224797679,3
2777,20221018_110129.mat,293127,0.293127,0.00201750252369413,0.000941229224797679,3
2778,20221018_110129.mat,304470,0.30447,0.00210346007472064,0.000941229224797679,3
2779,20221018_110129.mat,304669,0.304669,0.00172738832968805,0.000941229224797679,3
2780,20221018_110129.mat,316211,0.316211,0.000945534879590498,0.000941229224797679,3
2781,20221018_110129.mat,378697,0.378697,0.000965856471037847,0.000941229224797679,3
2782,20221018_110129.mat,484366,0.484366,0.00103266219121341,0.000941229224797679,3
2783,20221018_110129.mat,484565,0.484565,0.0180380217389416,0.000941229224797679,3
2784,20221018_110129.mat,484764,0.484764,0.0574826741480382,0.000941229224797679,3
2785,20221018_110129.mat,484963,0.484963,0.00916524238647618,0.000941229224797679,3
2786,20221018_110129.mat,485162,0.485162,0.00267781077387658,0.000941229224797679,3
2787,20221018_110129.mat,496107,0.496107,0.000959210458191177,0.000941229224797679,3
2788,20221018_110129.mat,566155,0.566155,0.00142745466015203,0.000941229224797679,3
2789,20221018_110129.mat,612721,0.612721,0.021472439261204,0.000941229224797679,3
2790,20221018_110129.mat,612920,0.61292,0.00346961215698834,0.000941229224797679,3
2791,20221018_110129.mat,613119,0.613119,0.00211132695908758,0.000941229224797679,3
2792,20221018_110129.mat,695704,0.695704,0.000980300131253849,0.000941229224797679,3
2793,20221018_110129.mat,765752,0.765752,0.000958957318645435,0.000941229224797679,3
2794,20221018_110129.mat,774110,0.77411,0.00151823358933471,0.000941229224797679,3
2795,20221018_110129.mat,800577,0.800577,0.00133232690629448,0.000941229224797679,3
2796,20221018_110129.mat,845551,0.845551,0.000962322100096797,0.000941229224797679,3
2797,20221018_110129.mat,855103,0.855103,0.00392246941219332,0.000941229224797679,3
2798,20221018_110129.mat,855302,0.855302,0.0114369183071974,0.000941229224797679,3
2799,20221018_110129.mat,855501,0.855501,0.00161552764591023,0.000941229224797679,3
2800,20221018_110129.mat,917788,0.917788,0.00470538258898426,0.000941229224797679,3
2801,20221018_110129.mat,917987,0.917987,0.0102466157352005,0.000941229224797679,3
2802,20221018_110129.mat,927340,0.92734,0.00535606667675221,0.000941229224797679,3
2803,20221018_110129.mat,927539,0.927539,0.00148111767998423,0.000941229224797679,3
2804,20221018_110129.mat,945449,0.945449,0.000943163606679161,0.000941229224797679,3
2805,20221018_110129.mat,955399,0.955399,0.00100871179453947,0.000941229224797679,3
2806,20221018_110129.mat,961568,0.961568,0.165246221232615,0.000941229224797679,3
2807,20221018_110129.mat,961767,0.961767,0.0536325499064392,0.000941229224797679,3
2808,20221018_110129.mat,961966,0.961966,0.00956267335212866,0.000941229224797679,3
2809,20221018_110129.mat,962165,0.962165,0.00198165400944911,0.000941229224797679,3
2810,20221018_110129.mat,974105,0.974105,0.00114426544047073,0.000941229224797679,3
2811,20221018_110129.mat,975498,0.975498,0.00094726131081703,0.000941229224797679,3
2812,20221018_110129.mat,1000373,1.000373,0.00561545099682286,0.000941229224797679,3
2813,20221018_110129.mat,1000572,1.000572,0.00335000642613021,0.000941229224797679,3
2814,20221018_110129.mat,1032611,1.032611,0.0026536015605133,0.000941229224797679,3
2815,20221018_110129.mat,1035397,1.035397,0.000945694679797589,0.000941229224797679,3
2816,20221018_110129.mat,1035596,1.035596,0.00655293657173808,0.000941229224797679,3
2817,20221018_110129.mat,1035795,1.035795,0.00227843085356712,0.000941229224797679,3
2818,20221018_110129.mat,1050919,1.050919,0.00172441543727404,0.000941229224797679,3
2819,20221018_110129.mat,1103853,1.103853,0.00351640647978262,0.000941229224797679,3
2820,20221018_110129.mat,1115196,1.115196,0.00095259907461891,0.000941229224797679,3
2821,20221018_110129.mat,1197980,1.19798,0.00131057724682299,0.000941229224797679,3
2822,20221018_110129.mat,1221064,1.221064,0.00248207633344095,0.000941229224797679,3
2823,20221018_110129.mat,1234994,1.234994,0.00226678411046889,0.000941229224797679,3
2824,20221018_110129.mat,1235193,1.235193,0.00145159561331783,0.000941229224797679,3
2825,20221018_110129.mat,1264645,1.264645,0.000950105045931469,0.000941229224797679,3
2826,20221018_110129.mat,1345041,1.345041,0.00111390504013998,0.000941229224797679,3
2827,20221018_110129.mat,1345240,1.34524,0.00145885214304941,0.000941229224797679,3
2828,20221018_110129.mat,1350414,1.350414,0.00110722258065351,0.000941229224797679,3
2829,20221018_110129.mat,1350613,1.350613,0.00111421276554148,0.000941229224797679,3
2830,20221018_110129.mat,1558966,1.558966,0.000978370037632027,0.000941229224797679,3
2831,20221018_110129.mat,1614686,1.614686,0.000944670480801604,0.000941229224797679,3
2832,20221018_110129.mat,1664635,1.664635,0.000969892684490399,0.000941229224797679,3
2833,20221018_110129.mat,1743439,1.743439,0.00134443136658962,0.000941229224797679,3
2834,20221018_110129.mat,1743638,1.743638,0.00349555010592093,0.000941229224797679,3
2835,20221018_110129.mat,1775080,1.77508,0.0059663441414067,0.000941229224797679,3
2836,20221018_110129.mat,1775279,1.775279,0.000976411552395398,0.000941229224797679,3
2837,20221018_110129.mat,1784433,1.784433,0.00526073155369424,0.000941229224797679,3
2838,20221018_110129.mat,1784632,1.784632,0.00278377788145179,0.000941229224797679,3
2839,20221018_110129.mat,1869008,1.869008,0.00250464857458916,0.000941229224797679,3
2840,20221018_110129.mat,1869207,1.869207,0.00128522718154443,0.000941229224797679,3
2841,20221018_110129.mat,1870600,1.8706,0.00181047372530182,0.000941229224797679,3
2842,20221018_110129.mat,1870799,1.870799,0.00109422762713572,0.000941229224797679,3
2843,20221018_110129.mat,1874978,1.874978,0.000951996150128875,0.000941229224797679,3
2844,20221018_110129.mat,1925325,1.925325,0.0176750260453724,0.000941229224797679,3
2845,20221018_110129.mat,1925524,1.925524,0.00618575048967675,0.000941229224797679,3
2846,20221018_110129.mat,1925723,1.925723,0.00110133247628485,0.000941229224797679,3
2847,20221018_110129.mat,1968906,1.968906,0.000972404549372042,0.000941229224797679,3
2848,20221018_110129.mat,2037561,2.037561,0.0285078569138295,0.000941229224797679,3
2849,20221018_110129.mat,2037760,2.03776,0.015266317133735,0.000941229224797679,3
2850,20221018_110129.mat,2037959,2.037959,0.0020040214445496,0.000941229224797679,3
2851,20221018_110129.mat,2061839,2.061839,0.00542173091941757,0.000941229224797679,3
2852,20221018_110129.mat,2062038,2.062038,0.00123826470707515,0.000941229224797679,3
2853,20221018_110129.mat,2064227,2.064227,0.000947683664667358,0.000941229224797679,3
2854,20221018_110129.mat,2065819,2.065819,0.00161866062259918,0.000941229224797679,3
2855,20221018_110129.mat,2123330,2.12333,0.00662505895205463,0.000941229224797679,3
2856,20221018_110129.mat,2123529,2.123529,0.00882881043000558,0.000941229224797679,3
2857,20221018_110129.mat,2123728,2.123728,0.00112247280304007,0.000941229224797679,3
2858,20221018_110129.mat,2170095,2.170095,0.00378493673339403,0.000941229224797679,3
2859,20221018_110129.mat,2189796,2.189796,0.00161334927755021,0.000941229224797679,3
2860,20221018_110129.mat,2209696,2.209696,0.00107695867947422,0.000941229224797679,3
2861,20221018_110129.mat,2209895,2.209895,0.00189871679683094,0.000941229224797679,3
2862,20221018_110129.mat,2211288,2.211288,0.00261461108802849,0.000941229224797679,3
2863,20221018_110129.mat,2266610,2.26661,0.00162152925009628,0.000941229224797679,3
2864,20221018_110129.mat,2274371,2.274371,0.0327069132042804,0.000941229224797679,3
2865,20221018_110129.mat,2274570,2.27457,0.00450648771824871,0.000941229224797679,3
2866,20221018_110129.mat,2274769,2.274769,0.00167793839259342,0.000941229224797679,3
2867,20221018_110129.mat,2302032,2.302032,0.00121037313226671,0.000941229224797679,3
2868,20221018_110129.mat,2302231,2.302231,0.00140563277430739,0.000941229224797679,3
2869,20221018_110129.mat,2331086,2.331086,0.0234278675094332,0.000941229224797679,3
2870,20221018_110129.mat,2331285,2.331285,0.0418674787932724,0.000941229224797679,3
2871,20221018_110129.mat,2331484,2.331484,0.00445070542182235,0.000941229224797679,3
2872,20221018_110129.mat,2331683,2.331683,0.00171547495802507,0.000941229224797679,3
2873,20221018_110129.mat,2350787,2.350787,0.00298575692431655,0.000941229224797679,3
2874,20221018_110129.mat,2435362,2.435362,0.00200151833193725,0.000941229224797679,3
2875,20221018_110129.mat,2485510,2.48551,0.0287346766295286,0.000941229224797679,3
2876,20221018_110129.mat,2485709,2.485709,0.00272440373436146,0.000941229224797679,3
2877,20221018_110129.mat,2493470,2.49347,0.00122059205369984,0.000941229224797679,3
2878,20221018_110129.mat,2493669,2.493669,0.0011354289764619,0.000941229224797679,3
2879,20221018_110129.mat,2499042,2.499042,0.000995902537963114,0.000941229224797679,3
2880,20221018_110129.mat,2499639,2.499639,0.00111814122363722,0.000941229224797679,3
2881,20221018_110129.mat,2527499,2.527499,0.00655840969753353,0.000941229224797679,3
2882,20221018_110129.mat,2527698,2.527698,0.00158784942666836,0.000941229224797679,3
2883,20221018_110129.mat,2564314,2.564314,0.00793104817777622,0.000941229224797679,3
2884,20221018_110129.mat,2564513,2.564513,0.00350555048937548,0.000941229224797679,3
2885,20221018_110129.mat,2592771,2.592771,0.00123727384016887,0.000941229224797679,3
2886,20221018_110129.mat,2629387,2.629387,0.00319602407293591,0.000941229224797679,3
2887,20221018_110129.mat,2629586,2.629586,0.0220294407416768,0.000941229224797679,3
2888,20221018_110129.mat,2629785,2.629785,0.00274515256812496,0.000941229224797679,3
2889,20221018_110129.mat,2629984,2.629984,0.00120837417235549,0.000941229224797679,3
2890,20221018_110129.mat,2648292,2.648292,0.00156186927360892,0.000941229224797679,3
2891,20221018_110129.mat,2648491,2.648491,0.00209903509833335,0.000941229224797679,3
2892,20221018_110129.mat,2674361,2.674361,0.00146892723984047,0.000941229224797679,3
2893,20221018_110129.mat,2674560,2.67456,0.000950608337131283,0.000941229224797679,3
2894,20221018_110129.mat,2764110,2.76411,0.00101755498497442,0.000941229224797679,3
2895,20221018_110129.mat,2764309,2.764309,0.00113116637694716,0.000941229224797679,3
2896,20221018_110129.mat,2783214,2.783214,0.000943861613475615,0.000941229224797679,3
2897,20221018_110129.mat,2832765,2.832765,0.00216068926858233,0.000941229224797679,3
2898,20221018_110129.mat,2832964,2.832964,0.00104784800028903,0.000941229224797679,3
2899,20221018_110129.mat,2849282,2.849282,0.00128831819208422,0.000941229224797679,3
2900,20221018_110129.mat,2938235,2.938235,0.00113626749301664,0.000941229224797679,3
2901,20221018_110129.mat,2999328,2.999328,0.0249828048352086,0.000941229224797679,3
2902,20221018_110129.mat,2999527,2.999527,0.00257295838416931,0.000941229224797679,3
2903,20221018_110129.mat,3000920,3.00092,0.000998970843140553,0.000941229224797679,3
2904,20221018_110129.mat,3001119,3.001119,0.0038630756353722,0.000941229224797679,3
2905,20221018_110129.mat,3008681,3.008681,0.0146276278843066,0.000941229224797679,3
2906,20221018_110129.mat,3008880,3.00888,0.00508714561971059,0.000941229224797679,3
2907,20221018_110129.mat,3009079,3.009079,0.00134910387485347,0.000941229224797679,3
2908,20221018_110129.mat,3017636,3.017636,0.00215646869522568,0.000941229224797679,3
2909,20221018_110129.mat,3017835,3.017835,0.000946419423030877,0.000941229224797679,3
2910,20221018_110129.mat,3020621,3.020621,0.00181628841478495,0.000941229224797679,3
2911,20221018_110129.mat,3020820,3.02082,0.00190096774308784,0.000941229224797679,3
2912,20221018_110129.mat,3070371,3.070371,0.00132079566032048,0.000941229224797679,3
2913,20221018_110129.mat,3167483,3.167483,0.00462243658819107,0.000941229224797679,3
2914,20221018_110129.mat,3167682,3.167682,0.00359453130917094,0.000941229224797679,3
2915,20221018_110129.mat,3167881,3.167881,0.00110493614947818,0.000941229224797679,3
2916,20221018_110129.mat,3202706,3.202706,0.00097563644031287,0.000941229224797679,3
2917,20221018_110129.mat,3257232,3.257232,0.0044897539276391,0.000941229224797679,3
2918,20221018_110129.mat,3257431,3.257431,0.00231100639450596,0.000941229224797679,3
2919,20221018_110129.mat,3287082,3.287082,0.00854237682454898,0.000941229224797679,3
2920,20221018_110129.mat,3287281,3.287281,0.00268636466394317,0.000941229224797679,3
2921,20221018_110129.mat,3303997,3.303997,0.00178095644439266,0.000941229224797679,3
2922,20221018_110129.mat,3304196,3.304196,0.00103496538053416,0.000941229224797679,3
2923,20221018_110129.mat,3316534,3.316534,0.00135168503671089,0.000941229224797679,3
2924,20221018_110129.mat,3353548,3.353548,0.00138202738196376,0.000941229224797679,3
2925,20221018_110129.mat,3353747,3.353747,0.00144694154182715,0.000941229224797679,3
2926,20221018_110129.mat,3404492,3.404492,0.00533543886532257,0.000941229224797679,3
2927,20221018_110129.mat,3404691,3.404691,0.00126486800872357,0.000941229224797679,3
2928,20221018_110129.mat,3460411,3.460411,0.00112599308385777,0.000941229224797679,3
2929,20221018_110129.mat,3460610,3.46061,0.00100723243682256,0.000941229224797679,3
2930,20221018_110129.mat,3471754,3.471754,0.000966349393436036,0.000941229224797679,3
2931,20221018_110129.mat,3471953,3.471953,0.00101194410150445,0.000941229224797679,3
2932,20221018_110129.mat,3497027,3.497027,0.00127079714731271,0.000941229224797679,3
2933,20221018_110129.mat,3497425,3.497425,0.00924588324601441,0.000941229224797679,3
2934,20221018_110129.mat,3497624,3.497624,0.00209146777718863,0.000941229224797679,3
2935,20221018_110129.mat,3497823,3.497823,0.0010607018847857,0.000941229224797679,3
2936,20221018_110129.mat,3518917,3.518917,0.0011468051533299,0.000941229224797679,3
2937,20221018_110129.mat,3533842,3.533842,0.00305645550647536,0.000941229224797679,3
2938,20221018_110129.mat,3534041,3.534041,0.00102738443427888,0.000941229224797679,3
2939,20221018_110129.mat,3587373,3.587373,0.00223360942682703,0.000941229224797679,3
2940,20221018_110129.mat,3590358,3.590358,0.21043579327409,0.000941229224797679,3
2941,20221018_110129.mat,3590557,3.590557,0.0213269538386122,0.000941229224797679,3
2942,20221018_110129.mat,3590756,3.590756,0.00396910267305946,0.000941229224797679,3
2943,20221018_110129.mat,3657023,3.657023,0.00611178804481879,0.000941229224797679,3
2944,20221018_110129.mat,3657222,3.657222,0.00258704992640172,0.000941229224797679,3
2945,20221018_110129.mat,3678913,3.678913,0.0046480869318148,0.000941229224797679,3
2946,20221018_110129.mat,3679112,3.679112,0.0169802803376424,0.000941229224797679,3
2947,20221018_110129.mat,3679311,3.679311,0.00200305356484453,0.000941229224797679,3
2948,20221018_110129.mat,3688664,3.688664,0.00200399909430561,0.000941229224797679,3
2949,20221018_110129.mat,3698216,3.698216,0.00114262968891897,0.000941229224797679,3
2950,20221018_110129.mat,3698415,3.698415,0.00116445225469664,0.000941229224797679,3
2951,20221018_110129.mat,3702196,3.702196,0.000957972349793464,0.000941229224797679,3
2952,20221018_110129.mat,3740205,3.740205,0.00165280902105708,0.000941229224797679,3
2953,20221018_110129.mat,3750354,3.750354,0.00111368518422354,0.000941229224797679,3
2954,20221018_110129.mat,3768463,3.768463,0.000982986835837845,0.000941229224797679,3
2955,20221018_110129.mat,3792144,3.792144,0.000949901039036591,0.000941229224797679,3
2956,20221018_110129.mat,3836123,3.836123,0.00157794527157733,0.000941229224797679,3
2957,20221018_110129.mat,3836322,3.836322,0.00168622647336324,0.000941229224797679,3
2958,20221018_110129.mat,3842093,3.842093,0.00095131290988489,0.000941229224797679,3
2959,20221018_110129.mat,3852043,3.852043,0.00108694887938784,0.000941229224797679,3
2960,20221018_110129.mat,3927265,3.927265,0.0212092030052468,0.000941229224797679,3
2961,20221018_110129.mat,3927464,3.927464,0.00627040023656802,0.000941229224797679,3
2962,20221018_110129.mat,3927663,3.927663,0.00147657216340626,0.000941229224797679,3
2963,20221018_110129.mat,3931842,3.931842,0.000978672475333257,0.000941229224797679,3
2964,20221018_110129.mat,3994129,3.994129,0.00112538027282416,0.000941229224797679,3
2965,20221018_110129.mat,4016417,4.016417,0.000962349210624677,0.000941229224797679,3
2966,20221018_110129.mat,4016616,4.016616,0.0148429812829368,0.000941229224797679,3
2967,20221018_110129.mat,4016815,4.016815,0.00291291073243718,0.000941229224797679,3
2968,20221018_110129.mat,4048456,4.048456,0.00347498089306072,0.000941229224797679,3
2969,20221018_110129.mat,4058804,4.058804,0.00131932030631721,0.000941229224797679,3
2970,20221018_110129.mat,4059003,4.059003,0.00106466921569143,0.000941229224797679,3
2971,20221018_110129.mat,4094027,4.094027,0.014360500555553,0.000941229224797679,3
2972,20221018_110129.mat,4094226,4.094226,0.0017143198450625,0.000941229224797679,3
2973,20221018_110129.mat,4094425,4.094425,0.000955648292214836,0.000941229224797679,3
2974,20221018_110129.mat,4107559,4.107559,0.0013405830741474,0.000941229224797679,3
2975,20221018_110129.mat,4179796,4.179796,0.00508430376540524,0.000941229224797679,3
2976,20221018_110129.mat,4179995,4.179995,0.00425337065328189,0.000941229224797679,3
2977,20221018_110129.mat,4222382,4.222382,0.00183893107713885,0.000941229224797679,3
2978,20221018_110129.mat,4223377,4.223377,0.00207838177569767,0.000941229224797679,3
2979,20221018_110129.mat,4223576,4.223576,0.00116148198012264,0.000941229224797679,3
2980,20221018_110129.mat,4391333,4.391333,0.00094483264176452,0.000941229224797679,3
2981,20221018_110129.mat,4519489,4.519489,0.0172771676786187,0.000941229224797679,3
2982,20221018_110129.mat,4519688,4.519688,0.0147799080863453,0.000941229224797679,3
2983,20221018_110129.mat,4519887,4.519887,0.00261306789427077,0.000941229224797679,3
2984,20221018_110129.mat,4520086,4.520086,0.000956765307083869,0.000941229224797679,3
2985,20221018_110129.mat,4521678,4.521678,0.00333361591303016,0.000941229224797679,3
2986,20221018_110129.mat,4521877,4.521877,0.00120474345852366,0.000941229224797679,3
2987,20221018_110129.mat,4557697,4.557697,0.002253138441542,0.000941229224797679,3
2988,20221018_110129.mat,4557896,4.557896,0.0011490173768234,0.000941229224797679,3
2989,20221018_110129.mat,4589736,4.589736,0.00349845628303484,0.000941229224797679,3
2990,20221018_110129.mat,4589935,4.589935,0.00420295145290392,0.000941229224797679,3
2991,20221018_110129.mat,4597298,4.597298,0.0260125114687212,0.000941229224797679,3
2992,20221018_110129.mat,4597497,4.597497,0.00518260166821201,0.000941229224797679,3
2993,20221018_110129.mat,4597696,4.597696,0.00194855760664715,0.000941229224797679,3
2994,20221018_110129.mat,4621178,4.621178,0.0384748917473832,0.000941229224797679,3
2995,20221018_110129.mat,4621377,4.621377,0.0293043309457985,0.000941229224797679,3
2996,20221018_110129.mat,4621576,4.621576,0.00394707717580657,0.000941229224797679,3
2997,20221018_110129.mat,4621775,4.621775,0.00158568758982886,0.000941229224797679,3
2998,20221018_110129.mat,4681077,4.681077,0.000982592433691216,0.000941229224797679,3
2999,20221018_110129.mat,4726449,4.726449,0.0106747131520351,0.000941229224797679,3
3000,20221018_110129.mat,4726648,4.726648,0.0205518886048707,0.000941229224797679,3
3001,20221018_110129.mat,4726847,4.726847,0.00129335702102877,0.000941229224797679,3
3002,20221018_110129.mat,4729036,4.729036,0.0102013122799687,0.000941229224797679,3
3003,20221018_110129.mat,4729235,4.729235,0.00993963290140404,0.000941229224797679,3
3004,20221018_110129.mat,4729434,4.729434,0.00154102809478839,0.000941229224797679,3
3005,20221018_110129.mat,4815800,4.8158,0.00223537077318895,0.000941229224797679,3
3006,20221018_110129.mat,4815999,4.815999,0.0123162796040217,0.000941229224797679,3
3007,20221018_110129.mat,4816198,4.816198,0.00131932506417963,0.000941229224797679,3
3008,20221018_110129.mat,4993905,4.993905,0.117448457015746,0.000941229224797679,3
3009,20221018_110129.mat,4994104,4.994104,0.085118550954042,0.000941229224797679,3
3010,20221018_110129.mat,4994303,4.994303,0.00881783396849087,0.000941229224797679,3
3011,20221018_110129.mat,4994502,4.994502,0.00161813523079912,0.000941229224797679,3
3012,20221018_110134.mat,26666,0.026666,0.00177898399582476,0.000951328644535027,3
3013,20221018_110134.mat,26865,0.026865,0.00189947391756253,0.000951328644535027,3
3014,20221018_110134.mat,50745,0.050745,0.0108800233738292,0.000951328644535027,3
3015,20221018_110134.mat,50944,0.050944,0.0251192231628874,0.000951328644535027,3
3016,20221018_110134.mat,51143,0.051143,0.00408795264764074,0.000951328644535027,3
3017,20221018_110134.mat,52536,0.052536,0.000994583795857863,0.000951328644535027,3
3018,20221018_110134.mat,107261,0.107261,0.00377479892854348,0.000951328644535027,3
3019,20221018_110134.mat,206363,0.206363,0.00278679106093277,0.000951328644535027,3
3020,20221018_110134.mat,302082,0.302082,0.00100290924870463,0.000951328644535027,3
3021,20221018_110134.mat,343474,0.343474,0.0104926229425126,0.000951328644535027,3
3022,20221018_110134.mat,343673,0.343673,0.0155568243867029,0.000951328644535027,3
3023,20221018_110134.mat,343872,0.343872,0.00304779048052055,0.000951328644535027,3
3024,20221018_110134.mat,344071,0.344071,0.00183356959118178,0.000951328644535027,3
3025,20221018_110134.mat,373125,0.373125,0.00129946387439994,0.000951328644535027,3
3026,20221018_110134.mat,373324,0.373324,0.00117279497710528,0.000951328644535027,3
3027,20221018_110134.mat,373722,0.373722,0.00131925903898217,0.000951328644535027,3
3028,20221018_110134.mat,389045,0.389045,0.0439703660599055,0.000951328644535027,3
3029,20221018_110134.mat,389244,0.389244,0.0164982562878263,0.000951328644535027,3
3030,20221018_110134.mat,389443,0.389443,0.0019744799790966,0.000951328644535027,3
3031,20221018_110134.mat,389642,0.389642,0.00146831376624616,0.000951328644535027,3
3032,20221018_110134.mat,393821,0.393821,0.00157945681067075,0.000951328644535027,3
3033,20221018_110134.mat,394020,0.39402,0.00532276318428247,0.000951328644535027,3
3034,20221018_110134.mat,401980,0.40198,0.00133163017056741,0.000951328644535027,3
3035,20221018_110134.mat,404766,0.404766,0.0165499633096583,0.000951328644535027,3
3036,20221018_110134.mat,404965,0.404965,0.00577565103802706,0.000951328644535027,3
3037,20221018_110134.mat,405164,0.405164,0.00119400975429694,0.000951328644535027,3
3038,20221018_110134.mat,439989,0.439989,0.0254976453809629,0.000951328644535027,3
3039,20221018_110134.mat,440188,0.440188,0.00888652548963303,0.000951328644535027,3
3040,20221018_110134.mat,440387,0.440387,0.00178269908368749,0.000951328644535027,3
3041,20221018_110134.mat,451531,0.451531,0.0119960920034536,0.000951328644535027,3
3042,20221018_110134.mat,451730,0.45173,0.00664013530548606,0.000951328644535027,3
3043,20221018_110134.mat,451929,0.451929,0.00139669500346287,0.000951328644535027,3
3044,20221018_110134.mat,503868,0.503868,0.00369317630720269,0.000951328644535027,3
3045,20221018_110134.mat,504067,0.504067,0.00430931518134481,0.000951328644535027,3
3046,20221018_110134.mat,587448,0.587448,0.00099439548554834,0.000951328644535027,3
3047,20221018_110134.mat,630830,0.63083,0.00467859266314226,0.000951328644535027,3
3048,20221018_110134.mat,631029,0.631029,0.00120124968556814,0.000951328644535027,3
3049,20221018_110134.mat,661476,0.661476,0.00108676691202767,0.000951328644535027,3
3050,20221018_110134.mat,666252,0.666252,0.00121458663358594,0.000951328644535027,3
3051,20221018_110134.mat,729534,0.729534,0.00123472199235342,0.000951328644535027,3
3052,20221018_110134.mat,740479,0.740479,0.00404143929426719,0.000951328644535027,3
3053,20221018_110134.mat,740678,0.740678,0.00284385484517487,0.000951328644535027,3
3054,20221018_110134.mat,753812,0.753812,0.00155944183946682,0.000951328644535027,3
3055,20221018_110134.mat,754011,0.754011,0.00102103336313892,0.000951328644535027,3
3056,20221018_110134.mat,789433,0.789433,0.0487965784830172,0.000951328644535027,3
3057,20221018_110134.mat,789632,0.789632,0.00663105740223575,0.000951328644535027,3
3058,20221018_110134.mat,789831,0.789831,0.00166110429966285,0.000951328644535027,3
3059,20221018_110134.mat,795801,0.795801,0.0123465616466306,0.000951328644535027,3
3060,20221018_110134.mat,796000,0.796,0.0303058518139145,0.000951328644535027,3
3061,20221018_110134.mat,796199,0.796199,0.0135360435757464,0.000951328644535027,3
3062,20221018_110134.mat,796398,0.796398,0.00295426220405454,0.000951328644535027,3
3063,20221018_110134.mat,796597,0.796597,0.00208976524881689,0.000951328644535027,3
3064,20221018_110134.mat,805552,0.805552,0.0105629099653494,0.000951328644535027,3
3065,20221018_110134.mat,805751,0.805751,0.00106506713187433,0.000951328644535027,3
3066,20221018_110134.mat,807343,0.807343,0.0297839877422024,0.000951328644535027,3
3067,20221018_110134.mat,807542,0.807542,0.0100552284568231,0.000951328644535027,3
3068,20221018_110134.mat,807741,0.807741,0.0022193941511119,0.000951328644535027,3
3069,20221018_110134.mat,812517,0.812517,0.00149726695275865,0.000951328644535027,3
3070,20221018_110134.mat,812716,0.812716,0.00236303825287367,0.000951328644535027,3
3071,20221018_110134.mat,830228,0.830228,0.00100403277124065,0.000951328644535027,3
3072,20221018_110134.mat,836596,0.836596,0.0256968813431378,0.000951328644535027,3
3073,20221018_110134.mat,836795,0.836795,0.00360940658539988,0.000951328644535027,3
3074,20221018_110134.mat,836994,0.836994,0.00138841883875376,0.000951328644535027,3
3075,20221018_110134.mat,854307,0.854307,0.000971983249977178,0.000951328644535027,3
3076,20221018_110134.mat,872615,0.872615,0.00461068227033997,0.000951328644535027,3
3077,20221018_110134.mat,872814,0.872814,0.00619708274749245,0.000951328644535027,3
3078,20221018_110134.mat,873013,0.873013,0.00231700227579762,0.000951328644535027,3
3079,20221018_110134.mat,887142,0.887142,0.0119098842505191,0.000951328644535027,3
3080,20221018_110134.mat,887341,0.887341,0.0037229873488456,0.000951328644535027,3
3081,20221018_110134.mat,895301,0.895301,0.00103208257337659,0.000951328644535027,3
3082,20221018_110134.mat,911221,0.911221,0.00164551115376535,0.000951328644535027,3
3083,20221018_110134.mat,911420,0.91142,0.00235759299668761,0.000951328644535027,3
3084,20221018_110134.mat,959976,0.959976,0.0014229062017121,0.000951328644535027,3
3085,20221018_110134.mat,1006343,1.006343,0.0118989637400398,0.000951328644535027,3
3086,20221018_110134.mat,1006542,1.006542,0.0106688771548662,0.000951328644535027,3
3087,20221018_110134.mat,1006741,1.006741,0.0022459106005456,0.000951328644535027,3
3088,20221018_110134.mat,1011318,1.011318,0.000956615669765963,0.000951328644535027,3
3089,20221018_110134.mat,1016890,1.01689,0.000988427713396915,0.000951328644535027,3
3090,20221018_110134.mat,1054899,1.054899,0.00153354934729918,0.000951328644535027,3
3091,20221018_110134.mat,1084948,1.084948,0.01860562642914,0.000951328644535027,3
3092,20221018_110134.mat,1085147,1.085147,0.00179250421881036,0.000951328644535027,3
3093,20221018_110134.mat,1085346,1.085346,0.00289513650932303,0.000951328644535027,3
3094,20221018_110134.mat,1085545,1.085545,0.000999173238945541,0.000951328644535027,3
3095,20221018_110134.mat,1123355,1.123355,0.00405645041585141,0.000951328644535027,3
3096,20221018_110134.mat,1123554,1.123554,0.0016095989200706,0.000951328644535027,3
3097,20221018_110134.mat,1159573,1.159573,0.0010145437262196,0.000951328644535027,3
3098,20221018_110134.mat,1159772,1.159772,0.00113617372356116,0.000951328644535027,3
3099,20221018_110134.mat,1188229,1.188229,0.00157898317180131,0.000951328644535027,3
3100,20221018_110134.mat,1188428,1.188428,0.00176181776868827,0.000951328644535027,3
3101,20221018_110134.mat,1220865,1.220865,0.00103487313513672,0.000951328644535027,3
3102,20221018_110134.mat,1221064,1.221064,0.0011538463126378,0.000951328644535027,3
3103,20221018_110134.mat,1223054,1.223054,0.0140549752782349,0.000951328644535027,3
3104,20221018_110134.mat,1223253,1.223253,0.00241929608046471,0.000951328644535027,3
3105,20221018_110134.mat,1223452,1.223452,0.000984327742379518,0.000951328644535027,3
3106,20221018_110134.mat,1234198,1.234198,0.0329019447908094,0.000951328644535027,3
3107,20221018_110134.mat,1234397,1.234397,0.00516975722069279,0.000951328644535027,3
3108,20221018_110134.mat,1234596,1.234596,0.00174304181192633,0.000951328644535027,3
3109,20221018_110134.mat,1409517,1.409517,0.014040203230437,0.000951328644535027,3
3110,20221018_110134.mat,1409716,1.409716,0.0128311060212926,0.000951328644535027,3
3111,20221018_110134.mat,1409915,1.409915,0.00157106578557963,0.000951328644535027,3
3112,20221018_110134.mat,1417477,1.417477,0.00162137656406699,0.000951328644535027,3
3113,20221018_110134.mat,1442949,1.442949,0.00561946113855848,0.000951328644535027,3
3114,20221018_110134.mat,1443148,1.443148,0.00127058494788162,0.000951328644535027,3
3115,20221018_110134.mat,1494490,1.49449,0.000989562729270739,0.000951328644535027,3
3116,20221018_110134.mat,1613293,1.613293,0.0140336423440861,0.000951328644535027,3
3117,20221018_110134.mat,1613492,1.613492,0.00890519474877357,0.000951328644535027,3
3118,20221018_110134.mat,1613691,1.613691,0.00147539416344591,0.000951328644535027,3
3119,20221018_110134.mat,1615880,1.61588,0.0141651702536168,0.000951328644535027,3
3120,20221018_110134.mat,1616079,1.616079,0.0023457554529492,0.000951328644535027,3
3121,20221018_110134.mat,1616278,1.616278,0.000994766031273666,0.000951328644535027,3
3122,20221018_110134.mat,1674187,1.674187,0.0265901882440934,0.000951328644535027,3
3123,20221018_110134.mat,1674386,1.674386,0.00664860122828735,0.000951328644535027,3
3124,20221018_110134.mat,1674585,1.674585,0.00120093784871213,0.000951328644535027,3
3125,20221018_110134.mat,1716574,1.716574,0.0017648791711091,0.000951328644535027,3
3126,20221018_110134.mat,1716773,1.716773,0.00746825346192823,0.000951328644535027,3
3127,20221018_110134.mat,1731499,1.731499,0.00241690997007547,0.000951328644535027,3
3128,20221018_110134.mat,1731698,1.731698,0.00105160406024194,0.000951328644535027,3
3129,20221018_110134.mat,1769508,1.769508,0.00193394734989475,0.000951328644535027,3
3130,20221018_110134.mat,1773289,1.773289,0.00636282062135266,0.000951328644535027,3
3131,20221018_110134.mat,1773488,1.773488,0.00377667974376784,0.000951328644535027,3
3132,20221018_110134.mat,1795577,1.795577,0.00162696520356349,0.000951328644535027,3
3133,20221018_110134.mat,1831397,1.831397,0.0442644506723282,0.000951328644535027,3
3134,20221018_110134.mat,1831596,1.831596,0.0110432394893257,0.000951328644535027,3
3135,20221018_110134.mat,1831795,1.831795,0.0025988270776299,0.000951328644535027,3
3136,20221018_110134.mat,1840352,1.840352,0.00096611603022928,0.000951328644535027,3
3137,20221018_110134.mat,1870799,1.870799,0.00103972784150031,0.000951328644535027,3
3138,20221018_110134.mat,1896072,1.896072,0.00105018054620736,0.000951328644535027,3
3139,20221018_110134.mat,1896271,1.896271,0.00111024531866556,0.000951328644535027,3
3140,20221018_110134.mat,1910201,1.910201,0.00138391971980753,0.000951328644535027,3
3141,20221018_110134.mat,1910400,1.9104,0.0010870585804311,0.000951328644535027,3
3142,20221018_110134.mat,1924927,1.924927,0.00231305656665658,0.000951328644535027,3
3143,20221018_110134.mat,1974876,1.974876,0.00096290095576454,0.000951328644535027,3
3144,20221018_110134.mat,1981244,1.981244,0.00168955315327291,0.000951328644535027,3
3145,20221018_110134.mat,2003532,2.003532,0.0011388822726908,0.000951328644535027,3
3146,20221018_110134.mat,2139847,2.139847,0.00428207787414792,0.000951328644535027,3
3147,20221018_110134.mat,2140046,2.140046,0.00328174329393575,0.000951328644535027,3
3148,20221018_110134.mat,2151588,2.151588,0.00108991921089252,0.000951328644535027,3
3149,20221018_110134.mat,2248899,2.248899,0.0020079210043539,0.000951328644535027,3
3150,20221018_110134.mat,2270988,2.270988,0.0113880912786546,0.000951328644535027,3
3151,20221018_110134.mat,2271187,2.271187,0.0408001945303821,0.000951328644535027,3
3152,20221018_110134.mat,2271386,2.271386,0.00335845854497179,0.000951328644535027,3
3153,20221018_110134.mat,2271585,2.271585,0.00126197643925654,0.000951328644535027,3
3154,20221018_110134.mat,2301833,2.301833,0.00308561083947333,0.000951328644535027,3
3155,20221018_110134.mat,2386806,2.386806,0.0010495633807479,0.000951328644535027,3
3156,20221018_110134.mat,2426805,2.426805,0.0028055867584124,0.000951328644535027,3
3157,20221018_110134.mat,2427004,2.427004,0.00101168631279815,0.000951328644535027,3
3158,20221018_110134.mat,2445312,2.445312,0.0101715220260219,0.000951328644535027,3
3159,20221018_110134.mat,2445511,2.445511,0.00525042266093152,0.000951328644535027,3
3160,20221018_110134.mat,2445710,2.44571,0.00115460935891432,0.000951328644535027,3
3161,20221018_110134.mat,2515360,2.51536,0.00816094554699759,0.000951328644535027,3
3162,20221018_110134.mat,2515559,2.515559,0.00173571644904202,0.000951328644535027,3
3163,20221018_110134.mat,2517350,2.51735,0.00798210302642796,0.000951328644535027,3
3164,20221018_110134.mat,2517549,2.517549,0.0122701242084079,0.000951328644535027,3
3165,20221018_110134.mat,2517748,2.517748,0.00152466206206289,0.000951328644535027,3
3166,20221018_110134.mat,2517947,2.517947,0.000973171062471573,0.000951328644535027,3
3167,20221018_110134.mat,2536255,2.536255,0.00984966821871331,0.000951328644535027,3
3168,20221018_110134.mat,2536454,2.536454,0.00292796809052748,0.000951328644535027,3
3169,20221018_110134.mat,2536653,2.536653,0.00101449294395044,0.000951328644535027,3
3170,20221018_110134.mat,2577846,2.577846,0.0225157117056459,0.000951328644535027,3
3171,20221018_110134.mat,2578045,2.578045,0.0257618469400479,0.000951328644535027,3
3172,20221018_110134.mat,2578244,2.578244,0.00573628012226862,0.000951328644535027,3
3173,20221018_110134.mat,2578443,2.578443,0.0016837474616867,0.000951328644535027,3
3174,20221018_110134.mat,2581030,2.58103,0.0015122957042012,0.000951328644535027,3
3175,20221018_110134.mat,2619835,2.619835,0.00212273335738378,0.000951328644535027,3
3176,20221018_110134.mat,2625009,2.625009,0.011646795636703,0.000951328644535027,3
3177,20221018_110134.mat,2625208,2.625208,0.0247284089849598,0.000951328644535027,3
3178,20221018_110134.mat,2625407,2.625407,0.00518292483816822,0.000951328644535027,3
3179,20221018_110134.mat,2625606,2.625606,0.0013345374543622,0.000951328644535027,3
3180,20221018_110134.mat,2640332,2.640332,0.0845465108607163,0.000951328644535027,3
3181,20221018_110134.mat,2640531,2.640531,0.10241826357087,0.000951328644535027,3
3182,20221018_110134.mat,2640730,2.64073,0.0215431602340138,0.000951328644535027,3
3183,20221018_110134.mat,2640929,2.640929,0.00400251974267147,0.000951328644535027,3
3184,20221018_110134.mat,2641128,2.641128,0.00415853034418211,0.000951328644535027,3
3185,20221018_110134.mat,2641327,2.641327,0.0218349719797124,0.000951328644535027,3
3186,20221018_110134.mat,2641526,2.641526,0.00599223860195456,0.000951328644535027,3
3187,20221018_110134.mat,2641725,2.641725,0.00167195348582929,0.000951328644535027,3
3188,20221018_110134.mat,2644511,2.644511,0.00272261726030255,0.000951328644535027,3
3189,20221018_110134.mat,2644710,2.64471,0.00419459469637775,0.000951328644535027,3
3190,20221018_110134.mat,2644909,2.644909,0.00120497990304087,0.000951328644535027,3
3191,20221018_110134.mat,2651078,2.651078,0.00290862706137869,0.000951328644535027,3
3192,20221018_110134.mat,2651277,2.651277,0.0027756190106874,0.000951328644535027,3
3193,20221018_110134.mat,2661824,2.661824,0.0108878995735884,0.000951328644535027,3
3194,20221018_110134.mat,2662023,2.662023,0.00276363908535,0.000951328644535027,3
3195,20221018_110134.mat,2662222,2.662222,0.00103258928467405,0.000951328644535027,3
3196,20221018_110134.mat,2694858,2.694858,0.0238469970426291,0.000951328644535027,3
3197,20221018_110134.mat,2695057,2.695057,0.0101433035163868,0.000951328644535027,3
3198,20221018_110134.mat,2695256,2.695256,0.00211750858181245,0.000951328644535027,3
3199,20221018_110134.mat,2699236,2.699236,0.000961650009403462,0.000951328644535027,3
3200,20221018_110134.mat,2706599,2.706599,0.0196301531643017,0.000951328644535027,3
3201,20221018_110134.mat,2706798,2.706798,0.0382521113897291,0.000951328644535027,3
3202,20221018_110134.mat,2706997,2.706997,0.00499605575811365,0.000951328644535027,3
3203,20221018_110134.mat,2707196,2.707196,0.0021296155712039,0.000951328644535027,3
3204,20221018_110134.mat,2707793,2.707793,0.0160427594027239,0.000951328644535027,3
3205,20221018_110134.mat,2707992,2.707992,0.0270419600904698,0.000951328644535027,3
3206,20221018_110134.mat,2708191,2.708191,0.00539055281141789,0.000951328644535027,3
3207,20221018_110134.mat,2708390,2.70839,0.00199655139362389,0.000951328644535027,3
3208,20221018_110134.mat,2717942,2.717942,0.00138933970863774,0.000951328644535027,3
3209,20221018_110134.mat,2725305,2.725305,0.00134009066523587,0.000951328644535027,3
3210,20221018_110134.mat,2725504,2.725504,0.00107719744808823,0.000951328644535027,3
3211,20221018_110134.mat,2765105,2.765105,0.00115082600565364,0.000951328644535027,3
3212,20221018_110134.mat,2765304,2.765304,0.00159821806734063,0.000951328644535027,3
3213,20221018_110134.mat,2766100,2.7661,0.00146150683526922,0.000951328644535027,3
3214,20221018_110134.mat,2771871,2.771871,0.00149543762017321,0.000951328644535027,3
3215,20221018_110134.mat,2772070,2.77207,0.00556618451773707,0.000951328644535027,3
3216,20221018_110134.mat,2773264,2.773264,0.00138825685822901,0.000951328644535027,3
3217,20221018_110134.mat,2774657,2.774657,0.00290322675750691,0.000951328644535027,3
3218,20221018_110134.mat,2774856,2.774856,0.00243511349589417,0.000951328644535027,3
3219,20221018_110134.mat,2775851,2.775851,0.00192306364788955,0.000951328644535027,3
3220,20221018_110134.mat,2776050,2.77605,0.00304346541343442,0.000951328644535027,3
3221,20221018_110134.mat,2776647,2.776647,0.00146890270993933,0.000951328644535027,3
3222,20221018_110134.mat,2778239,2.778239,0.0338390613438874,0.000951328644535027,3
3223,20221018_110134.mat,2778438,2.778438,0.00916531963833317,0.000951328644535027,3
3224,20221018_110134.mat,2778637,2.778637,0.00272114349749318,0.000951328644535027,3
3225,20221018_110134.mat,2778836,2.778836,0.00163716329635099,0.000951328644535027,3
3226,20221018_110134.mat,2779433,2.779433,0.00322042830283715,0.000951328644535027,3
3227,20221018_110134.mat,2779632,2.779632,0.00332695388610559,0.000951328644535027,3
3228,20221018_110134.mat,2783015,2.783015,0.00108863044014574,0.000951328644535027,3
3229,20221018_110134.mat,2784209,2.784209,0.0079434177881725,0.000951328644535027,3
3230,20221018_110134.mat,2784408,2.784408,0.00357015844992208,0.000951328644535027,3
3231,20221018_110134.mat,2784607,2.784607,0.00103439626529741,0.000951328644535027,3
3232,20221018_110134.mat,2789184,2.789184,0.00110660663145224,0.000951328644535027,3
3233,20221018_110134.mat,2789383,2.789383,0.00114053042188068,0.000951328644535027,3
3234,20221018_110134.mat,2791174,2.791174,0.00155096484516934,0.000951328644535027,3
3235,20221018_110134.mat,2791373,2.791373,0.00128265243563581,0.000951328644535027,3
3236,20221018_110134.mat,2792169,2.792169,0.00208329116004717,0.000951328644535027,3
3237,20221018_110134.mat,2794159,2.794159,0.00107680008640956,0.000951328644535027,3
3238,20221018_110134.mat,2799930,2.79993,0.00105456371839573,0.000951328644535027,3
3239,20221018_110134.mat,2800129,2.800129,0.00137287915539466,0.000951328644535027,3
3240,20221018_110134.mat,2823014,2.823014,0.000973997284338121,0.000951328644535027,3
3241,20221018_110134.mat,2829183,2.829183,0.0203866634458913,0.000951328644535027,3
3242,20221018_110134.mat,2829382,2.829382,0.0259491659737981,0.000951328644535027,3
3243,20221018_110134.mat,2829581,2.829581,0.00199903836968499,0.000951328644535027,3
3244,20221018_110134.mat,2829780,2.82978,0.004649857645751,0.000951328644535027,3
3245,20221018_110134.mat,2829979,2.829979,0.0081471862525631,0.000951328644535027,3
3246,20221018_110134.mat,2830178,2.830178,0.000953149223567425,0.000951328644535027,3
3247,20221018_110134.mat,2865401,2.865401,0.022247838190136,0.000951328644535027,3
3248,20221018_110134.mat,2865600,2.8656,0.00211235811812235,0.000951328644535027,3
3249,20221018_110134.mat,2865799,2.865799,0.00113597313131463,0.000951328644535027,3
3250,20221018_110134.mat,2869182,2.869182,0.000992671393815849,0.000951328644535027,3
3251,20221018_110134.mat,2875948,2.875948,0.00146704673238558,0.000951328644535027,3
3252,20221018_110134.mat,2876744,2.876744,0.00563806985553039,0.000951328644535027,3
3253,20221018_110134.mat,2876943,2.876943,0.00369913132413188,0.000951328644535027,3
3254,20221018_110134.mat,2936842,2.936842,0.0115701753974568,0.000951328644535027,3
3255,20221018_110134.mat,2937041,2.937041,0.00671748518140996,0.000951328644535027,3
3256,20221018_110134.mat,2940026,2.940026,0.00102343009766934,0.000951328644535027,3
3257,20221018_110134.mat,2973060,2.97306,0.00975745354038296,0.000951328644535027,3
3258,20221018_110134.mat,2973259,2.973259,0.00435300010569556,0.000951328644535027,3
3259,20221018_110134.mat,2973458,2.973458,0.00117127089734257,0.000951328644535027,3
3260,20221018_110134.mat,3009079,3.009079,0.00279448029541087,0.000951328644535027,3
3261,20221018_110134.mat,3009278,3.009278,0.00921680229669021,0.000951328644535027,3
3262,20221018_110134.mat,3009477,3.009477,0.00168579384996815,0.000951328644535027,3
3263,20221018_110134.mat,3009676,3.009676,0.000988208165781573,0.000951328644535027,3
3264,20221018_110134.mat,3042113,3.042113,0.0354738614395853,0.000951328644535027,3
3265,20221018_110134.mat,3042312,3.042312,0.00425900600779492,0.000951328644535027,3
3266,20221018_110134.mat,3042511,3.042511,0.00329314955395555,0.000951328644535027,3
3267,20221018_110134.mat,3042710,3.04271,0.000970146845858961,0.000951328644535027,3
3268,20221018_110134.mat,3052262,3.052262,0.00157945681067075,0.000951328644535027,3
3269,20221018_110134.mat,3114549,3.114549,0.00733856870624528,0.000951328644535027,3
3270,20221018_110134.mat,3114748,3.114748,0.00167225980098319,0.000951328644535027,3
3271,20221018_110134.mat,3128877,3.128877,0.000986489278565331,0.000951328644535027,3
3272,20221018_110134.mat,3192955,3.192955,0.0227157783432132,0.000951328644535027,3
3273,20221018_110134.mat,3193154,3.193154,0.00649686195306339,0.000951328644535027,3
3274,20221018_110134.mat,3206487,3.206487,0.0012267696806819,0.000951328644535027,3
3275,20221018_110134.mat,3206686,3.206686,0.0012545989661213,0.000951328644535027,3
3276,20221018_110134.mat,3223004,3.223004,0.0118083231742605,0.000951328644535027,3
3277,20221018_110134.mat,3223203,3.223203,0.00616486143523792,0.000951328644535027,3
3278,20221018_110134.mat,3223402,3.223402,0.001114348730296,0.000951328644535027,3
3279,20221018_110134.mat,3230765,3.230765,0.0321171748604694,0.000951328644535027,3
3280,20221018_110134.mat,3230964,3.230964,0.00538470816118683,0.000951328644535027,3
3281,20221018_110134.mat,3231163,3.231163,0.00105905977477867,0.000951328644535027,3
3282,20221018_110134.mat,3252456,3.252456,0.0137001734820129,0.000951328644535027,3
3283,20221018_110134.mat,3252655,3.252655,0.00215842545391701,0.000951328644535027,3
3284,20221018_110134.mat,3252854,3.252854,0.0011130882452221,0.000951328644535027,3
3285,20221018_110134.mat,3326882,3.326882,0.0306113122689152,0.000951328644535027,3
3286,20221018_110134.mat,3327081,3.327081,0.00664686160706151,0.000951328644535027,3
3287,20221018_110134.mat,3327280,3.32728,0.00428476199422453,0.000951328644535027,3
3288,20221018_110134.mat,3327479,3.327479,0.00160273928377982,0.000951328644535027,3
3289,20221018_110134.mat,3345389,3.345389,0.00268945262116768,0.000951328644535027,3
3290,20221018_110134.mat,3354742,3.354742,0.00293031471008805,0.000951328644535027,3
3291,20221018_110134.mat,3354941,3.354941,0.00127986647411934,0.000951328644535027,3
3292,20221018_110134.mat,3355737,3.355737,0.00117715925248491,0.000951328644535027,3
3293,20221018_110134.mat,3365488,3.365488,0.0152490339563933,0.000951328644535027,3
3294,20221018_110134.mat,3365687,3.365687,0.00324642334402413,0.000951328644535027,3
3295,20221018_110134.mat,3365886,3.365886,0.00100299323440826,0.000951328644535027,3
3296,20221018_110134.mat,3368473,3.368473,0.000968245591802451,0.000951328644535027,3
3297,20221018_110134.mat,3420810,3.42081,0.00890041622479697,0.000951328644535027,3
3298,20221018_110134.mat,3421009,3.421009,0.00155840021376722,0.000951328644535027,3
3299,20221018_110134.mat,3430760,3.43076,0.00108468457008993,0.000951328644535027,3
3300,20221018_110134.mat,3436133,3.436133,0.00130852391035283,0.000951328644535027,3
3301,20221018_110134.mat,3459416,3.459416,0.00128278758917547,0.000951328644535027,3
3302,20221018_110134.mat,3502400,3.5024,0.0026217294354596,0.000951328644535027,3
3303,20221018_110134.mat,3502599,3.502599,0.0106640805016492,0.000951328644535027,3
3304,20221018_110134.mat,3502798,3.502798,0.00120471022608296,0.000951328644535027,3
3305,20221018_110134.mat,3521305,3.521305,0.00175580640136664,0.000951328644535027,3
3306,20221018_110134.mat,3524887,3.524887,0.00133500879977616,0.000951328644535027,3
3307,20221018_110134.mat,3551951,3.551951,0.00105427340348426,0.000951328644535027,3
3308,20221018_110134.mat,3552150,3.55215,0.00110772784061926,0.000951328644535027,3
3309,20221018_110134.mat,3585184,3.585184,0.00453271615076255,0.000951328644535027,3
3310,20221018_110134.mat,3585383,3.585383,0.00172374813965542,0.000951328644535027,3
3311,20221018_110134.mat,3608268,3.608268,0.000974447759155196,0.000951328644535027,3
3312,20221018_110134.mat,3612845,3.612845,0.00529109860056952,0.000951328644535027,3
3313,20221018_110134.mat,3613044,3.613044,0.0757479811847165,0.000951328644535027,3
3314,20221018_110134.mat,3613243,3.613243,0.0137667519115019,0.000951328644535027,3
3315,20221018_110134.mat,3613442,3.613442,0.00387279120888843,0.000951328644535027,3
3316,20221018_110134.mat,3613641,3.613641,0.0010853365131588,0.000951328644535027,3
3317,20221018_110134.mat,3740802,3.740802,0.00319743085516781,0.000951328644535027,3
3318,20221018_110134.mat,3741001,3.741001,0.0026538971921863,0.000951328644535027,3
3319,20221018_110134.mat,3755528,3.755528,0.00171333453306578,0.000951328644535027,3
3320,20221018_110134.mat,3803686,3.803686,0.00327130074635664,0.000951328644535027,3
3321,20221018_110134.mat,3803885,3.803885,0.0105598296826742,0.000951328644535027,3
3322,20221018_110134.mat,3804084,3.804084,0.00145167857709105,0.000951328644535027,3
3323,20221018_110134.mat,3808263,3.808263,0.00187506714497959,0.000951328644535027,3
3324,20221018_110134.mat,3808462,3.808462,0.00282411915589081,0.000951328644535027,3
3325,20221018_110134.mat,3811447,3.811447,0.00135221560637232,0.000951328644535027,3
3326,20221018_110134.mat,3811646,3.811646,0.000971671353405799,0.000951328644535027,3
3327,20221018_110134.mat,3812243,3.812243,0.00557254109406486,0.000951328644535027,3
3328,20221018_110134.mat,3812442,3.812442,0.0104128412938795,0.000951328644535027,3
3329,20221018_110134.mat,3812641,3.812641,0.0016160322648696,0.000951328644535027,3
3330,20221018_110134.mat,3835128,3.835128,0.00230288233957582,0.000951328644535027,3
3331,20221018_110134.mat,3835327,3.835327,0.00214514712879765,0.000951328644535027,3
3332,20221018_110134.mat,3840103,3.840103,0.00177918501661555,0.000951328644535027,3
3333,20221018_110134.mat,3840302,3.840302,0.00213026353465867,0.000951328644535027,3
3334,20221018_110134.mat,3857814,3.857814,0.000977137360389731,0.000951328644535027,3
3335,20221018_110134.mat,3859207,3.859207,0.000975443681752011,0.000951328644535027,3
3336,20221018_110134.mat,3860003,3.860003,0.0044533872986421,0.000951328644535027,3
3337,20221018_110134.mat,3860202,3.860202,0.00306839138554959,0.000951328644535027,3
3338,20221018_110134.mat,3865177,3.865177,0.00661189602590436,0.000951328644535027,3
3339,20221018_110134.mat,3865376,3.865376,0.00303545259480967,0.000951328644535027,3
3340,20221018_110134.mat,3868560,3.86856,0.00703103840955945,0.000951328644535027,3
3341,20221018_110134.mat,3868759,3.868759,0.0010699117160682,0.000951328644535027,3
3342,20221018_110134.mat,3872938,3.872938,0.000951621118008727,0.000951328644535027,3
3343,20221018_110134.mat,3873734,3.873734,0.00394048870259653,0.000951328644535027,3
3344,20221018_110134.mat,3873933,3.873933,0.00106179431977189,0.000951328644535027,3
3345,20221018_110134.mat,3891047,3.891047,0.00276722623607056,0.000951328644535027,3
3346,20221018_110134.mat,3891246,3.891246,0.00100626820142951,0.000951328644535027,3
3347,20221018_110134.mat,3900400,3.9004,0.00277355194388249,0.000951328644535027,3
3348,20221018_110134.mat,3900599,3.900599,0.00157834619189127,0.000951328644535027,3
3349,20221018_110134.mat,3904579,3.904579,0.00103465290353124,0.000951328644535027,3
3350,20221018_110134.mat,3909156,3.909156,0.00269816189557,0.000951328644535027,3
3351,20221018_110134.mat,3909355,3.909355,0.00335618191679825,0.000951328644535027,3
3352,20221018_110134.mat,3909554,3.909554,0.0011943731513826,0.000951328644535027,3
3353,20221018_110134.mat,3910549,3.910549,0.0012282402060848,0.000951328644535027,3
3354,20221018_110134.mat,3910748,3.910748,0.001243841822053,0.000951328644535027,3
3355,20221018_110134.mat,3912738,3.912738,0.000966455394431162,0.000951328644535027,3
3356,20221018_110134.mat,3913932,3.913932,0.00113120568474903,0.000951328644535027,3
3357,20221018_110134.mat,3914330,3.91433,0.00108269617064642,0.000951328644535027,3
3358,20221018_110134.mat,3917912,3.917912,0.000962188723226641,0.000951328644535027,3
3359,20221018_110134.mat,3944976,3.944976,0.00123885295122039,0.000951328644535027,3
3360,20221018_110134.mat,3945175,3.945175,0.00134604791766543,0.000951328644535027,3
3361,20221018_110134.mat,3945573,3.945573,0.00115855565113897,0.000951328644535027,3
3362,20221018_110134.mat,3947762,3.947762,0.000961019407802052,0.000951328644535027,3
3363,20221018_110134.mat,3947961,3.947961,0.00104263572730917,0.000951328644535027,3
3364,20221018_110134.mat,3958110,3.95811,0.0010633197046299,0.000951328644535027,3
3365,20221018_110134.mat,3998706,3.998706,0.00112224217977858,0.000951328644535027,3
3366,20221018_110134.mat,4002686,4.002686,0.0889666077924043,0.000951328644535027,3
3367,20221018_110134.mat,4002885,4.002885,0.00595064602180489,0.000951328644535027,3
3368,20221018_110134.mat,4003084,4.003084,0.00153620989752662,0.000951328644535027,3
3369,20221018_110134.mat,4023780,4.02378,0.000962154723035415,0.000951328644535027,3
3370,20221018_110134.mat,4038705,4.038705,0.00472661455680312,0.000951328644535027,3
3371,20221018_110134.mat,4038904,4.038904,0.00111457717565377,0.000951328644535027,3
3372,20221018_110134.mat,4059600,4.0596,0.00266014604153022,0.000951328644535027,3
3373,20221018_110134.mat,4061988,4.061988,0.00251412960597917,0.000951328644535027,3
3374,20221018_110134.mat,4062784,4.062784,0.00157240327553634,0.000951328644535027,3
3375,20221018_110134.mat,4062983,4.062983,0.00302953474577571,0.000951328644535027,3
3376,20221018_110134.mat,4070346,4.070346,0.00309520185002725,0.000951328644535027,3
3377,20221018_110134.mat,4070545,4.070545,0.00132458532603088,0.000951328644535027,3
3378,20221018_110134.mat,4073132,4.073132,0.00163157132831618,0.000951328644535027,3
3379,20221018_110134.mat,4075520,4.07552,0.0010276159678953,0.000951328644535027,3
3380,20221018_110134.mat,4075719,4.075719,0.00147589162219613,0.000951328644535027,3
3381,20221018_110134.mat,4086067,4.086067,0.00134468190074954,0.000951328644535027,3
3382,20221018_110134.mat,4105171,4.105171,0.00106755523522739,0.000951328644535027,3
3383,20221018_110134.mat,4107758,4.107758,0.00602615403146224,0.000951328644535027,3
3384,20221018_110134.mat,4107957,4.107957,0.00653120835232896,0.000951328644535027,3
3385,20221018_110134.mat,4108156,4.108156,0.00138553450660992,0.000951328644535027,3
3386,20221018_110134.mat,4113330,4.11333,0.00249285822162445,0.000951328644535027,3
3387,20221018_110134.mat,4113529,4.113529,0.00398697783982573,0.000951328644535027,3
3388,20221018_110134.mat,4121091,4.121091,0.00103712513556647,0.000951328644535027,3
3389,20221018_110134.mat,4155518,4.155518,0.00108763892080723,0.000951328644535027,3
3390,20221018_110134.mat,4155717,4.155717,0.000975115548231897,0.000951328644535027,3
3391,20221018_110134.mat,4184572,4.184572,0.00504394997665007,0.000951328644535027,3
3392,20221018_110134.mat,4184771,4.184771,0.0022556232884752,0.000951328644535027,3
3393,20221018_110134.mat,4187557,4.187557,0.00111025514048221,0.000951328644535027,3
3394,20221018_110134.mat,4208253,4.208253,0.00205425757450564,0.000951328644535027,3
3395,20221018_110134.mat,4220392,4.220392,0.00097612891726354,0.000951328644535027,3
3396,20221018_110134.mat,4221984,4.221984,0.00102878378673285,0.000951328644535027,3
3397,20221018_110134.mat,4228153,4.228153,0.00182962586897962,0.000951328644535027,3
3398,20221018_110134.mat,4228352,4.228352,0.00540996745750599,0.000951328644535027,3
3399,20221018_110134.mat,4234123,4.234123,0.00135742061626653,0.000951328644535027,3
3400,20221018_110134.mat,4234322,4.234322,0.00112658865016899,0.000951328644535027,3
3401,20221018_110134.mat,4237506,4.237506,0.00214151907905957,0.000951328644535027,3
3402,20221018_110134.mat,4237705,4.237705,0.00500071360985304,0.000951328644535027,3
3403,20221018_110134.mat,4277505,4.277505,0.00100912419724087,0.000951328644535027,3
3404,20221018_110134.mat,4280092,4.280092,0.00344740837977703,0.000951328644535027,3
3405,20221018_110134.mat,4280291,4.280291,0.00922446388599734,0.000951328644535027,3
3406,20221018_110134.mat,4280490,4.28049,0.00146069583779555,0.000951328644535027,3
3407,20221018_110134.mat,4280689,4.280689,0.000984960591846709,0.000951328644535027,3
3408,20221018_110134.mat,4284470,4.28447,0.00133948579039688,0.000951328644535027,3
3409,20221018_110134.mat,4284669,4.284669,0.000960733720695289,0.000951328644535027,3
3410,20221018_110134.mat,4289246,4.289246,0.00106231199879783,0.000951328644535027,3
3411,20221018_110134.mat,4289445,4.289445,0.00569449481690627,0.000951328644535027,3
3412,20221018_110134.mat,4289644,4.289644,0.00169571645284968,0.000951328644535027,3
3413,20221018_110134.mat,4296012,4.296012,0.00191643633816181,0.000951328644535027,3
3414,20221018_110134.mat,4310539,4.310539,0.00157103610956905,0.000951328644535027,3
3415,20221018_110134.mat,4367453,4.367453,0.000978863463561524,0.000951328644535027,3
3416,20221018_110134.mat,4399293,4.399293,0.0546808655422194,0.000951328644535027,3
3417,20221018_110134.mat,4399492,4.399492,0.0465605370244213,0.000951328644535027,3
3418,20221018_110134.mat,4399691,4.399691,0.00722015125636279,0.000951328644535027,3
3419,20221018_110134.mat,4399890,4.39989,0.00282805486915389,0.000951328644535027,3
3420,20221018_110134.mat,4407253,4.407253,0.00157835810654579,0.000951328644535027,3
3421,20221018_110134.mat,4407452,4.407452,0.000972736241122483,0.000951328644535027,3
3422,20221018_110134.mat,4458197,4.458197,0.00133296865937332,0.000951328644535027,3
3423,20221018_110134.mat,4463371,4.463371,0.0111130821140081,0.000951328644535027,3
3424,20221018_110134.mat,4463570,4.46357,0.00603186331421996,0.000951328644535027,3
3425,20221018_110134.mat,4517101,4.517101,0.00097804328820931,0.000951328644535027,3
3426,20221018_110134.mat,4537399,4.537399,0.00407680535264583,0.000951328644535027,3
3427,20221018_110134.mat,4537598,4.537598,0.00515982685989209,0.000951328644535027,3
3428,20221018_110134.mat,4537797,4.537797,0.00105398765479921,0.000951328644535027,3
3429,20221018_110134.mat,4553717,4.553717,0.0141370258337521,0.000951328644535027,3
3430,20221018_110134.mat,4553916,4.553916,0.00430330690340328,0.000951328644535027,3
3431,20221018_110134.mat,4554115,4.554115,0.0010365136151553,0.000951328644535027,3
3432,20221018_110134.mat,4584164,4.584164,0.000969269242478566,0.000951328644535027,3
3433,20221018_110134.mat,4609039,4.609039,0.00512428606565589,0.000951328644535027,3
3434,20221018_110134.mat,4680480,4.68048,0.0138273948124961,0.000951328644535027,3
3435,20221018_110134.mat,4680679,4.680679,0.00187518808441979,0.000951328644535027,3
3436,20221018_110134.mat,4680878,4.680878,0.00103122595589298,0.000951328644535027,3
3437,20221018_110134.mat,4702768,4.702768,0.0160850223112956,0.000951328644535027,3
3438,20221018_110134.mat,4702967,4.702967,0.00386929598135304,0.000951328644535027,3
3439,20221018_110134.mat,4703166,4.703166,0.00154579045669316,0.000951328644535027,3
3440,20221018_110134.mat,4745951,4.745951,0.00184277457587513,0.000951328644535027,3
3441,20221018_110134.mat,4773811,4.773811,0.00206233233564523,0.000951328644535027,3
3442,20221018_110134.mat,4791721,4.791721,0.00154530138625719,0.000951328644535027,3
3443,20221018_110134.mat,4791920,4.79192,0.000977300533288288,0.000951328644535027,3
3444,20221018_110134.mat,4792517,4.792517,0.00356576712745268,0.000951328644535027,3
3445,20221018_110134.mat,4792716,4.792716,0.00272633797598795,0.000951328644535027,3
3446,20221018_110134.mat,4799681,4.799681,0.0161909457893334,0.000951328644535027,3
3447,20221018_110134.mat,4799880,4.79988,0.00253713544753055,0.000951328644535027,3
3448,20221018_110134.mat,4800079,4.800079,0.000986720260137792,0.000951328644535027,3
3449,20221018_110134.mat,4804059,4.804059,0.0124145560384669,0.000951328644535027,3
3450,20221018_110134.mat,4804258,4.804258,0.0151494205562391,0.000951328644535027,3
3451,20221018_110134.mat,4804457,4.804457,0.00204395257793132,0.000951328644535027,3
3452,20221018_110134.mat,4804656,4.804656,0.000977364405327038,0.000951328644535027,3
3453,20221018_110134.mat,4819581,4.819581,0.00121735270698682,0.000951328644535027,3
3454,20221018_110134.mat,4862764,4.862764,0.00429376840834196,0.000951328644535027,3
3455,20221018_110134.mat,4862963,4.862963,0.00118887093493916,0.000951328644535027,3
3456,20221018_110134.mat,4881868,4.881868,0.00224912050098331,0.000951328644535027,3
3457,20221018_110134.mat,4882067,4.882067,0.00133279175797896,0.000951328644535027,3
3458,20221018_110134.mat,4925250,4.92525,0.00147968276633253,0.000951328644535027,3
3459,20221018_110134.mat,4928235,4.928235,0.00265234455196466,0.000951328644535027,3
3460,20221018_110134.mat,4928434,4.928434,0.00175402245294546,0.000951328644535027,3
3461,20221018_110134.mat,4990323,4.990323,0.00119136657709381,0.000951328644535027,3
3462,20221018_110139.mat,24477,0.024477,0.00111452992545516,0.000955461725704171,3
3463,20221018_110139.mat,24676,0.024676,0.00139115651795738,0.000955461725704171,3
3464,20221018_110139.mat,58904,0.058904,0.00119953135506417,0.000955461725704171,3
3465,20221018_110139.mat,59103,0.059103,0.012707256840777,0.000955461725704171,3
3466,20221018_110139.mat,59302,0.059302,0.00152655798021462,0.000955461725704171,3
3467,20221018_110139.mat,78605,0.078605,0.0161316710815757,0.000955461725704171,3
3468,20221018_110139.mat,78804,0.078804,0.00710239264267037,0.000955461725704171,3
3469,20221018_110139.mat,79003,0.079003,0.00160147631874567,0.000955461725704171,3
3470,20221018_110139.mat,213527,0.213527,0.0015647432735841,0.000955461725704171,3
3471,20221018_110139.mat,218701,0.218701,0.0100928451244385,0.000955461725704171,3
3472,20221018_110139.mat,218900,0.2189,0.00422560934024715,0.000955461725704171,3
3473,20221018_110139.mat,220691,0.220691,0.030661156964664,0.000955461725704171,3
3474,20221018_110139.mat,220890,0.22089,0.00277511572619583,0.000955461725704171,3
3475,20221018_110139.mat,221089,0.221089,0.00172956543439868,0.000955461725704171,3
3476,20221018_110139.mat,248750,0.24875,0.0109934738080556,0.000955461725704171,3
3477,20221018_110139.mat,248949,0.248949,0.00407810950627054,0.000955461725704171,3
3478,20221018_110139.mat,249148,0.249148,0.00109541374641026,0.000955461725704171,3
3479,20221018_110139.mat,334519,0.334519,0.00101281420270473,0.000955461725704171,3
3480,20221018_110139.mat,343275,0.343275,0.00231116211540405,0.000955461725704171,3
3481,20221018_110139.mat,345066,0.345066,0.00212887289484586,0.000955461725704171,3
3482,20221018_110139.mat,345265,0.345265,0.00885387058624893,0.000955461725704171,3
3483,20221018_110139.mat,345464,0.345464,0.00150473730474806,0.000955461725704171,3
3484,20221018_110139.mat,354220,0.35422,0.00925222114341566,0.000955461725704171,3
3485,20221018_110139.mat,354419,0.354419,0.0496289127611109,0.000955461725704171,3
3486,20221018_110139.mat,354618,0.354618,0.878635789833423,0.000955461725704171,3
3487,20221018_110139.mat,354817,0.354817,0.313149695848881,0.000955461725704171,3
3488,20221018_110139.mat,355016,0.355016,0.0478643082739455,0.000955461725704171,3
3489,20221018_110139.mat,355215,0.355215,0.0151212231060286,0.000955461725704171,3
3490,20221018_110139.mat,355414,0.355414,0.00447734673512509,0.000955461725704171,3
3491,20221018_110139.mat,355613,0.355613,0.0110965235446016,0.000955461725704171,3
3492,20221018_110139.mat,355812,0.355812,0.00174733964111115,0.000955461725704171,3
3493,20221018_110139.mat,356807,0.356807,0.00101824794717162,0.000955461725704171,3
3494,20221018_110139.mat,357802,0.357802,0.00122952913475382,0.000955461725704171,3
3495,20221018_110139.mat,358001,0.358001,0.00101776335244165,0.000955461725704171,3
3496,20221018_110139.mat,359991,0.359991,0.00109247114817181,0.000955461725704171,3
3497,20221018_110139.mat,380090,0.38009,0.00503214470625919,0.000955461725704171,3
3498,20221018_110139.mat,380289,0.380289,0.00222350846143015,0.000955461725704171,3
3499,20221018_110139.mat,385861,0.385861,0.0115324076575191,0.000955461725704171,3
3500,20221018_110139.mat,386060,0.38606,0.00200380552627202,0.000955461725704171,3
3501,20221018_110139.mat,412527,0.412527,0.00133546693798472,0.000955461725704171,3
3502,20221018_110139.mat,413920,0.41392,0.0203795005038422,0.000955461725704171,3
3503,20221018_110139.mat,414119,0.414119,0.0133753106522429,0.000955461725704171,3
3504,20221018_110139.mat,414318,0.414318,0.00141828292666609,0.000955461725704171,3
3505,20221018_110139.mat,414517,0.414517,0.00104867459043744,0.000955461725704171,3
3506,20221018_110139.mat,424666,0.424666,0.00256219670180429,0.000955461725704171,3
3507,20221018_110139.mat,425860,0.42586,0.00128521791978259,0.000955461725704171,3
3508,20221018_110139.mat,426059,0.426059,0.00185345021797826,0.000955461725704171,3
3509,20221018_110139.mat,458098,0.458098,0.0075267423771677,0.000955461725704171,3
3510,20221018_110139.mat,458297,0.458297,0.00936740647137374,0.000955461725704171,3
3511,20221018_110139.mat,458496,0.458496,0.00124175823572201,0.000955461725704171,3
3512,20221018_110139.mat,458695,0.458695,0.00144371668609217,0.000955461725704171,3
3513,20221018_110139.mat,469640,0.46964,0.00285879903735377,0.000955461725704171,3
3514,20221018_110139.mat,473421,0.473421,0.0101451686573533,0.000955461725704171,3
3515,20221018_110139.mat,473620,0.47362,0.0164918187847434,0.000955461725704171,3
3516,20221018_110139.mat,473819,0.473819,0.0026613014530273,0.000955461725704171,3
3517,20221018_110139.mat,511430,0.51143,0.00123869292109489,0.000955461725704171,3
3518,20221018_110139.mat,514813,0.514813,0.0206382669943394,0.000955461725704171,3
3519,20221018_110139.mat,515012,0.515012,0.00448186974643058,0.000955461725704171,3
3520,20221018_110139.mat,525360,0.52536,0.00127863096314338,0.000955461725704171,3
3521,20221018_110139.mat,525559,0.525559,0.00167581532013139,0.000955461725704171,3
3522,20221018_110139.mat,527947,0.527947,0.00100009175050324,0.000955461725704171,3
3523,20221018_110139.mat,528146,0.528146,0.000979803427243552,0.000955461725704171,3
3524,20221018_110139.mat,557399,0.557399,0.00133729702672947,0.000955461725704171,3
3525,20221018_110139.mat,608542,0.608542,0.00139960489689052,0.000955461725704171,3
3526,20221018_110139.mat,608741,0.608741,0.0010104183819455,0.000955461725704171,3
3527,20221018_110139.mat,610532,0.610532,0.032097991147554,0.000955461725704171,3
3528,20221018_110139.mat,610731,0.610731,0.0110763843538487,0.000955461725704171,3
3529,20221018_110139.mat,610930,0.61093,0.00419288701805932,0.000955461725704171,3
3530,20221018_110139.mat,611129,0.611129,0.00135165982296862,0.000955461725704171,3
3531,20221018_110139.mat,612522,0.612522,0.00943940058022781,0.000955461725704171,3
3532,20221018_110139.mat,612721,0.612721,0.00153816480161655,0.000955461725704171,3
3533,20221018_110139.mat,616502,0.616502,0.0031262118290475,0.000955461725704171,3
3534,20221018_110139.mat,616701,0.616701,0.0217749147116434,0.000955461725704171,3
3535,20221018_110139.mat,616900,0.6169,0.00301885656607373,0.000955461725704171,3
3536,20221018_110139.mat,617099,0.617099,0.00144682157728022,0.000955461725704171,3
3537,20221018_110139.mat,621477,0.621477,0.00271967829578476,0.000955461725704171,3
3538,20221018_110139.mat,621676,0.621676,0.00214805300624172,0.000955461725704171,3
3539,20221018_110139.mat,628442,0.628442,0.000996800320615854,0.000955461725704171,3
3540,20221018_110139.mat,638193,0.638193,0.00279686930206297,0.000955461725704171,3
3541,20221018_110139.mat,638392,0.638392,0.00143666753336756,0.000955461725704171,3
3542,20221018_110139.mat,657894,0.657894,0.0113534437517516,0.000955461725704171,3
3543,20221018_110139.mat,658093,0.658093,0.0118843666876961,0.000955461725704171,3
3544,20221018_110139.mat,658292,0.658292,0.00154826696245149,0.000955461725704171,3
3545,20221018_110139.mat,670232,0.670232,0.00400662411325599,0.000955461725704171,3
3546,20221018_110139.mat,670431,0.670431,0.0124697157407799,0.000955461725704171,3
3547,20221018_110139.mat,670630,0.67063,0.00191074330338883,0.000955461725704171,3
3548,20221018_110139.mat,692321,0.692321,0.000975410043253301,0.000955461725704171,3
3549,20221018_110139.mat,703863,0.703863,0.00175876655269591,0.000955461725704171,3
3550,20221018_110139.mat,704062,0.704062,0.0206910621490981,0.000955461725704171,3
3551,20221018_110139.mat,704261,0.704261,0.00226610587266722,0.000955461725704171,3
3552,20221018_110139.mat,704460,0.70446,0.00138513795438006,0.000955461725704171,3
3553,20221018_110139.mat,718390,0.71839,0.000979841122205738,0.000955461725704171,3
3554,20221018_110139.mat,815502,0.815502,0.00255561469851776,0.000955461725704171,3
3555,20221018_110139.mat,833810,0.83381,0.0116953141778876,0.000955461725704171,3
3556,20221018_110139.mat,834009,0.834009,0.00246598234149555,0.000955461725704171,3
3557,20221018_110139.mat,853909,0.853909,0.00752908152553678,0.000955461725704171,3
3558,20221018_110139.mat,854108,0.854108,0.0013677960210648,0.000955461725704171,3
3559,20221018_110139.mat,896694,0.896694,0.0215365672400776,0.000955461725704171,3
3560,20221018_110139.mat,896893,0.896893,0.0577833779498402,0.000955461725704171,3
3561,20221018_110139.mat,897092,0.897092,0.00389221067390899,0.000955461725704171,3
3562,20221018_110139.mat,897291,0.897291,0.0013087800410307,0.000955461725704171,3
3563,20221018_110139.mat,919579,0.919579,0.00488506271018486,0.000955461725704171,3
3564,20221018_110139.mat,919778,0.919778,0.00323222186700925,0.000955461725704171,3
3565,20221018_110139.mat,935897,0.935897,0.00111363789335946,0.000955461725704171,3
3566,20221018_110139.mat,951220,0.95122,0.0159927536409317,0.000955461725704171,3
3567,20221018_110139.mat,951419,0.951419,0.00218904984330025,0.000955461725704171,3
3568,20221018_110139.mat,954603,0.954603,0.00613200225763298,0.000955461725704171,3
3569,20221018_110139.mat,954802,0.954802,0.00975069374415509,0.000955461725704171,3
3570,20221018_110139.mat,955001,0.955001,0.00150298860956635,0.000955461725704171,3
3571,20221018_110139.mat,981070,0.98107,0.00594419237949655,0.000955461725704171,3
3572,20221018_110139.mat,981269,0.981269,0.00986928967546402,0.000955461725704171,3
3573,20221018_110139.mat,981468,0.981468,0.00133002743735628,0.000955461725704171,3
3574,20221018_110139.mat,1017686,1.017686,0.00736164076082486,0.000955461725704171,3
3575,20221018_110139.mat,1017885,1.017885,0.00258326797825537,0.000955461725704171,3
3576,20221018_110139.mat,1088729,1.088729,0.0291401241796915,0.000955461725704171,3
3577,20221018_110139.mat,1088928,1.088928,0.0056547181404718,0.000955461725704171,3
3578,20221018_110139.mat,1089127,1.089127,0.0011263139664063,0.000955461725704171,3
3579,20221018_110139.mat,1140469,1.140469,0.00150270398114063,0.000955461725704171,3
3580,20221018_110139.mat,1140668,1.140668,0.00122658965842234,0.000955461725704171,3
3581,20221018_110139.mat,1141464,1.141464,0.00215149007625038,0.000955461725704171,3
3582,20221018_110139.mat,1157981,1.157981,0.00121967438101039,0.000955461725704171,3
3583,20221018_110139.mat,1170518,1.170518,0.0022851076708349,0.000955461725704171,3
3584,20221018_110139.mat,1240168,1.240168,0.0425714550899475,0.000955461725704171,3
3585,20221018_110139.mat,1240367,1.240367,0.00723483178544681,0.000955461725704171,3
3586,20221018_110139.mat,1240566,1.240566,0.00370687102918391,0.000955461725704171,3
3587,20221018_110139.mat,1240765,1.240765,0.00101847258716148,0.000955461725704171,3
3588,20221018_110139.mat,1249123,1.249123,0.291655757706574,0.000955461725704171,3
3589,20221018_110139.mat,1249322,1.249322,0.434584617658919,0.000955461725704171,3
3590,20221018_110139.mat,1249521,1.249521,0.042273777810275,0.000955461725704171,3
3591,20221018_110139.mat,1249720,1.24972,0.0202731362701102,0.000955461725704171,3
3592,20221018_110139.mat,1249919,1.249919,0.00551045488186889,0.000955461725704171,3
3593,20221018_110139.mat,1250118,1.250118,0.0012640331965645,0.000955461725704171,3
3594,20221018_110139.mat,1258277,1.258277,0.0022214764921557,0.000955461725704171,3
3595,20221018_110139.mat,1258476,1.258476,0.00121686239698592,0.000955461725704171,3
3596,20221018_110139.mat,1261660,1.26166,0.00611643514995611,0.000955461725704171,3
3597,20221018_110139.mat,1261859,1.261859,0.00129239750708701,0.000955461725704171,3
3598,20221018_110139.mat,1306634,1.306634,0.00136032594446118,0.000955461725704171,3
3599,20221018_110139.mat,1374692,1.374692,0.00112158779031796,0.000955461725704171,3
3600,20221018_110139.mat,1404343,1.404343,0.00245044829612444,0.000955461725704171,3
3601,20221018_110139.mat,1404542,1.404542,0.00157380029478621,0.000955461725704171,3
3602,20221018_110139.mat,1428024,1.428024,0.0645315714990319,0.000955461725704171,3
3603,20221018_110139.mat,1428223,1.428223,0.0324519545529447,0.000955461725704171,3
3604,20221018_110139.mat,1428422,1.428422,0.00863225406903112,0.000955461725704171,3
3605,20221018_110139.mat,1428621,1.428621,0.00329929043941759,0.000955461725704171,3
3606,20221018_110139.mat,1430611,1.430611,0.00208195032284102,0.000955461725704171,3
3607,20221018_110139.mat,1430810,1.43081,0.00101572006352846,0.000955461725704171,3
3608,20221018_110139.mat,1502649,1.502649,0.00193772514389785,0.000955461725704171,3
3609,20221018_110139.mat,1502848,1.502848,0.00789247164736541,0.000955461725704171,3
3610,20221018_110139.mat,1503047,1.503047,0.00129700701124396,0.000955461725704171,3
3611,20221018_110139.mat,1519365,1.519365,0.0203593504064661,0.000955461725704171,3
3612,20221018_110139.mat,1519564,1.519564,0.00552091524303447,0.000955461725704171,3
3613,20221018_110139.mat,1519763,1.519763,0.0014753868898641,0.000955461725704171,3
3614,20221018_110139.mat,1583045,1.583045,0.0685507164377484,0.000955461725704171,3
3615,20221018_110139.mat,1583244,1.583244,0.0293956592642302,0.000955461725704171,3
3616,20221018_110139.mat,1583443,1.583443,0.00906708086956828,0.000955461725704171,3
3617,20221018_110139.mat,1583642,1.583642,0.00313015674825488,0.000955461725704171,3
3618,20221018_110139.mat,1588418,1.588418,0.00104970693551502,0.000955461725704171,3
3619,20221018_110139.mat,1588617,1.588617,0.00115480706928082,0.000955461725704171,3
3620,20221018_110139.mat,1591005,1.591005,0.00110708161574268,0.000955461725704171,3
3621,20221018_110139.mat,1596577,1.596577,0.00621385653209348,0.000955461725704171,3
3622,20221018_110139.mat,1596776,1.596776,0.00196139341829566,0.000955461725704171,3
3623,20221018_110139.mat,1596975,1.596975,0.00123240212669599,0.000955461725704171,3
3624,20221018_110139.mat,1597174,1.597174,0.00118206562923902,0.000955461725704171,3
3625,20221018_110139.mat,1630009,1.630009,0.00120740467210061,0.000955461725704171,3
3626,20221018_110139.mat,1642745,1.642745,0.001236156542447,0.000955461725704171,3
3627,20221018_110139.mat,1657869,1.657869,0.101985520603169,0.000955461725704171,3
3628,20221018_110139.mat,1658068,1.658068,0.0464608599525348,0.000955461725704171,3
3629,20221018_110139.mat,1658267,1.658267,0.012690714554579,0.000955461725704171,3
3630,20221018_110139.mat,1658466,1.658466,0.00470810315993602,0.000955461725704171,3
3631,20221018_110139.mat,1658665,1.658665,0.00108857967452568,0.000955461725704171,3
3632,20221018_110139.mat,1696077,1.696077,0.00111730988737,0.000955461725704171,3
3633,20221018_110139.mat,1712992,1.712992,0.00195635401877508,0.000955461725704171,3
3634,20221018_110139.mat,1713191,1.713191,0.00107476678984156,0.000955461725704171,3
3635,20221018_110139.mat,1729708,1.729708,0.00126756609674757,0.000955461725704171,3
3636,20221018_110139.mat,1750006,1.750006,0.0760782889297656,0.000955461725704171,3
3637,20221018_110139.mat,1750205,1.750205,0.0134565847144111,0.000955461725704171,3
3638,20221018_110139.mat,1750404,1.750404,0.00730878073061567,0.000955461725704171,3
3639,20221018_110139.mat,1750603,1.750603,0.00148498823035192,0.000955461725704171,3
3640,20221018_110139.mat,1758165,1.758165,0.0010496791135052,0.000955461725704171,3
3641,20221018_110139.mat,1760354,1.760354,0.107200358560418,0.000955461725704171,3
3642,20221018_110139.mat,1760553,1.760553,0.0632215054925059,0.000955461725704171,3
3643,20221018_110139.mat,1760752,1.760752,0.0145534365927763,0.000955461725704171,3
3644,20221018_110139.mat,1760951,1.760951,0.00651508207183151,0.000955461725704171,3
3645,20221018_110139.mat,1761150,1.76115,0.00101790090720761,0.000955461725704171,3
3646,20221018_110139.mat,1795179,1.795179,0.00100742447554938,0.000955461725704171,3
3647,20221018_110139.mat,1823437,1.823437,0.0071811234917342,0.000955461725704171,3
3648,20221018_110139.mat,1823636,1.823636,0.00176043341030028,0.000955461725704171,3
3649,20221018_110139.mat,1962737,1.962737,0.000960944054649274,0.000955461725704171,3
3650,20221018_110139.mat,1962936,1.962936,0.00177066147332863,0.000955461725704171,3
3651,20221018_110139.mat,2057063,2.057063,0.000959570412700015,0.000955461725704171,3
3652,20221018_110139.mat,2082933,2.082933,0.00137201203453474,0.000955461725704171,3
3653,20221018_110139.mat,2116962,2.116962,0.00277646942568219,0.000955461725704171,3
3654,20221018_110139.mat,2117161,2.117161,0.000988756349456083,0.000955461725704171,3
3655,20221018_110139.mat,2144822,2.144822,0.00110662996982875,0.000955461725704171,3
3656,20221018_110139.mat,2204920,2.20492,0.00770443337881389,0.000955461725704171,3
3657,20221018_110139.mat,2205119,2.205119,0.0019074943096372,0.000955461725704171,3
3658,20221018_110139.mat,2217656,2.217656,0.00434345501821075,0.000955461725704171,3
3659,20221018_110139.mat,2217855,2.217855,0.00786803903531685,0.000955461725704171,3
3660,20221018_110139.mat,2218054,2.218054,0.00236539446848208,0.000955461725704171,3
3661,20221018_110139.mat,2273973,2.273973,0.000968832112483602,0.000955461725704171,3
3662,20221018_110139.mat,2274172,2.274172,0.00131383728735304,0.000955461725704171,3
3663,20221018_110139.mat,2318350,2.31835,0.00149183459787641,0.000955461725704171,3
3664,20221018_110139.mat,2318549,2.318549,0.0053174365264384,0.000955461725704171,3
3665,20221018_110139.mat,2318748,2.318748,0.00107896764779364,0.000955461725704171,3
3666,20221018_110139.mat,2335265,2.335265,0.0010367694698806,0.000955461725704171,3
3667,20221018_110139.mat,2337852,2.337852,0.00931285743439959,0.000955461725704171,3
3668,20221018_110139.mat,2338051,2.338051,0.0061945561081889,0.000955461725704171,3
3669,20221018_110139.mat,2344817,2.344817,0.0731174347036889,0.000955461725704171,3
3670,20221018_110139.mat,2345016,2.345016,0.0160850194650084,0.000955461725704171,3
3671,20221018_110139.mat,2345215,2.345215,0.0014928518155958,0.000955461725704171,3
3672,20221018_110139.mat,2358349,2.358349,0.00131681182673668,0.000955461725704171,3
3673,20221018_110139.mat,2358548,2.358548,0.00108565916695711,0.000955461725704171,3
3674,20221018_110139.mat,2376458,2.376458,0.000970496557522268,0.000955461725704171,3
3675,20221018_110139.mat,2424616,2.424616,0.00551439783958406,0.000955461725704171,3
3676,20221018_110139.mat,2508594,2.508594,0.00401143550050367,0.000955461725704171,3
3677,20221018_110139.mat,2508793,2.508793,0.0126303964260212,0.000955461725704171,3
3678,20221018_110139.mat,2508992,2.508992,0.00121214913574703,0.000955461725704171,3
3679,20221018_110139.mat,2510186,2.510186,0.00161765778434864,0.000955461725704171,3
3680,20221018_110139.mat,2526305,2.526305,0.000960023540855485,0.000955461725704171,3
3681,20221018_110139.mat,2553369,2.553369,0.00925122015801621,0.000955461725704171,3
3682,20221018_110139.mat,2553568,2.553568,0.00385715539608874,0.000955461725704171,3
3683,20221018_110139.mat,2596154,2.596154,0.0010130765059006,0.000955461725704171,3
3684,20221018_110139.mat,2597945,2.597945,0.00633276411466909,0.000955461725704171,3
3685,20221018_110139.mat,2598144,2.598144,0.00361000689254989,0.000955461725704171,3
3686,20221018_110139.mat,2598343,2.598343,0.00114923771579672,0.000955461725704171,3
3687,20221018_110139.mat,2620034,2.620034,0.00108557793654321,0.000955461725704171,3
3688,20221018_110139.mat,2639934,2.639934,0.00895300542986274,0.000955461725704171,3
3689,20221018_110139.mat,2640133,2.640133,0.0073021863737819,0.000955461725704171,3
3690,20221018_110139.mat,2640332,2.640332,0.00099085639668437,0.000955461725704171,3
3691,20221018_110139.mat,2676152,2.676152,0.0100805076095142,0.000955461725704171,3
3692,20221018_110139.mat,2676351,2.676351,0.00152470455518902,0.000955461725704171,3
3693,20221018_110139.mat,2715753,2.715753,0.00127422193794889,0.000955461725704171,3
3694,20221018_110139.mat,2787592,2.787592,0.00155098206409997,0.000955461725704171,3
3695,20221018_110139.mat,2787791,2.787791,0.00120972159963619,0.000955461725704171,3
3696,20221018_110139.mat,2793761,2.793761,0.00223012252279153,0.000955461725704171,3
3697,20221018_110139.mat,2793960,2.79396,0.00168191129241964,0.000955461725704171,3
3698,20221018_110139.mat,2833561,2.833561,0.00346354016657131,0.000955461725704171,3
3699,20221018_110139.mat,2833760,2.83376,0.00101108208076204,0.000955461725704171,3
3700,20221018_110139.mat,2934653,2.934653,0.00182235087362389,0.000955461725704171,3
3701,20221018_110139.mat,2934852,2.934852,0.00164942724405155,0.000955461725704171,3
3702,20221018_110139.mat,2936444,2.936444,0.0233924743949778,0.000955461725704171,3
3703,20221018_110139.mat,2936643,2.936643,0.00275428739793886,0.000955461725704171,3
3704,20221018_110139.mat,2977438,2.977438,0.0185625812032281,0.000955461725704171,3
3705,20221018_110139.mat,2977637,2.977637,0.0105435399217265,0.000955461725704171,3
3706,20221018_110139.mat,2977836,2.977836,0.0012797836432937,0.000955461725704171,3
3707,20221018_110139.mat,3036740,3.03674,0.00206743347919403,0.000955461725704171,3
3708,20221018_110139.mat,3036939,3.036939,0.00257181737202524,0.000955461725704171,3
3709,20221018_110139.mat,3058829,3.058829,0.00752628729539527,0.000955461725704171,3
3710,20221018_110139.mat,3059028,3.059028,0.000963119019846367,0.000955461725704171,3
3711,20221018_110139.mat,3066590,3.06659,0.00234016138218649,0.000955461725704171,3
3712,20221018_110139.mat,3066789,3.066789,0.00107277709570907,0.000955461725704171,3
3713,20221018_110139.mat,3068580,3.06858,0.00279776253800161,0.000955461725704171,3
3714,20221018_110139.mat,3068779,3.068779,0.00212570758104647,0.000955461725704171,3
3715,20221018_110139.mat,3076938,3.076938,0.0104977855831543,0.000955461725704171,3
3716,20221018_110139.mat,3077137,3.077137,0.00293110425529716,0.000955461725704171,3
3717,20221018_110139.mat,3077336,3.077336,0.00112207423980737,0.000955461725704171,3
3718,20221018_110139.mat,3179622,3.179622,0.00203925275379128,0.000955461725704171,3
3719,20221018_110139.mat,3179821,3.179821,0.00235180661903971,0.000955461725704171,3
3720,20221018_110139.mat,3261610,3.26161,0.00231059131488942,0.000955461725704171,3
3721,20221018_110139.mat,3295241,3.295241,0.000979420256269455,0.000955461725704171,3
3722,20221018_110139.mat,3305191,3.305191,0.00097320988511932,0.000955461725704171,3
3723,20221018_110139.mat,3337628,3.337628,0.00111864160980277,0.000955461725704171,3
3724,20221018_110139.mat,3365289,3.365289,0.00105080910960683,0.000955461725704171,3
3725,20221018_110139.mat,3374841,3.374841,0.0113811489971406,0.000955461725704171,3
3726,20221018_110139.mat,3375040,3.37504,0.014563727468265,0.000955461725704171,3
3727,20221018_110139.mat,3375239,3.375239,0.00266757558338192,0.000955461725704171,3
3728,20221018_110139.mat,3376433,3.376433,0.0029749151485741,0.000955461725704171,3
3729,20221018_110139.mat,3376632,3.376632,0.00203769847776829,0.000955461725704171,3
3730,20221018_110139.mat,3417626,3.417626,0.0010781208182189,0.000955461725704171,3
3731,20221018_110139.mat,3418621,3.418621,0.00438999657415317,0.000955461725704171,3
3732,20221018_110139.mat,3418820,3.41882,0.00207769929852398,0.000955461725704171,3
3733,20221018_110139.mat,3423994,3.423994,0.000960522361170431,0.000955461725704171,3
3734,20221018_110139.mat,3474739,3.474739,0.00205815043581279,0.000955461725704171,3
3735,20221018_110139.mat,3485087,3.485087,0.000970488592707123,0.000955461725704171,3
3736,20221018_110139.mat,3494241,3.494241,0.0176192220991941,0.000955461725704171,3
3737,20221018_110139.mat,3494440,3.49444,0.0491081036303888,0.000955461725704171,3
3738,20221018_110139.mat,3494639,3.494639,0.00276568825696355,0.000955461725704171,3
3739,20221018_110139.mat,3494838,3.494838,0.000976768738357761,0.000955461725704171,3
3740,20221018_110139.mat,3511355,3.511355,0.00372171033915965,0.000955461725704171,3
3741,20221018_110139.mat,3522101,3.522101,0.00100201290170767,0.000955461725704171,3
3742,20221018_110139.mat,3542001,3.542001,0.0166019590594494,0.000955461725704171,3
3743,20221018_110139.mat,3542200,3.5422,0.0625740169232849,0.000955461725704171,3
3744,20221018_110139.mat,3542399,3.542399,0.00581852199433118,0.000955461725704171,3
3745,20221018_110139.mat,3542598,3.542598,0.00151812299947165,0.000955461725704171,3
3746,20221018_110139.mat,3560707,3.560707,0.00132962869818885,0.000955461725704171,3
3747,20221018_110139.mat,3577622,3.577622,0.00314350471748005,0.000955461725704171,3
3748,20221018_110139.mat,3577821,3.577821,0.00187140210774274,0.000955461725704171,3
3749,20221018_110139.mat,3627770,3.62777,0.00600050670905026,0.000955461725704171,3
3750,20221018_110139.mat,3627969,3.627969,0.0160266422724847,0.000955461725704171,3
3751,20221018_110139.mat,3628168,3.628168,0.00370329384091049,0.000955461725704171,3
3752,20221018_110139.mat,3628367,3.628367,0.0010179518169964,0.000955461725704171,3
3753,20221018_110139.mat,3671550,3.67155,0.00466304954947422,0.000955461725704171,3
3754,20221018_110139.mat,3671749,3.671749,0.00201000971685932,0.000955461725704171,3
3755,20221018_110139.mat,3676724,3.676724,0.00421961442593741,0.000955461725704171,3
3756,20221018_110139.mat,3676923,3.676923,0.0107557834373537,0.000955461725704171,3
3757,20221018_110139.mat,3677122,3.677122,0.00141820055828346,0.000955461725704171,3
3758,20221018_110139.mat,3734633,3.734633,0.000975644546625253,0.000955461725704171,3
3759,20221018_110139.mat,3804482,3.804482,0.0558666381347355,0.000955461725704171,3
3760,20221018_110139.mat,3804681,3.804681,0.00352431829259219,0.000955461725704171,3
3761,20221018_110139.mat,3804880,3.80488,0.000979991887555253,0.000955461725704171,3
3762,20221018_110139.mat,3813835,3.813835,0.000984140831899309,0.000955461725704171,3
3763,20221018_110139.mat,3824979,3.824979,0.00340628837498124,0.000955461725704171,3
3764,20221018_110139.mat,3865376,3.865376,0.00155292378411823,0.000955461725704171,3
3765,20221018_110139.mat,3873137,3.873137,0.00157652735926111,0.000955461725704171,3
3766,20221018_110139.mat,3873336,3.873336,0.00101073201489918,0.000955461725704171,3
3767,20221018_110139.mat,3874928,3.874928,0.00148296837134515,0.000955461725704171,3
3768,20221018_110139.mat,3890649,3.890649,0.00139535570687862,0.000955461725704171,3
3769,20221018_110139.mat,3944777,3.944777,0.00179171932113744,0.000955461725704171,3
3770,20221018_110139.mat,3944976,3.944976,0.0229542901027505,0.000955461725704171,3
3771,20221018_110139.mat,3945175,3.945175,0.00420232475044673,0.000955461725704171,3
3772,20221018_110139.mat,3945374,3.945374,0.000986354052926272,0.000955461725704171,3
3773,20221018_110139.mat,3956319,3.956319,0.0117673210019383,0.000955461725704171,3
3774,20221018_110139.mat,3956518,3.956518,0.00242795210444958,0.000955461725704171,3
3775,20221018_110139.mat,4001492,4.001492,0.00407545486448711,0.000955461725704171,3
3776,20221018_110139.mat,4001691,4.001691,0.00308549167350871,0.000955461725704171,3
3777,20221018_110139.mat,4053829,4.053829,0.0151536400680238,0.000955461725704171,3
3778,20221018_110139.mat,4054028,4.054028,0.00171441997322457,0.000955461725704171,3
3779,20221018_110139.mat,4054227,4.054227,0.00107961625663442,0.000955461725704171,3
3780,20221018_110139.mat,4096216,4.096216,0.00201047175243848,0.000955461725704171,3
3781,20221018_110139.mat,4112335,4.112335,0.00111156555254186,0.000955461725704171,3
3782,20221018_110139.mat,4112534,4.112534,0.0018152301281256,0.000955461725704171,3
3783,20221018_110139.mat,4148155,4.148155,0.00362939000999197,0.000955461725704171,3
3784,20221018_110139.mat,4328847,4.328847,0.00180713873950726,0.000955461725704171,3
3785,20221018_110139.mat,4329046,4.329046,0.00145812788839222,0.000955461725704171,3
3786,20221018_110139.mat,4340588,4.340588,0.0025560762340483,0.000955461725704171,3
3787,20221018_110139.mat,4375811,4.375811,0.013090801244055,0.000955461725704171,3
3788,20221018_110139.mat,4376010,4.37601,0.00181669436697767,0.000955461725704171,3
3789,20221018_110139.mat,4392527,4.392527,0.00206474451358407,0.000955461725704171,3
3790,20221018_110139.mat,4448446,4.448446,0.0108865400539626,0.000955461725704171,3
3791,20221018_110139.mat,4448645,4.448645,0.00264271591377538,0.000955461725704171,3
3792,20221018_110139.mat,4455212,4.455212,0.00152062042871341,0.000955461725704171,3
3793,20221018_110139.mat,4456804,4.456804,0.00817907450442597,0.000955461725704171,3
3794,20221018_110139.mat,4457003,4.457003,0.00151501909281419,0.000955461725704171,3
3795,20221018_110139.mat,4459391,4.459391,0.00509691681692962,0.000955461725704171,3
3796,20221018_110139.mat,4459590,4.45959,0.00443516779587182,0.000955461725704171,3
3797,20221018_110139.mat,4484266,4.484266,0.00154507555420611,0.000955461725704171,3
3798,20221018_110139.mat,4513718,4.513718,0.000964815579229676,0.000955461725704171,3
3799,20221018_110139.mat,4536006,4.536006,0.00150247913432653,0.000955461725704171,3
3800,20221018_110139.mat,4536205,4.536205,0.00118890898762125,0.000955461725704171,3
3801,20221018_110139.mat,4563468,4.563468,0.0332157021044434,0.000955461725704171,3
3802,20221018_110139.mat,4563667,4.563667,0.00202625535617737,0.000955461725704171,3
3803,20221018_110139.mat,4636103,4.636103,0.00123020053328677,0.000955461725704171,3
3804,20221018_110139.mat,4636302,4.636302,0.00161190909795164,0.000955461725704171,3
3805,20221018_110139.mat,4769831,4.769831,0.00139535611647691,0.000955461725704171,3
3806,20221018_110139.mat,4770030,4.77003,0.00104672747852921,0.000955461725704171,3
3807,20221018_110139.mat,4807044,4.807044,0.00103833880438605,0.000955461725704171,3
3808,20221018_110139.mat,4865948,4.865948,0.0128654864548075,0.000955461725704171,3
3809,20221018_110139.mat,4866147,4.866147,0.00308498999012555,0.000955461725704171,3
3810,20221018_110139.mat,4866346,4.866346,0.00101150449159536,0.000955461725704171,3
3811,20221018_110139.mat,4880077,4.880077,0.00122728016303961,0.000955461725704171,3
3812,20221018_110139.mat,4914902,4.914902,0.00667675915574612,0.000955461725704171,3
3813,20221018_110139.mat,4915101,4.915101,0.00223260885324566,0.000955461725704171,3
3814,20221018_110139.mat,4928235,4.928235,0.010111929105279,0.000955461725704171,3
3815,20221018_110139.mat,4928434,4.928434,0.012049002863928,0.000955461725704171,3
3816,20221018_110139.mat,4928633,4.928633,0.00105193054369022,0.000955461725704171,3
3817,20221018_110139.mat,4973607,4.973607,0.00142942399145758,0.000955461725704171,3
3818,20221018_110139.mat,4976393,4.976393,0.00537269051752868,0.000955461725704171,3
3819,20221018_110139.mat,4993109,4.993109,0.00095867963990599,0.000955461725704171,3
3820,20221018_110144.mat,18706,0.018706,0.00576581728776115,0.000952557265924892,3
3821,20221018_110144.mat,18905,0.018905,0.00462950617937617,0.000952557265924892,3
3822,20221018_110144.mat,43382,0.043382,0.00446965205315906,0.000952557265924892,3
3823,20221018_110144.mat,43581,0.043581,0.00419121695395805,0.000952557265924892,3
3824,20221018_110144.mat,44775,0.044775,0.0031581205995213,0.000952557265924892,3
3825,20221018_110144.mat,44974,0.044974,0.00319857383693022,0.000952557265924892,3
3826,20221018_110144.mat,66267,0.066267,0.00138840963416168,0.000952557265924892,3
3827,20221018_110144.mat,66466,0.066466,0.00100339087298946,0.000952557265924892,3
3828,20221018_110144.mat,104674,0.104674,0.00107495759654608,0.000952557265924892,3
3829,20221018_110144.mat,136514,0.136514,0.00537405286001613,0.000952557265924892,3
3830,20221018_110144.mat,136713,0.136713,0.0012084412783545,0.000952557265924892,3
3831,20221018_110144.mat,167558,0.167558,0.00141112636281377,0.000952557265924892,3
3832,20221018_110144.mat,167757,0.167757,0.183151331306519,0.000952557265924892,3
3833,20221018_110144.mat,167956,0.167956,0.0351828588378176,0.000952557265924892,3
3834,20221018_110144.mat,168155,0.168155,0.00676033467504288,0.000952557265924892,3
3835,20221018_110144.mat,168354,0.168354,0.00258996786093705,0.000952557265924892,3
3836,20221018_110144.mat,171339,0.171339,0.0135111876510316,0.000952557265924892,3
3837,20221018_110144.mat,171538,0.171538,0.00646941314037997,0.000952557265924892,3
3838,20221018_110144.mat,171737,0.171737,0.00102360144662975,0.000952557265924892,3
3839,20221018_110144.mat,173727,0.173727,0.0010226231760236,0.000952557265924892,3
3840,20221018_110144.mat,199995,0.199995,0.013290134000878,0.000952557265924892,3
3841,20221018_110144.mat,200194,0.200194,0.00458372804347193,0.000952557265924892,3
3842,20221018_110144.mat,200393,0.200393,0.00147349839465722,0.000952557265924892,3
3843,20221018_110144.mat,224273,0.224273,0.00140116702493363,0.000952557265924892,3
3844,20221018_110144.mat,243775,0.243775,0.00139914008955901,0.000952557265924892,3
3845,20221018_110144.mat,247556,0.247556,0.00127193515104096,0.000952557265924892,3
3846,20221018_110144.mat,260292,0.260292,0.00963709092045196,0.000952557265924892,3
3847,20221018_110144.mat,260491,0.260491,0.00449334065998975,0.000952557265924892,3
3848,20221018_110144.mat,263675,0.263675,0.00100093728290719,0.000952557265924892,3
3849,20221018_110144.mat,268650,0.26865,0.00174116691061279,0.000952557265924892,3
3850,20221018_110144.mat,268849,0.268849,0.00101821130111681,0.000952557265924892,3
3851,20221018_110144.mat,274620,0.27462,0.00107889349388822,0.000952557265924892,3
3852,20221018_110144.mat,338101,0.338101,0.00400362004843814,0.000952557265924892,3
3853,20221018_110144.mat,338300,0.3383,0.00159872338719323,0.000952557265924892,3
3854,20221018_110144.mat,338897,0.338897,0.000983833362114928,0.000952557265924892,3
3855,20221018_110144.mat,376110,0.37611,0.0258062421889627,0.000952557265924892,3
3856,20221018_110144.mat,376309,0.376309,0.00457388886988772,0.000952557265924892,3
3857,20221018_110144.mat,376508,0.376508,0.00120623742967167,0.000952557265924892,3
3858,20221018_110144.mat,380090,0.38009,0.00114592249987032,0.000952557265924892,3
3859,20221018_110144.mat,387254,0.387254,0.0139436972052504,0.000952557265924892,3
3860,20221018_110144.mat,387453,0.387453,0.00261625118173302,0.000952557265924892,3
3861,20221018_110144.mat,387652,0.387652,0.00116158373964802,0.000952557265924892,3
3862,20221018_110144.mat,393622,0.393622,0.000961534096576385,0.000952557265924892,3
3863,20221018_110144.mat,417303,0.417303,0.00101295102980195,0.000952557265924892,3
3864,20221018_110144.mat,466655,0.466655,0.0100155829161634,0.000952557265924892,3
3865,20221018_110144.mat,466854,0.466854,0.0046772477097211,0.000952557265924892,3
3866,20221018_110144.mat,467053,0.467053,0.00100626435345741,0.000952557265924892,3
3867,20221018_110144.mat,481182,0.481182,0.0017259608211738,0.000952557265924892,3
3868,20221018_110144.mat,481381,0.481381,0.00156967920792581,0.000952557265924892,3
3869,20221018_110144.mat,486754,0.486754,0.00412060903064201,0.000952557265924892,3
3870,20221018_110144.mat,486953,0.486953,0.00385647769704285,0.000952557265924892,3
3871,20221018_110144.mat,520783,0.520783,0.00569365831869212,0.000952557265924892,3
3872,20221018_110144.mat,520982,0.520982,0.00361681902558929,0.000952557265924892,3
3873,20221018_110144.mat,522773,0.522773,0.00204666602093992,0.000952557265924892,3
3874,20221018_110144.mat,522972,0.522972,0.0142352017124926,0.000952557265924892,3
3875,20221018_110144.mat,523171,0.523171,0.00272826372756052,0.000952557265924892,3
3876,20221018_110144.mat,523370,0.52337,0.0012515322823739,0.000952557265924892,3
3877,20221018_110144.mat,562971,0.562971,0.00737257275951115,0.000952557265924892,3
3878,20221018_110144.mat,563170,0.56317,0.00176670286788833,0.000952557265924892,3
3879,20221018_110144.mat,563369,0.563369,0.000982391743142055,0.000952557265924892,3
3880,20221018_110144.mat,573916,0.573916,0.00240197977462888,0.000952557265924892,3
3881,20221018_110144.mat,574115,0.574115,0.0014038600210914,0.000952557265924892,3
3882,20221018_110144.mat,595209,0.595209,0.00310038491087085,0.000952557265924892,3
3883,20221018_110144.mat,595408,0.595408,0.00128549621192798,0.000952557265924892,3
3884,20221018_110144.mat,613517,0.613517,0.00135053179696429,0.000952557265924892,3
3885,20221018_110144.mat,613716,0.613716,0.0295317424474547,0.000952557265924892,3
3886,20221018_110144.mat,613915,0.613915,0.00680171516658693,0.000952557265924892,3
3887,20221018_110144.mat,614114,0.614114,0.00184413346247748,0.000952557265924892,3
3888,20221018_110144.mat,633616,0.633616,0.00692738637435932,0.000952557265924892,3
3889,20221018_110144.mat,633815,0.633815,0.00117330818260776,0.000952557265924892,3
3890,20221018_110144.mat,656899,0.656899,0.00122981406076319,0.000952557265924892,3
3891,20221018_110144.mat,672819,0.672819,0.00173387282414918,0.000952557265924892,3
3892,20221018_110144.mat,673018,0.673018,0.00240563979514347,0.000952557265924892,3
3893,20221018_110144.mat,683963,0.683963,0.00706272261907745,0.000952557265924892,3
3894,20221018_110144.mat,684162,0.684162,0.00102758949721675,0.000952557265924892,3
3895,20221018_110144.mat,688938,0.688938,0.0022959359429402,0.000952557265924892,3
3896,20221018_110144.mat,722370,0.72237,0.0480734766045767,0.000952557265924892,3
3897,20221018_110144.mat,722569,0.722569,0.0122573647057176,0.000952557265924892,3
3898,20221018_110144.mat,722768,0.722768,0.00396524032195286,0.000952557265924892,3
3899,20221018_110144.mat,722967,0.722967,0.00112272685227237,0.000952557265924892,3
3900,20221018_110144.mat,791821,0.791821,0.00206754963822827,0.000952557265924892,3
3901,20221018_110144.mat,792020,0.79202,0.00125184845243898,0.000952557265924892,3
3902,20221018_110144.mat,851322,0.851322,0.00125412308357866,0.000952557265924892,3
3903,20221018_110144.mat,851521,0.851521,0.00109116230835083,0.000952557265924892,3
3904,20221018_110144.mat,890724,0.890724,0.00171484482971061,0.000952557265924892,3
3905,20221018_110144.mat,934504,0.934504,0.00110326505603638,0.000952557265924892,3
3906,20221018_110144.mat,935300,0.9353,0.0039511402670904,0.000952557265924892,3
3907,20221018_110144.mat,935499,0.935499,0.00104330189652714,0.000952557265924892,3
3908,20221018_110144.mat,939877,0.939877,0.00509339474551754,0.000952557265924892,3
3909,20221018_110144.mat,940076,0.940076,0.001083061917599,0.000952557265924892,3
3910,20221018_110144.mat,955200,0.9552,0.000977701561507724,0.000952557265924892,3
3911,20221018_110144.mat,959180,0.95918,0.00276136838334789,0.000952557265924892,3
3912,20221018_110144.mat,959379,0.959379,0.00371714261512936,0.000952557265924892,3
3913,20221018_110144.mat,965548,0.965548,0.00624944379718237,0.000952557265924892,3
3914,20221018_110144.mat,965747,0.965747,0.00118763782996465,0.000952557265924892,3
3915,20221018_110144.mat,970324,0.970324,0.00273996897797028,0.000952557265924892,3
3916,20221018_110144.mat,970523,0.970523,0.00661902111118194,0.000952557265924892,3
3917,20221018_110144.mat,975498,0.975498,0.00212849940758636,0.000952557265924892,3
3918,20221018_110144.mat,1027238,1.027238,0.00141002239468061,0.000952557265924892,3
3919,20221018_110144.mat,1078381,1.078381,0.0337510670365698,0.000952557265924892,3
3920,20221018_110144.mat,1078580,1.07858,0.0232467092440708,0.000952557265924892,3
3921,20221018_110144.mat,1078779,1.078779,0.00169672531821463,0.000952557265924892,3
3922,20221018_110144.mat,1078978,1.078978,0.00114573928506588,0.000952557265924892,3
3923,20221018_110144.mat,1086341,1.086341,0.000980141922174699,0.000952557265924892,3
3924,20221018_110144.mat,1086938,1.086938,0.0020129610087516,0.000952557265924892,3
3925,20221018_110144.mat,1142459,1.142459,0.00099166447620426,0.000952557265924892,3
3926,20221018_110144.mat,1142658,1.142658,0.00102174053737696,0.000952557265924892,3
3927,20221018_110144.mat,1183851,1.183851,0.218667333662457,0.000952557265924892,3
3928,20221018_110144.mat,1184050,1.18405,0.0433985226334263,0.000952557265924892,3
3929,20221018_110144.mat,1184249,1.184249,0.00632903472886322,0.000952557265924892,3
3930,20221018_110144.mat,1184448,1.184448,0.00238740105713383,0.000952557265924892,3
3931,20221018_110144.mat,1184647,1.184647,0.00342439821462199,0.000952557265924892,3
3932,20221018_110144.mat,1202557,1.202557,0.00106170675049852,0.000952557265924892,3
3933,20221018_110144.mat,1202756,1.202756,0.000986517318000994,0.000952557265924892,3
3934,20221018_110144.mat,1218477,1.218477,0.00242511392930085,0.000952557265924892,3
3935,20221018_110144.mat,1244745,1.244745,0.0261588172635478,0.000952557265924892,3
3936,20221018_110144.mat,1244944,1.244944,0.0249550738218835,0.000952557265924892,3
3937,20221018_110144.mat,1245143,1.245143,0.00451697602493222,0.000952557265924892,3
3938,20221018_110144.mat,1245342,1.245342,0.00252316212018326,0.000952557265924892,3
3939,20221018_110144.mat,1245740,1.24574,0.00134359392081784,0.000952557265924892,3
3940,20221018_110144.mat,1245939,1.245939,0.0011499447209727,0.000952557265924892,3
3941,20221018_110144.mat,1255093,1.255093,0.00107298636170406,0.000952557265924892,3
3942,20221018_110144.mat,1291709,1.291709,0.0222621939717046,0.000952557265924892,3
3943,20221018_110144.mat,1291908,1.291908,0.0309653660995568,0.000952557265924892,3
3944,20221018_110144.mat,1292107,1.292107,0.00423573152175894,0.000952557265924892,3
3945,20221018_110144.mat,1292306,1.292306,0.00142650643729563,0.000952557265924892,3
3946,20221018_110144.mat,1332504,1.332504,0.00116127209886296,0.000952557265924892,3
3947,20221018_110144.mat,1366135,1.366135,0.00102242572998501,0.000952557265924892,3
3948,20221018_110144.mat,1374095,1.374095,0.00256354036465298,0.000952557265924892,3
3949,20221018_110144.mat,1374294,1.374294,0.00101992513766944,0.000952557265924892,3
3950,20221018_110144.mat,1412502,1.412502,0.000952807425541712,0.000952557265924892,3
3951,20221018_110144.mat,1415089,1.415089,0.0325002912843957,0.000952557265924892,3
3952,20221018_110144.mat,1415288,1.415288,0.00741584755158253,0.000952557265924892,3
3953,20221018_110144.mat,1415487,1.415487,0.00138696751313525,0.000952557265924892,3
3954,20221018_110144.mat,1415686,1.415686,0.000965087523947859,0.000952557265924892,3
3955,20221018_110144.mat,1467824,1.467824,0.00107243774515607,0.000952557265924892,3
3956,20221018_110144.mat,1472401,1.472401,0.00100499072921899,0.000952557265924892,3
3957,20221018_110144.mat,1512599,1.512599,0.0014634234305279,0.000952557265924892,3
3958,20221018_110144.mat,1519564,1.519564,0.00105667496019983,0.000952557265924892,3
3959,20221018_110144.mat,1535683,1.535683,0.0554882476424518,0.000952557265924892,3
3960,20221018_110144.mat,1535882,1.535882,0.0041722870415363,0.000952557265924892,3
3961,20221018_110144.mat,1536081,1.536081,0.00157781362893534,0.000952557265924892,3
3962,20221018_110144.mat,1562548,1.562548,0.0247866986234105,0.000952557265924892,3
3963,20221018_110144.mat,1562747,1.562747,0.00799200950849964,0.000952557265924892,3
3964,20221018_110144.mat,1562946,1.562946,0.0012090377425093,0.000952557265924892,3
3965,20221018_110144.mat,1567523,1.567523,0.00119515050296176,0.000952557265924892,3
3966,20221018_110144.mat,1567722,1.567722,0.00198932014201993,0.000952557265924892,3
3967,20221018_110144.mat,1577473,1.577473,0.000990272448956251,0.000952557265924892,3
3968,20221018_110144.mat,1591602,1.591602,0.00383952697101649,0.000952557265924892,3
3969,20221018_110144.mat,1591801,1.591801,0.00464567146235189,0.000952557265924892,3
3970,20221018_110144.mat,1602348,1.602348,0.0314273298993981,0.000952557265924892,3
3971,20221018_110144.mat,1602547,1.602547,0.00320634635997426,0.000952557265924892,3
3972,20221018_110144.mat,1602746,1.602746,0.00133198350224534,0.000952557265924892,3
3973,20221018_110144.mat,1728713,1.728713,0.00816297928676683,0.000952557265924892,3
3974,20221018_110144.mat,1728912,1.728912,0.00208933268313109,0.000952557265924892,3
3975,20221018_110144.mat,1750802,1.750802,0.00100724653938356,0.000952557265924892,3
3976,20221018_110144.mat,1753190,1.75319,0.0215547908753547,0.000952557265924892,3
3977,20221018_110144.mat,1753389,1.753389,0.00154750725225835,0.000952557265924892,3
3978,20221018_110144.mat,1775279,1.775279,0.00228531802308828,0.000952557265924892,3
3979,20221018_110144.mat,1775478,1.775478,0.00234417699184723,0.000952557265924892,3
3980,20221018_110144.mat,1792990,1.79299,0.0686977904363252,0.000952557265924892,3
3981,20221018_110144.mat,1793189,1.793189,0.00766060789887725,0.000952557265924892,3
3982,20221018_110144.mat,1793388,1.793388,0.00285323862719098,0.000952557265924892,3
3983,20221018_110144.mat,1856471,1.856471,0.0283933589221136,0.000952557265924892,3
3984,20221018_110144.mat,1856670,1.85667,0.00758372698475644,0.000952557265924892,3
3985,20221018_110144.mat,1856869,1.856869,0.00147856054944534,0.000952557265924892,3
3986,20221018_110144.mat,1870998,1.870998,0.0754592721756141,0.000952557265924892,3
3987,20221018_110144.mat,1871197,1.871197,0.0140156497335295,0.000952557265924892,3
3988,20221018_110144.mat,1871396,1.871396,0.00340181692210395,0.000952557265924892,3
3989,20221018_110144.mat,1871595,1.871595,0.00117277082126626,0.000952557265924892,3
3990,20221018_110144.mat,1895077,1.895077,0.00100560975453519,0.000952557265924892,3
3991,20221018_110144.mat,1903435,1.903435,0.00102436994137784,0.000952557265924892,3
3992,20221018_110144.mat,1954777,1.954777,0.00287716654016373,0.000952557265924892,3
3993,20221018_110144.mat,1976070,1.97607,0.00250965210764975,0.000952557265924892,3
3994,20221018_110144.mat,1976269,1.976269,0.00296368411218114,0.000952557265924892,3
3995,20221018_110144.mat,1982239,1.982239,0.00112777823505966,0.000952557265924892,3
3996,20221018_110144.mat,1999751,1.999751,0.00331604356004213,0.000952557265924892,3
3997,20221018_110144.mat,1999950,1.99995,0.0053099948138785,0.000952557265924892,3
3998,20221018_110144.mat,2018258,2.018258,0.00961655615798398,0.000952557265924892,3
3999,20221018_110144.mat,2018457,2.018457,0.00444180928518529,0.000952557265924892,3
4000,20221018_110144.mat,2061839,2.061839,0.0010387199999992,0.000952557265924892,3
4001,20221018_110144.mat,2075371,2.075371,0.00468404737478303,0.000952557265924892,3
4002,20221018_110144.mat,2075570,2.07557,0.000963417234266646,0.000952557265924892,3
4003,20221018_110144.mat,2091291,2.091291,0.00108131871976521,0.000952557265924892,3
4004,20221018_110144.mat,2124723,2.124723,0.010032380194687,0.000952557265924892,3
4005,20221018_110144.mat,2124922,2.124922,0.00213815692234809,0.000952557265924892,3
4006,20221018_110144.mat,2183627,2.183627,0.00121803546369275,0.000952557265924892,3
4007,20221018_110144.mat,2268202,2.268202,0.0016210489581971,0.000952557265924892,3
4008,20221018_110144.mat,2312977,2.312977,0.00221734554944249,0.000952557265924892,3
4009,20221018_110144.mat,2313176,2.313176,0.00699934538259303,0.000952557265924892,3
4010,20221018_110144.mat,2313375,2.313375,0.00135696680623494,0.000952557265924892,3
4011,20221018_110144.mat,2321136,2.321136,0.00100898298479632,0.000952557265924892,3
4012,20221018_110144.mat,2348001,2.348001,0.0371649072335415,0.000952557265924892,3
4013,20221018_110144.mat,2348200,2.3482,0.0134035534226897,0.000952557265924892,3
4014,20221018_110144.mat,2348399,2.348399,0.00160167833653563,0.000952557265924892,3
4015,20221018_110144.mat,2365712,2.365712,0.00127826012837119,0.000952557265924892,3
4016,20221018_110144.mat,2370687,2.370687,0.00134233954989984,0.000952557265924892,3
4017,20221018_110144.mat,2377055,2.377055,0.013627113330646,0.000952557265924892,3
4018,20221018_110144.mat,2377254,2.377254,0.00192711278278435,0.000952557265924892,3
4019,20221018_110144.mat,2418646,2.418646,0.00145414546942071,0.000952557265924892,3
4020,20221018_110144.mat,2418845,2.418845,0.00110469795597862,0.000952557265924892,3
4021,20221018_110144.mat,2422427,2.422427,0.00304938277173876,0.000952557265924892,3
4022,20221018_110144.mat,2422626,2.422626,0.00115563319736395,0.000952557265924892,3
4023,20221018_110144.mat,2462824,2.462824,0.00586122156453166,0.000952557265924892,3
4024,20221018_110144.mat,2463023,2.463023,0.00418544444610929,0.000952557265924892,3
4025,20221018_110144.mat,2467401,2.467401,0.00129720213988987,0.000952557265924892,3
4026,20221018_110144.mat,2486107,2.486107,0.00353080931061927,0.000952557265924892,3
4027,20221018_110144.mat,2524116,2.524116,0.000971107636789795,0.000952557265924892,3
4028,20221018_110144.mat,2566304,2.566304,0.00280456761053803,0.000952557265924892,3
4029,20221018_110144.mat,2566503,2.566503,0.00478498609185637,0.000952557265924892,3
4030,20221018_110144.mat,2566702,2.566702,0.00098533109911236,0.000952557265924892,3
4031,20221018_110144.mat,2670580,2.67058,0.0080858543240229,0.000952557265924892,3
4032,20221018_110144.mat,2670779,2.670779,0.00849071021937288,0.000952557265924892,3
4033,20221018_110144.mat,2670978,2.670978,0.000990098076427562,0.000952557265924892,3
4034,20221018_110144.mat,2779831,2.779831,0.00488603545319135,0.000952557265924892,3
4035,20221018_110144.mat,2780030,2.78003,0.00107375796695,0.000952557265924892,3
4036,20221018_110144.mat,2780229,2.780229,0.00314708747505238,0.000952557265924892,3
4037,20221018_110144.mat,2780428,2.780428,0.00710175115466679,0.000952557265924892,3
4038,20221018_110144.mat,2780627,2.780627,0.0231986590282494,0.000952557265924892,3
4039,20221018_110144.mat,2780826,2.780826,0.00641948143730933,0.000952557265924892,3
4040,20221018_110144.mat,2781025,2.781025,0.00110425395298956,0.000952557265924892,3
4041,20221018_110144.mat,2782418,2.782418,0.00102523802056661,0.000952557265924892,3
4042,20221018_110144.mat,2783015,2.783015,0.00180899411445562,0.000952557265924892,3
4043,20221018_110144.mat,2783214,2.783214,0.00185297490221404,0.000952557265924892,3
4044,20221018_110144.mat,2784010,2.78401,0.0314030306241921,0.000952557265924892,3
4045,20221018_110144.mat,2784209,2.784209,0.0175657019574278,0.000952557265924892,3
4046,20221018_110144.mat,2784408,2.784408,0.00215547424948926,0.000952557265924892,3
4047,20221018_110144.mat,2896644,2.896644,0.00112193062308516,0.000952557265924892,3
4048,20221018_110144.mat,2909380,2.90938,0.0248123996513572,0.000952557265924892,3
4049,20221018_110144.mat,2909579,2.909579,0.00444490357780111,0.000952557265924892,3
4050,20221018_110144.mat,2909778,2.909778,0.00135738266148837,0.000952557265924892,3
4051,20221018_110144.mat,2909977,2.909977,0.00134610553462552,0.000952557265924892,3
4052,20221018_110144.mat,2910375,2.910375,0.00617490322484411,0.000952557265924892,3
4053,20221018_110144.mat,2910574,2.910574,0.00136413563737888,0.000952557265924892,3
4054,20221018_110144.mat,2945797,2.945797,0.00929513322756114,0.000952557265924892,3
4055,20221018_110144.mat,2945996,2.945996,0.00240846326262739,0.000952557265924892,3
4056,20221018_110144.mat,2967687,2.967687,0.0122976257953492,0.000952557265924892,3
4057,20221018_110144.mat,2967886,2.967886,0.011384126407059,0.000952557265924892,3
4058,20221018_110144.mat,2968085,2.968085,0.0023809469287561,0.000952557265924892,3
4059,20221018_110144.mat,2968284,2.968284,0.00115703298484011,0.000952557265924892,3
4060,20221018_110144.mat,3030770,3.03077,0.0201472807114905,0.000952557265924892,3
4061,20221018_110144.mat,3030969,3.030969,0.00739401317180294,0.000952557265924892,3
4062,20221018_110144.mat,3031168,3.031168,0.00226709419557993,0.000952557265924892,3
4063,20221018_110144.mat,3044302,3.044302,0.00419058013753403,0.000952557265924892,3
4064,20221018_110144.mat,3044501,3.044501,0.001182723780767,0.000952557265924892,3
4065,20221018_110144.mat,3046292,3.046292,0.00699449887526662,0.000952557265924892,3
4066,20221018_110144.mat,3046491,3.046491,0.00169697544797968,0.000952557265924892,3
4067,20221018_110144.mat,3062809,3.062809,0.00204575221124556,0.000952557265924892,3
4068,20221018_110144.mat,3076739,3.076739,0.00273468907115889,0.000952557265924892,3
4069,20221018_110144.mat,3076938,3.076938,0.00195468784232664,0.000952557265924892,3
4070,20221018_110144.mat,3148976,3.148976,0.00743147705612435,0.000952557265924892,3
4071,20221018_110144.mat,3149175,3.149175,0.00212913606883578,0.000952557265924892,3
4072,20221018_110144.mat,3150568,3.150568,0.000980033051005454,0.000952557265924892,3
4073,20221018_110144.mat,3153354,3.153354,0.00104616827133229,0.000952557265924892,3
4074,20221018_110144.mat,3207482,3.207482,0.0020049940181824,0.000952557265924892,3
4075,20221018_110144.mat,3211661,3.211661,0.0135082071396237,0.000952557265924892,3
4076,20221018_110144.mat,3211860,3.21186,0.0102772975463409,0.000952557265924892,3
4077,20221018_110144.mat,3212059,3.212059,0.00115541926430813,0.000952557265924892,3
4078,20221018_110144.mat,3291858,3.291858,0.00301648543532196,0.000952557265924892,3
4079,20221018_110144.mat,3292057,3.292057,0.00120887784686081,0.000952557265924892,3
4080,20221018_110144.mat,3295042,3.295042,0.00103929133522468,0.000952557265924892,3
4081,20221018_110144.mat,3300614,3.300614,0.00637527879055526,0.000952557265924892,3
4082,20221018_110144.mat,3300813,3.300813,0.00338736458188854,0.000952557265924892,3
4083,20221018_110144.mat,3317927,3.317927,0.0112940087004665,0.000952557265924892,3
4084,20221018_110144.mat,3318126,3.318126,0.00463269647700128,0.000952557265924892,3
4085,20221018_110144.mat,3318325,3.318325,0.00135587964906767,0.000952557265924892,3
4086,20221018_110144.mat,3320514,3.320514,0.000990147348313579,0.000952557265924892,3
4087,20221018_110144.mat,3343598,3.343598,0.00119725786709019,0.000952557265924892,3
4088,20221018_110144.mat,3380413,3.380413,0.00110407838736587,0.000952557265924892,3
4089,20221018_110144.mat,3397328,3.397328,0.00284223464439944,0.000952557265924892,3
4090,20221018_110144.mat,3448272,3.448272,0.000961735684127199,0.000952557265924892,3
4091,20221018_110144.mat,3461605,3.461605,0.00485959772381522,0.000952557265924892,3
4092,20221018_110144.mat,3461804,3.461804,0.017229546258879,0.000952557265924892,3
4093,20221018_110144.mat,3462003,3.462003,0.00297633468101413,0.000952557265924892,3
4094,20221018_110144.mat,3463993,3.463993,0.0338601142067328,0.000952557265924892,3
4095,20221018_110144.mat,3464192,3.464192,0.0342287365948791,0.000952557265924892,3
4096,20221018_110144.mat,3464391,3.464391,0.00359739580331781,0.000952557265924892,3
4097,20221018_110144.mat,3464590,3.46459,0.00162144767912931,0.000952557265924892,3
4098,20221018_110144.mat,3467973,3.467973,0.00105811621548451,0.000952557265924892,3
4099,20221018_110144.mat,3488470,3.48847,0.00167626170664912,0.000952557265924892,3
4100,20221018_110144.mat,3502599,3.502599,0.00159642885249742,0.000952557265924892,3
4101,20221018_110144.mat,3502798,3.502798,0.00496828802397575,0.000952557265924892,3
4102,20221018_110144.mat,3502997,3.502997,0.00149947540193286,0.000952557265924892,3
4103,20221018_110144.mat,3515335,3.515335,0.00119912431433283,0.000952557265924892,3
4104,20221018_110144.mat,3515534,3.515534,0.00220445741104077,0.000952557265924892,3
4105,20221018_110144.mat,3606676,3.606676,0.00307808010435939,0.000952557265924892,3
4106,20221018_110144.mat,3641700,3.6417,0.0523630070639206,0.000952557265924892,3
4107,20221018_110144.mat,3641899,3.641899,0.0187389885215916,0.000952557265924892,3
4108,20221018_110144.mat,3642098,3.642098,0.00483759320818204,0.000952557265924892,3
4109,20221018_110144.mat,3642297,3.642297,0.00192551115953801,0.000952557265924892,3
4110,20221018_110144.mat,3660207,3.660207,0.0153024391704742,0.000952557265924892,3
4111,20221018_110144.mat,3660406,3.660406,0.0135639767023,0.000952557265924892,3
4112,20221018_110144.mat,3660605,3.660605,0.00157891727064415,0.000952557265924892,3
4113,20221018_110144.mat,3660804,3.660804,0.00101283720785302,0.000952557265924892,3
4114,20221018_110144.mat,3665182,3.665182,0.00742194732381914,0.000952557265924892,3
4115,20221018_110144.mat,3665381,3.665381,0.00193896406630719,0.000952557265924892,3
4116,20221018_110144.mat,3666177,3.666177,0.0158695506370803,0.000952557265924892,3
4117,20221018_110144.mat,3666376,3.666376,0.0148056761513699,0.000952557265924892,3
4118,20221018_110144.mat,3666575,3.666575,0.00301952870430528,0.000952557265924892,3
4119,20221018_110144.mat,3666774,3.666774,0.00117153379827092,0.000952557265924892,3
4120,20221018_110144.mat,3678316,3.678316,0.00475905413805846,0.000952557265924892,3
4121,20221018_110144.mat,3678515,3.678515,0.00146396068909328,0.000952557265924892,3
4122,20221018_110144.mat,3697818,3.697818,0.00619146540531069,0.000952557265924892,3
4123,20221018_110144.mat,3698017,3.698017,0.00194579212634633,0.000952557265924892,3
4124,20221018_110144.mat,3703987,3.703987,0.00905922815470706,0.000952557265924892,3
4125,20221018_110144.mat,3704186,3.704186,0.00608353528751253,0.000952557265924892,3
4126,20221018_110144.mat,3704385,3.704385,0.00166472467975997,0.000952557265924892,3
4127,20221018_110144.mat,3739011,3.739011,0.00601423367546395,0.000952557265924892,3
4128,20221018_110144.mat,3768264,3.768264,0.00478533118516608,0.000952557265924892,3
4129,20221018_110144.mat,3768463,3.768463,0.0044777192649782,0.000952557265924892,3
4130,20221018_110144.mat,3768662,3.768662,0.00100069885900925,0.000952557265924892,3
4131,20221018_110144.mat,3791945,3.791945,0.771335941430109,0.000952557265924892,3
4132,20221018_110144.mat,3792144,3.792144,0.984042786643988,0.000952557265924892,3
4133,20221018_110144.mat,3792343,3.792343,0.0599907119746706,0.000952557265924892,3
4134,20221018_110144.mat,3792542,3.792542,0.0359694117962089,0.000952557265924892,3
4135,20221018_110144.mat,3792741,3.792741,0.00711244143561141,0.000952557265924892,3
4136,20221018_110144.mat,3792940,3.79294,0.00193774019372708,0.000952557265924892,3
4137,20221018_110144.mat,3795328,3.795328,0.00106837392380577,0.000952557265924892,3
4138,20221018_110144.mat,3796323,3.796323,0.00259787713518876,0.000952557265924892,3
4139,20221018_110144.mat,3824979,3.824979,0.0028734434182671,0.000952557265924892,3
4140,20221018_110144.mat,3825974,3.825974,0.00165684803338188,0.000952557265924892,3
4141,20221018_110144.mat,3830750,3.83075,0.00103800631015231,0.000952557265924892,3
4142,20221018_110144.mat,3835327,3.835327,0.0269686374614332,0.000952557265924892,3
4143,20221018_110144.mat,3835526,3.835526,0.0187986846519538,0.000952557265924892,3
4144,20221018_110144.mat,3835725,3.835725,0.00148715719878615,0.000952557265924892,3
4145,20221018_110144.mat,3884082,3.884082,0.00140919271558681,0.000952557265924892,3
4146,20221018_110144.mat,3925275,3.925275,0.00166063474496164,0.000952557265924892,3
4147,20221018_110144.mat,3928459,3.928459,0.00119195480347319,0.000952557265924892,3
4148,20221018_110144.mat,3941195,3.941195,0.00198731902662446,0.000952557265924892,3
4149,20221018_110144.mat,3977612,3.977612,0.000966767402128594,0.000952557265924892,3
4150,20221018_110144.mat,3996119,3.996119,0.000980041254551868,0.000952557265924892,3
4151,20221018_110144.mat,4028954,4.028954,0.00256895567919476,0.000952557265924892,3
4152,20221018_110144.mat,4034128,4.034128,0.00130318932016048,0.000952557265924892,3
4153,20221018_110144.mat,4054028,4.054028,0.00244288236921099,0.000952557265924892,3
4154,20221018_110144.mat,4059003,4.059003,0.00395074626431001,0.000952557265924892,3
4155,20221018_110144.mat,4059202,4.059202,0.0013328087404562,0.000952557265924892,3
4156,20221018_110144.mat,4072137,4.072137,0.00191966264014621,0.000952557265924892,3
4157,20221018_110144.mat,4072336,4.072336,0.00403395310455774,0.000952557265924892,3
4158,20221018_110144.mat,4072535,4.072535,0.00116891156235632,0.000952557265924892,3
4159,20221018_110144.mat,4074724,4.074724,0.00229993832115191,0.000952557265924892,3
4160,20221018_110144.mat,4083082,4.083082,0.00394973175792628,0.000952557265924892,3
4161,20221018_110144.mat,4083281,4.083281,0.00150598505187494,0.000952557265924892,3
4162,20221018_110144.mat,4088455,4.088455,0.00142164745751967,0.000952557265924892,3
4163,20221018_110144.mat,4099599,4.099599,0.00146391875333957,0.000952557265924892,3
4164,20221018_110144.mat,4129847,4.129847,0.043471684340455,0.000952557265924892,3
4165,20221018_110144.mat,4130046,4.130046,0.012079172386724,0.000952557265924892,3
4166,20221018_110144.mat,4130245,4.130245,0.00254331398947724,0.000952557265924892,3
4167,20221018_110144.mat,4130444,4.130444,0.000994948913508082,0.000952557265924892,3
4168,20221018_110144.mat,4139598,4.139598,0.000961144479179655,0.000952557265924892,3
4169,20221018_110144.mat,4157110,4.15711,0.00944101034303686,0.000952557265924892,3
4170,20221018_110144.mat,4157309,4.157309,0.00689376882473557,0.000952557265924892,3
4171,20221018_110144.mat,4163279,4.163279,0.0231039116111043,0.000952557265924892,3
4172,20221018_110144.mat,4163478,4.163478,0.00499697420000121,0.000952557265924892,3
4173,20221018_110144.mat,4163677,4.163677,0.00266383739500024,0.000952557265924892,3
4174,20221018_110144.mat,4163876,4.163876,0.000970309950160199,0.000952557265924892,3
4175,20221018_110144.mat,4168652,4.168652,0.01124893765237,0.000952557265924892,3
4176,20221018_110144.mat,4168851,4.168851,0.00237633211345499,0.000952557265924892,3
4177,20221018_110144.mat,4180393,4.180393,0.0559644325711538,0.000952557265924892,3
4178,20221018_110144.mat,4180592,4.180592,0.0119488118671064,0.000952557265924892,3
4179,20221018_110144.mat,4180791,4.180791,0.00434896244688441,0.000952557265924892,3
4180,20221018_110144.mat,4180990,4.18099,0.00150111702424125,0.000952557265924892,3
4181,20221018_110144.mat,4199497,4.199497,0.000975964685426916,0.000952557265924892,3
4182,20221018_110144.mat,4283475,4.283475,0.00121912040339171,0.000952557265924892,3
4183,20221018_110144.mat,4351135,4.351135,0.00280237846878636,0.000952557265924892,3
4184,20221018_110144.mat,4351334,4.351334,0.00378532868609304,0.000952557265924892,3
4185,20221018_110144.mat,4351533,4.351533,0.00111248154353033,0.000952557265924892,3
4186,20221018_110144.mat,4354319,4.354319,0.00127577992965951,0.000952557265924892,3
4187,20221018_110144.mat,4369443,4.369443,0.00100390005339861,0.000952557265924892,3
4188,20221018_110144.mat,4375214,4.375214,0.00136533974162867,0.000952557265924892,3
4189,20221018_110144.mat,4397502,4.397502,0.00100638345626712,0.000952557265924892,3
4190,20221018_110144.mat,4402079,4.402079,0.00123422703592022,0.000952557265924892,3
4191,20221018_110144.mat,4443272,4.443272,0.0060353086491265,0.000952557265924892,3
4192,20221018_110144.mat,4443471,4.443471,0.00259273506034769,0.000952557265924892,3
4193,20221018_110144.mat,4453819,4.453819,0.00551229952308789,0.000952557265924892,3
4194,20221018_110144.mat,4454018,4.454018,0.00404511005751975,0.000952557265924892,3
4195,20221018_110144.mat,4468147,4.468147,0.00107613347614223,0.000952557265924892,3
4196,20221018_110144.mat,4481878,4.481878,0.00801268996897375,0.000952557265924892,3
4197,20221018_110144.mat,4482077,4.482077,0.0139024554779247,0.000952557265924892,3
4198,20221018_110144.mat,4482276,4.482276,0.00389749545279994,0.000952557265924892,3
4199,20221018_110144.mat,4482873,4.482873,0.0106652180181963,0.000952557265924892,3
4200,20221018_110144.mat,4483072,4.483072,0.00472472571448032,0.000952557265924892,3
4201,20221018_110144.mat,4484465,4.484465,0.00258086964177795,0.000952557265924892,3
4202,20221018_110144.mat,4550931,4.550931,0.0014192088967467,0.000952557265924892,3
4203,20221018_110144.mat,4569239,4.569239,0.000953321966293498,0.000952557265924892,3
4204,20221018_110144.mat,4703962,4.703962,0.00546118170131644,0.000952557265924892,3
4205,20221018_110144.mat,4704161,4.704161,0.00212529836618457,0.000952557265924892,3
4206,20221018_110144.mat,4704360,4.70436,0.00133564600037506,0.000952557265924892,3
4207,20221018_110144.mat,4736598,4.736598,0.00474608722922434,0.000952557265924892,3
4208,20221018_110144.mat,4736797,4.736797,0.00101632865676314,0.000952557265924892,3
4209,20221018_110144.mat,4760876,4.760876,0.00664844919913573,0.000952557265924892,3
4210,20221018_110144.mat,4761075,4.761075,0.00234382560417025,0.000952557265924892,3
4211,20221018_110144.mat,4789134,4.789134,0.00959838942604829,0.000952557265924892,3
4212,20221018_110144.mat,4789333,4.789333,0.0175244077581852,0.000952557265924892,3
4213,20221018_110144.mat,4789532,4.789532,0.00356405810325162,0.000952557265924892,3
4214,20221018_110144.mat,4789731,4.789731,0.00120705690785564,0.000952557265924892,3
4215,20221018_110144.mat,4840476,4.840476,0.00242817767168265,0.000952557265924892,3
4216,20221018_110144.mat,4850426,4.850426,0.00115387485999145,0.000952557265924892,3
4217,20221018_110144.mat,4876296,4.876296,0.000996231340569849,0.000952557265924892,3
4218,20221018_110144.mat,4920275,4.920275,0.0124344666017503,0.000952557265924892,3
4219,20221018_110144.mat,4920474,4.920474,0.00208679784822224,0.000952557265924892,3
4220,20221018_110144.mat,4920673,4.920673,0.00101032084126118,0.000952557265924892,3
4221,20221018_110144.mat,4965846,4.965846,0.00140448784304994,0.000952557265924892,3
4222,20221018_110144.mat,4966045,4.966045,0.00107004600729408,0.000952557265924892,3
4223,20221018_110149.mat,20298,0.020298,0.0029596447849973,0.000957046775446979,3
4224,20221018_110149.mat,20696,0.020696,0.00169098072625757,0.000957046775446979,3
4225,20221018_110149.mat,20895,0.020895,0.00144149506750517,0.000957046775446979,3
4226,20221018_110149.mat,70048,0.070048,0.000978410373763669,0.000957046775446979,3
4227,20221018_110149.mat,127957,0.127957,0.00143679010798561,0.000957046775446979,3
4228,20221018_110149.mat,128156,0.128156,0.00116345730849565,0.000957046775446979,3
4229,20221018_110149.mat,136514,0.136514,0.0325074423116375,0.000957046775446979,3
4230,20221018_110149.mat,136713,0.136713,0.0026494217369435,0.000957046775446979,3
4231,20221018_110149.mat,137907,0.137907,0.00664388034322625,0.000957046775446979,3
4232,20221018_110149.mat,138106,0.138106,0.00372758882770414,0.000957046775446979,3
4233,20221018_110149.mat,189249,0.189249,0.0730554973084678,0.000957046775446979,3
4234,20221018_110149.mat,189448,0.189448,0.0146561789054106,0.000957046775446979,3
4235,20221018_110149.mat,189647,0.189647,0.00389044729045283,0.000957046775446979,3
4236,20221018_110149.mat,189846,0.189846,0.00108510741310044,0.000957046775446979,3
4237,20221018_110149.mat,255715,0.255715,0.00138698062331421,0.000957046775446979,3
4238,20221018_110149.mat,255914,0.255914,0.00351218331789948,0.000957046775446979,3
4239,20221018_110149.mat,257108,0.257108,0.00137824756936843,0.000957046775446979,3
4240,20221018_110149.mat,257307,0.257307,0.00147722688918015,0.000957046775446979,3
4241,20221018_110149.mat,272630,0.27263,0.00107110284867069,0.000957046775446979,3
4242,20221018_110149.mat,274819,0.274819,0.00102123147207524,0.000957046775446979,3
4243,20221018_110149.mat,346857,0.346857,0.00132782858002716,0.000957046775446979,3
4244,20221018_110149.mat,347056,0.347056,0.00358548618989347,0.000957046775446979,3
4245,20221018_110149.mat,359991,0.359991,0.0155797160410901,0.000957046775446979,3
4246,20221018_110149.mat,360190,0.36019,0.00868817523241351,0.000957046775446979,3
4247,20221018_110149.mat,360389,0.360389,0.00247703139510826,0.000957046775446979,3
4248,20221018_110149.mat,373722,0.373722,0.00929872973965224,0.000957046775446979,3
4249,20221018_110149.mat,413323,0.413323,0.00296385845344194,0.000957046775446979,3
4250,20221018_110149.mat,417701,0.417701,0.00165411542955455,0.000957046775446979,3
4251,20221018_110149.mat,430636,0.430636,0.0073041702987621,0.000957046775446979,3
4252,20221018_110149.mat,430835,0.430835,0.00107555469244032,0.000957046775446979,3
4253,20221018_110149.mat,470038,0.470038,0.00106996679263192,0.000957046775446979,3
4254,20221018_110149.mat,482774,0.482774,0.00206645605856549,0.000957046775446979,3
4255,20221018_110149.mat,484366,0.484366,0.00112571018789208,0.000957046775446979,3
4256,20221018_110149.mat,489341,0.489341,0.00101090327745419,0.000957046775446979,3
4257,20221018_110149.mat,489540,0.48954,0.00274548156351418,0.000957046775446979,3
4258,20221018_110149.mat,492326,0.492326,0.00377861476377922,0.000957046775446979,3
4259,20221018_110149.mat,505460,0.50546,0.0208773920779701,0.000957046775446979,3
4260,20221018_110149.mat,505659,0.505659,0.054961345485976,0.000957046775446979,3
4261,20221018_110149.mat,505858,0.505858,0.00328834936831006,0.000957046775446979,3
4262,20221018_110149.mat,506057,0.506057,0.00129369123793095,0.000957046775446979,3
4263,20221018_110149.mat,526554,0.526554,0.0268716445623456,0.000957046775446979,3
4264,20221018_110149.mat,526753,0.526753,0.00218152192912013,0.000957046775446979,3
4265,20221018_110149.mat,526952,0.526952,0.00105706789281542,0.000957046775446979,3
4266,20221018_110149.mat,536703,0.536703,0.000998553231570187,0.000957046775446979,3
4267,20221018_110149.mat,543270,0.54327,0.00107210542296027,0.000957046775446979,3
4268,20221018_110149.mat,543668,0.543668,0.0138393497868981,0.000957046775446979,3
4269,20221018_110149.mat,543867,0.543867,0.00763282302348034,0.000957046775446979,3
4270,20221018_110149.mat,544066,0.544066,0.0014376132337448,0.000957046775446979,3
4271,20221018_110149.mat,553618,0.553618,0.00280533698811596,0.000957046775446979,3
4272,20221018_110149.mat,556802,0.556802,0.00186982009073858,0.000957046775446979,3
4273,20221018_110149.mat,557001,0.557001,0.00157573392001029,0.000957046775446979,3
4274,20221018_110149.mat,561379,0.561379,0.00193869020804461,0.000957046775446979,3
4275,20221018_110149.mat,561578,0.561578,0.00187777733115811,0.000957046775446979,3
4276,20221018_110149.mat,563369,0.563369,0.0126942316370894,0.000957046775446979,3
4277,20221018_110149.mat,563568,0.563568,0.00450823447646106,0.000957046775446979,3
4278,20221018_110149.mat,563767,0.563767,0.000973238456962541,0.000957046775446979,3
4279,20221018_110149.mat,579687,0.579687,0.0012856556146081,0.000957046775446979,3
4280,20221018_110149.mat,596005,0.596005,0.00901282228812682,0.000957046775446979,3
4281,20221018_110149.mat,596204,0.596204,0.00842489811998362,0.000957046775446979,3
4282,20221018_110149.mat,596403,0.596403,0.000975153933261203,0.000957046775446979,3
4283,20221018_110149.mat,611328,0.611328,0.00191351394947708,0.000957046775446979,3
4284,20221018_110149.mat,611527,0.611527,0.00408815645149812,0.000957046775446979,3
4285,20221018_110149.mat,611726,0.611726,0.000998841302269883,0.000957046775446979,3
4286,20221018_110149.mat,627248,0.627248,0.00121455096384562,0.000957046775446979,3
4287,20221018_110149.mat,627447,0.627447,0.00117196521944353,0.000957046775446979,3
4288,20221018_110149.mat,635805,0.635805,0.00471412956800196,0.000957046775446979,3
4289,20221018_110149.mat,636004,0.636004,0.00129678001193913,0.000957046775446979,3
4290,20221018_110149.mat,661078,0.661078,0.00121050069852451,0.000957046775446979,3
4291,20221018_110149.mat,661277,0.661277,0.00147043215868419,0.000957046775446979,3
4292,20221018_110149.mat,666451,0.666451,0.00264688419967418,0.000957046775446979,3
4293,20221018_110149.mat,707445,0.707445,0.00101025028259868,0.000957046775446979,3
4294,20221018_110149.mat,715206,0.715206,0.00364140153177226,0.000957046775446979,3
4295,20221018_110149.mat,715405,0.715405,0.00274180076693712,0.000957046775446979,3
4296,20221018_110149.mat,729733,0.729733,0.000979306490436139,0.000957046775446979,3
4297,20221018_110149.mat,735305,0.735305,0.00129677302116826,0.000957046775446979,3
4298,20221018_110149.mat,739683,0.739683,0.00375659545562543,0.000957046775446979,3
4299,20221018_110149.mat,739882,0.739882,0.00152998772207884,0.000957046775446979,3
4300,20221018_110149.mat,744658,0.744658,0.00206563466879506,0.000957046775446979,3
4301,20221018_110149.mat,744857,0.744857,0.00288452990775752,0.000957046775446979,3
4302,20221018_110149.mat,745454,0.745454,0.00175856125742198,0.000957046775446979,3
4303,20221018_110149.mat,756598,0.756598,0.00261187022583953,0.000957046775446979,3
4304,20221018_110149.mat,763961,0.763961,0.0123038277814365,0.000957046775446979,3
4305,20221018_110149.mat,764160,0.76416,0.00304478259810555,0.000957046775446979,3
4306,20221018_110149.mat,764359,0.764359,0.00106850381325065,0.000957046775446979,3
4307,20221018_110149.mat,784458,0.784458,0.00271775946969126,0.000957046775446979,3
4308,20221018_110149.mat,793015,0.793015,0.00136688687343804,0.000957046775446979,3
4309,20221018_110149.mat,903858,0.903858,0.00121693814543137,0.000957046775446979,3
4310,20221018_110149.mat,912216,0.912216,0.0363199308937738,0.000957046775446979,3
4311,20221018_110149.mat,912415,0.912415,0.00776775614937791,0.000957046775446979,3
4312,20221018_110149.mat,912614,0.912614,0.00126211623620701,0.000957046775446979,3
4313,20221018_110149.mat,928136,0.928136,0.0522243753388738,0.000957046775446979,3
4314,20221018_110149.mat,928335,0.928335,0.0336240900527889,0.000957046775446979,3
4315,20221018_110149.mat,928534,0.928534,0.00383227857693187,0.000957046775446979,3
4316,20221018_110149.mat,928733,0.928733,0.0017290449283636,0.000957046775446979,3
4317,20221018_110149.mat,936096,0.936096,0.00522115802111914,0.000957046775446979,3
4318,20221018_110149.mat,936295,0.936295,0.00110147442766159,0.000957046775446979,3
4319,20221018_110149.mat,947041,0.947041,0.00538233210758144,0.000957046775446979,3
4320,20221018_110149.mat,947240,0.94724,0.00133234600131928,0.000957046775446979,3
4321,20221018_110149.mat,982861,0.982861,0.00508148100211637,0.000957046775446979,3
4322,20221018_110149.mat,983060,0.98306,0.0101718128475531,0.000957046775446979,3
4323,20221018_110149.mat,983259,0.983259,0.00103131184295198,0.000957046775446979,3
4324,20221018_110149.mat,1057685,1.057685,0.00108689977777792,0.000957046775446979,3
4325,20221018_110149.mat,1086142,1.086142,0.000957869203714678,0.000957046775446979,3
4326,20221018_110149.mat,1101266,1.101266,0.00192119442231714,0.000957046775446979,3
4327,20221018_110149.mat,1101465,1.101465,0.00268945358802394,0.000957046775446979,3
4328,20221018_110149.mat,1109027,1.109027,0.00317638587227156,0.000957046775446979,3
4329,20221018_110149.mat,1109226,1.109226,0.00097096494428442,0.000957046775446979,3
4330,20221018_110149.mat,1116589,1.116589,0.0233029709222387,0.000957046775446979,3
4331,20221018_110149.mat,1116788,1.116788,0.00427459471208341,0.000957046775446979,3
4332,20221018_110149.mat,1116987,1.116987,0.00120420510422086,0.000957046775446979,3
4333,20221018_110149.mat,1128131,1.128131,0.00107016514516029,0.000957046775446979,3
4334,20221018_110149.mat,1137086,1.137086,0.0030949117713737,0.000957046775446979,3
4335,20221018_110149.mat,1137285,1.137285,0.00438693669654833,0.000957046775446979,3
4336,20221018_110149.mat,1137484,1.137484,0.00104592630355694,0.000957046775446979,3
4337,20221018_110149.mat,1145245,1.145245,0.00170045759857604,0.000957046775446979,3
4338,20221018_110149.mat,1164747,1.164747,0.00123258396503205,0.000957046775446979,3
4339,20221018_110149.mat,1164946,1.164946,0.00100115500740901,0.000957046775446979,3
4340,20221018_110149.mat,1198975,1.198975,0.00114723976412909,0.000957046775446979,3
4341,20221018_110149.mat,1199174,1.199174,0.00117722455261088,0.000957046775446979,3
4342,20221018_110149.mat,1242755,1.242755,0.0010806995665909,0.000957046775446979,3
4343,20221018_110149.mat,1244546,1.244546,0.00329575029191864,0.000957046775446979,3
4344,20221018_110149.mat,1244745,1.244745,0.00230386809044225,0.000957046775446979,3
4345,20221018_110149.mat,1255093,1.255093,0.0018768562055438,0.000957046775446979,3
4346,20221018_110149.mat,1255292,1.255292,0.0026973219099234,0.000957046775446979,3
4347,20221018_110149.mat,1265242,1.265242,0.00272179472044538,0.000957046775446979,3
4348,20221018_110149.mat,1265441,1.265441,0.00395867020335676,0.000957046775446979,3
4349,20221018_110149.mat,1281361,1.281361,0.00102990729304793,0.000957046775446979,3
4350,20221018_110149.mat,1283749,1.283749,0.00299895207933976,0.000957046775446979,3
4351,20221018_110149.mat,1336086,1.336086,0.0014258126904547,0.000957046775446979,3
4352,20221018_110149.mat,1352404,1.352404,0.00298081356987226,0.000957046775446979,3
4353,20221018_110149.mat,1352603,1.352603,0.00370877124467192,0.000957046775446979,3
4354,20221018_110149.mat,1366732,1.366732,0.0018820319662176,0.000957046775446979,3
4355,20221018_110149.mat,1366931,1.366931,0.00384598989185494,0.000957046775446979,3
4356,20221018_110149.mat,1401358,1.401358,0.0233626666065549,0.000957046775446979,3
4357,20221018_110149.mat,1401557,1.401557,0.00638631053449654,0.000957046775446979,3
4358,20221018_110149.mat,1401756,1.401756,0.00143203317351345,0.000957046775446979,3
4359,20221018_110149.mat,1411308,1.411308,0.0029324482398546,0.000957046775446979,3
4360,20221018_110149.mat,1411507,1.411507,0.00104119325267883,0.000957046775446979,3
4361,20221018_110149.mat,1413497,1.413497,0.00417708870993021,0.000957046775446979,3
4362,20221018_110149.mat,1413696,1.413696,0.00264070951210578,0.000957046775446979,3
4363,20221018_110149.mat,1423049,1.423049,0.0260640290551605,0.000957046775446979,3
4364,20221018_110149.mat,1423248,1.423248,0.0167052015533632,0.000957046775446979,3
4365,20221018_110149.mat,1423447,1.423447,0.00177740374393974,0.000957046775446979,3
4366,20221018_110149.mat,1438571,1.438571,0.00589824525910862,0.000957046775446979,3
4367,20221018_110149.mat,1438770,1.43877,0.00162150038344631,0.000957046775446979,3
4368,20221018_110149.mat,1453496,1.453496,0.0821642304983065,0.000957046775446979,3
4369,20221018_110149.mat,1453695,1.453695,0.0067746397462051,0.000957046775446979,3
4370,20221018_110149.mat,1453894,1.453894,0.00121719022757753,0.000957046775446979,3
4371,20221018_110149.mat,1586826,1.586826,0.00193066150775915,0.000957046775446979,3
4372,20221018_110149.mat,1587025,1.587025,0.00513708520598789,0.000957046775446979,3
4373,20221018_110149.mat,1587224,1.587224,0.00123819112655307,0.000957046775446979,3
4374,20221018_110149.mat,1619661,1.619661,0.000982111922195182,0.000957046775446979,3
4375,20221018_110149.mat,1619860,1.61986,0.00147197609506238,0.000957046775446979,3
4376,20221018_110149.mat,1621253,1.621253,0.00122686923070576,0.000957046775446979,3
4377,20221018_110149.mat,1621452,1.621452,0.00106611455664145,0.000957046775446979,3
4378,20221018_110149.mat,1648914,1.648914,0.00195008616783307,0.000957046775446979,3
4379,20221018_110149.mat,1649113,1.649113,0.00326005813252779,0.000957046775446979,3
4380,20221018_110149.mat,1679361,1.679361,0.00115298015995305,0.000957046775446979,3
4381,20221018_110149.mat,1698664,1.698664,0.000983296300047686,0.000957046775446979,3
4382,20221018_110149.mat,1725330,1.72533,0.00101188597794108,0.000957046775446979,3
4383,20221018_110149.mat,1737071,1.737071,0.003939505274656,0.000957046775446979,3
4384,20221018_110149.mat,1737270,1.73727,0.00230025689392697,0.000957046775446979,3
4385,20221018_110149.mat,1796771,1.796771,0.0148670500880091,0.000957046775446979,3
4386,20221018_110149.mat,1796970,1.79697,0.00175315582303382,0.000957046775446979,3
4387,20221018_110149.mat,1825626,1.825626,0.000963486008048021,0.000957046775446979,3
4388,20221018_110149.mat,1827417,1.827417,0.00191811837739654,0.000957046775446979,3
4389,20221018_110149.mat,1827616,1.827616,0.00120900476528467,0.000957046775446979,3
4390,20221018_110149.mat,1835576,1.835576,0.00105531828963932,0.000957046775446979,3
4391,20221018_110149.mat,1836969,1.836969,0.000984742834500267,0.000957046775446979,3
4392,20221018_110149.mat,1837367,1.837367,0.00106934047708379,0.000957046775446979,3
4393,20221018_110149.mat,1841148,1.841148,0.00196083217657031,0.000957046775446979,3
4394,20221018_110149.mat,1861645,1.861645,0.00512127291976034,0.000957046775446979,3
4395,20221018_110149.mat,1861844,1.861844,0.00099268392638541,0.000957046775446979,3
4396,20221018_110149.mat,1875973,1.875973,0.000962628477926363,0.000957046775446979,3
4397,20221018_110149.mat,1894281,1.894281,0.0573107527191815,0.000957046775446979,3
4398,20221018_110149.mat,1894480,1.89448,0.0199631098942234,0.000957046775446979,3
4399,20221018_110149.mat,1894679,1.894679,0.00430643649322142,0.000957046775446979,3
4400,20221018_110149.mat,1894878,1.894878,0.00132215572117479,0.000957046775446979,3
4401,20221018_110149.mat,1900052,1.900052,0.021538227446261,0.000957046775446979,3
4402,20221018_110149.mat,1900251,1.900251,0.00240378836380843,0.000957046775446979,3
4403,20221018_110149.mat,1900450,1.90045,0.00111818759393584,0.000957046775446979,3
4404,20221018_110149.mat,1919554,1.919554,0.00514552799207236,0.000957046775446979,3
4405,20221018_110149.mat,1919753,1.919753,0.00353251802823114,0.000957046775446979,3
4406,20221018_110149.mat,1919952,1.919952,0.00106291860009754,0.000957046775446979,3
4407,20221018_110149.mat,1929504,1.929504,0.00099429690487022,0.000957046775446979,3
4408,20221018_110149.mat,1945822,1.945822,0.00172341794957648,0.000957046775446979,3
4409,20221018_110149.mat,1949404,1.949404,0.00132489040615811,0.000957046775446979,3
4410,20221018_110149.mat,2013880,2.01388,0.00195906247166826,0.000957046775446979,3
4411,20221018_110149.mat,2024427,2.024427,0.0190725154696459,0.000957046775446979,3
4412,20221018_110149.mat,2024626,2.024626,0.0294811493236915,0.000957046775446979,3
4413,20221018_110149.mat,2024825,2.024825,0.00342071602425479,0.000957046775446979,3
4414,20221018_110149.mat,2025024,2.025024,0.00130517341043609,0.000957046775446979,3
4415,20221018_110149.mat,2057262,2.057262,0.00120461603226475,0.000957046775446979,3
4416,20221018_110149.mat,2067610,2.06761,0.00117822133394698,0.000957046775446979,3
4417,20221018_110149.mat,2083331,2.083331,0.00137545147596145,0.000957046775446979,3
4418,20221018_110149.mat,2083530,2.08353,0.00112493516420558,0.000957046775446979,3
4419,20221018_110149.mat,2096863,2.096863,0.00290110538840852,0.000957046775446979,3
4420,20221018_110149.mat,2097062,2.097062,0.00299526640057929,0.000957046775446979,3
4421,20221018_110149.mat,2099052,2.099052,0.00098242837891269,0.000957046775446979,3
4422,20221018_110149.mat,2124126,2.124126,0.0109816760937529,0.000957046775446979,3
4423,20221018_110149.mat,2124325,2.124325,0.00229262300484241,0.000957046775446979,3
4424,20221018_110149.mat,2172085,2.172085,0.00293704723408124,0.000957046775446979,3
4425,20221018_110149.mat,2172284,2.172284,0.00159785950821232,0.000957046775446979,3
4426,20221018_110149.mat,2191786,2.191786,0.00346325677992245,0.000957046775446979,3
4427,20221018_110149.mat,2191985,2.191985,0.0135118528795728,0.000957046775446979,3
4428,20221018_110149.mat,2192184,2.192184,0.00163564181169966,0.000957046775446979,3
4429,20221018_110149.mat,2192383,2.192383,0.000988116291173475,0.000957046775446979,3
4430,20221018_110149.mat,2198353,2.198353,0.00194641448724909,0.000957046775446979,3
4431,20221018_110149.mat,2260640,2.26064,0.00234261345688726,0.000957046775446979,3
4432,20221018_110149.mat,2273177,2.273177,0.00103051562602791,0.000957046775446979,3
4433,20221018_110149.mat,2277356,2.277356,0.001107396662257,0.000957046775446979,3
4434,20221018_110149.mat,2291087,2.291087,0.00160714941450136,0.000957046775446979,3
4435,20221018_110149.mat,2328101,2.328101,0.0030973427220793,0.000957046775446979,3
4436,20221018_110149.mat,2328300,2.3283,0.00137558530193772,0.000957046775446979,3
4437,20221018_110149.mat,2328499,2.328499,0.00157465400578865,0.000957046775446979,3
4438,20221018_110149.mat,2343225,2.343225,0.00136885044418779,0.000957046775446979,3
4439,20221018_110149.mat,2370488,2.370488,0.00325793570700348,0.000957046775446979,3
4440,20221018_110149.mat,2370687,2.370687,0.00488309101249019,0.000957046775446979,3
4441,20221018_110149.mat,2370886,2.370886,0.000998029239913963,0.000957046775446979,3
4442,20221018_110149.mat,2424417,2.424417,0.00134699002740082,0.000957046775446979,3
4443,20221018_110149.mat,2425213,2.425213,0.0150637138199181,0.000957046775446979,3
4444,20221018_110149.mat,2425412,2.425412,0.00421029530642509,0.000957046775446979,3
4445,20221018_110149.mat,2444317,2.444317,0.00124246934839251,0.000957046775446979,3
4446,20221018_110149.mat,2534862,2.534862,0.0366100336288631,0.000957046775446979,3
4447,20221018_110149.mat,2535061,2.535061,0.00555602563527979,0.000957046775446979,3
4448,20221018_110149.mat,2535260,2.53526,0.00128840607524842,0.000957046775446979,3
4449,20221018_110149.mat,2609487,2.609487,0.00353059158958842,0.000957046775446979,3
4450,20221018_110149.mat,2609686,2.609686,0.00142648065575516,0.000957046775446979,3
4451,20221018_110149.mat,2629586,2.629586,0.00106209867459144,0.000957046775446979,3
4452,20221018_110149.mat,2632173,2.632173,0.00197019763047299,0.000957046775446979,3
4453,20221018_110149.mat,2632372,2.632372,0.00142628247891745,0.000957046775446979,3
4454,20221018_110149.mat,2659834,2.659834,0.0331981170082851,0.000957046775446979,3
4455,20221018_110149.mat,2660033,2.660033,0.0226236888627715,0.000957046775446979,3
4456,20221018_110149.mat,2660232,2.660232,0.00219022765703251,0.000957046775446979,3
4457,20221018_110149.mat,2660431,2.660431,0.00109611779732819,0.000957046775446979,3
4458,20221018_110149.mat,2668590,2.66859,0.00121996724779386,0.000957046775446979,3
4459,20221018_110149.mat,2704410,2.70441,0.00282408218967732,0.000957046775446979,3
4460,20221018_110149.mat,2704808,2.704808,0.000966284260287509,0.000957046775446979,3
4461,20221018_110149.mat,2801323,2.801323,0.00743034671851975,0.000957046775446979,3
4462,20221018_110149.mat,2815452,2.815452,0.0204663372076305,0.000957046775446979,3
4463,20221018_110149.mat,2815651,2.815651,0.00611439418494445,0.000957046775446979,3
4464,20221018_110149.mat,2815850,2.81585,0.00113231785874332,0.000957046775446979,3
4465,20221018_110149.mat,2845302,2.845302,0.00449979824410052,0.000957046775446979,3
4466,20221018_110149.mat,2846297,2.846297,0.00105472518545176,0.000957046775446979,3
4467,20221018_110149.mat,2846496,2.846496,0.00273303997730087,0.000957046775446979,3
4468,20221018_110149.mat,2850874,2.850874,0.00537475660637111,0.000957046775446979,3
4469,20221018_110149.mat,2851073,2.851073,0.00102548683559978,0.000957046775446979,3
4470,20221018_110149.mat,2884704,2.884704,0.00104721429450921,0.000957046775446979,3
4471,20221018_110149.mat,2889679,2.889679,0.00187135167898071,0.000957046775446979,3
4472,20221018_110149.mat,2932066,2.932066,0.000977056376092884,0.000957046775446979,3
4473,20221018_110149.mat,2954951,2.954951,0.0029391066831805,0.000957046775446979,3
4474,20221018_110149.mat,2955150,2.95515,0.0010324437006701,0.000957046775446979,3
4475,20221018_110149.mat,2966692,2.966692,0.0028554729101895,0.000957046775446979,3
4476,20221018_110149.mat,2966891,2.966891,0.00169545614025758,0.000957046775446979,3
4477,20221018_110149.mat,2976642,2.976642,0.0144855957970312,0.000957046775446979,3
4478,20221018_110149.mat,2976841,2.976841,0.00738321131556635,0.000957046775446979,3
4479,20221018_110149.mat,2977040,2.97704,0.00281475343456633,0.000957046775446979,3
4480,20221018_110149.mat,2985995,2.985995,0.00831059041388785,0.000957046775446979,3
4481,20221018_110149.mat,2986194,2.986194,0.003677373720405,0.000957046775446979,3
4482,20221018_110149.mat,2996741,2.996741,0.00104697509956866,0.000957046775446979,3
4483,20221018_110149.mat,3002711,3.002711,0.00109038896048458,0.000957046775446979,3
4484,20221018_110149.mat,3003507,3.003507,0.00179207982961089,0.000957046775446979,3
4485,20221018_110149.mat,3003706,3.003706,0.00185860638085436,0.000957046775446979,3
4486,20221018_110149.mat,3013258,3.013258,0.00224972550678034,0.000957046775446979,3
4487,20221018_110149.mat,3131066,3.131066,0.00362036864063409,0.000957046775446979,3
4488,20221018_110149.mat,3169274,3.169274,0.00225214593693731,0.000957046775446979,3
4489,20221018_110149.mat,3169473,3.169473,0.00238201673859793,0.000957046775446979,3
4490,20221018_110149.mat,3172060,3.17206,0.00401907477820532,0.000957046775446979,3
4491,20221018_110149.mat,3172259,3.172259,0.00107592311862599,0.000957046775446979,3
4492,20221018_110149.mat,3206686,3.206686,0.0726234691662875,0.000957046775446979,3
4493,20221018_110149.mat,3206885,3.206885,0.017150064508932,0.000957046775446979,3
4494,20221018_110149.mat,3207084,3.207084,0.00982782237954295,0.000957046775446979,3
4495,20221018_110149.mat,3207283,3.207283,0.00265800283671841,0.000957046775446979,3
4496,20221018_110149.mat,3258625,3.258625,0.0353529223845511,0.000957046775446979,3
4497,20221018_110149.mat,3258824,3.258824,0.02746530387073,0.000957046775446979,3
4498,20221018_110149.mat,3259023,3.259023,0.00567191438024545,0.000957046775446979,3
4499,20221018_110149.mat,3259222,3.259222,0.00163264575193845,0.000957046775446979,3
4500,20221018_110149.mat,3262008,3.262008,0.00313205875050128,0.000957046775446979,3
4501,20221018_110149.mat,3262207,3.262207,0.00415147604424253,0.000957046775446979,3
4502,20221018_110149.mat,3264197,3.264197,0.00310607737846428,0.000957046775446979,3
4503,20221018_110149.mat,3294047,3.294047,0.0336564411294095,0.000957046775446979,3
4504,20221018_110149.mat,3294246,3.294246,0.00258956042862634,0.000957046775446979,3
4505,20221018_110149.mat,3300415,3.300415,0.00200324283658507,0.000957046775446979,3
4506,20221018_110149.mat,3300614,3.300614,0.00117578721589985,0.000957046775446979,3
4507,20221018_110149.mat,3344792,3.344792,0.00371329081634608,0.000957046775446979,3
4508,20221018_110149.mat,3344991,3.344991,0.00095785449898501,0.000957046775446979,3
4509,20221018_110149.mat,3351359,3.351359,0.00385281758657697,0.000957046775446979,3
4510,20221018_110149.mat,3369070,3.36907,0.0812031131129965,0.000957046775446979,3
4511,20221018_110149.mat,3369269,3.369269,0.0272069685585318,0.000957046775446979,3
4512,20221018_110149.mat,3369468,3.369468,0.014207871080284,0.000957046775446979,3
4513,20221018_110149.mat,3369667,3.369667,0.00415009415431427,0.000957046775446979,3
4514,20221018_110149.mat,3385985,3.385985,0.0336242544501048,0.000957046775446979,3
4515,20221018_110149.mat,3386184,3.386184,0.00300535674537252,0.000957046775446979,3
4516,20221018_110149.mat,3386383,3.386383,0.0103477689297431,0.000957046775446979,3
4517,20221018_110149.mat,3386582,3.386582,0.00683983137056793,0.000957046775446979,3
4518,20221018_110149.mat,3386781,3.386781,0.00114675561990068,0.000957046775446979,3
4519,20221018_110149.mat,3398920,3.39892,0.00362666362554177,0.000957046775446979,3
4520,20221018_110149.mat,3399119,3.399119,0.00115983925885179,0.000957046775446979,3
4521,20221018_110149.mat,3410064,3.410064,0.00105641201596812,0.000957046775446979,3
4522,20221018_110149.mat,3410263,3.410263,0.00105902360649379,0.000957046775446979,3
4523,20221018_110149.mat,3410462,3.410462,0.00180302497575066,0.000957046775446979,3
4524,20221018_110149.mat,3411059,3.411059,0.055096001584285,0.000957046775446979,3
4525,20221018_110149.mat,3411258,3.411258,0.0104436143788491,0.000957046775446979,3
4526,20221018_110149.mat,3411457,3.411457,0.00598358782354041,0.000957046775446979,3
4527,20221018_110149.mat,3411656,3.411656,0.00295141614153771,0.000957046775446979,3
4528,20221018_110149.mat,3419019,3.419019,0.00280764067847312,0.000957046775446979,3
4529,20221018_110149.mat,3419218,3.419218,0.00124621880265926,0.000957046775446979,3
4530,20221018_110149.mat,3420810,3.42081,0.00111509036269975,0.000957046775446979,3
4531,20221018_110149.mat,3421009,3.421009,0.000972637744226472,0.000957046775446979,3
4532,20221018_110149.mat,3422203,3.422203,0.0033200120601087,0.000957046775446979,3
4533,20221018_110149.mat,3426581,3.426581,0.0639908771200787,0.000957046775446979,3
4534,20221018_110149.mat,3426780,3.42678,0.133576357352783,0.000957046775446979,3
4535,20221018_110149.mat,3426979,3.426979,0.012132018201271,0.000957046775446979,3
4536,20221018_110149.mat,3427178,3.427178,0.00392422021470398,0.000957046775446979,3
4537,20221018_110149.mat,3427377,3.427377,0.00103588906334185,0.000957046775446979,3
4538,20221018_110149.mat,3427775,3.427775,0.0498483386299583,0.000957046775446979,3
4539,20221018_110149.mat,3427974,3.427974,0.0103539804377581,0.000957046775446979,3
4540,20221018_110149.mat,3428173,3.428173,0.00144063921238792,0.000957046775446979,3
4541,20221018_110149.mat,3438919,3.438919,0.00656383195398018,0.000957046775446979,3
4542,20221018_110149.mat,3439118,3.439118,0.00164786702874537,0.000957046775446979,3
4543,20221018_110149.mat,3440113,3.440113,0.00105915277907958,0.000957046775446979,3
4544,20221018_110149.mat,3442700,3.4427,0.00134087839597979,0.000957046775446979,3
4545,20221018_110149.mat,3448670,3.44867,0.0268161833340708,0.000957046775446979,3
4546,20221018_110149.mat,3448869,3.448869,0.0156011456984813,0.000957046775446979,3
4547,20221018_110149.mat,3449068,3.449068,0.00455499203727061,0.000957046775446979,3
4548,20221018_110149.mat,3449267,3.449267,0.00155922255611964,0.000957046775446979,3
4549,20221018_110149.mat,3458023,3.458023,0.00156285705299754,0.000957046775446979,3
4550,20221018_110149.mat,3464192,3.464192,0.000977566931668746,0.000957046775446979,3
4551,20221018_110149.mat,3473943,3.473943,0.00169652319235088,0.000957046775446979,3
4552,20221018_110149.mat,3474142,3.474142,0.00230751025988023,0.000957046775446979,3
4553,20221018_110149.mat,3488669,3.488669,0.00117317142015243,0.000957046775446979,3
4554,20221018_110149.mat,3492052,3.492052,0.00123124886311665,0.000957046775446979,3
4555,20221018_110149.mat,3499017,3.499017,0.00105975287854356,0.000957046775446979,3
4556,20221018_110149.mat,3504191,3.504191,0.00247751501419818,0.000957046775446979,3
4557,20221018_110149.mat,3506977,3.506977,0.0149080948532773,0.000957046775446979,3
4558,20221018_110149.mat,3507176,3.507176,0.00155753840588193,0.000957046775446979,3
4559,20221018_110149.mat,3508370,3.50837,0.119663770897166,0.000957046775446979,3
4560,20221018_110149.mat,3508569,3.508569,0.0116911124579557,0.000957046775446979,3
4561,20221018_110149.mat,3508768,3.508768,0.00445553566155068,0.000957046775446979,3
4562,20221018_110149.mat,3508967,3.508967,0.00107879710878943,0.000957046775446979,3
4563,20221018_110149.mat,3513743,3.513743,0.0227267157679387,0.000957046775446979,3
4564,20221018_110149.mat,3513942,3.513942,0.00141483752771584,0.000957046775446979,3
4565,20221018_110149.mat,3514141,3.514141,0.00117981256551204,0.000957046775446979,3
4566,20221018_110149.mat,3519713,3.519713,0.00347106960100168,0.000957046775446979,3
4567,20221018_110149.mat,3519912,3.519912,0.00210305346220666,0.000957046775446979,3
4568,20221018_110149.mat,3528668,3.528668,0.00469009013153803,0.000957046775446979,3
4569,20221018_110149.mat,3528867,3.528867,0.00143065357116127,0.000957046775446979,3
4570,20221018_110149.mat,3537225,3.537225,0.0019114957380464,0.000957046775446979,3
4571,20221018_110149.mat,3537424,3.537424,0.00258770717432327,0.000957046775446979,3
4572,20221018_110149.mat,3541603,3.541603,0.00239330667136979,0.000957046775446979,3
4573,20221018_110149.mat,3541802,3.541802,0.00111406238285219,0.000957046775446979,3
4574,20221018_110149.mat,3558319,3.558319,0.00361664395921857,0.000957046775446979,3
4575,20221018_110149.mat,3558518,3.558518,0.00136980032663288,0.000957046775446979,3
4576,20221018_110149.mat,3563493,3.563493,0.011977402763946,0.000957046775446979,3
4577,20221018_110149.mat,3563692,3.563692,0.00209706389860387,0.000957046775446979,3
4578,20221018_110149.mat,3563891,3.563891,0.00108940782028608,0.000957046775446979,3
4579,20221018_110149.mat,3564090,3.56409,0.00143343110047461,0.000957046775446979,3
4580,20221018_110149.mat,3579811,3.579811,0.00109327645665764,0.000957046775446979,3
4581,20221018_110149.mat,3595731,3.595731,0.0195419885196969,0.000957046775446979,3
4582,20221018_110149.mat,3595930,3.59593,0.00383410537368127,0.000957046775446979,3
4583,20221018_110149.mat,3597522,3.597522,0.00301201967564532,0.000957046775446979,3
4584,20221018_110149.mat,3597721,3.597721,0.0208650154015148,0.000957046775446979,3
4585,20221018_110149.mat,3597920,3.59792,0.00232957360905788,0.000957046775446979,3
4586,20221018_110149.mat,3598119,3.598119,0.00104626864347025,0.000957046775446979,3
4587,20221018_110149.mat,3605084,3.605084,0.00130453430264531,0.000957046775446979,3
4588,20221018_110149.mat,3605283,3.605283,0.00174915187551617,0.000957046775446979,3
4589,20221018_110149.mat,3645879,3.645879,0.00119749089868763,0.000957046775446979,3
4590,20221018_110149.mat,3648068,3.648068,0.00138109696956187,0.000957046775446979,3
4591,20221018_110149.mat,3648466,3.648466,0.00170439413176323,0.000957046775446979,3
4592,20221018_110149.mat,3657620,3.65762,0.00132539523242756,0.000957046775446979,3
4593,20221018_110149.mat,3657819,3.657819,0.00102179965771331,0.000957046775446979,3
4594,20221018_110149.mat,3671152,3.671152,0.00351760675752592,0.000957046775446979,3
4595,20221018_110149.mat,3671351,3.671351,0.00128863638646166,0.000957046775446979,3
4596,20221018_110149.mat,3680903,3.680903,0.023423899988857,0.000957046775446979,3
4597,20221018_110149.mat,3681102,3.681102,0.0027038692279766,0.000957046775446979,3
4598,20221018_110149.mat,3699012,3.699012,0.00196479640199231,0.000957046775446979,3
4599,20221018_110149.mat,3699211,3.699211,0.0028326761206109,0.000957046775446979,3
4600,20221018_110149.mat,3702793,3.702793,0.00408675905387228,0.000957046775446979,3
4601,20221018_110149.mat,3702992,3.702992,0.00102022524175219,0.000957046775446979,3
4602,20221018_110149.mat,3720703,3.720703,0.00214637263913554,0.000957046775446979,3
4603,20221018_110149.mat,3721499,3.721499,0.00662173778905441,0.000957046775446979,3
4604,20221018_110149.mat,3721698,3.721698,0.00101040860296504,0.000957046775446979,3
4605,20221018_110149.mat,3726275,3.726275,0.000994775340330077,0.000957046775446979,3
4606,20221018_110149.mat,3728663,3.728663,0.00677804120251485,0.000957046775446979,3
4607,20221018_110149.mat,3728862,3.728862,0.00461247151946159,0.000957046775446979,3
4608,20221018_110149.mat,3729061,3.729061,0.000996469746783306,0.000957046775446979,3
4609,20221018_110149.mat,3777020,3.77702,0.00265100608276103,0.000957046775446979,3
4610,20221018_110149.mat,3793736,3.793736,0.000967000261957271,0.000957046775446979,3
4611,20221018_110149.mat,3795328,3.795328,0.0219743815875583,0.000957046775446979,3
4612,20221018_110149.mat,3795527,3.795527,0.00568205918303643,0.000957046775446979,3
4613,20221018_110149.mat,3795726,3.795726,0.0015990212557979,0.000957046775446979,3
4614,20221018_110149.mat,3843685,3.843685,0.000979253089392363,0.000957046775446979,3
4615,20221018_110149.mat,3855625,3.855625,0.00631478702776999,0.000957046775446979,3
4616,20221018_110149.mat,3855824,3.855824,0.00795030966777219,0.000957046775446979,3
4617,20221018_110149.mat,3856023,3.856023,0.00106279080147779,0.000957046775446979,3
4618,20221018_110149.mat,3857217,3.857217,0.0217714934423405,0.000957046775446979,3
4619,20221018_110149.mat,3857416,3.857416,0.00320644866473297,0.000957046775446979,3
4620,20221018_110149.mat,3857615,3.857615,0.00147112432445607,0.000957046775446979,3
4621,20221018_110149.mat,3864580,3.86458,0.00166573533898328,0.000957046775446979,3
4622,20221018_110149.mat,3864779,3.864779,0.000961468823207663,0.000957046775446979,3
4623,20221018_110149.mat,3876719,3.876719,0.0266657067223899,0.000957046775446979,3
4624,20221018_110149.mat,3876918,3.876918,0.0252438377034434,0.000957046775446979,3
4625,20221018_110149.mat,3877117,3.877117,0.00192332485252267,0.000957046775446979,3
4626,20221018_110149.mat,3877316,3.877316,0.00121764716659989,0.000957046775446979,3
4627,20221018_110149.mat,3888659,3.888659,0.00127812679013081,0.000957046775446979,3
4628,20221018_110149.mat,3888858,3.888858,0.00192962643717434,0.000957046775446979,3
4629,20221018_110149.mat,3891246,3.891246,0.00628821972318357,0.000957046775446979,3
4630,20221018_110149.mat,3891445,3.891445,0.00213719743114233,0.000957046775446979,3
4631,20221018_110149.mat,3895425,3.895425,0.00262047871522243,0.000957046775446979,3
4632,20221018_110149.mat,3909156,3.909156,0.00335793165191845,0.000957046775446979,3
4633,20221018_110149.mat,3909355,3.909355,0.00298188216459544,0.000957046775446979,3
4634,20221018_110149.mat,4000696,4.000696,0.00146532794797564,0.000957046775446979,3
4635,20221018_110149.mat,4000895,4.000895,0.00151815444237186,0.000957046775446979,3
4636,20221018_110149.mat,4005074,4.005074,0.00127593137629601,0.000957046775446979,3
4637,20221018_110149.mat,4020994,4.020994,0.000992237932490057,0.000957046775446979,3
4638,20221018_110149.mat,4029949,4.029949,0.00231175248589139,0.000957046775446979,3
4639,20221018_110149.mat,4030148,4.030148,0.00121309485850388,0.000957046775446979,3
4640,20221018_110149.mat,4032934,4.032934,0.00529964155195852,0.000957046775446979,3
4641,20221018_110149.mat,4033133,4.033133,0.00158335398907616,0.000957046775446979,3
4642,20221018_110149.mat,4046466,4.046466,0.0356178452101517,0.000957046775446979,3
4643,20221018_110149.mat,4046665,4.046665,0.0476399762604701,0.000957046775446979,3
4644,20221018_110149.mat,4046864,4.046864,0.00489235668743801,0.000957046775446979,3
4645,20221018_110149.mat,4047063,4.047063,0.00223317929721445,0.000957046775446979,3
4646,20221018_110149.mat,4056615,4.056615,0.00123462344649963,0.000957046775446979,3
4647,20221018_110149.mat,4057013,4.057013,0.00186319261231037,0.000957046775446979,3
4648,20221018_110149.mat,4119499,4.119499,0.00188612610701272,0.000957046775446979,3
4649,20221018_110149.mat,4162085,4.162085,0.00110659330824089,0.000957046775446979,3
4650,20221018_110149.mat,4193527,4.193527,0.00096206607470009,0.000957046775446979,3
4651,20221018_110149.mat,4219795,4.219795,0.000981546332626606,0.000957046775446979,3
4652,20221018_110149.mat,4247058,4.247058,0.00106420397765128,0.000957046775446979,3
4653,20221018_110149.mat,4273923,4.273923,0.00126080919813368,0.000957046775446979,3
4654,20221018_110149.mat,4276908,4.276908,0.00111044828927665,0.000957046775446979,3
4655,20221018_110149.mat,4280092,4.280092,0.00563002794407594,0.000957046775446979,3
4656,20221018_110149.mat,4280291,4.280291,0.00259482538330142,0.000957046775446979,3
4657,20221018_110149.mat,4282878,4.282878,0.00332257896519369,0.000957046775446979,3
4658,20221018_110149.mat,4283077,4.283077,0.0056452882267349,0.000957046775446979,3
4659,20221018_110149.mat,4283276,4.283276,0.00160621400261268,0.000957046775446979,3
4660,20221018_110149.mat,4343374,4.343374,0.00365008519654026,0.000957046775446979,3
4661,20221018_110149.mat,4343573,4.343573,0.00466381244602379,0.000957046775446979,3
4662,20221018_110149.mat,4349145,4.349145,0.00224887890680832,0.000957046775446979,3
4663,20221018_110149.mat,4397502,4.397502,0.00133683386666506,0.000957046775446979,3
4664,20221018_110149.mat,4431929,4.431929,0.00401130487139769,0.000957046775446979,3
4665,20221018_110149.mat,4432128,4.432128,0.00134209020981082,0.000957046775446979,3
4666,20221018_110149.mat,4436506,4.436506,0.00122863900678791,0.000957046775446979,3
4667,20221018_110149.mat,4436705,4.436705,0.00119299575745036,0.000957046775446979,3
4668,20221018_110149.mat,4437899,4.437899,0.0118092243660677,0.000957046775446979,3
4669,20221018_110149.mat,4438098,4.438098,0.00315260309795453,0.000957046775446979,3
4670,20221018_110149.mat,4456605,4.456605,0.0100873033304826,0.000957046775446979,3
4671,20221018_110149.mat,4456804,4.456804,0.00111916057424372,0.000957046775446979,3
4672,20221018_110149.mat,4471132,4.471132,0.00125588795066335,0.000957046775446979,3
4673,20221018_110149.mat,4479291,4.479291,0.0269638909062145,0.000957046775446979,3
4674,20221018_110149.mat,4479490,4.47949,0.015802355908478,0.000957046775446979,3
4675,20221018_110149.mat,4479689,4.479689,0.00248370215666587,0.000957046775446979,3
4676,20221018_110149.mat,4479888,4.479888,0.0010513501753761,0.000957046775446979,3
4677,20221018_110149.mat,4480286,4.480286,0.0319271099330336,0.000957046775446979,3
4678,20221018_110149.mat,4480485,4.480485,0.0297418365485891,0.000957046775446979,3
4679,20221018_110149.mat,4480684,4.480684,0.0276653973867544,0.000957046775446979,3
4680,20221018_110149.mat,4480883,4.480883,0.00364039969480007,0.000957046775446979,3
4681,20221018_110149.mat,4481082,4.481082,0.00121914404857474,0.000957046775446979,3
4682,20221018_110149.mat,4494614,4.494614,0.00483017947080694,0.000957046775446979,3
4683,20221018_110149.mat,4498395,4.498395,0.00124917210708842,0.000957046775446979,3
4684,20221018_110149.mat,4498594,4.498594,0.00261688119555731,0.000957046775446979,3
4685,20221018_110149.mat,4516504,4.516504,0.0111717974533438,0.000957046775446979,3
4686,20221018_110149.mat,4516703,4.516703,0.00320906095283221,0.000957046775446979,3
4687,20221018_110149.mat,4533220,4.53322,0.000966596520125899,0.000957046775446979,3
4688,20221018_110149.mat,4618591,4.618591,0.000973509237873092,0.000957046775446979,3
4689,20221018_110149.mat,4618790,4.61879,0.00674437736644857,0.000957046775446979,3
4690,20221018_110149.mat,4618989,4.618989,0.00135070404899129,0.000957046775446979,3
4691,20221018_110149.mat,4641277,4.641277,0.00912504200832596,0.000957046775446979,3
4692,20221018_110149.mat,4641476,4.641476,0.00108273805005974,0.000957046775446979,3
4693,20221018_110149.mat,4649038,4.649038,0.00301337432727237,0.000957046775446979,3
4694,20221018_110149.mat,4649237,4.649237,0.00142907484749164,0.000957046775446979,3
4695,20221018_110149.mat,4707743,4.707743,0.00159240573524775,0.000957046775446979,3
4696,20221018_110149.mat,4726449,4.726449,0.00101053005154101,0.000957046775446979,3
4697,20221018_110149.mat,4745951,4.745951,0.00114698106114401,0.000957046775446979,3
4698,20221018_110149.mat,4746150,4.74615,0.00128827022999426,0.000957046775446979,3
4699,20221018_110149.mat,4746548,4.746548,0.00179425032424163,0.000957046775446979,3
4700,20221018_110149.mat,4746747,4.746747,0.00255766602448627,0.000957046775446979,3
4701,20221018_110149.mat,4750130,4.75013,0.00112053675897368,0.000957046775446979,3
4702,20221018_110149.mat,4766846,4.766846,0.0193815920123042,0.000957046775446979,3
4703,20221018_110149.mat,4767045,4.767045,0.00385801719992993,0.000957046775446979,3
4704,20221018_110149.mat,4774010,4.77401,0.00128742506181134,0.000957046775446979,3
4705,20221018_110149.mat,4828337,4.828337,0.00118751153557126,0.000957046775446979,3
4706,20221018_110149.mat,4862167,4.862167,0.0669612147580855,0.000957046775446979,3
4707,20221018_110149.mat,4862366,4.862366,0.00568988977457827,0.000957046775446979,3
4708,20221018_110149.mat,4862565,4.862565,0.00159269567028515,0.000957046775446979,3
4709,20221018_110149.mat,4862764,4.862764,0.000969847472023588,0.000957046775446979,3
4710,20221018_110149.mat,4864754,4.864754,0.00123747922466681,0.000957046775446979,3
4711,20221018_110149.mat,4887241,4.887241,0.00183472768673269,0.000957046775446979,3
4712,20221018_110149.mat,4887440,4.88744,0.00135718136639578,0.000957046775446979,3
4713,20221018_110149.mat,4893211,4.893211,0.0578222989851585,0.000957046775446979,3
4714,20221018_110149.mat,4893410,4.89341,0.00884455628671335,0.000957046775446979,3
4715,20221018_110149.mat,4893609,4.893609,0.00307509433274266,0.000957046775446979,3
4716,20221018_110149.mat,4916693,4.916693,0.00197878484357583,0.000957046775446979,3
4717,20221018_110149.mat,4939976,4.939976,0.00142718426832634,0.000957046775446979,3
4718,20221018_110149.mat,4944354,4.944354,0.00137417318166347,0.000957046775446979,3
4719,20221018_110149.mat,4948732,4.948732,0.00161138073548592,0.000957046775446979,3
4720,20221018_110149.mat,4957687,4.957687,0.00255677226820649,0.000957046775446979,3
4721,20221018_110149.mat,4964055,4.964055,0.0010036989089904,0.000957046775446979,3
4722,20221018_110149.mat,4980373,4.980373,0.00127768045662144,0.000957046775446979,3
4723,20221018_110149.mat,4989328,4.989328,0.00336952767459721,0.000957046775446979,3
4724,20221018_110149.mat,4998283,4.998283,0.00156160848085081,0.000957046775446979,3
4725,20221018_110154.mat,17114,0.017114,0.00192848285981755,0.000964745745500052,3
4726,20221018_110154.mat,25472,0.025472,0.00162819430976639,0.000964745745500052,3
4727,20221018_110154.mat,27462,0.027462,0.00241982491879465,0.000964745745500052,3
4728,20221018_110154.mat,58904,0.058904,0.00198819514606045,0.000964745745500052,3
4729,20221018_110154.mat,77411,0.077411,0.00109922971231401,0.000964745745500052,3
4730,20221018_110154.mat,89550,0.08955,0.0102291553556692,0.000964745745500052,3
4731,20221018_110154.mat,89749,0.089749,0.00272283123886258,0.000964745745500052,3
4732,20221018_110154.mat,89948,0.089948,0.00110075044109752,0.000964745745500052,3
4733,20221018_110154.mat,91142,0.091142,0.00239271500339525,0.000964745745500052,3
4734,20221018_110154.mat,91341,0.091341,0.0139827430151523,0.000964745745500052,3
4735,20221018_110154.mat,91540,0.09154,0.00255930083554187,0.000964745745500052,3
4736,20221018_110154.mat,97908,0.097908,0.00134648421470927,0.000964745745500052,3
4737,20221018_110154.mat,112435,0.112435,0.00111728728798616,0.000964745745500052,3
4738,20221018_110154.mat,139897,0.139897,0.00222513125801149,0.000964745745500052,3
4739,20221018_110154.mat,148852,0.148852,0.00157912284996122,0.000964745745500052,3
4740,20221018_110154.mat,149051,0.149051,0.0011926898572355,0.000964745745500052,3
4741,20221018_110154.mat,149250,0.14925,0.0286324473040037,0.000964745745500052,3
4742,20221018_110154.mat,149449,0.149449,0.00413584801002493,0.000964745745500052,3
4743,20221018_110154.mat,149648,0.149648,0.00110176747581951,0.000964745745500052,3
4744,20221018_110154.mat,149847,0.149847,0.143280916852015,0.000964745745500052,3
4745,20221018_110154.mat,150046,0.150046,0.0231141247489194,0.000964745745500052,3
4746,20221018_110154.mat,150245,0.150245,0.00482164678537459,0.000964745745500052,3
4747,20221018_110154.mat,150444,0.150444,0.00212998399570825,0.000964745745500052,3
4748,20221018_110154.mat,170344,0.170344,0.00135616703875848,0.000964745745500052,3
4749,20221018_110154.mat,170543,0.170543,0.00110557080689532,0.000964745745500052,3
4750,20221018_110154.mat,178702,0.178702,0.0187404223504904,0.000964745745500052,3
4751,20221018_110154.mat,178901,0.178901,0.00130696035180129,0.000964745745500052,3
4752,20221018_110154.mat,190045,0.190045,0.00137943228648922,0.000964745745500052,3
4753,20221018_110154.mat,191239,0.191239,0.00155578936157036,0.000964745745500052,3
4754,20221018_110154.mat,206562,0.206562,0.00153786616196176,0.000964745745500052,3
4755,20221018_110154.mat,225268,0.225268,0.00106357087937747,0.000964745745500052,3
4756,20221018_110154.mat,226860,0.22686,0.110686644113789,0.000964745745500052,3
4757,20221018_110154.mat,227059,0.227059,0.0346348015928388,0.000964745745500052,3
4758,20221018_110154.mat,227258,0.227258,0.00433031835734459,0.000964745745500052,3
4759,20221018_110154.mat,227457,0.227457,0.00137487014192353,0.000964745745500052,3
4760,20221018_110154.mat,228253,0.228253,0.00120849661326367,0.000964745745500052,3
4761,20221018_110154.mat,229646,0.229646,0.152708828663234,0.000964745745500052,3
4762,20221018_110154.mat,229845,0.229845,0.109829533761389,0.000964745745500052,3
4763,20221018_110154.mat,230044,0.230044,0.0487658764088391,0.000964745745500052,3
4764,20221018_110154.mat,230243,0.230243,0.00572697906726714,0.000964745745500052,3
4765,20221018_110154.mat,230442,0.230442,0.00218023636197745,0.000964745745500052,3
4766,20221018_110154.mat,230840,0.23084,0.00721632311273704,0.000964745745500052,3
4767,20221018_110154.mat,231039,0.231039,0.0035304378887229,0.000964745745500052,3
4768,20221018_110154.mat,235019,0.235019,0.0177423865390365,0.000964745745500052,3
4769,20221018_110154.mat,235218,0.235218,0.00185080914898689,0.000964745745500052,3
4770,20221018_110154.mat,236213,0.236213,0.00369314760886529,0.000964745745500052,3
4771,20221018_110154.mat,236412,0.236412,0.00171577389753586,0.000964745745500052,3
4772,20221018_110154.mat,237009,0.237009,0.0353393140239719,0.000964745745500052,3
4773,20221018_110154.mat,237208,0.237208,0.00398553057991171,0.000964745745500052,3
4774,20221018_110154.mat,237407,0.237407,0.000979265414488559,0.000964745745500052,3
4775,20221018_110154.mat,237805,0.237805,0.0617958905240919,0.000964745745500052,3
4776,20221018_110154.mat,238004,0.238004,0.0147515661300168,0.000964745745500052,3
4777,20221018_110154.mat,238203,0.238203,0.00192018365159034,0.000964745745500052,3
4778,20221018_110154.mat,238402,0.238402,0.00114588902295829,0.000964745745500052,3
4779,20221018_110154.mat,238999,0.238999,0.0132503534425914,0.000964745745500052,3
4780,20221018_110154.mat,239198,0.239198,0.0139884770683183,0.000964745745500052,3
4781,20221018_110154.mat,239397,0.239397,0.00385813704080655,0.000964745745500052,3
4782,20221018_110154.mat,239596,0.239596,1.32384981171375,0.000964745745500052,3
4783,20221018_110154.mat,239795,0.239795,1.42715796577312,0.000964745745500052,3
4784,20221018_110154.mat,239994,0.239994,0.0883065033331089,0.000964745745500052,3
4785,20221018_110154.mat,240193,0.240193,0.0426849790183936,0.000964745745500052,3
4786,20221018_110154.mat,240392,0.240392,0.0127626940601625,0.000964745745500052,3
4787,20221018_110154.mat,240591,0.240591,0.00318395973694238,0.000964745745500052,3
4788,20221018_110154.mat,240790,0.24079,0.0011053668644794,0.000964745745500052,3
4789,20221018_110154.mat,253725,0.253725,0.000992971135540513,0.000964745745500052,3
4790,20221018_110154.mat,271237,0.271237,0.0243557624063911,0.000964745745500052,3
4791,20221018_110154.mat,271436,0.271436,0.029837520760691,0.000964745745500052,3
4792,20221018_110154.mat,271635,0.271635,0.00715238984043018,0.000964745745500052,3
4793,20221018_110154.mat,271834,0.271834,0.00140729683274903,0.000964745745500052,3
4794,20221018_110154.mat,282978,0.282978,0.0130303651922627,0.000964745745500052,3
4795,20221018_110154.mat,283177,0.283177,0.00614632809381421,0.000964745745500052,3
4796,20221018_110154.mat,283376,0.283376,0.00206840875772764,0.000964745745500052,3
4797,20221018_110154.mat,284769,0.284769,0.00215763048628368,0.000964745745500052,3
4798,20221018_110154.mat,293127,0.293127,0.00181976189195487,0.000964745745500052,3
4799,20221018_110154.mat,297505,0.297505,0.0155094700806753,0.000964745745500052,3
4800,20221018_110154.mat,297704,0.297704,0.00328089403669954,0.000964745745500052,3
4801,20221018_110154.mat,297903,0.297903,0.00113076184044852,0.000964745745500052,3
4802,20221018_110154.mat,302281,0.302281,0.0154355258337943,0.000964745745500052,3
4803,20221018_110154.mat,302480,0.30248,0.00291996463401214,0.000964745745500052,3
4804,20221018_110154.mat,305067,0.305067,0.00351007292093513,0.000964745745500052,3
4805,20221018_110154.mat,305266,0.305266,0.015547961206525,0.000964745745500052,3
4806,20221018_110154.mat,305465,0.305465,0.00285898778199783,0.000964745745500052,3
4807,20221018_110154.mat,305664,0.305664,0.00129613300745989,0.000964745745500052,3
4808,20221018_110154.mat,310241,0.310241,0.0140028278733935,0.000964745745500052,3
4809,20221018_110154.mat,310440,0.31044,0.00407752471397686,0.000964745745500052,3
4810,20221018_110154.mat,335315,0.335315,0.00122487047890553,0.000964745745500052,3
4811,20221018_110154.mat,342877,0.342877,0.00113140380749096,0.000964745745500052,3
4812,20221018_110154.mat,343076,0.343076,0.0021822167034623,0.000964745745500052,3
4813,20221018_110154.mat,350439,0.350439,0.00350577159280186,0.000964745745500052,3
4814,20221018_110154.mat,361782,0.361782,0.00725184615709864,0.000964745745500052,3
4815,20221018_110154.mat,361981,0.361981,0.00221445033483552,0.000964745745500052,3
4816,20221018_110154.mat,387453,0.387453,0.00399789650304675,0.000964745745500052,3
4817,20221018_110154.mat,387652,0.387652,0.00149101283519049,0.000964745745500052,3
4818,20221018_110154.mat,400786,0.400786,0.000973328101243764,0.000964745745500052,3
4819,20221018_110154.mat,400985,0.400985,0.00136443414763571,0.000964745745500052,3
4820,20221018_110154.mat,421283,0.421283,0.00153822662033971,0.000964745745500052,3
4821,20221018_110154.mat,425661,0.425661,0.0491345180883533,0.000964745745500052,3
4822,20221018_110154.mat,425860,0.42586,0.0188570048855078,0.000964745745500052,3
4823,20221018_110154.mat,426059,0.426059,0.00299222048972155,0.000964745745500052,3
4824,20221018_110154.mat,426258,0.426258,0.00101233691146101,0.000964745745500052,3
4825,20221018_110154.mat,428845,0.428845,0.00102283796855964,0.000964745745500052,3
4826,20221018_110154.mat,451929,0.451929,0.00186829261940291,0.000964745745500052,3
4827,20221018_110154.mat,458695,0.458695,0.00115126549310034,0.000964745745500052,3
4828,20221018_110154.mat,496704,0.496704,0.0120625579725392,0.000964745745500052,3
4829,20221018_110154.mat,496903,0.496903,0.00995907509474579,0.000964745745500052,3
4830,20221018_110154.mat,497102,0.497102,0.00132910267987796,0.000964745745500052,3
4831,20221018_110154.mat,507649,0.507649,0.00173346874309105,0.000964745745500052,3
4832,20221018_110154.mat,525161,0.525161,0.000984327798566279,0.000964745745500052,3
4833,20221018_110154.mat,550633,0.550633,0.00209295594354154,0.000964745745500052,3
4834,20221018_110154.mat,558792,0.558792,0.00292064816800736,0.000964745745500052,3
4835,20221018_110154.mat,558991,0.558991,0.00100134041599625,0.000964745745500052,3
4836,20221018_110154.mat,559588,0.559588,0.00107091092344905,0.000964745745500052,3
4837,20221018_110154.mat,584662,0.584662,0.0102142677449396,0.000964745745500052,3
4838,20221018_110154.mat,584861,0.584861,0.00675000602673132,0.000964745745500052,3
4839,20221018_110154.mat,585060,0.58506,0.00143264254660949,0.000964745745500052,3
4840,20221018_110154.mat,637596,0.637596,0.00116707438521102,0.000964745745500052,3
4841,20221018_110154.mat,637795,0.637795,0.0010815643304807,0.000964745745500052,3
4842,20221018_110154.mat,643964,0.643964,0.00109016901550202,0.000964745745500052,3
4843,20221018_110154.mat,644163,0.644163,0.00100585634243739,0.000964745745500052,3
4844,20221018_110154.mat,701674,0.701674,0.00110615263080705,0.000964745745500052,3
4845,20221018_110154.mat,713415,0.713415,0.000998219608299089,0.000964745745500052,3
4846,20221018_110154.mat,755205,0.755205,0.0138950323521042,0.000964745745500052,3
4847,20221018_110154.mat,755404,0.755404,0.016163838164981,0.000964745745500052,3
4848,20221018_110154.mat,755603,0.755603,0.00201518840097938,0.000964745745500052,3
4849,20221018_110154.mat,788040,0.78804,0.0131180840818387,0.000964745745500052,3
4850,20221018_110154.mat,788239,0.788239,0.00161696076193396,0.000964745745500052,3
4851,20221018_110154.mat,790428,0.790428,0.00346926442907387,0.000964745745500052,3
4852,20221018_110154.mat,790627,0.790627,0.00140804518508141,0.000964745745500052,3
4853,20221018_110154.mat,848934,0.848934,0.00395938002196907,0.000964745745500052,3
4854,20221018_110154.mat,849133,0.849133,0.126476112976187,0.000964745745500052,3
4855,20221018_110154.mat,849332,0.849332,0.0366175906901434,0.000964745745500052,3
4856,20221018_110154.mat,849531,0.849531,0.00437379124233301,0.000964745745500052,3
4857,20221018_110154.mat,849730,0.84973,0.00145617967118829,0.000964745745500052,3
4858,20221018_110154.mat,850725,0.850725,0.00366319316882558,0.000964745745500052,3
4859,20221018_110154.mat,850924,0.850924,0.00144891753862639,0.000964745745500052,3
4860,20221018_110154.mat,862267,0.862267,0.00184893859655924,0.000964745745500052,3
4861,20221018_110154.mat,862466,0.862466,0.000987018745441556,0.000964745745500052,3
4862,20221018_110154.mat,865053,0.865053,0.00461895914576612,0.000964745745500052,3
4863,20221018_110154.mat,865252,0.865252,0.00114586802238786,0.000964745745500052,3
4864,20221018_110154.mat,913410,0.91341,0.00105352005997981,0.000964745745500052,3
4865,20221018_110154.mat,933907,0.933907,0.00165855353583392,0.000964745745500052,3
4866,20221018_110154.mat,942464,0.942464,0.00104603342709605,0.000964745745500052,3
4867,20221018_110154.mat,952215,0.952215,0.00178726686986491,0.000964745745500052,3
4868,20221018_110154.mat,956593,0.956593,0.00447827047881094,0.000964745745500052,3
4869,20221018_110154.mat,964354,0.964354,0.00547309319168464,0.000964745745500052,3
4870,20221018_110154.mat,964553,0.964553,0.00433709703304822,0.000964745745500052,3
4871,20221018_110154.mat,981070,0.98107,0.00641275881401248,0.000964745745500052,3
4872,20221018_110154.mat,1009726,1.009726,0.000981444767133445,0.000964745745500052,3
4873,20221018_110154.mat,1014104,1.014104,0.00203388476404197,0.000964745745500052,3
4874,20221018_110154.mat,1031019,1.031019,0.00191426988288193,0.000964745745500052,3
4875,20221018_110154.mat,1034601,1.034601,0.00420034655442183,0.000964745745500052,3
4876,20221018_110154.mat,1074003,1.074003,0.00108821408100335,0.000964745745500052,3
4877,20221018_110154.mat,1074401,1.074401,0.0192107660862301,0.000964745745500052,3
4878,20221018_110154.mat,1074600,1.0746,0.00467535509065523,0.000964745745500052,3
4879,20221018_110154.mat,1074799,1.074799,0.00127676176644903,0.000964745745500052,3
4880,20221018_110154.mat,1082759,1.082759,0.0055580589173084,0.000964745745500052,3
4881,20221018_110154.mat,1082958,1.082958,0.00637208343854541,0.000964745745500052,3
4882,20221018_110154.mat,1083356,1.083356,0.00257350293341379,0.000964745745500052,3
4883,20221018_110154.mat,1083555,1.083555,0.000993854699486803,0.000964745745500052,3
4884,20221018_110154.mat,1083953,1.083953,0.00269356057219614,0.000964745745500052,3
4885,20221018_110154.mat,1084152,1.084152,0.00342136937817105,0.000964745745500052,3
4886,20221018_110154.mat,1087933,1.087933,0.00186909676580739,0.000964745745500052,3
4887,20221018_110154.mat,1088132,1.088132,0.00112896391609225,0.000964745745500052,3
4888,20221018_110154.mat,1119574,1.119574,0.00225322725077122,0.000964745745500052,3
4889,20221018_110154.mat,1119773,1.119773,0.00166131525854245,0.000964745745500052,3
4890,20221018_110154.mat,1119972,1.119972,0.00322817735019822,0.000964745745500052,3
4891,20221018_110154.mat,1120171,1.120171,0.0014051938711094,0.000964745745500052,3
4892,20221018_110154.mat,1121166,1.121166,0.00228332449591084,0.000964745745500052,3
4893,20221018_110154.mat,1121365,1.121365,0.00106316420205947,0.000964745745500052,3
4894,20221018_110154.mat,1122559,1.122559,0.00169973652196301,0.000964745745500052,3
4895,20221018_110154.mat,1126141,1.126141,0.000985890688316514,0.000964745745500052,3
4896,20221018_110154.mat,1131912,1.131912,0.00116603176225927,0.000964745745500052,3
4897,20221018_110154.mat,1172110,1.17211,0.00097444600620525,0.000964745745500052,3
4898,20221018_110154.mat,1174100,1.1741,0.00204092127201102,0.000964745745500052,3
4899,20221018_110154.mat,1174299,1.174299,0.00262487386152849,0.000964745745500052,3
4900,20221018_110154.mat,1178677,1.178677,0.00591763016365424,0.000964745745500052,3
4901,20221018_110154.mat,1178876,1.178876,0.00257964304675072,0.000964745745500052,3
4902,20221018_110154.mat,1183652,1.183652,0.00913833147344311,0.000964745745500052,3
4903,20221018_110154.mat,1183851,1.183851,0.00176467985397528,0.000964745745500052,3
4904,20221018_110154.mat,1190020,1.19002,0.00128681150973455,0.000964745745500052,3
4905,20221018_110154.mat,1209124,1.209124,0.00904387460840216,0.000964745745500052,3
4906,20221018_110154.mat,1209323,1.209323,0.00176439386404837,0.000964745745500052,3
4907,20221018_110154.mat,1210915,1.210915,0.00205118927045765,0.000964745745500052,3
4908,20221018_110154.mat,1211114,1.211114,0.00102430059210153,0.000964745745500052,3
4909,20221018_110154.mat,1214696,1.214696,0.0110310779030206,0.000964745745500052,3
4910,20221018_110154.mat,1214895,1.214895,0.00629455190917435,0.000964745745500052,3
4911,20221018_110154.mat,1215094,1.215094,0.00133653618782443,0.000964745745500052,3
4912,20221018_110154.mat,1285540,1.28554,0.00100350698363328,0.000964745745500052,3
4913,20221018_110154.mat,1305042,1.305042,0.00118216990992228,0.000964745745500052,3
4914,20221018_110154.mat,1312604,1.312604,0.00317270074842541,0.000964745745500052,3
4915,20221018_110154.mat,1319370,1.31937,0.00187595719959114,0.000964745745500052,3
4916,20221018_110154.mat,1319569,1.319569,0.00183471108956313,0.000964745745500052,3
4917,20221018_110154.mat,1320564,1.320564,0.00363929115594366,0.000964745745500052,3
4918,20221018_110154.mat,1320763,1.320763,0.00183343509490684,0.000964745745500052,3
4919,20221018_110154.mat,1362354,1.362354,0.00431065096739783,0.000964745745500052,3
4920,20221018_110154.mat,1362553,1.362553,0.00104165939086866,0.000964745745500052,3
4921,20221018_110154.mat,1432800,1.4328,0.00361670436747465,0.000964745745500052,3
4922,20221018_110154.mat,1435387,1.435387,0.0369173716648674,0.000964745745500052,3
4923,20221018_110154.mat,1435586,1.435586,0.0220478658615676,0.000964745745500052,3
4924,20221018_110154.mat,1435785,1.435785,0.00214699004858396,0.000964745745500052,3
4925,20221018_110154.mat,1442551,1.442551,0.000977470390286825,0.000964745745500052,3
4926,20221018_110154.mat,1451904,1.451904,0.01255958566302,0.000964745745500052,3
4927,20221018_110154.mat,1452103,1.452103,0.00310818128889054,0.000964745745500052,3
4928,20221018_110154.mat,1452302,1.452302,0.00114407280386769,0.000964745745500052,3
4929,20221018_110154.mat,1465834,1.465834,0.00209992212521027,0.000964745745500052,3
4930,20221018_110154.mat,1478172,1.478172,0.00104134354904627,0.000964745745500052,3
4931,20221018_110154.mat,1484341,1.484341,0.00169936454031517,0.000964745745500052,3
4932,20221018_110154.mat,1491107,1.491107,0.00378477688135838,0.000964745745500052,3
4933,20221018_110154.mat,1491306,1.491306,0.00311943857786075,0.000964745745500052,3
4934,20221018_110154.mat,1515982,1.515982,0.00239391276990156,0.000964745745500052,3
4935,20221018_110154.mat,1516181,1.516181,0.00123429899488721,0.000964745745500052,3
4936,20221018_110154.mat,1540658,1.540658,0.00156775362633639,0.000964745745500052,3
4937,20221018_110154.mat,1563344,1.563344,0.00100573509092891,0.000964745745500052,3
4938,20221018_110154.mat,1564936,1.564936,0.00332169225946507,0.000964745745500052,3
4939,20221018_110154.mat,1565135,1.565135,0.0010220948992306,0.000964745745500052,3
4940,20221018_110154.mat,1567125,1.567125,0.00189242343511042,0.000964745745500052,3
4941,20221018_110154.mat,1567324,1.567324,0.00156404829157041,0.000964745745500052,3
4942,20221018_110154.mat,1608318,1.608318,0.00180111192367617,0.000964745745500052,3
4943,20221018_110154.mat,1630805,1.630805,0.00188343554290513,0.000964745745500052,3
4944,20221018_110154.mat,1641153,1.641153,0.00150521418313921,0.000964745745500052,3
4945,20221018_110154.mat,1641352,1.641352,0.00253167091660074,0.000964745745500052,3
4946,20221018_110154.mat,1648516,1.648516,0.00098716667313782,0.000964745745500052,3
4947,20221018_110154.mat,1672197,1.672197,0.00119609749191203,0.000964745745500052,3
4948,20221018_110154.mat,1683540,1.68354,0.00222645412654391,0.000964745745500052,3
4949,20221018_110154.mat,1683739,1.683739,0.00117616615200955,0.000964745745500052,3
4950,20221018_110154.mat,1705231,1.705231,0.00470368925584968,0.000964745745500052,3
4951,20221018_110154.mat,1705430,1.70543,0.00108624530353851,0.000964745745500052,3
4952,20221018_110154.mat,1715181,1.715181,0.00319882161063904,0.000964745745500052,3
4953,20221018_110154.mat,1715380,1.71538,0.00274568715514936,0.000964745745500052,3
4954,20221018_110154.mat,1715579,1.715579,0.00119217045349039,0.000964745745500052,3
4955,20221018_110154.mat,1723539,1.723539,0.00100836335056593,0.000964745745500052,3
4956,20221018_110154.mat,1723738,1.723738,0.00122624454885823,0.000964745745500052,3
4957,20221018_110154.mat,1727320,1.72732,0.00183051621909344,0.000964745745500052,3
4958,20221018_110154.mat,1734484,1.734484,0.00113650286829411,0.000964745745500052,3
4959,20221018_110154.mat,1764334,1.764334,0.00317086031006722,0.000964745745500052,3
4960,20221018_110154.mat,1764533,1.764533,0.000970549611013078,0.000964745745500052,3
4961,20221018_110154.mat,1771100,1.7711,0.00165700824984112,0.000964745745500052,3
4962,20221018_110154.mat,1772493,1.772493,0.0037788868973645,0.000964745745500052,3
4963,20221018_110154.mat,1805328,1.805328,0.00108059141245534,0.000964745745500052,3
4964,20221018_110154.mat,1805925,1.805925,0.0014879328555835,0.000964745745500052,3
4965,20221018_110154.mat,1811895,1.811895,0.00170079442421695,0.000964745745500052,3
4966,20221018_110154.mat,1812094,1.812094,0.00561712564865568,0.000964745745500052,3
4967,20221018_110154.mat,1812293,1.812293,0.00110299307664421,0.000964745745500052,3
4968,20221018_110154.mat,1812492,1.812492,0.00134042634214608,0.000964745745500052,3
4969,20221018_110154.mat,1815477,1.815477,0.00137833842346092,0.000964745745500052,3
4970,20221018_110154.mat,1815676,1.815676,0.00249493771971874,0.000964745745500052,3
4971,20221018_110154.mat,1815875,1.815875,0.00847864810826694,0.000964745745500052,3
4972,20221018_110154.mat,1816074,1.816074,0.0015470850150978,0.000964745745500052,3
4973,20221018_110154.mat,1842342,1.842342,0.0118765107472749,0.000964745745500052,3
4974,20221018_110154.mat,1842541,1.842541,0.00733614896367742,0.000964745745500052,3
4975,20221018_110154.mat,1842740,1.84274,0.00130716537070765,0.000964745745500052,3
4976,20221018_110154.mat,1880948,1.880948,0.00746585502115154,0.000964745745500052,3
4977,20221018_110154.mat,1881147,1.881147,0.0765643417839831,0.000964745745500052,3
4978,20221018_110154.mat,1881346,1.881346,0.00897695194966371,0.000964745745500052,3
4979,20221018_110154.mat,1881545,1.881545,0.00318102029146465,0.000964745745500052,3
4980,20221018_110154.mat,1888311,1.888311,0.00750423758610564,0.000964745745500052,3
4981,20221018_110154.mat,1888510,1.88851,0.00206337686992852,0.000964745745500052,3
4982,20221018_110154.mat,1930300,1.9303,0.00119500433576746,0.000964745745500052,3
4983,20221018_110154.mat,1930499,1.930499,0.00129607172091588,0.000964745745500052,3
4984,20221018_110154.mat,1935275,1.935275,0.00170917788347671,0.000964745745500052,3
4985,20221018_110154.mat,1938857,1.938857,0.0117183754316138,0.000964745745500052,3
4986,20221018_110154.mat,1939056,1.939056,0.00246132438996969,0.000964745745500052,3
4987,20221018_110154.mat,1939255,1.939255,0.00170437148933606,0.000964745745500052,3
4988,20221018_110154.mat,1949006,1.949006,0.017163854542205,0.000964745745500052,3
4989,20221018_110154.mat,1949205,1.949205,0.00874423059598959,0.000964745745500052,3
4990,20221018_110154.mat,1949404,1.949404,0.00151432294952714,0.000964745745500052,3
4991,20221018_110154.mat,1950996,1.950996,0.00178212051143086,0.000964745745500052,3
4992,20221018_110154.mat,1951195,1.951195,0.00474034662184366,0.000964745745500052,3
4993,20221018_110154.mat,1951394,1.951394,0.00111262730368639,0.000964745745500052,3
4994,20221018_110154.mat,1980448,1.980448,0.00116824727262183,0.000964745745500052,3
4995,20221018_110154.mat,1980647,1.980647,0.000976655011224964,0.000964745745500052,3
4996,20221018_110154.mat,1984826,1.984826,0.00108759022335563,0.000964745745500052,3
4997,20221018_110154.mat,1988607,1.988607,0.0010418688535039,0.000964745745500052,3
4998,20221018_110154.mat,1989204,1.989204,0.00241094696701571,0.000964745745500052,3
4999,20221018_110154.mat,1992189,1.992189,0.000994526080844248,0.000964745745500052,3
5000,20221018_110154.mat,1992786,1.992786,0.00198743718966607,0.000964745745500052,3
5001,20221018_110154.mat,1993184,1.993184,0.00394821753333723,0.000964745745500052,3
5002,20221018_110154.mat,1995174,1.995174,0.00121638432842934,0.000964745745500052,3
5003,20221018_110154.mat,1995373,1.995373,0.00145983728146221,0.000964745745500052,3
5004,20221018_110154.mat,1999552,1.999552,0.00115629919368391,0.000964745745500052,3
5005,20221018_110154.mat,1999751,1.999751,0.00109106208936842,0.000964745745500052,3
5006,20221018_110154.mat,2007512,2.007512,0.00138919557910758,0.000964745745500052,3
5007,20221018_110154.mat,2007711,2.007711,0.0016977203039785,0.000964745745500052,3
5008,20221018_110154.mat,2009502,2.009502,0.000979453869371417,0.000964745745500052,3
5009,20221018_110154.mat,2009701,2.009701,0.00112304934981829,0.000964745745500052,3
5010,20221018_110154.mat,2014079,2.014079,0.0825238432160255,0.000964745745500052,3
5011,20221018_110154.mat,2014278,2.014278,0.0107953969711792,0.000964745745500052,3
5012,20221018_110154.mat,2014477,2.014477,0.00364234139015444,0.000964745745500052,3
5013,20221018_110154.mat,2014676,2.014676,0.00108477746731125,0.000964745745500052,3
5014,20221018_110154.mat,2022238,2.022238,0.0020763014183393,0.000964745745500052,3
5015,20221018_110154.mat,2025820,2.02582,0.00296090239175177,0.000964745745500052,3
5016,20221018_110154.mat,2075371,2.075371,0.0029222761181482,0.000964745745500052,3
5017,20221018_110154.mat,2075570,2.07557,0.00191091445447451,0.000964745745500052,3
5018,20221018_110154.mat,2078555,2.078555,0.00192053792346301,0.000964745745500052,3
5019,20221018_110154.mat,2093679,2.093679,0.00218907034596814,0.000964745745500052,3
5020,20221018_110154.mat,2094276,2.094276,0.00156204389125664,0.000964745745500052,3
5021,20221018_110154.mat,2094475,2.094475,0.00118018109240604,0.000964745745500052,3
5022,20221018_110154.mat,2103430,2.10343,0.00253042867108362,0.000964745745500052,3
5023,20221018_110154.mat,2106216,2.106216,0.00354071240841707,0.000964745745500052,3
5024,20221018_110154.mat,2127310,2.12731,0.00289934072232138,0.000964745745500052,3
5025,20221018_110154.mat,2127708,2.127708,0.00221705555108359,0.000964745745500052,3
5026,20221018_110154.mat,2130096,2.130096,0.00284366940640448,0.000964745745500052,3
5027,20221018_110154.mat,2133280,2.13328,0.00128377847752455,0.000964745745500052,3
5028,20221018_110154.mat,2133479,2.133479,0.00122185768974826,0.000964745745500052,3
5029,20221018_110154.mat,2140643,2.140643,0.0105433381202421,0.000964745745500052,3
5030,20221018_110154.mat,2140842,2.140842,0.00466552386898821,0.000964745745500052,3
5031,20221018_110154.mat,2142235,2.142235,0.00163189415214086,0.000964745745500052,3
5032,20221018_110154.mat,2142434,2.142434,0.00235321331203571,0.000964745745500052,3
5033,20221018_110154.mat,2143827,2.143827,0.00234289305548918,0.000964745745500052,3
5034,20221018_110154.mat,2146812,2.146812,0.00109181920627124,0.000964745745500052,3
5035,20221018_110154.mat,2147011,2.147011,0.0021611374420199,0.000964745745500052,3
5036,20221018_110154.mat,2147608,2.147608,0.00169384977540829,0.000964745745500052,3
5037,20221018_110154.mat,2148802,2.148802,0.00143236251776408,0.000964745745500052,3
5038,20221018_110154.mat,2149001,2.149001,0.00334401931041181,0.000964745745500052,3
5039,20221018_110154.mat,2149200,2.1492,0.0030736985484694,0.000964745745500052,3
5040,20221018_110154.mat,2149797,2.149797,0.00163660848193606,0.000964745745500052,3
5041,20221018_110154.mat,2149996,2.149996,0.00269664072506598,0.000964745745500052,3
5042,20221018_110154.mat,2150394,2.150394,0.00415824643335342,0.000964745745500052,3
5043,20221018_110154.mat,2150593,2.150593,0.00167269606976264,0.000964745745500052,3
5044,20221018_110154.mat,2150792,2.150792,0.00160139527200297,0.000964745745500052,3
5045,20221018_110154.mat,2150991,2.150991,0.00311211621639462,0.000964745745500052,3
5046,20221018_110154.mat,2151190,2.15119,0.00129508586645509,0.000964745745500052,3
5047,20221018_110154.mat,2152782,2.152782,0.00125318520176389,0.000964745745500052,3
5048,20221018_110154.mat,2225417,2.225417,0.00610031589549962,0.000964745745500052,3
5049,20221018_110154.mat,2234571,2.234571,0.00151222081684587,0.000964745745500052,3
5050,20221018_110154.mat,2234770,2.23477,0.00101579113781334,0.000964745745500052,3
5051,20221018_110154.mat,2255068,2.255068,0.0010179868503086,0.000964745745500052,3
5052,20221018_110154.mat,2292878,2.292878,0.00105799676880663,0.000964745745500052,3
5053,20221018_110154.mat,2303425,2.303425,0.00177469850816036,0.000964745745500052,3
5054,20221018_110154.mat,2303624,2.303624,0.000983283144846709,0.000964745745500052,3
5055,20221018_110154.mat,2310788,2.310788,0.0019466190194718,0.000964745745500052,3
5056,20221018_110154.mat,2310987,2.310987,0.00192712699252011,0.000964745745500052,3
5057,20221018_110154.mat,2311783,2.311783,0.0011070161381463,0.000964745745500052,3
5058,20221018_110154.mat,2317554,2.317554,0.0115406150387549,0.000964745745500052,3
5059,20221018_110154.mat,2317753,2.317753,0.0112234549173919,0.000964745745500052,3
5060,20221018_110154.mat,2317952,2.317952,0.00278222840381934,0.000964745745500052,3
5061,20221018_110154.mat,2318151,2.318151,0.00129878017750479,0.000964745745500052,3
5062,20221018_110154.mat,2329892,2.329892,0.0013057166784753,0.000964745745500052,3
5063,20221018_110154.mat,2334071,2.334071,0.00183538700561744,0.000964745745500052,3
5064,20221018_110154.mat,2348797,2.348797,0.00137357756917329,0.000964745745500052,3
5065,20221018_110154.mat,2364717,2.364717,0.00133550812961855,0.000964745745500052,3
5066,20221018_110154.mat,2364916,2.364916,0.00102575407061263,0.000964745745500052,3
5067,20221018_110154.mat,2370687,2.370687,0.00103728853425797,0.000964745745500052,3
5068,20221018_110154.mat,2385413,2.385413,0.00257338445962706,0.000964745745500052,3
5069,20221018_110154.mat,2385612,2.385612,0.00127130517703384,0.000964745745500052,3
5070,20221018_110154.mat,2395363,2.395363,0.00194017141351746,0.000964745745500052,3
5071,20221018_110154.mat,2405512,2.405512,0.00113332526699646,0.000964745745500052,3
5072,20221018_110154.mat,2405711,2.405711,0.00113814581814642,0.000964745745500052,3
5073,20221018_110154.mat,2405910,2.40591,0.00392251242846681,0.000964745745500052,3
5074,20221018_110154.mat,2406109,2.406109,0.00357995401653627,0.000964745745500052,3
5075,20221018_110154.mat,2427402,2.427402,0.00698679823791583,0.000964745745500052,3
5076,20221018_110154.mat,2427601,2.427601,0.00195509986334464,0.000964745745500052,3
5077,20221018_110154.mat,2429790,2.42979,0.00116433104334691,0.000964745745500052,3
5078,20221018_110154.mat,2431183,2.431183,0.00135378673791562,0.000964745745500052,3
5079,20221018_110154.mat,2438148,2.438148,0.00167724265119435,0.000964745745500052,3
5080,20221018_110154.mat,2438347,2.438347,0.00118393715993717,0.000964745745500052,3
5081,20221018_110154.mat,2441929,2.441929,0.0015725459943798,0.000964745745500052,3
5082,20221018_110154.mat,2442128,2.442128,0.0013764757065378,0.000964745745500052,3
5083,20221018_110154.mat,2446307,2.446307,0.00102785667922829,0.000964745745500052,3
5084,20221018_110154.mat,2449690,2.44969,0.00125583862444709,0.000964745745500052,3
5085,20221018_110154.mat,2449889,2.449889,0.00117494450010565,0.000964745745500052,3
5086,20221018_110154.mat,2457650,2.45765,0.00307566549316575,0.000964745745500052,3
5087,20221018_110154.mat,2457849,2.457849,0.00180415931036629,0.000964745745500052,3
5088,20221018_110154.mat,2466406,2.466406,0.0010373171389176,0.000964745745500052,3
5089,20221018_110154.mat,2467799,2.467799,0.00345087647998526,0.000964745745500052,3
5090,20221018_110154.mat,2467998,2.467998,0.00135646279752717,0.000964745745500052,3
5091,20221018_110154.mat,2475162,2.475162,0.0381626684250957,0.000964745745500052,3
5092,20221018_110154.mat,2475361,2.475361,0.00723759266238158,0.000964745745500052,3
5093,20221018_110154.mat,2475560,2.47556,0.00261933389211711,0.000964745745500052,3
5094,20221018_110154.mat,2475759,2.475759,0.00117704915767843,0.000964745745500052,3
5095,20221018_110154.mat,2495460,2.49546,0.0947952680160013,0.000964745745500052,3
5096,20221018_110154.mat,2495659,2.495659,0.0204191705954071,0.000964745745500052,3
5097,20221018_110154.mat,2495858,2.495858,0.00377328945016148,0.000964745745500052,3
5098,20221018_110154.mat,2496057,2.496057,0.00106529166106779,0.000964745745500052,3
5099,20221018_110154.mat,2499241,2.499241,0.00131018652400003,0.000964745745500052,3
5100,20221018_110154.mat,2517151,2.517151,0.00104350318250722,0.000964745745500052,3
5101,20221018_110154.mat,2526305,2.526305,0.00127953118276281,0.000964745745500052,3
5102,20221018_110154.mat,2526504,2.526504,0.00150042599451587,0.000964745745500052,3
5103,20221018_110154.mat,2533867,2.533867,0.00218523265820729,0.000964745745500052,3
5104,20221018_110154.mat,2548792,2.548792,0.00296757330071818,0.000964745745500052,3
5105,20221018_110154.mat,2548991,2.548991,0.00328536697571688,0.000964745745500052,3
5106,20221018_110154.mat,2556354,2.556354,0.00395176693316918,0.000964745745500052,3
5107,20221018_110154.mat,2556553,2.556553,0.0015674870025869,0.000964745745500052,3
5108,20221018_110154.mat,2560334,2.560334,0.00123160049347018,0.000964745745500052,3
5109,20221018_110154.mat,2560931,2.560931,0.00303022979877786,0.000964745745500052,3
5110,20221018_110154.mat,2561130,2.56113,0.00170473579962061,0.000964745745500052,3
5111,20221018_110154.mat,2573269,2.573269,0.00789927704409593,0.000964745745500052,3
5112,20221018_110154.mat,2573468,2.573468,0.00108162070764942,0.000964745745500052,3
5113,20221018_110154.mat,2602522,2.602522,0.00560003530871239,0.000964745745500052,3
5114,20221018_110154.mat,2602721,2.602721,0.00585195719120706,0.000964745745500052,3
5115,20221018_110154.mat,2602920,2.60292,0.00103080685890491,0.000964745745500052,3
5116,20221018_110154.mat,2610681,2.610681,0.00175884217127794,0.000964745745500052,3
5117,20221018_110154.mat,2610880,2.61088,0.00919998287452089,0.000964745745500052,3
5118,20221018_110154.mat,2611278,2.611278,0.00462091923170719,0.000964745745500052,3
5119,20221018_110154.mat,2611477,2.611477,0.0065301821508675,0.000964745745500052,3
5120,20221018_110154.mat,2611676,2.611676,0.00101142906863213,0.000964745745500052,3
5121,20221018_110154.mat,2656650,2.65665,0.0022495714073506,0.000964745745500052,3
5122,20221018_110154.mat,2656849,2.656849,0.00201521587689899,0.000964745745500052,3
5123,20221018_110154.mat,2673366,2.673366,0.00121530346174927,0.000964745745500052,3
5124,20221018_110154.mat,2682918,2.682918,0.0209297545240937,0.000964745745500052,3
5125,20221018_110154.mat,2683117,2.683117,0.00307255089873284,0.000964745745500052,3
5126,20221018_110154.mat,2683316,2.683316,0.00392226923240504,0.000964745745500052,3
5127,20221018_110154.mat,2684311,2.684311,0.00189943110695645,0.000964745745500052,3
5128,20221018_110154.mat,2684510,2.68451,0.00649810806349619,0.000964745745500052,3
5129,20221018_110154.mat,2700629,2.700629,0.00378838579741865,0.000964745745500052,3
5130,20221018_110154.mat,2700828,2.700828,0.00229139809453207,0.000964745745500052,3
5131,20221018_110154.mat,2704211,2.704211,0.00827717001969913,0.000964745745500052,3
5132,20221018_110154.mat,2704410,2.70441,0.00274394711757475,0.000964745745500052,3
5133,20221018_110154.mat,2714957,2.714957,0.00110266132680794,0.000964745745500052,3
5134,20221018_110154.mat,2715156,2.715156,0.00221597400145561,0.000964745745500052,3
5135,20221018_110154.mat,2735852,2.735852,0.00587585717419205,0.000964745745500052,3
5136,20221018_110154.mat,2736051,2.736051,0.00106708783415655,0.000964745745500052,3
5137,20221018_110154.mat,2748389,2.748389,0.00129500594825557,0.000964745745500052,3
5138,20221018_110154.mat,2755553,2.755553,0.00612618906579872,0.000964745745500052,3
5139,20221018_110154.mat,2755752,2.755752,0.0287223533510182,0.000964745745500052,3
5140,20221018_110154.mat,2755951,2.755951,0.00190580520297404,0.000964745745500052,3
5141,20221018_110154.mat,2758140,2.75814,0.00383204187969163,0.000964745745500052,3
5142,20221018_110154.mat,2758339,2.758339,0.000974009551669722,0.000964745745500052,3
5143,20221018_110154.mat,2762717,2.762717,0.00312383501860573,0.000964745745500052,3
5144,20221018_110154.mat,2767692,2.767692,0.00217270505240869,0.000964745745500052,3
5145,20221018_110154.mat,2790776,2.790776,0.00147897781520744,0.000964745745500052,3
5146,20221018_110154.mat,2807890,2.80789,0.00131758489856207,0.000964745745500052,3
5147,20221018_110154.mat,2810477,2.810477,0.0041288951627474,0.000964745745500052,3
5148,20221018_110154.mat,2810676,2.810676,0.000980551686923131,0.000964745745500052,3
5149,20221018_110154.mat,2822019,2.822019,0.074610904541897,0.000964745745500052,3
5150,20221018_110154.mat,2822218,2.822218,0.0155105662396692,0.000964745745500052,3
5151,20221018_110154.mat,2822417,2.822417,0.00536139079838763,0.000964745745500052,3
5152,20221018_110154.mat,2822616,2.822616,0.00221688546405436,0.000964745745500052,3
5153,20221018_110154.mat,2848088,2.848088,0.00131130481195826,0.000964745745500052,3
5154,20221018_110154.mat,2866197,2.866197,0.0164542842596114,0.000964745745500052,3
5155,20221018_110154.mat,2866396,2.866396,0.00352275048376332,0.000964745745500052,3
5156,20221018_110154.mat,2866595,2.866595,0.0010408696066143,0.000964745745500052,3
5157,20221018_110154.mat,2872764,2.872764,0.00384691957535632,0.000964745745500052,3
5158,20221018_110154.mat,2881321,2.881321,0.00128928683418446,0.000964745745500052,3
5159,20221018_110154.mat,2882117,2.882117,0.00207391784914112,0.000964745745500052,3
5160,20221018_110154.mat,2939628,2.939628,0.00182629457199643,0.000964745745500052,3
5161,20221018_110154.mat,2955548,2.955548,0.00342537245037926,0.000964745745500052,3
5162,20221018_110154.mat,2955747,2.955747,0.00702887847473552,0.000964745745500052,3
5163,20221018_110154.mat,2955946,2.955946,0.00113836359221032,0.000964745745500052,3
5164,20221018_110154.mat,2981020,2.98102,0.00193932517942366,0.000964745745500052,3
5165,20221018_110154.mat,2981219,2.981219,0.0110673311729575,0.000964745745500052,3
5166,20221018_110154.mat,2981418,2.981418,0.00238489594632781,0.000964745745500052,3
5167,20221018_110154.mat,2988383,2.988383,0.0013214652520407,0.000964745745500052,3
5168,20221018_110154.mat,3003507,3.003507,0.00140361832566878,0.000964745745500052,3
5169,20221018_110154.mat,3014651,3.014651,0.00231074426678515,0.000964745745500052,3
5170,20221018_110154.mat,3014850,3.01485,0.00117340982356414,0.000964745745500052,3
5171,20221018_110154.mat,3015845,3.015845,0.00121163865639839,0.000964745745500052,3
5172,20221018_110154.mat,3018432,3.018432,0.00192165590695827,0.000964745745500052,3
5173,20221018_110154.mat,3019029,3.019029,0.00175134486461881,0.000964745745500052,3
5174,20221018_110154.mat,3019228,3.019228,0.00163952758690862,0.000964745745500052,3
5175,20221018_110154.mat,3027188,3.027188,0.00281186692688571,0.000964745745500052,3
5176,20221018_110154.mat,3027387,3.027387,0.00221769489388728,0.000964745745500052,3
5177,20221018_110154.mat,3051466,3.051466,0.00235519263936853,0.000964745745500052,3
5178,20221018_110154.mat,3064799,3.064799,0.00132116713967015,0.000964745745500052,3
5179,20221018_110154.mat,3066192,3.066192,0.0012444969717026,0.000964745745500052,3
5180,20221018_110154.mat,3066391,3.066391,0.00179763053733902,0.000964745745500052,3
5181,20221018_110154.mat,3066789,3.066789,0.00963077664071333,0.000964745745500052,3
5182,20221018_110154.mat,3066988,3.066988,0.929648096861474,0.000964745745500052,3
5183,20221018_110154.mat,3067187,3.067187,0.213354397149168,0.000964745745500052,3
5184,20221018_110154.mat,3067386,3.067386,0.0549707696813246,0.000964745745500052,3
5185,20221018_110154.mat,3067585,3.067585,0.0152632320179875,0.000964745745500052,3
5186,20221018_110154.mat,3067784,3.067784,0.00444476990398348,0.000964745745500052,3
5187,20221018_110154.mat,3067983,3.067983,0.00260054562437608,0.000964745745500052,3
5188,20221018_110154.mat,3068182,3.068182,0.00262462810468145,0.000964745745500052,3
5189,20221018_110154.mat,3068381,3.068381,0.00299727175978543,0.000964745745500052,3
5190,20221018_110154.mat,3068580,3.06858,0.00151833092500988,0.000964745745500052,3
5191,20221018_110154.mat,3068779,3.068779,0.00252514254148025,0.000964745745500052,3
5192,20221018_110154.mat,3068978,3.068978,0.0038358799246301,0.000964745745500052,3
5193,20221018_110154.mat,3069177,3.069177,0.0013250745572444,0.000964745745500052,3
5194,20221018_110154.mat,3069376,3.069376,0.000993841771035305,0.000964745745500052,3
5195,20221018_110154.mat,3069575,3.069575,0.00120806503930182,0.000964745745500052,3
5196,20221018_110154.mat,3069774,3.069774,0.00120571110653967,0.000964745745500052,3
5197,20221018_110154.mat,3069973,3.069973,0.00219856156471285,0.000964745745500052,3
5198,20221018_110154.mat,3070172,3.070172,0.00277849216158408,0.000964745745500052,3
5199,20221018_110154.mat,3070371,3.070371,0.0019274175634507,0.000964745745500052,3
5200,20221018_110154.mat,3070570,3.07057,0.00113062774065102,0.000964745745500052,3
5201,20221018_110154.mat,3070769,3.070769,0.00110777542478117,0.000964745745500052,3
5202,20221018_110154.mat,3070968,3.070968,0.00128964956259189,0.000964745745500052,3
5203,20221018_110154.mat,3071764,3.071764,0.00107248901725205,0.000964745745500052,3
5204,20221018_110154.mat,3071963,3.071963,0.00118045503731967,0.000964745745500052,3
5205,20221018_110154.mat,3075943,3.075943,0.00651564102034208,0.000964745745500052,3
5206,20221018_110154.mat,3076142,3.076142,0.00140571450386551,0.000964745745500052,3
5207,20221018_110154.mat,3076341,3.076341,0.00195125759052772,0.000964745745500052,3
5208,20221018_110154.mat,3077137,3.077137,0.00117007808142143,0.000964745745500052,3
5209,20221018_110154.mat,3077336,3.077336,0.00107304022365596,0.000964745745500052,3
5210,20221018_110154.mat,3077933,3.077933,0.00117298585547977,0.000964745745500052,3
5211,20221018_110154.mat,3078132,3.078132,0.00348858082076337,0.000964745745500052,3
5212,20221018_110154.mat,3078331,3.078331,0.00128335219585038,0.000964745745500052,3
5213,20221018_110154.mat,3078729,3.078729,0.0012494035731943,0.000964745745500052,3
5214,20221018_110154.mat,3078928,3.078928,0.00130210736074798,0.000964745745500052,3
5215,20221018_110154.mat,3079326,3.079326,0.00324132335948206,0.000964745745500052,3
5216,20221018_110154.mat,3079525,3.079525,0.00136477810071675,0.000964745745500052,3
5217,20221018_110154.mat,3080321,3.080321,0.00323200391902077,0.000964745745500052,3
5218,20221018_110154.mat,3080520,3.08052,0.00123278552170509,0.000964745745500052,3
5219,20221018_110154.mat,3080918,3.080918,0.00109753148549353,0.000964745745500052,3
5220,20221018_110154.mat,3081515,3.081515,0.00128369348705091,0.000964745745500052,3
5221,20221018_110154.mat,3082709,3.082709,0.00100271277705239,0.000964745745500052,3
5222,20221018_110154.mat,3088679,3.088679,0.00113422184890588,0.000964745745500052,3
5223,20221018_110154.mat,3091465,3.091465,0.00320305774680861,0.000964745745500052,3
5224,20221018_110154.mat,3091664,3.091664,0.00183931738103261,0.000964745745500052,3
5225,20221018_110154.mat,3092659,3.092659,0.00124860579346673,0.000964745745500052,3
5226,20221018_110154.mat,3093853,3.093853,0.00115269528196797,0.000964745745500052,3
5227,20221018_110154.mat,3099624,3.099624,0.00102956544650146,0.000964745745500052,3
5228,20221018_110154.mat,3101813,3.101813,0.00105455982560115,0.000964745745500052,3
5229,20221018_110154.mat,3104997,3.104997,0.00702915823741466,0.000964745745500052,3
5230,20221018_110154.mat,3105196,3.105196,0.0024282148819269,0.000964745745500052,3
5231,20221018_110154.mat,3110370,3.11037,0.00116288864048753,0.000964745745500052,3
5232,20221018_110154.mat,3111365,3.111365,0.0010432924820569,0.000964745745500052,3
5233,20221018_110154.mat,3128678,3.128678,0.00122089668080689,0.000964745745500052,3
5234,20221018_110154.mat,3129673,3.129673,0.00137153584178395,0.000964745745500052,3
5235,20221018_110154.mat,3171264,3.171264,0.00160601932680905,0.000964745745500052,3
5236,20221018_110154.mat,3180617,3.180617,0.00131497860673884,0.000964745745500052,3
5237,20221018_110154.mat,3180816,3.180816,0.00163774639113771,0.000964745745500052,3
5238,20221018_110154.mat,3185592,3.185592,0.00146683258604962,0.000964745745500052,3
5239,20221018_110154.mat,3187184,3.187184,0.00201552678437579,0.000964745745500052,3
5240,20221018_110154.mat,3187383,3.187383,0.00162109012180691,0.000964745745500052,3
5241,20221018_110154.mat,3199522,3.199522,0.00233531256883302,0.000964745745500052,3
5242,20221018_110154.mat,3199721,3.199721,0.0027014229304347,0.000964745745500052,3
5243,20221018_110154.mat,3199920,3.19992,0.00344893323938117,0.000964745745500052,3
5244,20221018_110154.mat,3200119,3.200119,0.00104168249231235,0.000964745745500052,3
5245,20221018_110154.mat,3212059,3.212059,0.00202494707556714,0.000964745745500052,3
5246,20221018_110154.mat,3212258,3.212258,0.0025919146102845,0.000964745745500052,3
5247,20221018_110154.mat,3216238,3.216238,0.00187341338936335,0.000964745745500052,3
5248,20221018_110154.mat,3216437,3.216437,0.00209496860726912,0.000964745745500052,3
5249,20221018_110154.mat,3224198,3.224198,0.0017934128974707,0.000964745745500052,3
5250,20221018_110154.mat,3224397,3.224397,0.00217215292746523,0.000964745745500052,3
5251,20221018_110154.mat,3225989,3.225989,0.00105787089190586,0.000964745745500052,3
5252,20221018_110154.mat,3228974,3.228974,0.00183887720563246,0.000964745745500052,3
5253,20221018_110154.mat,3229173,3.229173,0.000964987756395206,0.000964745745500052,3
5254,20221018_110154.mat,3229372,3.229372,0.00101682605983327,0.000964745745500052,3
5255,20221018_110154.mat,3230566,3.230566,0.00260797750546932,0.000964745745500052,3
5256,20221018_110154.mat,3230765,3.230765,0.00105281617716826,0.000964745745500052,3
5257,20221018_110154.mat,3244496,3.244496,0.0010070409144789,0.000964745745500052,3
5258,20221018_110154.mat,3259620,3.25962,0.00125427179536143,0.000964745745500052,3
5259,20221018_110154.mat,3259819,3.259819,0.00133749690402776,0.000964745745500052,3
5260,20221018_110154.mat,3265789,3.265789,0.00104115552467404,0.000964745745500052,3
5261,20221018_110154.mat,3265988,3.265988,0.00101926987351557,0.000964745745500052,3
5262,20221018_110154.mat,3267978,3.267978,0.00105749162638833,0.000964745745500052,3
5263,20221018_110154.mat,3268177,3.268177,0.00136832472434272,0.000964745745500052,3
5264,20221018_110154.mat,3269172,3.269172,0.00146647592647851,0.000964745745500052,3
5265,20221018_110154.mat,3269968,3.269968,0.00295228813304014,0.000964745745500052,3
5266,20221018_110154.mat,3270167,3.270167,0.00305294477915202,0.000964745745500052,3
5267,20221018_110154.mat,3270366,3.270366,0.00102751863271102,0.000964745745500052,3
5268,20221018_110154.mat,3271560,3.27156,0.00242868234400688,0.000964745745500052,3
5269,20221018_110154.mat,3271759,3.271759,0.0029770395051178,0.000964745745500052,3
5270,20221018_110154.mat,3271958,3.271958,0.00248773575994361,0.000964745745500052,3
5271,20221018_110154.mat,3272157,3.272157,0.00426249085610491,0.000964745745500052,3
5272,20221018_110154.mat,3272356,3.272356,0.00128746785238793,0.000964745745500052,3
5273,20221018_110154.mat,3272555,3.272555,0.00451488422691936,0.000964745745500052,3
5274,20221018_110154.mat,3272754,3.272754,0.0112644180702791,0.000964745745500052,3
5275,20221018_110154.mat,3272953,3.272953,0.0144153603922711,0.000964745745500052,3
5276,20221018_110154.mat,3273152,3.273152,0.00728512173355702,0.000964745745500052,3
5277,20221018_110154.mat,3273351,3.273351,0.0140226017814009,0.000964745745500052,3
5278,20221018_110154.mat,3273550,3.27355,0.0237039381762187,0.000964745745500052,3
5279,20221018_110154.mat,3273749,3.273749,0.00580030064741946,0.000964745745500052,3
5280,20221018_110154.mat,3273948,3.273948,0.00137252227737626,0.000964745745500052,3
5281,20221018_110154.mat,3274545,3.274545,0.00105877223421619,0.000964745745500052,3
5282,20221018_110154.mat,3274744,3.274744,0.00437154875436707,0.000964745745500052,3
5283,20221018_110154.mat,3274943,3.274943,0.00237712439194281,0.000964745745500052,3
5284,20221018_110154.mat,3275142,3.275142,0.00156482932729626,0.000964745745500052,3
5285,20221018_110154.mat,3278326,3.278326,0.00119379119860265,0.000964745745500052,3
5286,20221018_110154.mat,3278923,3.278923,0.00154696419915983,0.000964745745500052,3
5287,20221018_110154.mat,3281112,3.281112,0.00101861870245121,0.000964745745500052,3
5288,20221018_110154.mat,3281510,3.28151,0.000977107501131837,0.000964745745500052,3
5289,20221018_110154.mat,3281709,3.281709,0.00113885050444943,0.000964745745500052,3
5290,20221018_110154.mat,3281908,3.281908,0.00229762760070984,0.000964745745500052,3
5291,20221018_110154.mat,3282107,3.282107,0.00251860837677162,0.000964745745500052,3
5292,20221018_110154.mat,3282306,3.282306,0.00180374125236168,0.000964745745500052,3
5293,20221018_110154.mat,3282505,3.282505,0.0047126212179164,0.000964745745500052,3
5294,20221018_110154.mat,3282704,3.282704,0.00912434300947547,0.000964745745500052,3
5295,20221018_110154.mat,3282903,3.282903,0.00255413666366837,0.000964745745500052,3
5296,20221018_110154.mat,3283102,3.283102,0.0149169469461902,0.000964745745500052,3
5297,20221018_110154.mat,3283301,3.283301,0.0198425401511027,0.000964745745500052,3
5298,20221018_110154.mat,3283500,3.2835,0.00264659401810982,0.000964745745500052,3
5299,20221018_110154.mat,3283699,3.283699,0.00276575731823532,0.000964745745500052,3
5300,20221018_110154.mat,3283898,3.283898,0.00246216979359992,0.000964745745500052,3
5301,20221018_110154.mat,3284097,3.284097,0.00279551506525054,0.000964745745500052,3
5302,20221018_110154.mat,3284296,3.284296,0.00124425196055203,0.000964745745500052,3
5303,20221018_110154.mat,3285888,3.285888,0.00149440964874259,0.000964745745500052,3
5304,20221018_110154.mat,3286485,3.286485,0.00219828419713056,0.000964745745500052,3
5305,20221018_110154.mat,3286684,3.286684,0.00180631165682283,0.000964745745500052,3
5306,20221018_110154.mat,3287082,3.287082,0.00294581602295763,0.000964745745500052,3
5307,20221018_110154.mat,3287480,3.28748,0.00179479961553222,0.000964745745500052,3
5308,20221018_110154.mat,3290664,3.290664,0.00406521865753337,0.000964745745500052,3
5309,20221018_110154.mat,3290863,3.290863,0.00130780721076941,0.000964745745500052,3
5310,20221018_110154.mat,3292256,3.292256,0.00353250798782918,0.000964745745500052,3
5311,20221018_110154.mat,3292455,3.292455,0.00104792927129535,0.000964745745500052,3
5312,20221018_110154.mat,3295241,3.295241,0.00201291422621963,0.000964745745500052,3
5313,20221018_110154.mat,3296435,3.296435,0.00122511345543183,0.000964745745500052,3
5314,20221018_110154.mat,3297032,3.297032,0.00152347785450271,0.000964745745500052,3
5315,20221018_110154.mat,3298425,3.298425,0.00262002817699291,0.000964745745500052,3
5316,20221018_110154.mat,3298624,3.298624,0.00155134917219073,0.000964745745500052,3
5317,20221018_110154.mat,3299022,3.299022,0.00343730047666271,0.000964745745500052,3
5318,20221018_110154.mat,3299221,3.299221,0.00116337834416489,0.000964745745500052,3
5319,20221018_110154.mat,3299818,3.299818,0.00107606779654534,0.000964745745500052,3
5320,20221018_110154.mat,3300017,3.300017,0.00253556234813049,0.000964745745500052,3
5321,20221018_110154.mat,3301211,3.301211,0.00173602813084381,0.000964745745500052,3
5322,20221018_110154.mat,3301410,3.30141,0.00128198174830941,0.000964745745500052,3
5323,20221018_110154.mat,3301609,3.301609,0.00115430891192141,0.000964745745500052,3
5324,20221018_110154.mat,3301808,3.301808,0.00709337564462602,0.000964745745500052,3
5325,20221018_110154.mat,3302007,3.302007,0.00450827534726892,0.000964745745500052,3
5326,20221018_110154.mat,3302206,3.302206,0.00632347782236217,0.000964745745500052,3
5327,20221018_110154.mat,3302405,3.302405,0.00472405590874093,0.000964745745500052,3
5328,20221018_110154.mat,3302604,3.302604,0.00379764378111446,0.000964745745500052,3
5329,20221018_110154.mat,3302803,3.302803,0.00424646751649651,0.000964745745500052,3
5330,20221018_110154.mat,3303002,3.303002,0.00468275210558226,0.000964745745500052,3
5331,20221018_110154.mat,3303201,3.303201,0.00167299103134662,0.000964745745500052,3
5332,20221018_110154.mat,3303400,3.3034,0.0319894204560724,0.000964745745500052,3
5333,20221018_110154.mat,3303599,3.303599,0.0237865163592639,0.000964745745500052,3
5334,20221018_110154.mat,3303798,3.303798,0.0107898477693782,0.000964745745500052,3
5335,20221018_110154.mat,3303997,3.303997,0.00651402271412262,0.000964745745500052,3
5336,20221018_110154.mat,3304196,3.304196,0.00454415197843623,0.000964745745500052,3
5337,20221018_110154.mat,3304395,3.304395,0.00149064472174693,0.000964745745500052,3
5338,20221018_110154.mat,3304594,3.304594,0.00170342882738052,0.000964745745500052,3
5339,20221018_110154.mat,3304793,3.304793,0.00580189663811706,0.000964745745500052,3
5340,20221018_110154.mat,3304992,3.304992,0.00155991605547623,0.000964745745500052,3
5341,20221018_110154.mat,3305191,3.305191,0.00167764919994612,0.000964745745500052,3
5342,20221018_110154.mat,3305390,3.30539,0.00252501448917281,0.000964745745500052,3
5343,20221018_110154.mat,3305589,3.305589,0.00205326711144894,0.000964745745500052,3
5344,20221018_110154.mat,3305788,3.305788,0.00361186744476811,0.000964745745500052,3
5345,20221018_110154.mat,3305987,3.305987,0.00410398848974762,0.000964745745500052,3
5346,20221018_110154.mat,3306186,3.306186,0.00913304427646161,0.000964745745500052,3
5347,20221018_110154.mat,3306385,3.306385,0.0316613007338767,0.000964745745500052,3
5348,20221018_110154.mat,3306584,3.306584,0.0455517593393254,0.000964745745500052,3
5349,20221018_110154.mat,3306783,3.306783,0.0470623932315063,0.000964745745500052,3
5350,20221018_110154.mat,3306982,3.306982,0.0187413705863887,0.000964745745500052,3
5351,20221018_110154.mat,3307181,3.307181,0.00581230252449459,0.000964745745500052,3
5352,20221018_110154.mat,3307380,3.30738,0.00238058200582005,0.000964745745500052,3
5353,20221018_110154.mat,3308176,3.308176,0.00117391364396799,0.000964745745500052,3
5354,20221018_110154.mat,3308574,3.308574,0.00107307310103119,0.000964745745500052,3
5355,20221018_110154.mat,3308773,3.308773,0.0017118565693889,0.000964745745500052,3
5356,20221018_110154.mat,3380811,3.380811,0.000976217870772585,0.000964745745500052,3
5357,20221018_110154.mat,3381010,3.38101,0.00101835559397819,0.000964745745500052,3
5358,20221018_110154.mat,3386980,3.38698,0.00171125514596733,0.000964745745500052,3
5359,20221018_110154.mat,3387179,3.387179,0.00209335876607031,0.000964745745500052,3
5360,20221018_110154.mat,3398522,3.398522,0.00598683120956913,0.000964745745500052,3
5361,20221018_110154.mat,3398721,3.398721,0.00102953503960333,0.000964745745500052,3
5362,20221018_110154.mat,3403696,3.403696,0.00174033920020535,0.000964745745500052,3
5363,20221018_110154.mat,3408472,3.408472,0.0010730626495172,0.000964745745500052,3
5364,20221018_110154.mat,3410263,3.410263,0.00115600840966491,0.000964745745500052,3
5365,20221018_110154.mat,3435934,3.435934,0.00784737428841512,0.000964745745500052,3
5366,20221018_110154.mat,3436133,3.436133,0.0028256122207818,0.000964745745500052,3
5367,20221018_110154.mat,3436332,3.436332,0.00100475501604203,0.000964745745500052,3
5368,20221018_110154.mat,3466779,3.466779,0.00125027914092541,0.000964745745500052,3
5369,20221018_110154.mat,3466978,3.466978,0.00106784466525304,0.000964745745500052,3
5370,20221018_110154.mat,3492251,3.492251,0.00170277119213172,0.000964745745500052,3
5371,20221018_110154.mat,3530260,3.53026,0.00250803430263474,0.000964745745500052,3
5372,20221018_110154.mat,3530459,3.530459,0.00100797496278555,0.000964745745500052,3
5373,20221018_110154.mat,3536230,3.53623,0.00105509604281055,0.000964745745500052,3
5374,20221018_110154.mat,3650257,3.650257,0.00134755036242275,0.000964745745500052,3
5375,20221018_110154.mat,3650456,3.650456,0.00139910348780963,0.000964745745500052,3
5376,20221018_110154.mat,3654038,3.654038,0.00159258151269932,0.000964745745500052,3
5377,20221018_110154.mat,3654237,3.654237,0.00217280215008762,0.000964745745500052,3
5378,20221018_110154.mat,3678117,3.678117,0.00114469465405985,0.000964745745500052,3
5379,20221018_110154.mat,3688664,3.688664,0.00207973140453303,0.000964745745500052,3
5380,20221018_110154.mat,3688863,3.688863,0.0016125606441826,0.000964745745500052,3
5381,20221018_110154.mat,3724285,3.724285,0.0146086708547761,0.000964745745500052,3
5382,20221018_110154.mat,3724484,3.724484,0.00795835530679457,0.000964745745500052,3
5383,20221018_110154.mat,3724683,3.724683,0.00129842557685868,0.000964745745500052,3
5384,20221018_110154.mat,3735628,3.735628,0.00127117451042773,0.000964745745500052,3
5385,20221018_110154.mat,3754931,3.754931,0.00364444831570789,0.000964745745500052,3
5386,20221018_110154.mat,3788562,3.788562,0.0016211529573192,0.000964745745500052,3
5387,20221018_110154.mat,3788761,3.788761,0.0028418267513533,0.000964745745500052,3
5388,20221018_110154.mat,3807069,3.807069,0.00644688698134271,0.000964745745500052,3
5389,20221018_110154.mat,3807268,3.807268,0.0175092910622543,0.000964745745500052,3
5390,20221018_110154.mat,3807467,3.807467,0.00245723049446857,0.000964745745500052,3
5391,20221018_110154.mat,3871346,3.871346,0.00105799146859574,0.000964745745500052,3
5392,20221018_110154.mat,3895624,3.895624,0.00405705018223981,0.000964745745500052,3
5393,20221018_110154.mat,3895823,3.895823,0.00170063452291678,0.000964745745500052,3
5394,20221018_110154.mat,3909753,3.909753,0.0114028255706345,0.000964745745500052,3
5395,20221018_110154.mat,3909952,3.909952,0.00204612759553918,0.000964745745500052,3
5396,20221018_110154.mat,3910151,3.910151,0.00100843494157047,0.000964745745500052,3
5397,20221018_110154.mat,3910549,3.910549,0.00120328189682626,0.000964745745500052,3
5398,20221018_110154.mat,3957712,3.957712,0.00506516492762224,0.000964745745500052,3
5399,20221018_110154.mat,3957911,3.957911,0.00201423148395115,0.000964745745500052,3
5400,20221018_110154.mat,3975224,3.975224,0.000994366326331019,0.000964745745500052,3
5401,20221018_110154.mat,3975423,3.975423,0.00115702472725403,0.000964745745500052,3
5402,20221018_110154.mat,3992935,3.992935,0.00104753414060827,0.000964745745500052,3
5403,20221018_110154.mat,4012835,4.012835,0.00439619880687688,0.000964745745500052,3
5404,20221018_110154.mat,4013034,4.013034,0.00229383372998897,0.000964745745500052,3
5405,20221018_110154.mat,4013233,4.013233,0.00122904358650394,0.000964745745500052,3
5406,20221018_110154.mat,4033929,4.033929,0.00187607650462299,0.000964745745500052,3
5407,20221018_110154.mat,4034128,4.034128,0.00185222870256106,0.000964745745500052,3
5408,20221018_110154.mat,4061988,4.061988,0.00111068665460704,0.000964745745500052,3
5409,20221018_110154.mat,4091838,4.091838,0.00136696785454579,0.000964745745500052,3
5410,20221018_110154.mat,4105370,4.10537,0.00110544379664554,0.000964745745500052,3
5411,20221018_110154.mat,4105569,4.105569,0.0010353088944059,0.000964745745500052,3
5412,20221018_110154.mat,4141588,4.141588,0.00160978653863488,0.000964745745500052,3
5413,20221018_110154.mat,4146762,4.146762,0.00139913103857833,0.000964745745500052,3
5414,20221018_110154.mat,4154722,4.154722,0.00264231838282735,0.000964745745500052,3
5415,20221018_110154.mat,4154921,4.154921,0.000993114175210105,0.000964745745500052,3
5416,20221018_110154.mat,4194323,4.194323,0.00136115444092059,0.000964745745500052,3
5417,20221018_110154.mat,4195517,4.195517,0.0130757278531227,0.000964745745500052,3
5418,20221018_110154.mat,4195716,4.195716,0.0018071442878973,0.000964745745500052,3
5419,20221018_110154.mat,4199895,4.199895,0.00127021420958381,0.000964745745500052,3
5420,20221018_110154.mat,4200094,4.200094,0.00101789229026468,0.000964745745500052,3
5421,20221018_110154.mat,4222780,4.22278,0.00287243220833557,0.000964745745500052,3
5422,20221018_110154.mat,4223178,4.223178,0.00114246720966271,0.000964745745500052,3
5423,20221018_110154.mat,4244670,4.24467,0.00134987866198089,0.000964745745500052,3
5424,20221018_110154.mat,4277107,4.277107,0.0799548231040082,0.000964745745500052,3
5425,20221018_110154.mat,4277306,4.277306,0.0507367532357931,0.000964745745500052,3
5426,20221018_110154.mat,4277505,4.277505,0.00695849084635612,0.000964745745500052,3
5427,20221018_110154.mat,4277704,4.277704,0.00243178393313987,0.000964745745500052,3
5428,20221018_110154.mat,4289644,4.289644,0.0074675159666129,0.000964745745500052,3
5429,20221018_110154.mat,4289843,4.289843,0.00125557089348037,0.000964745745500052,3
5430,20221018_110154.mat,4374020,4.37402,0.00179585693668155,0.000964745745500052,3
5431,20221018_110154.mat,4374219,4.374219,0.00103577996737672,0.000964745745500052,3
5432,20221018_110154.mat,4382975,4.382975,0.00400242347587539,0.000964745745500052,3
5433,20221018_110154.mat,4383174,4.383174,0.0023339190673567,0.000964745745500052,3
5434,20221018_110154.mat,4383373,4.383373,0.00101696413775172,0.000964745745500052,3
5435,20221018_110154.mat,4412825,4.412825,0.00158761315019029,0.000964745745500052,3
5436,20221018_110154.mat,4413024,4.413024,0.00125075199767601,0.000964745745500052,3
5437,20221018_110154.mat,4413223,4.413223,0.00157550994799065,0.000964745745500052,3
5438,20221018_110154.mat,4413422,4.413422,0.0010015471130488,0.000964745745500052,3
5439,20221018_110154.mat,4461978,4.461978,0.00181260823455152,0.000964745745500052,3
5440,20221018_110154.mat,4465162,4.465162,0.00157315604427193,0.000964745745500052,3
5441,20221018_110154.mat,4507947,4.507947,0.000971459340526893,0.000964745745500052,3
5442,20221018_110154.mat,4510733,4.510733,0.00111393533753256,0.000964745745500052,3
5443,20221018_110154.mat,4526653,4.526653,0.00100316236034076,0.000964745745500052,3
5444,20221018_110154.mat,4580781,4.580781,0.00152472333564905,0.000964745745500052,3
5445,20221018_110154.mat,4580980,4.58098,0.00124465296596616,0.000964745745500052,3
5446,20221018_110154.mat,4644063,4.644063,0.0010654513072153,0.000964745745500052,3
5447,20221018_110154.mat,4644262,4.644262,0.00112374707885115,0.000964745745500052,3
5448,20221018_110154.mat,4668938,4.668938,0.00100662973408142,0.000964745745500052,3
5449,20221018_110154.mat,4718688,4.718688,0.0011532227400118,0.000964745745500052,3
5450,20221018_110154.mat,4726847,4.726847,0.00224267118258573,0.000964745745500052,3
5451,20221018_110154.mat,4736598,4.736598,0.00204051634206181,0.000964745745500052,3
5452,20221018_110154.mat,4760876,4.760876,0.00472521435534856,0.000964745745500052,3
5453,20221018_110154.mat,4761075,4.761075,0.00163966167151051,0.000964745745500052,3
5454,20221018_110154.mat,4770229,4.770229,0.081837597467677,0.000964745745500052,3
5455,20221018_110154.mat,4770428,4.770428,0.0463454629862522,0.000964745745500052,3
5456,20221018_110154.mat,4770627,4.770627,0.0067201708138496,0.000964745745500052,3
5457,20221018_110154.mat,4770826,4.770826,0.00239878843715324,0.000964745745500052,3
5458,20221018_110154.mat,4808835,4.808835,0.00138022655459202,0.000964745745500052,3
5459,20221018_110154.mat,4829133,4.829133,0.00100804982275549,0.000964745745500052,3
5460,20221018_110154.mat,4865749,4.865749,0.00243339176409074,0.000964745745500052,3
5461,20221018_110154.mat,4884057,4.884057,0.000967682748841209,0.000964745745500052,3
5462,20221018_110154.mat,4947538,4.947538,0.00104192199658394,0.000964745745500052,3
5463,20221018_110154.mat,4948334,4.948334,0.00542185121089346,0.000964745745500052,3
5464,20221018_110154.mat,4948533,4.948533,0.00220909013776148,0.000964745745500052,3
5465,20221018_110154.mat,4963856,4.963856,0.00117794240941034,0.000964745745500052,3
5466,20221018_110159.mat,18109,0.018109,0.00508546241721396,0.000971274559364613,3
5467,20221018_110159.mat,18308,0.018308,0.00189887431231476,0.000971274559364613,3
5468,20221018_110159.mat,18905,0.018905,0.0012051694569483,0.000971274559364613,3
5469,20221018_110159.mat,36218,0.036218,0.000974021923208285,0.000971274559364613,3
5470,20221018_110159.mat,55123,0.055123,0.00781161576532111,0.000971274559364613,3
5471,20221018_110159.mat,55322,0.055322,0.00132278248844819,0.000971274559364613,3
5472,20221018_110159.mat,75819,0.075819,0.00234477539686615,0.000971274559364613,3
5473,20221018_110159.mat,76018,0.076018,0.00179142729846027,0.000971274559364613,3
5474,20221018_110159.mat,117211,0.117211,0.00318610101135799,0.000971274559364613,3
5475,20221018_110159.mat,117410,0.11741,0.00170380526945447,0.000971274559364613,3
5476,20221018_110159.mat,125370,0.12537,0.00105993505517005,0.000971274559364613,3
5477,20221018_110159.mat,174523,0.174523,0.00889702530995683,0.000971274559364613,3
5478,20221018_110159.mat,174722,0.174722,0.0070039615074089,0.000971274559364613,3
5479,20221018_110159.mat,174921,0.174921,0.0889323540938556,0.000971274559364613,3
5480,20221018_110159.mat,175120,0.17512,0.00741220489174309,0.000971274559364613,3
5481,20221018_110159.mat,175319,0.175319,0.00131716180829407,0.000971274559364613,3
5482,20221018_110159.mat,195219,0.195219,0.00341242475469978,0.000971274559364613,3
5483,20221018_110159.mat,195418,0.195418,0.00141026079625067,0.000971274559364613,3
5484,20221018_110159.mat,255715,0.255715,0.00116701142701795,0.000971274559364613,3
5485,20221018_110159.mat,257506,0.257506,0.0057194245599788,0.000971274559364613,3
5486,20221018_110159.mat,257705,0.257705,0.00215709199276837,0.000971274559364613,3
5487,20221018_110159.mat,257904,0.257904,0.00103632385182382,0.000971274559364613,3
5488,20221018_110159.mat,267058,0.267058,0.00108090259026384,0.000971274559364613,3
5489,20221018_110159.mat,274819,0.274819,0.00273448302886561,0.000971274559364613,3
5490,20221018_110159.mat,275018,0.275018,0.00140467896218741,0.000971274559364613,3
5491,20221018_110159.mat,285167,0.285167,0.0013526281898238,0.000971274559364613,3
5492,20221018_110159.mat,285366,0.285366,0.00172015722579963,0.000971274559364613,3
5493,20221018_110159.mat,287356,0.287356,0.00180837224307712,0.000971274559364613,3
5494,20221018_110159.mat,287555,0.287555,0.0111421472567683,0.000971274559364613,3
5495,20221018_110159.mat,287754,0.287754,0.0193007904809991,0.000971274559364613,3
5496,20221018_110159.mat,287953,0.287953,0.00179610415153017,0.000971274559364613,3
5497,20221018_110159.mat,292331,0.292331,0.0021618025256774,0.000971274559364613,3
5498,20221018_110159.mat,292530,0.29253,0.0011366801721261,0.000971274559364613,3
5499,20221018_110159.mat,328151,0.328151,0.00260136246896112,0.000971274559364613,3
5500,20221018_110159.mat,343673,0.343673,0.0435124201765493,0.000971274559364613,3
5501,20221018_110159.mat,343872,0.343872,0.0188623663322965,0.000971274559364613,3
5502,20221018_110159.mat,344071,0.344071,0.00340041159341963,0.000971274559364613,3
5503,20221018_110159.mat,345464,0.345464,0.00132150268333,0.000971274559364613,3
5504,20221018_110159.mat,373125,0.373125,0.00115504766480599,0.000971274559364613,3
5505,20221018_110159.mat,394816,0.394816,0.00330923135067356,0.000971274559364613,3
5506,20221018_110159.mat,408348,0.408348,0.00200714621993467,0.000971274559364613,3
5507,20221018_110159.mat,409542,0.409542,0.00166935657632452,0.000971274559364613,3
5508,20221018_110159.mat,410139,0.410139,0.00101949213746477,0.000971274559364613,3
5509,20221018_110159.mat,437004,0.437004,0.0239317608908368,0.000971274559364613,3
5510,20221018_110159.mat,437203,0.437203,0.00327525704226132,0.000971274559364613,3
5511,20221018_110159.mat,437402,0.437402,0.00118875558019968,0.000971274559364613,3
5512,20221018_110159.mat,447750,0.44775,0.00833378680850881,0.000971274559364613,3
5513,20221018_110159.mat,447949,0.447949,0.00475497031535183,0.000971274559364613,3
5514,20221018_110159.mat,448148,0.448148,0.00110697113216423,0.000971274559364613,3
5515,20221018_110159.mat,454118,0.454118,0.00699513460431675,0.000971274559364613,3
5516,20221018_110159.mat,454317,0.454317,0.00334097252855603,0.000971274559364613,3
5517,20221018_110159.mat,454516,0.454516,0.00100475641653847,0.000971274559364613,3
5518,20221018_110159.mat,495112,0.495112,0.0366019151391211,0.000971274559364613,3
5519,20221018_110159.mat,495311,0.495311,0.026429599429179,0.000971274559364613,3
5520,20221018_110159.mat,495510,0.49551,0.00332154398258229,0.000971274559364613,3
5521,20221018_110159.mat,495709,0.495709,0.000988912672594322,0.000971274559364613,3
5522,20221018_110159.mat,523569,0.523569,0.000998095824103584,0.000971274559364613,3
5523,20221018_110159.mat,526156,0.526156,0.00108113885879018,0.000971274559364613,3
5524,20221018_110159.mat,526355,0.526355,0.00134163720607444,0.000971274559364613,3
5525,20221018_110159.mat,528942,0.528942,0.00153244954485364,0.000971274559364613,3
5526,20221018_110159.mat,529937,0.529937,0.000983890927367485,0.000971274559364613,3
5527,20221018_110159.mat,535708,0.535708,0.0013478556098122,0.000971274559364613,3
5528,20221018_110159.mat,535907,0.535907,0.00138953540738476,0.000971274559364613,3
5529,20221018_110159.mat,543469,0.543469,0.00365285437588277,0.000971274559364613,3
5530,20221018_110159.mat,543668,0.543668,0.00160499834182278,0.000971274559364613,3
5531,20221018_110159.mat,598791,0.598791,0.00142511176278491,0.000971274559364613,3
5532,20221018_110159.mat,602970,0.60297,0.00341128602739343,0.000971274559364613,3
5533,20221018_110159.mat,603169,0.603169,0.00490923084137443,0.000971274559364613,3
5534,20221018_110159.mat,611328,0.611328,0.0178383798336877,0.000971274559364613,3
5535,20221018_110159.mat,611527,0.611527,0.00476128784574665,0.000971274559364613,3
5536,20221018_110159.mat,611726,0.611726,0.00165196096063236,0.000971274559364613,3
5537,20221018_110159.mat,612920,0.61292,0.00111621929601633,0.000971274559364613,3
5538,20221018_110159.mat,613119,0.613119,0.00112020763975853,0.000971274559364613,3
5539,20221018_110159.mat,613716,0.613716,0.032785258011603,0.000971274559364613,3
5540,20221018_110159.mat,613915,0.613915,0.01081594680739,0.000971274559364613,3
5541,20221018_110159.mat,614114,0.614114,0.00369554468895391,0.000971274559364613,3
5542,20221018_110159.mat,614313,0.614313,0.00132130196450767,0.000971274559364613,3
5543,20221018_110159.mat,615507,0.615507,0.00389046697204807,0.000971274559364613,3
5544,20221018_110159.mat,620482,0.620482,0.0121671198158532,0.000971274559364613,3
5545,20221018_110159.mat,620681,0.620681,0.00348165938943732,0.000971274559364613,3
5546,20221018_110159.mat,620880,0.62088,0.00104212068579239,0.000971274559364613,3
5547,20221018_110159.mat,621278,0.621278,0.00176495307167079,0.000971274559364613,3
5548,20221018_110159.mat,621477,0.621477,0.00149005540584458,0.000971274559364613,3
5549,20221018_110159.mat,648740,0.64874,0.00352232269415341,0.000971274559364613,3
5550,20221018_110159.mat,648939,0.648939,0.00270858026134014,0.000971274559364613,3
5551,20221018_110159.mat,658292,0.658292,0.00426477111196286,0.000971274559364613,3
5552,20221018_110159.mat,658491,0.658491,0.00274123024012462,0.000971274559364613,3
5553,20221018_110159.mat,667844,0.667844,0.00970318900931842,0.000971274559364613,3
5554,20221018_110159.mat,668043,0.668043,0.00515444749865292,0.000971274559364613,3
5555,20221018_110159.mat,668242,0.668242,0.0009914945320376,0.000971274559364613,3
5556,20221018_110159.mat,679585,0.679585,0.0170500099023873,0.000971274559364613,3
5557,20221018_110159.mat,679784,0.679784,0.0441006289341281,0.000971274559364613,3
5558,20221018_110159.mat,679983,0.679983,0.00393315326928704,0.000971274559364613,3
5559,20221018_110159.mat,680182,0.680182,0.00202226016145635,0.000971274559364613,3
5560,20221018_110159.mat,681973,0.681973,0.00111906265476666,0.000971274559364613,3
5561,20221018_110159.mat,705256,0.705256,0.00118403180221848,0.000971274559364613,3
5562,20221018_110159.mat,717793,0.717793,0.00160530281747604,0.000971274559364613,3
5563,20221018_110159.mat,718589,0.718589,0.03025348718925,0.000971274559364613,3
5564,20221018_110159.mat,718788,0.718788,0.00642198120781278,0.000971274559364613,3
5565,20221018_110159.mat,718987,0.718987,0.00227732868035059,0.000971274559364613,3
5566,20221018_110159.mat,729534,0.729534,0.00134339515153071,0.000971274559364613,3
5567,20221018_110159.mat,745653,0.745653,0.0107894340867918,0.000971274559364613,3
5568,20221018_110159.mat,745852,0.745852,0.00127864100989497,0.000971274559364613,3
5569,20221018_110159.mat,775304,0.775304,0.00116304634292953,0.000971274559364613,3
5570,20221018_110159.mat,793811,0.793811,0.0011638421278066,0.000971274559364613,3
5571,20221018_110159.mat,801373,0.801373,0.00147427808229517,0.000971274559364613,3
5572,20221018_110159.mat,801572,0.801572,0.000992630751116026,0.000971274559364613,3
5573,20221018_110159.mat,850526,0.850526,0.00112977569079704,0.000971274559364613,3
5574,20221018_110159.mat,855501,0.855501,0.00102129480357136,0.000971274559364613,3
5575,20221018_110159.mat,872416,0.872416,0.0042892514584827,0.000971274559364613,3
5576,20221018_110159.mat,872615,0.872615,0.00497422699835401,0.000971274559364613,3
5577,20221018_110159.mat,900077,0.900077,0.00182605581046331,0.000971274559364613,3
5578,20221018_110159.mat,926743,0.926743,0.00291431985653334,0.000971274559364613,3
5579,20221018_110159.mat,955996,0.955996,0.00256210762438743,0.000971274559364613,3
5580,20221018_110159.mat,970722,0.970722,0.00123441716562587,0.000971274559364613,3
5581,20221018_110159.mat,1010920,1.01092,0.00818230283678839,0.000971274559364613,3
5582,20221018_110159.mat,1011119,1.011119,0.00300811552570567,0.000971274559364613,3
5583,20221018_110159.mat,1011318,1.011318,0.00127394594026935,0.000971274559364613,3
5584,20221018_110159.mat,1034601,1.034601,0.00102770230770492,0.000971274559364613,3
5585,20221018_110159.mat,1038979,1.038979,0.00442954997092884,0.000971274559364613,3
5586,20221018_110159.mat,1039178,1.039178,0.00191765612860045,0.000971274559364613,3
5587,20221018_110159.mat,1076391,1.076391,0.00309091661382946,0.000971274559364613,3
5588,20221018_110159.mat,1076988,1.076988,0.0153191764919813,0.000971274559364613,3
5589,20221018_110159.mat,1077187,1.077187,0.00382161727887571,0.000971274559364613,3
5590,20221018_110159.mat,1080371,1.080371,0.0162109731772447,0.000971274559364613,3
5591,20221018_110159.mat,1080570,1.08057,0.00653319759591681,0.000971274559364613,3
5592,20221018_110159.mat,1080769,1.080769,0.00136418063194956,0.000971274559364613,3
5593,20221018_110159.mat,1088331,1.088331,0.0146920984100898,0.000971274559364613,3
5594,20221018_110159.mat,1088530,1.08853,0.00357816697055812,0.000971274559364613,3
5595,20221018_110159.mat,1088729,1.088729,0.00147427308705638,0.000971274559364613,3
5596,20221018_110159.mat,1131912,1.131912,0.00137949394260987,0.000971274559364613,3
5597,20221018_110159.mat,1133504,1.133504,0.00139135994797884,0.000971274559364613,3
5598,20221018_110159.mat,1152409,1.152409,0.00107762361415095,0.000971274559364613,3
5599,20221018_110159.mat,1153205,1.153205,0.00168385784426616,0.000971274559364613,3
5600,20221018_110159.mat,1159971,1.159971,0.00555344297832552,0.000971274559364613,3
5601,20221018_110159.mat,1160170,1.16017,0.00153233897477616,0.000971274559364613,3
5602,20221018_110159.mat,1160369,1.160369,0.00119480771719686,0.000971274559364613,3
5603,20221018_110159.mat,1163951,1.163951,0.0244434097023254,0.000971274559364613,3
5604,20221018_110159.mat,1164150,1.16415,0.00407222727664124,0.000971274559364613,3
5605,20221018_110159.mat,1164349,1.164349,0.00209579984572904,0.000971274559364613,3
5606,20221018_110159.mat,1164548,1.164548,0.000988989678495733,0.000971274559364613,3
5607,20221018_110159.mat,1201363,1.201363,0.000997325371922069,0.000971274559364613,3
5608,20221018_110159.mat,1217283,1.217283,0.00109269152229838,0.000971274559364613,3
5609,20221018_110159.mat,1217482,1.217482,0.00115437558993731,0.000971274559364613,3
5610,20221018_110159.mat,1227432,1.227432,0.00167710764658197,0.000971274559364613,3
5611,20221018_110159.mat,1231810,1.23181,0.00101126386017232,0.000971274559364613,3
5612,20221018_110159.mat,1232407,1.232407,0.000973033072741588,0.000971274559364613,3
5613,20221018_110159.mat,1232805,1.232805,0.0173913244682719,0.000971274559364613,3
5614,20221018_110159.mat,1233004,1.233004,0.00178527377323855,0.000971274559364613,3
5615,20221018_110159.mat,1235193,1.235193,0.0010077802464718,0.000971274559364613,3
5616,20221018_110159.mat,1242556,1.242556,0.00152393064913043,0.000971274559364613,3
5617,20221018_110159.mat,1250118,1.250118,0.00723908040087605,0.000971274559364613,3
5618,20221018_110159.mat,1250317,1.250317,0.00217691444654523,0.000971274559364613,3
5619,20221018_110159.mat,1250516,1.250516,0.00191252024419204,0.000971274559364613,3
5620,20221018_110159.mat,1277779,1.277779,0.00114608072797417,0.000971274559364613,3
5621,20221018_110159.mat,1281162,1.281162,0.00219332223556625,0.000971274559364613,3
5622,20221018_110159.mat,1299669,1.299669,0.00473914016294151,0.000971274559364613,3
5623,20221018_110159.mat,1325937,1.325937,0.0124666319842411,0.000971274559364613,3
5624,20221018_110159.mat,1326136,1.326136,0.00311293666015719,0.000971274559364613,3
5625,20221018_110159.mat,1328922,1.328922,0.0134004171879059,0.000971274559364613,3
5626,20221018_110159.mat,1329121,1.329121,0.00712550792113806,0.000971274559364613,3
5627,20221018_110159.mat,1329320,1.32932,0.0014184737869514,0.000971274559364613,3
5628,20221018_110159.mat,1331907,1.331907,0.00525558016520557,0.000971274559364613,3
5629,20221018_110159.mat,1332106,1.332106,0.00364910095359116,0.000971274559364613,3
5630,20221018_110159.mat,1339469,1.339469,0.00753232500765879,0.000971274559364613,3
5631,20221018_110159.mat,1339668,1.339668,0.0010637488997577,0.000971274559364613,3
5632,20221018_110159.mat,1353598,1.353598,0.00161479949293315,0.000971274559364613,3
5633,20221018_110159.mat,1360961,1.360961,0.00282467587687039,0.000971274559364613,3
5634,20221018_110159.mat,1361160,1.36116,0.00158937621745373,0.000971274559364613,3
5635,20221018_110159.mat,1361757,1.361757,0.00141589695058141,0.000971274559364613,3
5636,20221018_110159.mat,1361956,1.361956,0.00113148948968615,0.000971274559364613,3
5637,20221018_110159.mat,1373896,1.373896,0.02527553694807,0.000971274559364613,3
5638,20221018_110159.mat,1374095,1.374095,0.00328786721522814,0.000971274559364613,3
5639,20221018_110159.mat,1374294,1.374294,0.00128749920380931,0.000971274559364613,3
5640,20221018_110159.mat,1390015,1.390015,0.00136144514771616,0.000971274559364613,3
5641,20221018_110159.mat,1390214,1.390214,0.00509388908078531,0.000971274559364613,3
5642,20221018_110159.mat,1390413,1.390413,0.00104308174970398,0.000971274559364613,3
5643,20221018_110159.mat,1449914,1.449914,0.00114930114284257,0.000971274559364613,3
5644,20221018_110159.mat,1460859,1.460859,0.00306023018173985,0.000971274559364613,3
5645,20221018_110159.mat,1500858,1.500858,0.00591582344817126,0.000971274559364613,3
5646,20221018_110159.mat,1501057,1.501057,0.00114013395764623,0.000971274559364613,3
5647,20221018_110159.mat,1532698,1.532698,0.00183233374782958,0.000971274559364613,3
5648,20221018_110159.mat,1558170,1.55817,0.00156513466275944,0.000971274559364613,3
5649,20221018_110159.mat,1602547,1.602547,0.00295338192048601,0.000971274559364613,3
5650,20221018_110159.mat,1602746,1.602746,0.0106283837833853,0.000971274559364613,3
5651,20221018_110159.mat,1602945,1.602945,0.00159946964266755,0.000971274559364613,3
5652,20221018_110159.mat,1617472,1.617472,0.00303977658902355,0.000971274559364613,3
5653,20221018_110159.mat,1617671,1.617671,0.00235445512695815,0.000971274559364613,3
5654,20221018_110159.mat,1622248,1.622248,0.0127902631012551,0.000971274559364613,3
5655,20221018_110159.mat,1622447,1.622447,0.00297713988408521,0.000971274559364613,3
5656,20221018_110159.mat,1622646,1.622646,0.0010937653126646,0.000971274559364613,3
5657,20221018_110159.mat,1624835,1.624835,0.00198887246808321,0.000971274559364613,3
5658,20221018_110159.mat,1628616,1.628616,0.00154639094660854,0.000971274559364613,3
5659,20221018_110159.mat,1628815,1.628815,0.00124621413606402,0.000971274559364613,3
5660,20221018_110159.mat,1638168,1.638168,0.024013134588875,0.000971274559364613,3
5661,20221018_110159.mat,1638367,1.638367,0.00460462852930602,0.000971274559364613,3
5662,20221018_110159.mat,1638566,1.638566,0.00156487260623807,0.000971274559364613,3
5663,20221018_110159.mat,1666625,1.666625,0.0108695604559536,0.000971274559364613,3
5664,20221018_110159.mat,1666824,1.666824,0.0111081392853134,0.000971274559364613,3
5665,20221018_110159.mat,1667023,1.667023,0.00170878664492173,0.000971274559364613,3
5666,20221018_110159.mat,1668018,1.668018,0.00324465945353958,0.000971274559364613,3
5667,20221018_110159.mat,1668217,1.668217,0.00255939163850442,0.000971274559364613,3
5668,20221018_110159.mat,1698664,1.698664,0.00255995003425436,0.000971274559364613,3
5669,20221018_110159.mat,1698863,1.698863,0.00113979788026539,0.000971274559364613,3
5670,20221018_110159.mat,1704435,1.704435,0.000978534790220617,0.000971274559364613,3
5671,20221018_110159.mat,1704634,1.704634,0.00104886463863876,0.000971274559364613,3
5672,20221018_110159.mat,1705430,1.70543,0.00133559212348889,0.000971274559364613,3
5673,20221018_110159.mat,1723539,1.723539,0.00100637804703445,0.000971274559364613,3
5674,20221018_110159.mat,1728713,1.728713,0.000973976557514321,0.000971274559364613,3
5675,20221018_110159.mat,1752195,1.752195,0.00123071515143348,0.000971274559364613,3
5676,20221018_110159.mat,1775478,1.775478,0.00113671256581882,0.000971274559364613,3
5677,20221018_110159.mat,1781846,1.781846,0.00131069849939016,0.000971274559364613,3
5678,20221018_110159.mat,1786224,1.786224,0.00648191291726342,0.000971274559364613,3
5679,20221018_110159.mat,1786423,1.786423,0.00411175623739293,0.000971274559364613,3
5680,20221018_110159.mat,1801945,1.801945,0.00137827926597161,0.000971274559364613,3
5681,20221018_110159.mat,1810104,1.810104,0.0153352110232044,0.000971274559364613,3
5682,20221018_110159.mat,1810303,1.810303,0.0133999014688891,0.000971274559364613,3
5683,20221018_110159.mat,1810502,1.810502,0.00290141337841923,0.000971274559364613,3
5684,20221018_110159.mat,1810701,1.810701,0.00124393001937203,0.000971274559364613,3
5685,20221018_110159.mat,1827417,1.827417,0.011067197021851,0.000971274559364613,3
5686,20221018_110159.mat,1827616,1.827616,0.00738898436316031,0.000971274559364613,3
5687,20221018_110159.mat,1831795,1.831795,0.00169472335826008,0.000971274559364613,3
5688,20221018_110159.mat,1849705,1.849705,0.00351270528639736,0.000971274559364613,3
5689,20221018_110159.mat,1862839,1.862839,0.00418092429085916,0.000971274559364613,3
5690,20221018_110159.mat,1863038,1.863038,0.00412480689956396,0.000971274559364613,3
5691,20221018_110159.mat,1870799,1.870799,0.00786508562990187,0.000971274559364613,3
5692,20221018_110159.mat,1870998,1.870998,0.00376051356191545,0.000971274559364613,3
5693,20221018_110159.mat,1871595,1.871595,0.00969653735897382,0.000971274559364613,3
5694,20221018_110159.mat,1871794,1.871794,0.0103836712335694,0.000971274559364613,3
5695,20221018_110159.mat,1871993,1.871993,0.00128252638779804,0.000971274559364613,3
5696,20221018_110159.mat,1872590,1.87259,0.00808439488634347,0.000971274559364613,3
5697,20221018_110159.mat,1872789,1.872789,0.00174023897166482,0.000971274559364613,3
5698,20221018_110159.mat,1872988,1.872988,0.0058310592586045,0.000971274559364613,3
5699,20221018_110159.mat,1876172,1.876172,0.00843523184112978,0.000971274559364613,3
5700,20221018_110159.mat,1876371,1.876371,0.0025219176621983,0.000971274559364613,3
5701,20221018_110159.mat,1877366,1.877366,0.0098912033703556,0.000971274559364613,3
5702,20221018_110159.mat,1877565,1.877565,0.0137938750894163,0.000971274559364613,3
5703,20221018_110159.mat,1877764,1.877764,0.00171971172422286,0.000971274559364613,3
5704,20221018_110159.mat,1882142,1.882142,0.0127537081443346,0.000971274559364613,3
5705,20221018_110159.mat,1882341,1.882341,0.00180480386329251,0.000971274559364613,3
5706,20221018_110159.mat,1891296,1.891296,0.012614002625462,0.000971274559364613,3
5707,20221018_110159.mat,1891495,1.891495,0.00138216173863294,0.000971274559364613,3
5708,20221018_110159.mat,1893087,1.893087,0.0125327512176237,0.000971274559364613,3
5709,20221018_110159.mat,1893286,1.893286,0.00206095030171601,0.000971274559364613,3
5710,20221018_110159.mat,1896072,1.896072,0.0146552196206066,0.000971274559364613,3
5711,20221018_110159.mat,1896271,1.896271,0.00193008302118473,0.000971274559364613,3
5712,20221018_110159.mat,1897266,1.897266,0.0105453151318259,0.000971274559364613,3
5713,20221018_110159.mat,1897465,1.897465,0.00291996795135026,0.000971274559364613,3
5714,20221018_110159.mat,1897664,1.897664,0.0010301058816618,0.000971274559364613,3
5715,20221018_110159.mat,1899853,1.899853,0.00169022804024561,0.000971274559364613,3
5716,20221018_110159.mat,1905027,1.905027,0.00854748963203205,0.000971274559364613,3
5717,20221018_110159.mat,1905226,1.905226,0.00549213641224789,0.000971274559364613,3
5718,20221018_110159.mat,1913982,1.913982,0.00107462488358698,0.000971274559364613,3
5719,20221018_110159.mat,1959354,1.959354,0.00329077452566,0.000971274559364613,3
5720,20221018_110159.mat,1959553,1.959553,0.00147500917742533,0.000971274559364613,3
5721,20221018_110159.mat,1963135,1.963135,0.000978938770840434,0.000971274559364613,3
5722,20221018_110159.mat,1986617,1.986617,0.00669158284685238,0.000971274559364613,3
5723,20221018_110159.mat,1986816,1.986816,0.0054586567257442,0.000971274559364613,3
5724,20221018_110159.mat,1987015,1.987015,0.00117615288782562,0.000971274559364613,3
5725,20221018_110159.mat,1990398,1.990398,0.00126156747027199,0.000971274559364613,3
5726,20221018_110159.mat,1992786,1.992786,0.00259315221152786,0.000971274559364613,3
5727,20221018_110159.mat,1992985,1.992985,0.00160131569711059,0.000971274559364613,3
5728,20221018_110159.mat,2006517,2.006517,0.00385043364049443,0.000971274559364613,3
5729,20221018_110159.mat,2006716,2.006716,0.00664058275286237,0.000971274559364613,3
5730,20221018_110159.mat,2006915,2.006915,0.000990914728962516,0.000971274559364613,3
5731,20221018_110159.mat,2012089,2.012089,0.0112566727008837,0.000971274559364613,3
5732,20221018_110159.mat,2012288,2.012288,0.020427867142571,0.000971274559364613,3
5733,20221018_110159.mat,2012487,2.012487,0.00214397874581948,0.000971274559364613,3
5734,20221018_110159.mat,2012686,2.012686,0.0011312181672441,0.000971274559364613,3
5735,20221018_110159.mat,2018656,2.018656,0.00133724599959528,0.000971274559364613,3
5736,20221018_110159.mat,2018855,2.018855,0.00107737746084609,0.000971274559364613,3
5737,20221018_110159.mat,2019850,2.01985,0.0131447026766324,0.000971274559364613,3
5738,20221018_110159.mat,2020049,2.020049,0.00254432754972911,0.000971274559364613,3
5739,20221018_110159.mat,2023233,2.023233,0.00123185604145804,0.000971274559364613,3
5740,20221018_110159.mat,2025223,2.025223,0.00103249910530794,0.000971274559364613,3
5741,20221018_110159.mat,2027611,2.027611,0.000997734046088394,0.000971274559364613,3
5742,20221018_110159.mat,2027810,2.02781,0.00585916550068228,0.000971274559364613,3
5743,20221018_110159.mat,2028009,2.028009,0.00100828212853749,0.000971274559364613,3
5744,20221018_110159.mat,2029402,2.029402,0.00369079081203499,0.000971274559364613,3
5745,20221018_110159.mat,2029601,2.029601,0.00386855206220942,0.000971274559364613,3
5746,20221018_110159.mat,2031790,2.03179,0.00124313811006744,0.000971274559364613,3
5747,20221018_110159.mat,2031989,2.031989,0.00675034054409168,0.000971274559364613,3
5748,20221018_110159.mat,2032188,2.032188,0.00124546507038655,0.000971274559364613,3
5749,20221018_110159.mat,2033183,2.033183,0.0070365367552506,0.000971274559364613,3
5750,20221018_110159.mat,2033382,2.033382,0.00286297705787307,0.000971274559364613,3
5751,20221018_110159.mat,2033581,2.033581,0.00115060175883567,0.000971274559364613,3
5752,20221018_110159.mat,2034377,2.034377,0.00228255073230245,0.000971274559364613,3
5753,20221018_110159.mat,2034576,2.034576,0.00338760488119056,0.000971274559364613,3
5754,20221018_110159.mat,2045322,2.045322,0.00612010872465338,0.000971274559364613,3
5755,20221018_110159.mat,2045521,2.045521,0.00109876320396083,0.000971274559364613,3
5756,20221018_110159.mat,2053083,2.053083,0.00464903186122282,0.000971274559364613,3
5757,20221018_110159.mat,2053282,2.053282,0.00166614641053212,0.000971274559364613,3
5758,20221018_110159.mat,2053481,2.053481,0.00106651573688168,0.000971274559364613,3
5759,20221018_110159.mat,2057063,2.057063,0.00137560572495758,0.000971274559364613,3
5760,20221018_110159.mat,2068207,2.068207,0.0011524529191329,0.000971274559364613,3
5761,20221018_110159.mat,2095072,2.095072,0.0016913014485177,0.000971274559364613,3
5762,20221018_110159.mat,2095271,2.095271,0.00228087490942741,0.000971274559364613,3
5763,20221018_110159.mat,2102236,2.102236,0.0102959441806128,0.000971274559364613,3
5764,20221018_110159.mat,2102435,2.102435,0.00156288138198076,0.000971274559364613,3
5765,20221018_110159.mat,2102833,2.102833,0.00142328564634164,0.000971274559364613,3
5766,20221018_110159.mat,2107609,2.107609,0.00588456983142044,0.000971274559364613,3
5767,20221018_110159.mat,2107808,2.107808,0.00198612190536516,0.000971274559364613,3
5768,20221018_110159.mat,2109201,2.109201,0.0104863932728557,0.000971274559364613,3
5769,20221018_110159.mat,2109400,2.1094,0.00333076960872589,0.000971274559364613,3
5770,20221018_110159.mat,2110196,2.110196,0.00466663837307697,0.000971274559364613,3
5771,20221018_110159.mat,2110395,2.110395,0.00337117604540617,0.000971274559364613,3
5772,20221018_110159.mat,2113380,2.11338,0.00279137701907027,0.000971274559364613,3
5773,20221018_110159.mat,2114375,2.114375,0.00677297749581319,0.000971274559364613,3
5774,20221018_110159.mat,2114574,2.114574,0.0115259911400329,0.000971274559364613,3
5775,20221018_110159.mat,2114773,2.114773,0.00169865026264896,0.000971274559364613,3
5776,20221018_110159.mat,2114972,2.114972,0.00133283480050109,0.000971274559364613,3
5777,20221018_110159.mat,2116564,2.116564,0.00577399574974905,0.000971274559364613,3
5778,20221018_110159.mat,2116763,2.116763,0.00104572476184022,0.000971274559364613,3
5779,20221018_110159.mat,2117559,2.117559,0.00635587390411587,0.000971274559364613,3
5780,20221018_110159.mat,2117758,2.117758,0.0014208592939606,0.000971274559364613,3
5781,20221018_110159.mat,2137658,2.137658,0.00143578536587371,0.000971274559364613,3
5782,20221018_110159.mat,2138852,2.138852,0.00174190763177658,0.000971274559364613,3
5783,20221018_110159.mat,2150792,2.150792,0.00114707886235024,0.000971274559364613,3
5784,20221018_110159.mat,2167707,2.167707,0.00107663866326147,0.000971274559364613,3
5785,20221018_110159.mat,2168105,2.168105,0.00171371629817276,0.000971274559364613,3
5786,20221018_110159.mat,2168304,2.168304,0.00131196077777296,0.000971274559364613,3
5787,20221018_110159.mat,2168702,2.168702,0.0678592569619078,0.000971274559364613,3
5788,20221018_110159.mat,2168901,2.168901,0.122941187100074,0.000971274559364613,3
5789,20221018_110159.mat,2169100,2.1691,0.0175135144728652,0.000971274559364613,3
5790,20221018_110159.mat,2169299,2.169299,0.0124179616224686,0.000971274559364613,3
5791,20221018_110159.mat,2169498,2.169498,0.00323993529218823,0.000971274559364613,3
5792,20221018_110159.mat,2169896,2.169896,0.00346535259681543,0.000971274559364613,3
5793,20221018_110159.mat,2170095,2.170095,0.00226644218555477,0.000971274559364613,3
5794,20221018_110159.mat,2170294,2.170294,0.00121796191525575,0.000971274559364613,3
5795,20221018_110159.mat,2170891,2.170891,0.0355558591228801,0.000971274559364613,3
5796,20221018_110159.mat,2171090,2.17109,0.00990977439315551,0.000971274559364613,3
5797,20221018_110159.mat,2171289,2.171289,0.00106414595889097,0.000971274559364613,3
5798,20221018_110159.mat,2173279,2.173279,0.00119301610591553,0.000971274559364613,3
5799,20221018_110159.mat,2174672,2.174672,0.00573120941933698,0.000971274559364613,3
5800,20221018_110159.mat,2174871,2.174871,0.00124571150950775,0.000971274559364613,3
5801,20221018_110159.mat,2175866,2.175866,0.000993869527614709,0.000971274559364613,3
5802,20221018_110159.mat,2184025,2.184025,0.00100957221543937,0.000971274559364613,3
5803,20221018_110159.mat,2189000,2.189,0.00190394254333231,0.000971274559364613,3
5804,20221018_110159.mat,2189199,2.189199,0.00102331512288721,0.000971274559364613,3
5805,20221018_110159.mat,2192184,2.192184,0.00133547076910678,0.000971274559364613,3
5806,20221018_110159.mat,2195567,2.195567,0.00406677969854477,0.000971274559364613,3
5807,20221018_110159.mat,2202731,2.202731,0.00232303380824375,0.000971274559364613,3
5808,20221018_110159.mat,2204124,2.204124,0.0250105539988528,0.000971274559364613,3
5809,20221018_110159.mat,2204323,2.204323,0.00566884099190805,0.000971274559364613,3
5810,20221018_110159.mat,2204522,2.204522,0.00201635680770841,0.000971274559364613,3
5811,20221018_110159.mat,2204721,2.204721,0.00112937349906761,0.000971274559364613,3
5812,20221018_110159.mat,2218054,2.218054,0.00655469397928913,0.000971274559364613,3
5813,20221018_110159.mat,2218253,2.218253,0.00524174388592501,0.000971274559364613,3
5814,20221018_110159.mat,2218452,2.218452,0.00190547815627213,0.000971274559364613,3
5815,20221018_110159.mat,2228402,2.228402,0.00177249671924576,0.000971274559364613,3
5816,20221018_110159.mat,2230989,2.230989,0.001085093207397,0.000971274559364613,3
5817,20221018_110159.mat,2231586,2.231586,0.00149573896676338,0.000971274559364613,3
5818,20221018_110159.mat,2239944,2.239944,0.00216534855284697,0.000971274559364613,3
5819,20221018_110159.mat,2240143,2.240143,0.00200583904057649,0.000971274559364613,3
5820,20221018_110159.mat,2245317,2.245317,0.00099416845805863,0.000971274559364613,3
5821,20221018_110159.mat,2245516,2.245516,0.00281771100528354,0.000971274559364613,3
5822,20221018_110159.mat,2251486,2.251486,0.00581710403482484,0.000971274559364613,3
5823,20221018_110159.mat,2251685,2.251685,0.00699204477191947,0.000971274559364613,3
5824,20221018_110159.mat,2251884,2.251884,0.00213498287406428,0.000971274559364613,3
5825,20221018_110159.mat,2252083,2.252083,0.00131441442346822,0.000971274559364613,3
5826,20221018_110159.mat,2253874,2.253874,0.00343952105145275,0.000971274559364613,3
5827,20221018_110159.mat,2254073,2.254073,0.00169778403615839,0.000971274559364613,3
5828,20221018_110159.mat,2263227,2.263227,0.0018298337496005,0.000971274559364613,3
5829,20221018_110159.mat,2263625,2.263625,0.00181994920025204,0.000971274559364613,3
5830,20221018_110159.mat,2263824,2.263824,0.00102243877711217,0.000971274559364613,3
5831,20221018_110159.mat,2268401,2.268401,0.00228253890223984,0.000971274559364613,3
5832,20221018_110159.mat,2268600,2.2686,0.00163588814331663,0.000971274559364613,3
5833,20221018_110159.mat,2280938,2.280938,0.00131525118221798,0.000971274559364613,3
5834,20221018_110159.mat,2290888,2.290888,0.00117600673130051,0.000971274559364613,3
5835,20221018_110159.mat,2298649,2.298649,0.00118821625305156,0.000971274559364613,3
5836,20221018_110159.mat,2298848,2.298848,0.00207159013584494,0.000971274559364613,3
5837,20221018_110159.mat,2299843,2.299843,0.00581061660789461,0.000971274559364613,3
5838,20221018_110159.mat,2300042,2.300042,0.00111048195030817,0.000971274559364613,3
5839,20221018_110159.mat,2305614,2.305614,0.00106763654838774,0.000971274559364613,3
5840,20221018_110159.mat,2307206,2.307206,0.00099416351967566,0.000971274559364613,3
5841,20221018_110159.mat,2307803,2.307803,0.00186496331388466,0.000971274559364613,3
5842,20221018_110159.mat,2308002,2.308002,0.00226824452487061,0.000971274559364613,3
5843,20221018_110159.mat,2311982,2.311982,0.00977130543146612,0.000971274559364613,3
5844,20221018_110159.mat,2312181,2.312181,0.00358390020782156,0.000971274559364613,3
5845,20221018_110159.mat,2312380,2.31238,0.00147710058147877,0.000971274559364613,3
5846,20221018_110159.mat,2313574,2.313574,0.00346577565380014,0.000971274559364613,3
5847,20221018_110159.mat,2313773,2.313773,0.00261635160585245,0.000971274559364613,3
5848,20221018_110159.mat,2322529,2.322529,0.00141885289380491,0.000971274559364613,3
5849,20221018_110159.mat,2322728,2.322728,0.00260783635390347,0.000971274559364613,3
5850,20221018_110159.mat,2335066,2.335066,0.00176835051868858,0.000971274559364613,3
5851,20221018_110159.mat,2370687,2.370687,0.00455798926567289,0.000971274559364613,3
5852,20221018_110159.mat,2370886,2.370886,0.00313252853028545,0.000971274559364613,3
5853,20221018_110159.mat,2382229,2.382229,0.00104725014227263,0.000971274559364613,3
5854,20221018_110159.mat,2385015,2.385015,0.00665635405868581,0.000971274559364613,3
5855,20221018_110159.mat,2385214,2.385214,0.00864207984279957,0.000971274559364613,3
5856,20221018_110159.mat,2385413,2.385413,0.00125166093081405,0.000971274559364613,3
5857,20221018_110159.mat,2385612,2.385612,0.00137407309953936,0.000971274559364613,3
5858,20221018_110159.mat,2390388,2.390388,0.00359275975715829,0.000971274559364613,3
5859,20221018_110159.mat,2390587,2.390587,0.0048028901710577,0.000971274559364613,3
5860,20221018_110159.mat,2397353,2.397353,0.000989292564826527,0.000971274559364613,3
5861,20221018_110159.mat,2410089,2.410089,0.00444386150279096,0.000971274559364613,3
5862,20221018_110159.mat,2417054,2.417054,0.00308618866798218,0.000971274559364613,3
5863,20221018_110159.mat,2417253,2.417253,0.00162362059515269,0.000971274559364613,3
5864,20221018_110159.mat,2418049,2.418049,0.00100163272729276,0.000971274559364613,3
5865,20221018_110159.mat,2426407,2.426407,0.00552384850553883,0.000971274559364613,3
5866,20221018_110159.mat,2426606,2.426606,0.00130355714090087,0.000971274559364613,3
5867,20221018_110159.mat,2431780,2.43178,0.00124000095831188,0.000971274559364613,3
5868,20221018_110159.mat,2440138,2.440138,0.00110874896421158,0.000971274559364613,3
5869,20221018_110159.mat,2463023,2.463023,0.00134651391076878,0.000971274559364613,3
5870,20221018_110159.mat,2463222,2.463222,0.0015950938794014,0.000971274559364613,3
5871,20221018_110159.mat,2488097,2.488097,0.00101086551271224,0.000971274559364613,3
5872,20221018_110159.mat,2513171,2.513171,0.0014141405632509,0.000971274559364613,3
5873,20221018_110159.mat,2513370,2.51337,0.00145309688049211,0.000971274559364613,3
5874,20221018_110159.mat,2515957,2.515957,0.00779065939308347,0.000971274559364613,3
5875,20221018_110159.mat,2516156,2.516156,0.00260796819940408,0.000971274559364613,3
5876,20221018_110159.mat,2516355,2.516355,0.00101036491390075,0.000971274559364613,3
5877,20221018_110159.mat,2559737,2.559737,0.0077273641164806,0.000971274559364613,3
5878,20221018_110159.mat,2559936,2.559936,0.00121563077284994,0.000971274559364613,3
5879,20221018_110159.mat,2568294,2.568294,0.000996884518785444,0.000971274559364613,3
5880,20221018_110159.mat,2596552,2.596552,0.00108727731376776,0.000971274559364613,3
5881,20221018_110159.mat,2628392,2.628392,0.00274997991516156,0.000971274559364613,3
5882,20221018_110159.mat,2628591,2.628591,0.00340409654078732,0.000971274559364613,3
5883,20221018_110159.mat,2658839,2.658839,0.00831132089442642,0.000971274559364613,3
5884,20221018_110159.mat,2659038,2.659038,0.00264088285965958,0.000971274559364613,3
5885,20221018_110159.mat,2659237,2.659237,0.00105729041755797,0.000971274559364613,3
5886,20221018_110159.mat,2675754,2.675754,0.00124389252398252,0.000971274559364613,3
5887,20221018_110159.mat,2682918,2.682918,0.00109435118889152,0.000971274559364613,3
5888,20221018_110159.mat,2693664,2.693664,0.00125027495108035,0.000971274559364613,3
5889,20221018_110159.mat,2705007,2.705007,0.00284271281929166,0.000971274559364613,3
5890,20221018_110159.mat,2729683,2.729683,0.0012447490803012,0.000971274559364613,3
5891,20221018_110159.mat,2735653,2.735653,0.00672493544374284,0.000971274559364613,3
5892,20221018_110159.mat,2735852,2.735852,0.00529140764654613,0.000971274559364613,3
5893,20221018_110159.mat,2795751,2.795751,0.00132661079510562,0.000971274559364613,3
5894,20221018_110159.mat,2805104,2.805104,0.00107200274667167,0.000971274559364613,3
5895,20221018_110159.mat,2818636,2.818636,0.00108944352212249,0.000971274559364613,3
5896,20221018_110159.mat,2833163,2.833163,0.00102536737281974,0.000971274559364613,3
5897,20221018_110159.mat,2836546,2.836546,0.00103437171589501,0.000971274559364613,3
5898,20221018_110159.mat,2857640,2.85764,0.0012719704013168,0.000971274559364613,3
5899,20221018_110159.mat,2866396,2.866396,0.0856488272438608,0.000971274559364613,3
5900,20221018_110159.mat,2866595,2.866595,0.00667749296749244,0.000971274559364613,3
5901,20221018_110159.mat,2866794,2.866794,0.00282521748435114,0.000971274559364613,3
5902,20221018_110159.mat,2871371,2.871371,0.00219657702178181,0.000971274559364613,3
5903,20221018_110159.mat,2871570,2.87157,0.0022657410104015,0.000971274559364613,3
5904,20221018_110159.mat,2877540,2.87754,0.00131126050366666,0.000971274559364613,3
5905,20221018_110159.mat,2898037,2.898037,0.00138734212442353,0.000971274559364613,3
5906,20221018_110159.mat,2903410,2.90341,0.00359861442586865,0.000971274559364613,3
5907,20221018_110159.mat,2903609,2.903609,0.00149373450451081,0.000971274559364613,3
5908,20221018_110159.mat,2907191,2.907191,0.0022104338376202,0.000971274559364613,3
5909,20221018_110159.mat,2920922,2.920922,0.00127170198200521,0.000971274559364613,3
5910,20221018_110159.mat,2921121,2.921121,0.0010811547525645,0.000971274559364613,3
5911,20221018_110159.mat,2923111,2.923111,0.0154587743486342,0.000971274559364613,3
5912,20221018_110159.mat,2923310,2.92331,0.00401920424496959,0.000971274559364613,3
5913,20221018_110159.mat,2923509,2.923509,0.00148338188640994,0.000971274559364613,3
5914,20221018_110159.mat,2928086,2.928086,0.00169178925594662,0.000971274559364613,3
5915,20221018_110159.mat,2928285,2.928285,0.00112403983912185,0.000971274559364613,3
5916,20221018_110159.mat,2931469,2.931469,0.0140649746874683,0.000971274559364613,3
5917,20221018_110159.mat,2931668,2.931668,0.00264249953024306,0.000971274559364613,3
5918,20221018_110159.mat,2931867,2.931867,0.00106001616479246,0.000971274559364613,3
5919,20221018_110159.mat,2967289,2.967289,0.0019385197325154,0.000971274559364613,3
5920,20221018_110159.mat,2967488,2.967488,0.000976474672059596,0.000971274559364613,3
5921,20221018_110159.mat,2970672,2.970672,0.00125414638114476,0.000971274559364613,3
5922,20221018_110159.mat,2980025,2.980025,0.00133928663456529,0.000971274559364613,3
5923,20221018_110159.mat,2980224,2.980224,0.00128934429352649,0.000971274559364613,3
5924,20221018_110159.mat,3026193,3.026193,0.00106480115863425,0.000971274559364613,3
5925,20221018_110159.mat,3033755,3.033755,0.0365472661140427,0.000971274559364613,3
5926,20221018_110159.mat,3033954,3.033954,0.0326420690262719,0.000971274559364613,3
5927,20221018_110159.mat,3034153,3.034153,0.00271643172739402,0.000971274559364613,3
5928,20221018_110159.mat,3034352,3.034352,0.00150002638161691,0.000971274559364613,3
5929,20221018_110159.mat,3041914,3.041914,0.010143982200142,0.000971274559364613,3
5930,20221018_110159.mat,3042113,3.042113,0.00256682499979962,0.000971274559364613,3
5931,20221018_110159.mat,3074152,3.074152,0.00404456625906637,0.000971274559364613,3
5932,20221018_110159.mat,3074351,3.074351,0.00136883173801028,0.000971274559364613,3
5933,20221018_110159.mat,3133056,3.133056,0.00117537588062153,0.000971274559364613,3
5934,20221018_110159.mat,3156538,3.156538,0.00110718188372126,0.000971274559364613,3
5935,20221018_110159.mat,3157931,3.157931,0.00303998986928128,0.000971274559364613,3
5936,20221018_110159.mat,3164299,3.164299,0.00268008716798337,0.000971274559364613,3
5937,20221018_110159.mat,3165294,3.165294,0.00637423610580042,0.000971274559364613,3
5938,20221018_110159.mat,3165493,3.165493,0.00602392676205365,0.000971274559364613,3
5939,20221018_110159.mat,3165692,3.165692,0.00131546402094343,0.000971274559364613,3
5940,20221018_110159.mat,3179025,3.179025,0.00740699959950525,0.000971274559364613,3
5941,20221018_110159.mat,3179224,3.179224,0.00323157444172448,0.000971274559364613,3
5942,20221018_110159.mat,3179423,3.179423,0.00115118429790557,0.000971274559364613,3
5943,20221018_110159.mat,3187184,3.187184,0.00626985933782879,0.000971274559364613,3
5944,20221018_110159.mat,3187383,3.187383,0.00690255412278061,0.000971274559364613,3
5945,20221018_110159.mat,3187582,3.187582,0.00118497104000084,0.000971274559364613,3
5946,20221018_110159.mat,3196736,3.196736,0.00145571077176183,0.000971274559364613,3
5947,20221018_110159.mat,3196935,3.196935,0.0017175425782446,0.000971274559364613,3
5948,20221018_110159.mat,3206885,3.206885,0.0290626402087319,0.000971274559364613,3
5949,20221018_110159.mat,3207084,3.207084,0.0100420865061407,0.000971274559364613,3
5950,20221018_110159.mat,3207283,3.207283,0.00158257376116917,0.000971274559364613,3
5951,20221018_110159.mat,3212059,3.212059,0.00110210852589454,0.000971274559364613,3
5952,20221018_110159.mat,3221412,3.221412,0.00166316632227518,0.000971274559364613,3
5953,20221018_110159.mat,3228377,3.228377,0.00251093946277964,0.000971274559364613,3
5954,20221018_110159.mat,3243899,3.243899,0.00142903370446672,0.000971274559364613,3
5955,20221018_110159.mat,3244098,3.244098,0.00628868905264236,0.000971274559364613,3
5956,20221018_110159.mat,3244297,3.244297,0.00146330461319731,0.000971274559364613,3
5957,20221018_110159.mat,3258227,3.258227,0.00109792248601393,0.000971274559364613,3
5958,20221018_110159.mat,3267381,3.267381,0.0100435160791438,0.000971274559364613,3
5959,20221018_110159.mat,3267580,3.26758,0.00164676745636928,0.000971274559364613,3
5960,20221018_110159.mat,3275739,3.275739,0.00258322895924601,0.000971274559364613,3
5961,20221018_110159.mat,3280913,3.280913,0.00100475397337003,0.000971274559364613,3
5962,20221018_110159.mat,3300415,3.300415,0.0016226704115846,0.000971274559364613,3
5963,20221018_110159.mat,3306783,3.306783,0.00159730325614932,0.000971274559364613,3
5964,20221018_110159.mat,3327081,3.327081,0.000994701887135953,0.000971274559364613,3
5965,20221018_110159.mat,3338822,3.338822,0.0106310850583251,0.000971274559364613,3
5966,20221018_110159.mat,3339021,3.339021,0.00597536352789192,0.000971274559364613,3
5967,20221018_110159.mat,3339618,3.339618,0.00145067635396611,0.000971274559364613,3
5968,20221018_110159.mat,3351956,3.351956,0.00106185411956518,0.000971274559364613,3
5969,20221018_110159.mat,3352155,3.352155,0.00231272886852052,0.000971274559364613,3
5970,20221018_110159.mat,3353548,3.353548,0.00605533064854669,0.000971274559364613,3
5971,20221018_110159.mat,3353747,3.353747,0.00285914786345512,0.000971274559364613,3
5972,20221018_110159.mat,3359916,3.359916,0.00107410372138009,0.000971274559364613,3
5973,20221018_110159.mat,3360115,3.360115,0.00098505591107579,0.000971274559364613,3
5974,20221018_110159.mat,3363498,3.363498,0.0010457271092872,0.000971274559364613,3
5975,20221018_110159.mat,3364891,3.364891,0.00114789213248612,0.000971274559364613,3
5976,20221018_110159.mat,3366881,3.366881,0.00295809714619976,0.000971274559364613,3
5977,20221018_110159.mat,3367080,3.36708,0.0019742219890952,0.000971274559364613,3
5978,20221018_110159.mat,3385786,3.385786,0.00108159762353932,0.000971274559364613,3
5979,20221018_110159.mat,3402900,3.4029,0.000996793346790766,0.000971274559364613,3
5980,20221018_110159.mat,3425586,3.425586,0.00104107856835412,0.000971274559364613,3
5981,20221018_110159.mat,3428770,3.42877,0.00228447046121519,0.000971274559364613,3
5982,20221018_110159.mat,3429367,3.429367,0.0014497365061237,0.000971274559364613,3
5983,20221018_110159.mat,3441307,3.441307,0.0011782661699069,0.000971274559364613,3
5984,20221018_110159.mat,3446282,3.446282,0.0087755197390249,0.000971274559364613,3
5985,20221018_110159.mat,3446481,3.446481,0.00133203304544719,0.000971274559364613,3
5986,20221018_110159.mat,3451655,3.451655,0.00190134036953447,0.000971274559364613,3
5987,20221018_110159.mat,3462202,3.462202,0.0157760714037457,0.000971274559364613,3
5988,20221018_110159.mat,3462401,3.462401,0.00434055796862886,0.000971274559364613,3
5989,20221018_110159.mat,3462600,3.4626,0.00103595409760201,0.000971274559364613,3
5990,20221018_110159.mat,3465386,3.465386,0.00106047712288571,0.000971274559364613,3
5991,20221018_110159.mat,3468371,3.468371,0.0132318309284522,0.000971274559364613,3
5992,20221018_110159.mat,3468570,3.46857,0.00385676573551535,0.000971274559364613,3
5993,20221018_110159.mat,3468769,3.468769,0.00107433463032355,0.000971274559364613,3
5994,20221018_110159.mat,3492450,3.49245,0.00296838799874166,0.000971274559364613,3
5995,20221018_110159.mat,3494639,3.494639,0.00110650513943954,0.000971274559364613,3
5996,20221018_110159.mat,3509962,3.509962,0.00419669310964732,0.000971274559364613,3
5997,20221018_110159.mat,3510161,3.510161,0.00386950227592015,0.000971274559364613,3
5998,20221018_110159.mat,3511753,3.511753,0.0035782102070257,0.000971274559364613,3
5999,20221018_110159.mat,3518121,3.518121,0.0074927832340416,0.000971274559364613,3
6000,20221018_110159.mat,3518320,3.51832,0.00179763080110947,0.000971274559364613,3
6001,20221018_110159.mat,3522698,3.522698,0.0119149325448829,0.000971274559364613,3
6002,20221018_110159.mat,3522897,3.522897,0.00590685934280932,0.000971274559364613,3
6003,20221018_110159.mat,3523096,3.523096,0.00137074651868296,0.000971274559364613,3
6004,20221018_110159.mat,3525683,3.525683,0.00200868975961345,0.000971274559364613,3
6005,20221018_110159.mat,3525882,3.525882,0.00163050939236369,0.000971274559364613,3
6006,20221018_110159.mat,3532449,3.532449,0.00104872414982884,0.000971274559364613,3
6007,20221018_110159.mat,3539613,3.539613,0.00125331975110744,0.000971274559364613,3
6008,20221018_110159.mat,3545981,3.545981,0.00360072187664062,0.000971274559364613,3
6009,20221018_110159.mat,3546180,3.54618,0.00137599842663383,0.000971274559364613,3
6010,20221018_110159.mat,3550160,3.55016,0.00227548820228858,0.000971274559364613,3
6011,20221018_110159.mat,3553145,3.553145,0.00338856603289447,0.000971274559364613,3
6012,20221018_110159.mat,3553344,3.553344,0.0168835741991047,0.000971274559364613,3
6013,20221018_110159.mat,3553543,3.553543,0.00212064117385956,0.000971274559364613,3
6014,20221018_110159.mat,3553742,3.553742,0.00114383711870573,0.000971274559364613,3
6015,20221018_110159.mat,3569264,3.569264,0.0109347391827422,0.000971274559364613,3
6016,20221018_110159.mat,3569463,3.569463,0.00330399971766746,0.000971274559364613,3
6017,20221018_110159.mat,3569662,3.569662,0.00145775236292046,0.000971274559364613,3
6018,20221018_110159.mat,3576826,3.576826,0.0146991417864921,0.000971274559364613,3
6019,20221018_110159.mat,3577025,3.577025,0.0066612478342669,0.000971274559364613,3
6020,20221018_110159.mat,3577224,3.577224,0.00258182059867045,0.000971274559364613,3
6021,20221018_110159.mat,3577423,3.577423,0.00117716723043294,0.000971274559364613,3
6022,20221018_110159.mat,3580209,3.580209,0.00106097490067613,0.000971274559364613,3
6023,20221018_110159.mat,3582000,3.582,0.0019207144527458,0.000971274559364613,3
6024,20221018_110159.mat,3602497,3.602497,0.00129377660764786,0.000971274559364613,3
6025,20221018_110159.mat,3606676,3.606676,0.00114525116749746,0.000971274559364613,3
6026,20221018_110159.mat,3617024,3.617024,0.00314352889005401,0.000971274559364613,3
6027,20221018_110159.mat,3621402,3.621402,0.00111477062387126,0.000971274559364613,3
6028,20221018_110159.mat,3621601,3.621601,0.00100830647446693,0.000971274559364613,3
6029,20221018_110159.mat,3652446,3.652446,0.00165413148291313,0.000971274559364613,3
6030,20221018_110159.mat,3657421,3.657421,0.00563923022631066,0.000971274559364613,3
6031,20221018_110159.mat,3657620,3.65762,0.00183683158494386,0.000971274559364613,3
6032,20221018_110159.mat,3662396,3.662396,0.00160547414638873,0.000971274559364613,3
6033,20221018_110159.mat,3672744,3.672744,0.00156940306219671,0.000971274559364613,3
6034,20221018_110159.mat,3672943,3.672943,0.00174511916478155,0.000971274559364613,3
6035,20221018_110159.mat,3673540,3.67354,0.00233136630378017,0.000971274559364613,3
6036,20221018_110159.mat,3689659,3.689659,0.00414607936196207,0.000971274559364613,3
6037,20221018_110159.mat,3701599,3.701599,0.00193192585290119,0.000971274559364613,3
6038,20221018_110159.mat,3701798,3.701798,0.00392183476331321,0.000971274559364613,3
6039,20221018_110159.mat,3731648,3.731648,0.00163452445615134,0.000971274559364613,3
6040,20221018_110159.mat,3751349,3.751349,0.00159722791412148,0.000971274559364613,3
6041,20221018_110159.mat,3755528,3.755528,0.00336546717502179,0.000971274559364613,3
6042,20221018_110159.mat,3755727,3.755727,0.00118753607702849,0.000971274559364613,3
6043,20221018_110159.mat,3762095,3.762095,0.00115199680064206,0.000971274559364613,3
6044,20221018_110159.mat,3768861,3.768861,0.00635906044365814,0.000971274559364613,3
6045,20221018_110159.mat,3769060,3.76906,0.00272671057104778,0.000971274559364613,3
6046,20221018_110159.mat,3808661,3.808661,0.00691339680159618,0.000971274559364613,3
6047,20221018_110159.mat,3808860,3.80886,0.00556548708292946,0.000971274559364613,3
6048,20221018_110159.mat,3809059,3.809059,0.00124779359315596,0.000971274559364613,3
6049,20221018_110159.mat,3810253,3.810253,0.00146928556530987,0.000971274559364613,3
6050,20221018_110159.mat,3811845,3.811845,0.00169949727028893,0.000971274559364613,3
6051,20221018_110159.mat,3816820,3.81682,0.00102550148644763,0.000971274559364613,3
6052,20221018_110159.mat,3827964,3.827964,0.00475890375500883,0.000971274559364613,3
6053,20221018_110159.mat,3828163,3.828163,0.00233785252341324,0.000971274559364613,3
6054,20221018_110159.mat,3828561,3.828561,0.00242783856286171,0.000971274559364613,3
6055,20221018_110159.mat,3832740,3.83274,0.00121509327320902,0.000971274559364613,3
6056,20221018_110159.mat,3844680,3.84468,0.00571843817251808,0.000971274559364613,3
6057,20221018_110159.mat,3844879,3.844879,0.00181044073272838,0.000971274559364613,3
6058,20221018_110159.mat,3846272,3.846272,0.00393791079598373,0.000971274559364613,3
6059,20221018_110159.mat,3864779,3.864779,0.00551750099501899,0.000971274559364613,3
6060,20221018_110159.mat,3864978,3.864978,0.00197443841839914,0.000971274559364613,3
6061,20221018_110159.mat,3880301,3.880301,0.00206977316079824,0.000971274559364613,3
6062,20221018_110159.mat,3880500,3.8805,0.00275797353022964,0.000971274559364613,3
6063,20221018_110159.mat,3925076,3.925076,0.0352219678356459,0.000971274559364613,3
6064,20221018_110159.mat,3925275,3.925275,0.0152360258037467,0.000971274559364613,3
6065,20221018_110159.mat,3925474,3.925474,0.0023128414257748,0.000971274559364613,3
6066,20221018_110159.mat,3925673,3.925673,0.00144098599531132,0.000971274559364613,3
6067,20221018_110159.mat,3950946,3.950946,0.00221396852586939,0.000971274559364613,3
6068,20221018_110159.mat,3952737,3.952737,0.0011066272016794,0.000971274559364613,3
6069,20221018_110159.mat,3959702,3.959702,0.00277361543100813,0.000971274559364613,3
6070,20221018_110159.mat,3959901,3.959901,0.00344481919871542,0.000971274559364613,3
6071,20221018_110159.mat,3971045,3.971045,0.00527683182170819,0.000971274559364613,3
6072,20221018_110159.mat,3971244,3.971244,0.003233347693084,0.000971274559364613,3
6073,20221018_110159.mat,3993333,3.993333,0.00226004332782655,0.000971274559364613,3
6074,20221018_110159.mat,3993532,3.993532,0.00185637356938061,0.000971274559364613,3
6075,20221018_110159.mat,4018009,4.018009,0.00233948858169495,0.000971274559364613,3
6076,20221018_110159.mat,4018208,4.018208,0.00189927520435171,0.000971274559364613,3
6077,20221018_110159.mat,4042486,4.042486,0.00745270774858531,0.000971274559364613,3
6078,20221018_110159.mat,4042685,4.042685,0.0563784245145429,0.000971274559364613,3
6079,20221018_110159.mat,4042884,4.042884,0.00474716194068951,0.000971274559364613,3
6080,20221018_110159.mat,4043083,4.043083,0.00154662915265396,0.000971274559364613,3
6081,20221018_110159.mat,4046068,4.046068,0.00148098102232498,0.000971274559364613,3
6082,20221018_110159.mat,4070147,4.070147,0.00350721419845008,0.000971274559364613,3
6083,20221018_110159.mat,4076714,4.076714,0.00711859628180612,0.000971274559364613,3
6084,20221018_110159.mat,4076913,4.076913,0.00297088881015552,0.000971274559364613,3
6085,20221018_110159.mat,4084674,4.084674,0.00114836056960079,0.000971274559364613,3
6086,20221018_110159.mat,4086067,4.086067,0.0590829665212862,0.000971274559364613,2
6087,20221018_110159.mat,4086266,4.086266,0.111446480282016,0.000971274559364613,3
6088,20221018_110159.mat,4086465,4.086465,0.00791531972353736,0.000971274559364613,3
6089,20221018_110159.mat,4086664,4.086664,0.00207138978296421,0.000971274559364613,3
6090,20221018_110159.mat,4089251,4.089251,0.00226782440163554,0.000971274559364613,3
6091,20221018_110159.mat,4092634,4.092634,0.00417311640931062,0.000971274559364613,3
6092,20221018_110159.mat,4092833,4.092833,0.00360652821078093,0.000971274559364613,3
6093,20221018_110159.mat,4109947,4.109947,0.00601871024269334,0.000971274559364613,3
6094,20221018_110159.mat,4110146,4.110146,0.00113743613355032,0.000971274559364613,3
6095,20221018_110159.mat,4138802,4.138802,0.0107505428953365,0.000971274559364613,3
6096,20221018_110159.mat,4139001,4.139001,0.00324615169737006,0.000971274559364613,3
6097,20221018_110159.mat,4139200,4.1392,0.00104869137901522,0.000971274559364613,3
6098,20221018_110159.mat,4142583,4.142583,0.00577501262415245,0.000971274559364613,3
6099,20221018_110159.mat,4172433,4.172433,0.00159435006819593,0.000971274559364613,3
6100,20221018_110159.mat,4196114,4.196114,0.00834501827152403,0.000971274559364613,3
6101,20221018_110159.mat,4196313,4.196313,0.00309696903772725,0.000971274559364613,3
6102,20221018_110159.mat,4200492,4.200492,0.00808908960554842,0.000971274559364613,3
6103,20221018_110159.mat,4200691,4.200691,0.00512564502133428,0.000971274559364613,3
6104,20221018_110159.mat,4205268,4.205268,0.00319293839538784,0.000971274559364613,3
6105,20221018_110159.mat,4205467,4.205467,0.00107020286553852,0.000971274559364613,3
6106,20221018_110159.mat,4232531,4.232531,0.00243078438068073,0.000971274559364613,3
6107,20221018_110159.mat,4232730,4.23273,0.00104783859931107,0.000971274559364613,3
6108,20221018_110159.mat,4237307,4.237307,0.0327220438026324,0.000971274559364613,3
6109,20221018_110159.mat,4237506,4.237506,0.0237355872914181,0.000971274559364613,3
6110,20221018_110159.mat,4237705,4.237705,0.00387496164127736,0.000971274559364613,3
6111,20221018_110159.mat,4237904,4.237904,0.00179135738033133,0.000971274559364613,3
6112,20221018_110159.mat,4249048,4.249048,0.00559082680952617,0.000971274559364613,3
6113,20221018_110159.mat,4275117,4.275117,0.0010962861397229,0.000971274559364613,3
6114,20221018_110159.mat,4300987,4.300987,0.00108911208813673,0.000971274559364613,3
6115,20221018_110159.mat,4301186,4.301186,0.00160042899919669,0.000971274559364613,3
6116,20221018_110159.mat,4302977,4.302977,0.00105962687830771,0.000971274559364613,3
6117,20221018_110159.mat,4317106,4.317106,0.00161887171709694,0.000971274559364613,3
6118,20221018_110159.mat,4335812,4.335812,0.014644009915308,0.000971274559364613,3
6119,20221018_110159.mat,4336011,4.336011,0.00686139758775277,0.000971274559364613,3
6120,20221018_110159.mat,4336210,4.33621,0.00102169389008953,0.000971274559364613,3
6121,20221018_110159.mat,4349145,4.349145,0.00104872649056206,0.000971274559364613,3
6122,20221018_110159.mat,4371831,4.371831,0.0184211100164233,0.000971274559364613,3
6123,20221018_110159.mat,4372030,4.37203,0.00327043815053522,0.000971274559364613,3
6124,20221018_110159.mat,4387154,4.387154,0.00131964670803501,0.000971274559364613,3
6125,20221018_110159.mat,4403472,4.403472,0.00100010404252461,0.000971274559364613,3
6126,20221018_110159.mat,4415412,4.415412,0.0072304427154703,0.000971274559364613,3
6127,20221018_110159.mat,4415611,4.415611,0.00225826270579668,0.000971274559364613,3
6128,20221018_110159.mat,4415810,4.41581,0.00126126569686973,0.000971274559364613,3
6129,20221018_110159.mat,4426755,4.426755,0.00123217298668425,0.000971274559364613,3
6130,20221018_110159.mat,4428148,4.428148,0.00259158815641098,0.000971274559364613,3
6131,20221018_110159.mat,4429740,4.42974,0.00320577509914836,0.000971274559364613,3
6132,20221018_110159.mat,4429939,4.429939,0.0015512176386421,0.000971274559364613,3
6133,20221018_110159.mat,4431929,4.431929,0.0109196652040799,0.000971274559364613,3
6134,20221018_110159.mat,4432128,4.432128,0.00276918383772835,0.000971274559364613,3
6135,20221018_110159.mat,4438297,4.438297,0.0139393934603038,0.000971274559364613,3
6136,20221018_110159.mat,4438496,4.438496,0.0020834820430037,0.000971274559364613,3
6137,20221018_110159.mat,4443869,4.443869,0.00142428952454013,0.000971274559364613,3
6138,20221018_110159.mat,4444068,4.444068,0.00163367982498772,0.000971274559364613,3
6139,20221018_110159.mat,4449441,4.449441,0.00102271495568702,0.000971274559364613,3
6140,20221018_110159.mat,4454018,4.454018,0.00163958449925889,0.000971274559364613,3
6141,20221018_110159.mat,4454217,4.454217,0.0319248964576559,0.000971274559364613,3
6142,20221018_110159.mat,4454416,4.454416,0.0135235210625185,0.000971274559364613,3
6143,20221018_110159.mat,4454615,4.454615,0.0027186521229793,0.000971274559364613,3
6144,20221018_110159.mat,4454814,4.454814,0.000994062220374863,0.000971274559364613,3
6145,20221018_110159.mat,4456008,4.456008,0.00161561141619071,0.000971274559364613,3
6146,20221018_110159.mat,4465958,4.465958,0.00211097939730674,0.000971274559364613,3
6147,20221018_110159.mat,4466157,4.466157,0.00102358866679959,0.000971274559364613,3
6148,20221018_110159.mat,4480286,4.480286,0.00114164505671239,0.000971274559364613,3
6149,20221018_110159.mat,4483072,4.483072,0.00124707697152437,0.000971274559364613,3
6150,20221018_110159.mat,4489241,4.489241,0.00190753017148473,0.000971274559364613,3
6151,20221018_110159.mat,4506355,4.506355,0.00149947619146433,0.000971274559364613,3
6152,20221018_110159.mat,4536404,4.536404,0.00754916026236862,0.000971274559364613,3
6153,20221018_110159.mat,4536603,4.536603,0.00488278432563423,0.000971274559364613,3
6154,20221018_110159.mat,4541777,4.541777,0.0011182481746339,0.000971274559364613,3
6155,20221018_110159.mat,4564264,4.564264,0.00142869510011899,0.000971274559364613,3
6156,20221018_110159.mat,4580184,4.580184,0.00234586335114331,0.000971274559364613,3
6157,20221018_110159.mat,4580383,4.580383,0.00107508414466577,0.000971274559364613,3
6158,20221018_110159.mat,4582572,4.582572,0.00103328609367306,0.000971274559364613,3
6159,20221018_110159.mat,4592124,4.592124,0.00230933790711485,0.000971274559364613,3
6160,20221018_110159.mat,4592323,4.592323,0.00125679104167739,0.000971274559364613,3
6161,20221018_110159.mat,4596900,4.5969,0.00486785323113926,0.000971274559364613,3
6162,20221018_110159.mat,4597099,4.597099,0.00177971450005831,0.000971274559364613,3
6163,20221018_110159.mat,4600681,4.600681,0.00149097313134747,0.000971274559364613,3
6164,20221018_110159.mat,4600880,4.60088,0.00149736026245582,0.000971274559364613,3
6165,20221018_110159.mat,4601477,4.601477,0.00187217878305143,0.000971274559364613,3
6166,20221018_110159.mat,4601676,4.601676,0.00142263672031861,0.000971274559364613,3
6167,20221018_110159.mat,4606452,4.606452,0.00120731129303925,0.000971274559364613,3
6168,20221018_110159.mat,4630929,4.630929,0.00361715233749675,0.000971274559364613,3
6169,20221018_110159.mat,4631128,4.631128,0.00414605092863123,0.000971274559364613,3
6170,20221018_110159.mat,4725852,4.725852,0.00270873710949818,0.000971274559364613,3
6171,20221018_110159.mat,4773214,4.773214,0.0048742481561268,0.000971274559364613,3
6172,20221018_110159.mat,4773413,4.773413,0.00102248679423762,0.000971274559364613,3
6173,20221018_110159.mat,4791323,4.791323,0.00715713267855969,0.000971274559364613,3
6174,20221018_110159.mat,4791522,4.791522,0.00227032778122205,0.000971274559364613,3
6175,20221018_110159.mat,4807044,4.807044,0.00111966598802803,0.000971274559364613,3
6176,20221018_110159.mat,4837292,4.837292,0.000984380052003046,0.000971274559364613,3
6177,20221018_110159.mat,4840675,4.840675,0.00154849219204623,0.000971274559364613,3
6178,20221018_110159.mat,4840874,4.840874,0.00440108193795753,0.000971274559364613,3
6179,20221018_110159.mat,4858386,4.858386,0.00639615500916799,0.000971274559364613,3
6180,20221018_110159.mat,4866346,4.866346,0.0018684365399197,0.000971274559364613,3
6181,20221018_110159.mat,4893410,4.89341,0.012161495163569,0.000971274559364613,3
6182,20221018_110159.mat,4893609,4.893609,0.001551777994729,0.000971274559364613,3
6183,20221018_110159.mat,4903161,4.903161,0.00106454281666014,0.000971274559364613,3
6184,20221018_110159.mat,4907738,4.907738,0.0137277988668266,0.000971274559364613,3
6185,20221018_110159.mat,4907937,4.907937,0.00233635721533957,0.000971274559364613,3
6186,20221018_110159.mat,4912514,4.912514,0.00119259402689973,0.000971274559364613,3
6187,20221018_110159.mat,4935797,4.935797,0.00163660857656138,0.000971274559364613,3
6188,20221018_110159.mat,4935996,4.935996,0.000974788129468355,0.000971274559364613,3
6189,20221018_110159.mat,4982363,4.982363,0.00127905388623233,0.000971274559364613,3
6190,20221018_110159.mat,4982562,4.982562,0.00178616219590723,0.000971274559364613,3
6191,20221018_110159.mat,4990124,4.990124,0.000992031873432509,0.000971274559364613,3
6192,20221018_110159.mat,4990323,4.990323,0.00132583490057602,0.000971274559364613,3
6193,20221018_110159.mat,4994303,4.994303,0.00104257307431775,0.000971274559364613,3
6194,20221018_110159.mat,4994502,4.994502,0.00112160765593029,0.000971274559364613,3
6195,20221018_110204.mat,13134,0.013134,0.00135346275660109,0.000959960309531431,3
6196,20221018_110204.mat,13333,0.013333,0.00113550391628704,0.000959960309531431,3
6197,20221018_110204.mat,22686,0.022686,0.00232736575875998,0.000959960309531431,3
6198,20221018_110204.mat,37412,0.037412,0.00103944973866806,0.000959960309531431,3
6199,20221018_110204.mat,37810,0.03781,0.000978205874282166,0.000959960309531431,3
6200,20221018_110204.mat,38009,0.038009,0.00112628295599859,0.000959960309531431,3
6201,20221018_110204.mat,76615,0.076615,0.00182569588229602,0.000959960309531431,3
6202,20221018_110204.mat,82386,0.082386,0.00104663522048956,0.000959960309531431,3
6203,20221018_110204.mat,82585,0.082585,0.00347668112322922,0.000959960309531431,3
6204,20221018_110204.mat,89152,0.089152,0.00720971007772918,0.000959960309531431,3
6205,20221018_110204.mat,89351,0.089351,0.00137677440582647,0.000959960309531431,3
6206,20221018_110204.mat,111838,0.111838,0.00139339798344024,0.000959960309531431,3
6207,20221018_110204.mat,112037,0.112037,0.00107343729119498,0.000959960309531431,3
6208,20221018_110204.mat,123181,0.123181,0.00367143681493791,0.000959960309531431,3
6209,20221018_110204.mat,123380,0.12338,0.00448861062296358,0.000959960309531431,3
6210,20221018_110204.mat,123579,0.123579,0.000987453865574564,0.000959960309531431,3
6211,20221018_110204.mat,131340,0.13134,0.00702527530725984,0.000959960309531431,3
6212,20221018_110204.mat,131539,0.131539,0.00452934206189119,0.000959960309531431,3
6213,20221018_110204.mat,139300,0.1393,0.000990973234507464,0.000959960309531431,3
6214,20221018_110204.mat,151240,0.15124,0.00123513936156513,0.000959960309531431,3
6215,20221018_110204.mat,152036,0.152036,0.0175990221265939,0.000959960309531431,3
6216,20221018_110204.mat,152235,0.152235,0.00272150942297541,0.000959960309531431,3
6217,20221018_110204.mat,152434,0.152434,0.000977125291504475,0.000959960309531431,3
6218,20221018_110204.mat,166961,0.166961,0.0011972324253713,0.000959960309531431,3
6219,20221018_110204.mat,167160,0.16716,0.254091772688027,0.000959960309531431,3
6220,20221018_110204.mat,167359,0.167359,0.0189045033757005,0.000959960309531431,3
6221,20221018_110204.mat,167558,0.167558,0.00550035549860278,0.000959960309531431,3
6222,20221018_110204.mat,167757,0.167757,0.00159941423301322,0.000959960309531431,3
6223,20221018_110204.mat,214323,0.214323,0.00183654245093197,0.000959960309531431,3
6224,20221018_110204.mat,224671,0.224671,0.000991520226414294,0.000959960309531431,3
6225,20221018_110204.mat,240989,0.240989,0.00540665207899495,0.000959960309531431,3
6226,20221018_110204.mat,241188,0.241188,0.0012170045258952,0.000959960309531431,3
6227,20221018_110204.mat,250740,0.25074,0.0143286394622864,0.000959960309531431,3
6228,20221018_110204.mat,250939,0.250939,0.0299401931065612,0.000959960309531431,3
6229,20221018_110204.mat,251138,0.251138,0.00588304695883024,0.000959960309531431,3
6230,20221018_110204.mat,251337,0.251337,0.00183458464905902,0.000959960309531431,3
6231,20221018_110204.mat,256710,0.25671,0.00312408524578795,0.000959960309531431,3
6232,20221018_110204.mat,256909,0.256909,0.00109554601036218,0.000959960309531431,3
6233,20221018_110204.mat,258899,0.258899,0.00201758477095661,0.000959960309531431,3
6234,20221018_110204.mat,272232,0.272232,0.002978561726756,0.000959960309531431,3
6235,20221018_110204.mat,274421,0.274421,0.0268095204138756,0.000959960309531431,3
6236,20221018_110204.mat,274620,0.27462,0.0303101924273962,0.000959960309531431,3
6237,20221018_110204.mat,274819,0.274819,0.00340312790856082,0.000959960309531431,3
6238,20221018_110204.mat,275018,0.275018,0.00227685900037803,0.000959960309531431,3
6239,20221018_110204.mat,281784,0.281784,0.001448982649815,0.000959960309531431,3
6240,20221018_110204.mat,281983,0.281983,0.00240083065119432,0.000959960309531431,3
6241,20221018_110204.mat,284570,0.28457,0.00227667466635761,0.000959960309531431,3
6242,20221018_110204.mat,284769,0.284769,0.00144808901416763,0.000959960309531431,3
6243,20221018_110204.mat,287157,0.287157,0.0390015872274275,0.000959960309531431,3
6244,20221018_110204.mat,287356,0.287356,0.00776639179892669,0.000959960309531431,3
6245,20221018_110204.mat,287555,0.287555,0.00279609101033167,0.000959960309531431,3
6246,20221018_110204.mat,287754,0.287754,0.000998267819232119,0.000959960309531431,3
6247,20221018_110204.mat,318997,0.318997,0.0234496030557024,0.000959960309531431,3
6248,20221018_110204.mat,319196,0.319196,0.0116404319018402,0.000959960309531431,3
6249,20221018_110204.mat,319395,0.319395,0.00304208985850249,0.000959960309531431,3
6250,20221018_110204.mat,319594,0.319594,0.00147548646001525,0.000959960309531431,3
6251,20221018_110204.mat,331534,0.331534,0.00151597282082327,0.000959960309531431,3
6252,20221018_110204.mat,331733,0.331733,0.00174330643955785,0.000959960309531431,3
6253,20221018_110204.mat,341882,0.341882,0.0269940719480294,0.000959960309531431,3
6254,20221018_110204.mat,342081,0.342081,0.00462366796976719,0.000959960309531431,3
6255,20221018_110204.mat,342280,0.34228,0.00192412310185245,0.000959960309531431,3
6256,20221018_110204.mat,349046,0.349046,0.00111515075038263,0.000959960309531431,3
6257,20221018_110204.mat,361185,0.361185,0.00100368261953003,0.000959960309531431,3
6258,20221018_110204.mat,367951,0.367951,0.00106382291499177,0.000959960309531431,3
6259,20221018_110204.mat,373523,0.373523,0.00112892879324906,0.000959960309531431,3
6260,20221018_110204.mat,382279,0.382279,0.00100350159885686,0.000959960309531431,3
6261,20221018_110204.mat,382677,0.382677,0.111086748763038,0.000959960309531431,3
6262,20221018_110204.mat,382876,0.382876,0.0261487114150093,0.000959960309531431,3
6263,20221018_110204.mat,383075,0.383075,0.00802160474907648,0.000959960309531431,3
6264,20221018_110204.mat,383274,0.383274,0.00226841090085378,0.000959960309531431,3
6265,20221018_110204.mat,407353,0.407353,0.00113220673217359,0.000959960309531431,3
6266,20221018_110204.mat,409741,0.409741,0.00191847712860596,0.000959960309531431,3
6267,20221018_110204.mat,409940,0.40994,0.0014889531248713,0.000959960309531431,3
6268,20221018_110204.mat,425661,0.425661,0.0326898107543547,0.000959960309531431,3
6269,20221018_110204.mat,425860,0.42586,0.00286060789589196,0.000959960309531431,3
6270,20221018_110204.mat,426059,0.426059,0.00161474380035145,0.000959960309531431,3
6271,20221018_110204.mat,435014,0.435014,0.00101037527188103,0.000959960309531431,3
6272,20221018_110204.mat,441382,0.441382,0.00103390780263671,0.000959960309531431,3
6273,20221018_110204.mat,447750,0.44775,0.0453902434313325,0.000959960309531431,3
6274,20221018_110204.mat,447949,0.447949,0.0142710957647884,0.000959960309531431,3
6275,20221018_110204.mat,448148,0.448148,0.00235903366130886,0.000959960309531431,3
6276,20221018_110204.mat,448347,0.448347,0.000971813221801568,0.000959960309531431,3
6277,20221018_110204.mat,456904,0.456904,0.00251659895053135,0.000959960309531431,3
6278,20221018_110204.mat,459491,0.459491,0.00106107180961227,0.000959960309531431,3
6279,20221018_110204.mat,486953,0.486953,0.0132087345190106,0.000959960309531431,3
6280,20221018_110204.mat,487152,0.487152,0.00389528846808348,0.000959960309531431,3
6281,20221018_110204.mat,487351,0.487351,0.00158068457513855,0.000959960309531431,3
6282,20221018_110204.mat,488346,0.488346,0.00117269349927942,0.000959960309531431,3
6283,20221018_110204.mat,503868,0.503868,0.00672804263449393,0.000959960309531431,3
6284,20221018_110204.mat,504067,0.504067,0.00488670245916423,0.000959960309531431,3
6285,20221018_110204.mat,504266,0.504266,0.0010914067388718,0.000959960309531431,3
6286,20221018_110204.mat,515609,0.515609,0.00308885620625533,0.000959960309531431,3
6287,20221018_110204.mat,515808,0.515808,0.00112627759071977,0.000959960309531431,3
6288,20221018_110204.mat,533121,0.533121,0.0450858311856386,0.000959960309531431,3
6289,20221018_110204.mat,533320,0.53332,0.0598073595425576,0.000959960309531431,3
6290,20221018_110204.mat,533519,0.533519,0.00423953892574994,0.000959960309531431,3
6291,20221018_110204.mat,533718,0.533718,0.0017121972550145,0.000959960309531431,3
6292,20221018_110204.mat,537499,0.537499,0.00107972224074816,0.000959960309531431,3
6293,20221018_110204.mat,537698,0.537698,0.00197591836639386,0.000959960309531431,3
6294,20221018_110204.mat,552822,0.552822,0.0017459616755228,0.000959960309531431,3
6295,20221018_110204.mat,553021,0.553021,0.0010575258479705,0.000959960309531431,3
6296,20221018_110204.mat,553618,0.553618,0.00130195539211806,0.000959960309531431,3
6297,20221018_110204.mat,566155,0.566155,0.00186978196113256,0.000959960309531431,3
6298,20221018_110204.mat,567747,0.567747,0.00126550300964974,0.000959960309531431,3
6299,20221018_110204.mat,608542,0.608542,0.000974367471595846,0.000959960309531431,3
6300,20221018_110204.mat,609139,0.609139,0.00105779273239872,0.000959960309531431,3
6301,20221018_110204.mat,630034,0.630034,0.00142446937083402,0.000959960309531431,3
6302,20221018_110204.mat,637596,0.637596,0.0010578653866856,0.000959960309531431,3
6303,20221018_110204.mat,638790,0.63879,0.00128389431243331,0.000959960309531431,3
6304,20221018_110204.mat,651327,0.651327,0.0011537901631481,0.000959960309531431,3
6305,20221018_110204.mat,651526,0.651526,0.00121019942611749,0.000959960309531431,3
6306,20221018_110204.mat,675008,0.675008,0.00120286336553517,0.000959960309531431,3
6307,20221018_110204.mat,676998,0.676998,0.00122814234524809,0.000959960309531431,3
6308,20221018_110204.mat,732519,0.732519,0.00106956350062531,0.000959960309531431,3
6309,20221018_110204.mat,749235,0.749235,0.0013696993635235,0.000959960309531431,3
6310,20221018_110204.mat,764359,0.764359,0.00389087797235215,0.000959960309531431,3
6311,20221018_110204.mat,764558,0.764558,0.00604001901500034,0.000959960309531431,3
6312,20221018_110204.mat,786249,0.786249,0.000983363116785409,0.000959960309531431,3
6313,20221018_110204.mat,826646,0.826646,0.00131502926405895,0.000959960309531431,3
6314,20221018_110204.mat,849929,0.849929,0.0023306433736196,0.000959960309531431,3
6315,20221018_110204.mat,856098,0.856098,0.00121397861203217,0.000959960309531431,3
6316,20221018_110204.mat,867242,0.867242,0.00464518057178161,0.000959960309531431,3
6317,20221018_110204.mat,867441,0.867441,0.0130616255527659,0.000959960309531431,3
6318,20221018_110204.mat,867640,0.86764,0.0012750338030948,0.000959960309531431,3
6319,20221018_110204.mat,867839,0.867839,0.00101795184161772,0.000959960309531431,3
6320,20221018_110204.mat,873212,0.873212,0.00116975763977936,0.000959960309531431,3
6321,20221018_110204.mat,873411,0.873411,0.00109834393473008,0.000959960309531431,3
6322,20221018_110204.mat,880973,0.880973,0.00181366043803089,0.000959960309531431,3
6323,20221018_110204.mat,881172,0.881172,0.00199918655277375,0.000959960309531431,3
6324,20221018_110204.mat,887142,0.887142,0.00618773826980236,0.000959960309531431,3
6325,20221018_110204.mat,887341,0.887341,0.0037247662197469,0.000959960309531431,3
6326,20221018_110204.mat,887540,0.88754,0.00114702344134792,0.000959960309531431,3
6327,20221018_110204.mat,899082,0.899082,0.0010096466060365,0.000959960309531431,3
6328,20221018_110204.mat,931121,0.931121,0.00551409590198138,0.000959960309531431,3
6329,20221018_110204.mat,931320,0.93132,0.00097301220046528,0.000959960309531431,3
6330,20221018_110204.mat,939081,0.939081,0.00405431483690751,0.000959960309531431,3
6331,20221018_110204.mat,939280,0.93928,0.00146789880719814,0.000959960309531431,3
6332,20221018_110204.mat,952016,0.952016,0.00108281619644265,0.000959960309531431,3
6333,20221018_110204.mat,961767,0.961767,0.00202872817267334,0.000959960309531431,3
6334,20221018_110204.mat,986244,0.986244,0.0011175862294459,0.000959960309531431,3
6335,20221018_110204.mat,989627,0.989627,0.00796869265893761,0.000959960309531431,3
6336,20221018_110204.mat,989826,0.989826,0.00103064536235292,0.000959960309531431,3
6337,20221018_110204.mat,1019079,1.019079,0.00358719394478999,0.000959960309531431,3
6338,20221018_110204.mat,1019278,1.019278,0.00104828993974544,0.000959960309531431,3
6339,20221018_110204.mat,1063854,1.063854,0.0120048098104577,0.000959960309531431,3
6340,20221018_110204.mat,1064053,1.064053,0.00191086755507748,0.000959960309531431,3
6341,20221018_110204.mat,1083953,1.083953,0.00131825362496207,0.000959960309531431,3
6342,20221018_110204.mat,1089525,1.089525,0.0139757385326046,0.000959960309531431,3
6343,20221018_110204.mat,1089724,1.089724,0.00287116087590604,0.000959960309531431,3
6344,20221018_110204.mat,1089923,1.089923,0.00121495817490851,0.000959960309531431,3
6345,20221018_110204.mat,1096689,1.096689,0.00201976394305227,0.000959960309531431,3
6346,20221018_110204.mat,1116191,1.116191,0.00253540034184129,0.000959960309531431,3
6347,20221018_110204.mat,1116390,1.11639,0.00113827361003832,0.000959960309531431,3
6348,20221018_110204.mat,1118181,1.118181,0.00141910758597301,0.000959960309531431,3
6349,20221018_110204.mat,1122360,1.12236,0.00119063319147785,0.000959960309531431,3
6350,20221018_110204.mat,1130320,1.13032,0.00145912773301026,0.000959960309531431,3
6351,20221018_110204.mat,1137683,1.137683,0.00117729129724987,0.000959960309531431,3
6352,20221018_110204.mat,1148429,1.148429,0.00118460365835181,0.000959960309531431,3
6353,20221018_110204.mat,1165742,1.165742,0.00100620735590456,0.000959960309531431,3
6354,20221018_110204.mat,1167135,1.167135,0.00097227995630177,0.000959960309531431,3
6355,20221018_110204.mat,1169125,1.169125,0.00128758236345976,0.000959960309531431,3
6356,20221018_110204.mat,1189622,1.189622,0.00731166212195353,0.000959960309531431,3
6357,20221018_110204.mat,1189821,1.189821,0.00130131625486015,0.000959960309531431,3
6358,20221018_110204.mat,1205542,1.205542,0.00117147304705681,0.000959960309531431,3
6359,20221018_110204.mat,1222855,1.222855,0.00251958641882794,0.000959960309531431,3
6360,20221018_110204.mat,1253899,1.253899,0.00192806795990768,0.000959960309531431,3
6361,20221018_110204.mat,1254098,1.254098,0.00179553136747805,0.000959960309531431,3
6362,20221018_110204.mat,1276187,1.276187,0.00229282216391278,0.000959960309531431,3
6363,20221018_110204.mat,1315589,1.315589,0.00176149649240324,0.000959960309531431,3
6364,20221018_110204.mat,1344046,1.344046,0.00108443760558196,0.000959960309531431,3
6365,20221018_110204.mat,1366931,1.366931,0.0012515957279082,0.000959960309531431,3
6366,20221018_110204.mat,1373498,1.373498,0.0521437248995989,0.000959960309531431,3
6367,20221018_110204.mat,1373697,1.373697,0.0302893654600649,0.000959960309531431,3
6368,20221018_110204.mat,1373896,1.373896,0.00403426025943179,0.000959960309531431,3
6369,20221018_110204.mat,1374095,1.374095,0.00234098219050802,0.000959960309531431,3
6370,20221018_110204.mat,1374294,1.374294,0.00100231540076106,0.000959960309531431,3
6371,20221018_110204.mat,1384841,1.384841,0.00099918943115766,0.000959960309531431,3
6372,20221018_110204.mat,1385040,1.38504,0.00104647411465259,0.000959960309531431,3
6373,20221018_110204.mat,1393199,1.393199,0.00657599692312099,0.000959960309531431,3
6374,20221018_110204.mat,1393398,1.393398,0.00995045282276018,0.000959960309531431,3
6375,20221018_110204.mat,1411109,1.411109,0.00184821218705646,0.000959960309531431,3
6376,20221018_110204.mat,1422850,1.42285,0.00120407020242898,0.000959960309531431,3
6377,20221018_110204.mat,1429616,1.429616,0.00146120128002746,0.000959960309531431,3
6378,20221018_110204.mat,1429815,1.429815,0.00146078457457417,0.000959960309531431,3
6379,20221018_110204.mat,1441158,1.441158,0.00309839487349287,0.000959960309531431,3
6380,20221018_110204.mat,1450312,1.450312,0.00108442257571232,0.000959960309531431,3
6381,20221018_110204.mat,1455685,1.455685,0.00117566720214296,0.000959960309531431,3
6382,20221018_110204.mat,1463645,1.463645,0.00120081736923941,0.000959960309531431,3
6383,20221018_110204.mat,1496679,1.496679,0.00191431251281044,0.000959960309531431,3
6384,20221018_110204.mat,1496878,1.496878,0.00116574243216097,0.000959960309531431,3
6385,20221018_110204.mat,1499664,1.499664,0.0027611468398081,0.000959960309531431,3
6386,20221018_110204.mat,1499863,1.499863,0.00150745398865675,0.000959960309531431,3
6387,20221018_110204.mat,1509813,1.509813,0.00111225691037513,0.000959960309531431,3
6388,20221018_110204.mat,1533295,1.533295,0.00104739020142811,0.000959960309531431,3
6389,20221018_110204.mat,1537474,1.537474,0.00105592751758052,0.000959960309531431,3
6390,20221018_110204.mat,1544240,1.54424,0.00136783380073059,0.000959960309531431,3
6391,20221018_110204.mat,1544439,1.544439,0.00205051124397537,0.000959960309531431,3
6392,20221018_110204.mat,1567921,1.567921,0.00116704231983943,0.000959960309531431,3
6393,20221018_110204.mat,1568916,1.568916,0.00106860147073733,0.000959960309531431,3
6394,20221018_110204.mat,1569115,1.569115,0.0015997255328285,0.000959960309531431,3
6395,20221018_110204.mat,1574886,1.574886,0.00103233292613167,0.000959960309531431,3
6396,20221018_110204.mat,1583841,1.583841,0.00100655959759031,0.000959960309531431,3
6397,20221018_110204.mat,1624039,1.624039,0.00282023074111479,0.000959960309531431,3
6398,20221018_110204.mat,1624238,1.624238,0.00123728259078414,0.000959960309531431,3
6399,20221018_110204.mat,1645929,1.645929,0.00660155062986975,0.000959960309531431,3
6400,20221018_110204.mat,1646128,1.646128,0.00462829711601102,0.000959960309531431,3
6401,20221018_110204.mat,1657073,1.657073,0.00101882089656002,0.000959960309531431,3
6402,20221018_110204.mat,1698067,1.698067,0.00102695125524589,0.000959960309531431,3
6403,20221018_110204.mat,1705828,1.705828,0.00105675563766077,0.000959960309531431,3
6404,20221018_110204.mat,1730902,1.730902,0.00120495964182509,0.000959960309531431,3
6405,20221018_110204.mat,1735081,1.735081,0.00106208100971807,0.000959960309531431,3
6406,20221018_110204.mat,1752792,1.752792,0.00246977331342155,0.000959960309531431,3
6407,20221018_110204.mat,1801746,1.801746,0.00515351470550742,0.000959960309531431,3
6408,20221018_110204.mat,1801945,1.801945,0.00147773407013726,0.000959960309531431,3
6409,20221018_110204.mat,1808910,1.80891,0.0180592230893405,0.000959960309531431,3
6410,20221018_110204.mat,1809109,1.809109,0.00466329590141039,0.000959960309531431,3
6411,20221018_110204.mat,1814084,1.814084,0.00126992655563956,0.000959960309531431,3
6412,20221018_110204.mat,1814482,1.814482,0.00106914751543654,0.000959960309531431,3
6413,20221018_110204.mat,1832392,1.832392,0.00971928214883465,0.000959960309531431,3
6414,20221018_110204.mat,1832591,1.832591,0.00264289228576272,0.000959960309531431,3
6415,20221018_110204.mat,1832790,1.83279,0.00103913690444776,0.000959960309531431,3
6416,20221018_110204.mat,1875774,1.875774,0.0012178917872091,0.000959960309531431,3
6417,20221018_110204.mat,1896271,1.896271,0.000972968157141995,0.000959960309531431,3
6418,20221018_110204.mat,1921743,1.921743,0.00177099795651582,0.000959960309531431,3
6419,20221018_110204.mat,1950200,1.9502,0.000961067530707427,0.000959960309531431,3
6420,20221018_110204.mat,1954379,1.954379,0.00224239734275027,0.000959960309531431,3
6421,20221018_110204.mat,1954578,1.954578,0.00667587995164826,0.000959960309531431,3
6422,20221018_110204.mat,1957961,1.957961,0.00236468378135659,0.000959960309531431,3
6423,20221018_110204.mat,1959553,1.959553,0.00122100834871831,0.000959960309531431,3
6424,20221018_110204.mat,1964329,1.964329,0.00104239244612554,0.000959960309531431,3
6425,20221018_110204.mat,1986816,1.986816,0.00845275704946971,0.000959960309531431,3
6426,20221018_110204.mat,1987015,1.987015,0.00921174513655063,0.000959960309531431,3
6427,20221018_110204.mat,1987214,1.987214,0.00101809551648312,0.000959960309531431,3
6428,20221018_110204.mat,2019850,2.01985,0.0048593010811269,0.000959960309531431,3
6429,20221018_110204.mat,2020049,2.020049,0.00307420234892818,0.000959960309531431,3
6430,20221018_110204.mat,2023830,2.02383,0.000991380212124624,0.000959960309531431,3
6431,20221018_110204.mat,2024029,2.024029,0.0106020894697983,0.000959960309531431,3
6432,20221018_110204.mat,2024228,2.024228,0.00107872954493531,0.000959960309531431,3
6433,20221018_110204.mat,2044327,2.044327,0.00562958919218,0.000959960309531431,3
6434,20221018_110204.mat,2044526,2.044526,0.00279578496992097,0.000959960309531431,3
6435,20221018_110204.mat,2054476,2.054476,0.0011873384576114,0.000959960309531431,3
6436,20221018_110204.mat,2054675,2.054675,0.0025290233159369,0.000959960309531431,3
6437,20221018_110204.mat,2064028,2.064028,0.00163943230095087,0.000959960309531431,3
6438,20221018_110204.mat,2079948,2.079948,0.00171181661552784,0.000959960309531431,3
6439,20221018_110204.mat,2089898,2.089898,0.00114507130117116,0.000959960309531431,3
6440,20221018_110204.mat,2091092,2.091092,0.00235308732299389,0.000959960309531431,3
6441,20221018_110204.mat,2091291,2.091291,0.0058908129085695,0.000959960309531431,3
6442,20221018_110204.mat,2091490,2.09149,0.00110841078998049,0.000959960309531431,3
6443,20221018_110204.mat,2100843,2.100843,0.000992238271896818,0.000959960309531431,3
6444,20221018_110204.mat,2106415,2.106415,0.023999208517448,0.000959960309531431,3
6445,20221018_110204.mat,2106614,2.106614,0.00823757726598228,0.000959960309531431,3
6446,20221018_110204.mat,2106813,2.106813,0.00111565146961012,0.000959960309531431,3
6447,20221018_110204.mat,2107808,2.107808,0.00935305312985217,0.000959960309531431,3
6448,20221018_110204.mat,2108007,2.108007,0.00154696069635269,0.000959960309531431,3
6449,20221018_110204.mat,2149996,2.149996,0.00170228254142286,0.000959960309531431,3
6450,20221018_110204.mat,2164722,2.164722,0.00101778619548587,0.000959960309531431,3
6451,20221018_110204.mat,2174672,2.174672,0.000975019326423984,0.000959960309531431,3
6452,20221018_110204.mat,2177060,2.17706,0.00120183209225142,0.000959960309531431,3
6453,20221018_110204.mat,2177259,2.177259,0.00103362034127419,0.000959960309531431,3
6454,20221018_110204.mat,2179050,2.17905,0.00110883726038831,0.000959960309531431,3
6455,20221018_110204.mat,2179249,2.179249,0.00174658105180226,0.000959960309531431,3
6456,20221018_110204.mat,2199348,2.199348,0.00145868712533214,0.000959960309531431,3
6457,20221018_110204.mat,2213875,2.213875,0.00116736637301253,0.000959960309531431,3
6458,20221018_110204.mat,2214273,2.214273,0.00321477653943289,0.000959960309531431,3
6459,20221018_110204.mat,2214671,2.214671,0.000984334654924281,0.000959960309531431,3
6460,20221018_110204.mat,2226014,2.226014,0.00107420508823797,0.000959960309531431,3
6461,20221018_110204.mat,2231188,2.231188,0.00455387767171404,0.000959960309531431,3
6462,20221018_110204.mat,2231387,2.231387,0.00191715026959824,0.000959960309531431,3
6463,20221018_110204.mat,2263824,2.263824,0.00650155185349725,0.000959960309531431,3
6464,20221018_110204.mat,2286510,2.28651,0.00240912840116354,0.000959960309531431,3
6465,20221018_110204.mat,2291485,2.291485,0.00103812245262278,0.000959960309531431,3
6466,20221018_110204.mat,2314569,2.314569,0.00219290549822545,0.000959960309531431,3
6467,20221018_110204.mat,2314768,2.314768,0.00321867935958715,0.000959960309531431,3
6468,20221018_110204.mat,2322927,2.322927,0.00185924057225266,0.000959960309531431,3
6469,20221018_110204.mat,2323126,2.323126,0.0010014938931181,0.000959960309531431,3
6470,20221018_110204.mat,2326310,2.32631,0.00147165083771322,0.000959960309531431,3
6471,20221018_110204.mat,2330887,2.330887,0.00142973449609319,0.000959960309531431,3
6472,20221018_110204.mat,2342031,2.342031,0.000962324430848563,0.000959960309531431,3
6473,20221018_110204.mat,2349195,2.349195,0.0041376068392075,0.000959960309531431,3
6474,20221018_110204.mat,2349394,2.349394,0.00370536309157772,0.000959960309531431,3
6475,20221018_110204.mat,2368896,2.368896,0.00192715187508631,0.000959960309531431,3
6476,20221018_110204.mat,2390985,2.390985,0.00210705955463055,0.000959960309531431,3
6477,20221018_110204.mat,2391184,2.391184,0.00729202150430165,0.000959960309531431,3
6478,20221018_110204.mat,2391383,2.391383,0.00168233762250398,0.000959960309531431,3
6479,20221018_110204.mat,2396756,2.396756,0.0378949267747476,0.000959960309531431,3
6480,20221018_110204.mat,2396955,2.396955,0.017234598700829,0.000959960309531431,3
6481,20221018_110204.mat,2397154,2.397154,0.00464217280875514,0.000959960309531431,3
6482,20221018_110204.mat,2397353,2.397353,0.00160974673215334,0.000959960309531431,3
6483,20221018_110204.mat,2422427,2.422427,0.00116562334557274,0.000959960309531431,3
6484,20221018_110204.mat,2423024,2.423024,0.00102817927025954,0.000959960309531431,3
6485,20221018_110204.mat,2424019,2.424019,0.00337319202324327,0.000959960309531431,3
6486,20221018_110204.mat,2424218,2.424218,0.00127445646378631,0.000959960309531431,3
6487,20221018_110204.mat,2436357,2.436357,0.00192146558996368,0.000959960309531431,3
6488,20221018_110204.mat,2437352,2.437352,0.00286037438484399,0.000959960309531431,3
6489,20221018_110204.mat,2440536,2.440536,0.0036841776549587,0.000959960309531431,3
6490,20221018_110204.mat,2440735,2.440735,0.00111572035621617,0.000959960309531431,3
6491,20221018_110204.mat,2456058,2.456058,0.00131993273565749,0.000959960309531431,3
6492,20221018_110204.mat,2492674,2.492674,0.00164328277770905,0.000959960309531431,3
6493,20221018_110204.mat,2497649,2.497649,0.00098025654633801,0.000959960309531431,3
6494,20221018_110204.mat,2500833,2.500833,0.00111902116643226,0.000959960309531431,3
6495,20221018_110204.mat,2503619,2.503619,0.00266217337631477,0.000959960309531431,3
6496,20221018_110204.mat,2503818,2.503818,0.00150408305436876,0.000959960309531431,3
6497,20221018_110204.mat,2538245,2.538245,0.00318391781159318,0.000959960309531431,3
6498,20221018_110204.mat,2538444,2.538444,0.00285978644642627,0.000959960309531431,3
6499,20221018_110204.mat,2591577,2.591577,0.00191859415777921,0.000959960309531431,3
6500,20221018_110204.mat,2632173,2.632173,0.00209794823141843,0.000959960309531431,3
6501,20221018_110204.mat,2640929,2.640929,0.00113132144659575,0.000959960309531431,3
6502,20221018_110204.mat,2648093,2.648093,0.000964336900241924,0.000959960309531431,3
6503,20221018_110204.mat,2660630,2.66063,0.0102557056971411,0.000959960309531431,3
6504,20221018_110204.mat,2660829,2.660829,0.0477222776456003,0.000959960309531431,3
6505,20221018_110204.mat,2661028,2.661028,0.00500240115788453,0.000959960309531431,3
6506,20221018_110204.mat,2661227,2.661227,0.00241918071768671,0.000959960309531431,3
6507,20221018_110204.mat,2661426,2.661426,0.00112161561265228,0.000959960309531431,3
6508,20221018_110204.mat,2691674,2.691674,0.00106096030788068,0.000959960309531431,3
6509,20221018_110204.mat,2705405,2.705405,0.000990662962355247,0.000959960309531431,3
6510,20221018_110204.mat,2719733,2.719733,0.00111072937058638,0.000959960309531431,3
6511,20221018_110204.mat,2724111,2.724111,0.135701857083179,0.000959960309531431,3
6512,20221018_110204.mat,2724310,2.72431,0.0161687411937114,0.000959960309531431,3
6513,20221018_110204.mat,2724509,2.724509,0.00536441372075762,0.000959960309531431,3
6514,20221018_110204.mat,2724708,2.724708,0.00113130579819224,0.000959960309531431,3
6515,20221018_110204.mat,2727693,2.727693,0.00125460740419078,0.000959960309531431,3
6516,20221018_110204.mat,2728489,2.728489,0.00428352722347748,0.000959960309531431,3
6517,20221018_110204.mat,2730678,2.730678,0.00163770533656425,0.000959960309531431,3
6518,20221018_110204.mat,2733265,2.733265,0.00291430033972865,0.000959960309531431,3
6519,20221018_110204.mat,2735056,2.735056,0.00329486987889278,0.000959960309531431,3
6520,20221018_110204.mat,2735255,2.735255,0.00231467984531008,0.000959960309531431,3
6521,20221018_110204.mat,2743414,2.743414,0.0143458543664337,0.000959960309531431,3
6522,20221018_110204.mat,2743613,2.743613,0.00239025359469414,0.000959960309531431,3
6523,20221018_110204.mat,2743812,2.743812,0.0010633657055464,0.000959960309531431,3
6524,20221018_110204.mat,2746399,2.746399,0.00106078906152914,0.000959960309531431,3
6525,20221018_110204.mat,2753762,2.753762,0.00202095245150007,0.000959960309531431,3
6526,20221018_110204.mat,2765503,2.765503,0.000998355078424895,0.000959960309531431,3
6527,20221018_110204.mat,2781025,2.781025,0.00365452796471706,0.000959960309531431,3
6528,20221018_110204.mat,2781224,2.781224,0.00111687328974837,0.000959960309531431,3
6529,20221018_110204.mat,2803512,2.803512,0.00123693732414213,0.000959960309531431,3
6530,20221018_110204.mat,2803711,2.803711,0.0057285181927239,0.000959960309531431,3
6531,20221018_110204.mat,2812069,2.812069,0.0014786847616643,0.000959960309531431,3
6532,20221018_110204.mat,2873759,2.873759,0.000971963716863173,0.000959960309531431,3
6533,20221018_110204.mat,2900027,2.900027,0.00108302223233901,0.000959960309531431,3
6534,20221018_110204.mat,2916544,2.916544,0.00175017132909518,0.000959960309531431,3
6535,20221018_110204.mat,2916743,2.916743,0.00151727537456511,0.000959960309531431,3
6536,20221018_110204.mat,2919131,2.919131,0.00467268551604024,0.000959960309531431,3
6537,20221018_110204.mat,2919330,2.91933,0.00220250828815873,0.000959960309531431,3
6538,20221018_110204.mat,2927887,2.927887,0.00139390267444732,0.000959960309531431,3
6539,20221018_110204.mat,2949578,2.949578,0.00123070962539165,0.000959960309531431,3
6540,20221018_110204.mat,3035944,3.035944,0.0135233340308891,0.000959960309531431,3
6541,20221018_110204.mat,3036143,3.036143,0.0071092739719812,0.000959960309531431,3
6542,20221018_110204.mat,3036342,3.036342,0.00105656961295599,0.000959960309531431,3
6543,20221018_110204.mat,3051267,3.051267,0.00116305216925979,0.000959960309531431,3
6544,20221018_110204.mat,3090470,3.09047,0.001250534983211,0.000959960309531431,3
6545,20221018_110204.mat,3091067,3.091067,0.00396364108841648,0.000959960309531431,3
6546,20221018_110204.mat,3094052,3.094052,0.00150927320688575,0.000959960309531431,3
6547,20221018_110204.mat,3095047,3.095047,0.000965297168340564,0.000959960309531431,3
6548,20221018_110204.mat,3101415,3.101415,0.00511367974502425,0.000959960309531431,3
6549,20221018_110204.mat,3101614,3.101614,0.00247922453002228,0.000959960309531431,3
6550,20221018_110204.mat,3137633,3.137633,0.00147495157657066,0.000959960309531431,3
6551,20221018_110204.mat,3145792,3.145792,0.000993248944568679,0.000959960309531431,3
6552,20221018_110204.mat,3171065,3.171065,0.00241486326806781,0.000959960309531431,3
6553,20221018_110204.mat,3171264,3.171264,0.00105024457597833,0.000959960309531431,3
6554,20221018_110204.mat,3189572,3.189572,0.000963625621336564,0.000959960309531431,3
6555,20221018_110204.mat,3193552,3.193552,0.000966148000586839,0.000959960309531431,3
6556,20221018_110204.mat,3280515,3.280515,0.00128049796723809,0.000959960309531431,3
6557,20221018_110204.mat,3333449,3.333449,0.000972457686489491,0.000959960309531431,3
6558,20221018_110204.mat,3350563,3.350563,0.00806561595895301,0.000959960309531431,3
6559,20221018_110204.mat,3350762,3.350762,0.00130834988892189,0.000959960309531431,3
6560,20221018_110204.mat,3370662,3.370662,0.0144861364939774,0.000959960309531431,3
6561,20221018_110204.mat,3370861,3.370861,0.00181040502273677,0.000959960309531431,3
6562,20221018_110204.mat,3375836,3.375836,0.000983498128231526,0.000959960309531431,3
6563,20221018_110204.mat,3396134,3.396134,0.0014278801638614,0.000959960309531431,3
6564,20221018_110204.mat,3396333,3.396333,0.00192837524039715,0.000959960309531431,3
6565,20221018_110204.mat,3403298,3.403298,0.00103216550600631,0.000959960309531431,3
6566,20221018_110204.mat,3415039,3.415039,0.0102800357954874,0.000959960309531431,3
6567,20221018_110204.mat,3415238,3.415238,0.00684809775012068,0.000959960309531431,3
6568,20221018_110204.mat,3415437,3.415437,0.00167737112916383,0.000959960309531431,3
6569,20221018_110204.mat,3432153,3.432153,0.0164180195380199,0.000959960309531431,3
6570,20221018_110204.mat,3432352,3.432352,0.0451993076442512,0.000959960309531431,3
6571,20221018_110204.mat,3432551,3.432551,0.00306218713697169,0.000959960309531431,3
6572,20221018_110204.mat,3432750,3.43275,0.00212077922025244,0.000959960309531431,3
6573,20221018_110204.mat,3454640,3.45464,0.00114556544324793,0.000959960309531431,3
6574,20221018_110204.mat,3459018,3.459018,0.00534292099911801,0.000959960309531431,3
6575,20221018_110204.mat,3459217,3.459217,0.00361151462633478,0.000959960309531431,3
6576,20221018_110204.mat,3472152,3.472152,0.00128847020282868,0.000959960309531431,3
6577,20221018_110204.mat,3486878,3.486878,0.00389036747165817,0.000959960309531431,3
6578,20221018_110204.mat,3487077,3.487077,0.00456304461291694,0.000959960309531431,3
6579,20221018_110204.mat,3490858,3.490858,0.00110841750878398,0.000959960309531431,3
6580,20221018_110204.mat,3500211,3.500211,0.00354844985237356,0.000959960309531431,3
6581,20221018_110204.mat,3500410,3.50041,0.00106202663568024,0.000959960309531431,3
6582,20221018_110204.mat,3556130,3.55613,0.0055295033751164,0.000959960309531431,3
6583,20221018_110204.mat,3556329,3.556329,0.00258516872560872,0.000959960309531431,3
6584,20221018_110204.mat,3557125,3.557125,0.00297521508624368,0.000959960309531431,3
6585,20221018_110204.mat,3565682,3.565682,0.0119364191464498,0.000959960309531431,3
6586,20221018_110204.mat,3565881,3.565881,0.0018308991387877,0.000959960309531431,3
6587,20221018_110204.mat,3571254,3.571254,0.00144091900259496,0.000959960309531431,3
6588,20221018_110204.mat,3572448,3.572448,0.00104222084393754,0.000959960309531431,3
6589,20221018_110204.mat,3573045,3.573045,0.000973886443831521,0.000959960309531431,3
6590,20221018_110204.mat,3588169,3.588169,0.00104874929878587,0.000959960309531431,3
6591,20221018_110204.mat,3609263,3.609263,0.00150314160345426,0.000959960309531431,3
6592,20221018_110204.mat,3614238,3.614238,0.00135690168482144,0.000959960309531431,3
6593,20221018_110204.mat,3620208,3.620208,0.00101030935384523,0.000959960309531431,3
6594,20221018_110204.mat,3620407,3.620407,0.000975872191837808,0.000959960309531431,3
6595,20221018_110204.mat,3641302,3.641302,0.00283831051645094,0.000959960309531431,3
6596,20221018_110204.mat,3641501,3.641501,0.00373677644867642,0.000959960309531431,3
6597,20221018_110204.mat,3641700,3.6417,0.00102847959004419,0.000959960309531431,3
6598,20221018_110204.mat,3648267,3.648267,0.00198663503146376,0.000959960309531431,3
6599,20221018_110204.mat,3664983,3.664983,0.00144878268882581,0.000959960309531431,3
6600,20221018_110204.mat,3679510,3.67951,0.00109585210038706,0.000959960309531431,3
6601,20221018_110204.mat,3690654,3.690654,0.00134864598317658,0.000959960309531431,3
6602,20221018_110204.mat,3697818,3.697818,0.00491455814646812,0.000959960309531431,3
6603,20221018_110204.mat,3698017,3.698017,0.00184638281135895,0.000959960309531431,3
6604,20221018_110204.mat,3729459,3.729459,0.00571319272989429,0.000959960309531431,3
6605,20221018_110204.mat,3729658,3.729658,0.00145304995620573,0.000959960309531431,3
6606,20221018_110204.mat,3753339,3.753339,0.0107871877189593,0.000959960309531431,3
6607,20221018_110204.mat,3753538,3.753538,0.00197976002020265,0.000959960309531431,3
6608,20221018_110204.mat,3757717,3.757717,0.00145417631712161,0.000959960309531431,3
6609,20221018_110204.mat,3765279,3.765279,0.00129383657744381,0.000959960309531431,3
6610,20221018_110204.mat,3769060,3.76906,0.0117740839731446,0.000959960309531431,3
6611,20221018_110204.mat,3769259,3.769259,0.00160498747161591,0.000959960309531431,3
6612,20221018_110204.mat,3801895,3.801895,0.00189941700470896,0.000959960309531431,3
6613,20221018_110204.mat,3818810,3.81881,0.00273984588907675,0.000959960309531431,3
6614,20221018_110204.mat,3819009,3.819009,0.00168225510600977,0.000959960309531431,3
6615,20221018_110204.mat,3827964,3.827964,0.00184377998550305,0.000959960309531431,3
6616,20221018_110204.mat,3876122,3.876122,0.00543478111708002,0.000959960309531431,3
6617,20221018_110204.mat,3876321,3.876321,0.000966042414425038,0.000959960309531431,3
6618,20221018_110204.mat,3918708,3.918708,0.00107445135333436,0.000959960309531431,3
6619,20221018_110204.mat,3940001,3.940001,0.00474408321961894,0.000959960309531431,3
6620,20221018_110204.mat,3940200,3.9402,0.00618755293364939,0.000959960309531431,3
6621,20221018_110204.mat,3971443,3.971443,0.00137806487285666,0.000959960309531431,3
6622,20221018_110204.mat,3987960,3.98796,0.00113456126616047,0.000959960309531431,3
6623,20221018_110204.mat,4006069,4.006069,0.00198728651048381,0.000959960309531431,3
6624,20221018_110204.mat,4006268,4.006268,0.00123581272464301,0.000959960309531431,3
6625,20221018_110204.mat,4008457,4.008457,0.00101374064833522,0.000959960309531431,3
6626,20221018_110204.mat,4009651,4.009651,0.00144868172854193,0.000959960309531431,3
6627,20221018_110204.mat,4009850,4.00985,0.00344093001315664,0.000959960309531431,3
6628,20221018_110204.mat,4015422,4.015422,0.0187889478353136,0.000959960309531431,3
6629,20221018_110204.mat,4015621,4.015621,0.00767397029142049,0.000959960309531431,3
6630,20221018_110204.mat,4015820,4.01582,0.00225074151334751,0.000959960309531431,3
6631,20221018_110204.mat,4016019,4.016019,0.00108542637487236,0.000959960309531431,3
6632,20221018_110204.mat,4045670,4.04567,0.00280612940075045,0.000959960309531431,3
6633,20221018_110204.mat,4045869,4.045869,0.00125511965576204,0.000959960309531431,3
6634,20221018_110204.mat,4051839,4.051839,0.001264343031908,0.000959960309531431,3
6635,20221018_110204.mat,4052038,4.052038,0.00102054398454411,0.000959960309531431,3
6636,20221018_110204.mat,4059401,4.059401,0.00250282613668933,0.000959960309531431,3
6637,20221018_110204.mat,4071142,4.071142,0.00192587863412639,0.000959960309531431,3
6638,20221018_110204.mat,4071341,4.071341,0.00402404455296411,0.000959960309531431,3
6639,20221018_110204.mat,4093231,4.093231,0.00100312881167828,0.000959960309531431,3
6640,20221018_110204.mat,4101390,4.10139,0.00366323718633855,0.000959960309531431,3
6641,20221018_110204.mat,4101589,4.101589,0.00140733713408703,0.000959960309531431,3
6642,20221018_110204.mat,4123678,4.123678,0.00247769168719476,0.000959960309531431,3
6643,20221018_110204.mat,4133827,4.133827,0.00103095354965084,0.000959960309531431,3
6644,20221018_110204.mat,4134026,4.134026,0.00124241681920775,0.000959960309531431,3
6645,20221018_110204.mat,4135021,4.135021,0.00249322787322032,0.000959960309531431,3
6646,20221018_110204.mat,4168453,4.168453,0.00136069378898453,0.000959960309531431,3
6647,20221018_110204.mat,4200293,4.200293,0.00136192253319976,0.000959960309531431,3
6648,20221018_110204.mat,4201089,4.201089,0.00204834386189658,0.000959960309531431,3
6649,20221018_110204.mat,4201288,4.201288,0.000979031709528685,0.000959960309531431,3
6650,20221018_110204.mat,4206661,4.206661,0.00149118637321838,0.000959960309531431,3
6651,20221018_110204.mat,4206860,4.20686,0.00105181788019864,0.000959960309531431,3
6652,20221018_110204.mat,4227954,4.227954,0.00815747328178917,0.000959960309531431,3
6653,20221018_110204.mat,4228153,4.228153,0.02412064719221,0.000959960309531431,3
6654,20221018_110204.mat,4228352,4.228352,0.00200435750505986,0.000959960309531431,3
6655,20221018_110204.mat,4228551,4.228551,0.00121283388220463,0.000959960309531431,3
6656,20221018_110204.mat,4228750,4.22875,0.00136659844492783,0.000959960309531431,3
6657,20221018_110204.mat,4228949,4.228949,0.00191438355965108,0.000959960309531431,3
6658,20221018_110204.mat,4238899,4.238899,0.0145249534585425,0.000959960309531431,3
6659,20221018_110204.mat,4239098,4.239098,0.0637274446825681,0.000959960309531431,3
6660,20221018_110204.mat,4239297,4.239297,0.00338421977953895,0.000959960309531431,3
6661,20221018_110204.mat,4239496,4.239496,0.00260381667935174,0.000959960309531431,3
6662,20221018_110204.mat,4249446,4.249446,0.00131037338144969,0.000959960309531431,3
6663,20221018_110204.mat,4268550,4.26855,0.00128369621736738,0.000959960309531431,3
6664,20221018_110204.mat,4271535,4.271535,0.000985325059044158,0.000959960309531431,3
6665,20221018_110204.mat,4274918,4.274918,0.00145724687851852,0.000959960309531431,3
6666,20221018_110204.mat,4297604,4.297604,0.00114556544324793,0.000959960309531431,3
6667,20221018_110204.mat,4297803,4.297803,0.00149633721920121,0.000959960309531431,3
6668,20221018_110204.mat,4298798,4.298798,0.00123145501128449,0.000959960309531431,3
6669,20221018_110204.mat,4312131,4.312131,0.000967630363282519,0.000959960309531431,3
6670,20221018_110204.mat,4317106,4.317106,0.00141784595075514,0.000959960309531431,3
6671,20221018_110204.mat,4338797,4.338797,0.000997333237820219,0.000959960309531431,3
6672,20221018_110204.mat,4342578,4.342578,0.00176177492601449,0.000959960309531431,3
6673,20221018_110204.mat,4342777,4.342777,0.00268617874333006,0.000959960309531431,3
6674,20221018_110204.mat,4368249,4.368249,0.00100188916403024,0.000959960309531431,3
6675,20221018_110204.mat,4395910,4.39591,0.00162393451299948,0.000959960309531431,3
6676,20221018_110204.mat,4403273,4.403273,0.00384021522473475,0.000959960309531431,3
6677,20221018_110204.mat,4403472,4.403472,0.000977172021896032,0.000959960309531431,3
6678,20221018_110204.mat,4431133,4.431133,0.0429737148191017,0.000959960309531431,3
6679,20221018_110204.mat,4431332,4.431332,0.00558246200493593,0.000959960309531431,3
6680,20221018_110204.mat,4431531,4.431531,0.00226598306419408,0.000959960309531431,3
6681,20221018_110204.mat,4437302,4.437302,0.00134807494702659,0.000959960309531431,3
6682,20221018_110204.mat,4440486,4.440486,0.00202019700549182,0.000959960309531431,3
6683,20221018_110204.mat,4444068,4.444068,0.0015111528103621,0.000959960309531431,3
6684,20221018_110204.mat,4444267,4.444267,0.00141870971286817,0.000959960309531431,3
6685,20221018_110204.mat,4447849,4.447849,0.00174005352119078,0.000959960309531431,3
6686,20221018_110204.mat,4448048,4.448048,0.00171415082388039,0.000959960309531431,3
6687,20221018_110204.mat,4451232,4.451232,0.00193684621720343,0.000959960309531431,3
6688,20221018_110204.mat,4454615,4.454615,0.00181881770868583,0.000959960309531431,3
6689,20221018_110204.mat,4454814,4.454814,0.00202967116662302,0.000959960309531431,3
6690,20221018_110204.mat,4474316,4.474316,0.00792848723615624,0.000959960309531431,3
6691,20221018_110204.mat,4479291,4.479291,0.0050659205706573,0.000959960309531431,3
6692,20221018_110204.mat,4486057,4.486057,0.00599918096993224,0.000959960309531431,3
6693,20221018_110204.mat,4486256,4.486256,0.00233552843172746,0.000959960309531431,3
6694,20221018_110204.mat,4490634,4.490634,0.00104360808184649,0.000959960309531431,3
6695,20221018_110204.mat,4502176,4.502176,0.00148735741913306,0.000959960309531431,3
6696,20221018_110204.mat,4538195,4.538195,0.00791189441881282,0.000959960309531431,3
6697,20221018_110204.mat,4538394,4.538394,0.00120557142807602,0.000959960309531431,3
6698,20221018_110204.mat,4557896,4.557896,0.00104310806954871,0.000959960309531431,3
6699,20221018_110204.mat,4576403,4.576403,0.00618570948977312,0.000959960309531431,3
6700,20221018_110204.mat,4577398,4.577398,0.0252122430694047,0.000959960309531431,3
6701,20221018_110204.mat,4577597,4.577597,0.0119363954983966,0.000959960309531431,3
6702,20221018_110204.mat,4577796,4.577796,0.0025071700964999,0.000959960309531431,3
6703,20221018_110204.mat,4577995,4.577995,0.000971732688355236,0.000959960309531431,3
6704,20221018_110204.mat,4589935,4.589935,0.00575067069824635,0.000959960309531431,3
6705,20221018_110204.mat,4590134,4.590134,0.0018309121083583,0.000959960309531431,3
6706,20221018_110204.mat,4590333,4.590333,0.00107349370378878,0.000959960309531431,3
6707,20221018_110204.mat,4592323,4.592323,0.00293571065468544,0.000959960309531431,3
6708,20221018_110204.mat,4592522,4.592522,0.00123762401328597,0.000959960309531431,3
6709,20221018_110204.mat,4612223,4.612223,0.0056555863920263,0.000959960309531431,3
6710,20221018_110204.mat,4612422,4.612422,0.0010976978581408,0.000959960309531431,3
6711,20221018_110204.mat,4680679,4.680679,0.00123780314666985,0.000959960309531431,3
6712,20221018_110204.mat,4680878,4.680878,0.00233964548019782,0.000959960309531431,3
6713,20221018_110204.mat,4712121,4.712121,0.00820812893270175,0.000959960309531431,3
6714,20221018_110204.mat,4712320,4.71232,0.00806848466407858,0.000959960309531431,3
6715,20221018_110204.mat,4712519,4.712519,0.00125951273653766,0.000959960309531431,3
6716,20221018_110204.mat,4723265,4.723265,0.00540323794070077,0.000959960309531431,3
6717,20221018_110204.mat,4729832,4.729832,0.00100441701026648,0.000959960309531431,3
6718,20221018_110204.mat,4731623,4.731623,0.000992384254323175,0.000959960309531431,3
6719,20221018_110204.mat,4740976,4.740976,0.0071457752496733,0.000959960309531431,3
6720,20221018_110204.mat,4741175,4.741175,0.00157585528746176,0.000959960309531431,3
6721,20221018_110204.mat,4763463,4.763463,0.00129025809906122,0.000959960309531431,3
6722,20221018_110204.mat,4772418,4.772418,0.00228755394304737,0.000959960309531431,3
6723,20221018_110204.mat,4779781,4.779781,0.00118071784055997,0.000959960309531431,3
6724,20221018_110204.mat,4782567,4.782567,0.000977680031081839,0.000959960309531431,3
6725,20221018_110204.mat,4782766,4.782766,0.00174208199386716,0.000959960309531431,3
6726,20221018_110204.mat,4786348,4.786348,0.0060661585211482,0.000959960309531431,3
6727,20221018_110204.mat,4808636,4.808636,0.00243910530956255,0.000959960309531431,3
6728,20221018_110204.mat,4821969,4.821969,0.0141600073275908,0.000959960309531431,3
6729,20221018_110204.mat,4822168,4.822168,0.0137828960142752,0.000959960309531431,3
6730,20221018_110204.mat,4822367,4.822367,0.00203970131360917,0.000959960309531431,3
6731,20221018_110204.mat,4842466,4.842466,0.00103608785820091,0.000959960309531431,3
6732,20221018_110204.mat,4855998,4.855998,0.000994242196786593,0.000959960309531431,3
6733,20221018_110204.mat,4858585,4.858585,0.00641591971937734,0.000959960309531431,3
6734,20221018_110204.mat,4858784,4.858784,0.00381704645890072,0.000959960309531431,3
6735,20221018_110204.mat,4861570,4.86157,0.000962137088562729,0.000959960309531431,3
6736,20221018_110204.mat,4871719,4.871719,0.00108417857552566,0.000959960309531431,3
6737,20221018_110204.mat,4896992,4.896992,0.0025371755541261,0.000959960309531431,3
6738,20221018_110204.mat,4897191,4.897191,0.00160497644142832,0.000959960309531431,3
6739,20221018_110204.mat,4901370,4.90137,0.00259977863140109,0.000959960309531431,3
6740,20221018_110204.mat,4901569,4.901569,0.00152806487424115,0.000959960309531431,3
6741,20221018_110204.mat,4906743,4.906743,0.00130432526484985,0.000959960309531431,3
6742,20221018_110204.mat,4911519,4.911519,0.00138217202150585,0.000959960309531431,3
6743,20221018_110204.mat,4911718,4.911718,0.00174080664658835,0.000959960309531431,3
6744,20221018_110204.mat,4924056,4.924056,0.00115717641157517,0.000959960309531431,3
6745,20221018_110204.mat,4948334,4.948334,0.00239316423754701,0.000959960309531431,3
6746,20221018_110204.mat,4957687,4.957687,0.00220844519311527,0.000959960309531431,3
6747,20221018_110204.mat,4959876,4.959876,0.00128404269811758,0.000959960309531431,3
6748,20221018_110204.mat,4963856,4.963856,0.00176174398299032,0.000959960309531431,3
6749,20221018_110204.mat,4964055,4.964055,0.00390344539899445,0.000959960309531431,3
6750,20221018_110204.mat,4970224,4.970224,0.000988843053067743,0.000959960309531431,3
6751,20221018_110204.mat,4988134,4.988134,0.00125252803526402,0.000959960309531431,3
6752,20221018_110204.mat,4988333,4.988333,0.00117179467642862,0.000959960309531431,3
6753,20221018_110209.mat,7562,0.007562,0.00382537472706066,0.000996748718050999,3
6754,20221018_110209.mat,7761,0.007761,0.00453413034287647,0.000996748718050999,3
6755,20221018_110209.mat,7960,0.00796,0.0010093288723229,0.000996748718050999,3
6756,20221018_110209.mat,11542,0.011542,0.00365647750060647,0.000996748718050999,3
6757,20221018_110209.mat,20099,0.020099,0.00110601435753548,0.000996748718050999,3
6758,20221018_110209.mat,29054,0.029054,0.00560486826439823,0.000996748718050999,3
6759,20221018_110209.mat,29253,0.029253,0.0022660909489463,0.000996748718050999,3
6760,20221018_110209.mat,30646,0.030646,0.0207860441185738,0.000996748718050999,3
6761,20221018_110209.mat,30845,0.030845,0.00796702626858023,0.000996748718050999,3
6762,20221018_110209.mat,31044,0.031044,0.00145726067875929,0.000996748718050999,3
6763,20221018_110209.mat,31243,0.031243,0.00952990082816416,0.000996748718050999,3
6764,20221018_110209.mat,31442,0.031442,0.0149261598062106,0.000996748718050999,3
6765,20221018_110209.mat,31641,0.031641,0.00263796050883547,0.000996748718050999,3
6766,20221018_110209.mat,33830,0.03383,0.00932992548757658,0.000996748718050999,3
6767,20221018_110209.mat,34029,0.034029,0.00113969350591057,0.000996748718050999,3
6768,20221018_110209.mat,43382,0.043382,0.00154474797414766,0.000996748718050999,3
6769,20221018_110209.mat,45770,0.04577,0.00741063396609002,0.000996748718050999,3
6770,20221018_110209.mat,45969,0.045969,0.0015827783408375,0.000996748718050999,3
6771,20221018_110209.mat,46367,0.046367,0.005268937150234,0.000996748718050999,3
6772,20221018_110209.mat,46566,0.046566,0.00219405086854832,0.000996748718050999,3
6773,20221018_110209.mat,57312,0.057312,0.0015122052702468,0.000996748718050999,3
6774,20221018_110209.mat,57511,0.057511,0.0165082728188949,0.000996748718050999,3
6775,20221018_110209.mat,57710,0.05771,0.00366836976437094,0.000996748718050999,3
6776,20221018_110209.mat,58307,0.058307,0.0241124633928676,0.000996748718050999,3
6777,20221018_110209.mat,58506,0.058506,0.00672678519253603,0.000996748718050999,3
6778,20221018_110209.mat,58705,0.058705,0.00116746966112559,0.000996748718050999,3
6779,20221018_110209.mat,62287,0.062287,0.00181019958709398,0.000996748718050999,3
6780,20221018_110209.mat,65670,0.06567,0.00281120157236145,0.000996748718050999,3
6781,20221018_110209.mat,65869,0.065869,0.00683462725006933,0.000996748718050999,3
6782,20221018_110209.mat,66068,0.066068,0.00992329299447684,0.000996748718050999,3
6783,20221018_110209.mat,66267,0.066267,0.00174899478161634,0.000996748718050999,3
6784,20221018_110209.mat,71242,0.071242,0.00268070632629734,0.000996748718050999,3
6785,20221018_110209.mat,74824,0.074824,0.00777072520452865,0.000996748718050999,3
6786,20221018_110209.mat,75023,0.075023,0.00327273857591644,0.000996748718050999,3
6787,20221018_110209.mat,84177,0.084177,0.00291838619241332,0.000996748718050999,3
6788,20221018_110209.mat,84376,0.084376,0.00227872922717539,0.000996748718050999,3
6789,20221018_110209.mat,89152,0.089152,0.00188460591105989,0.000996748718050999,3
6790,20221018_110209.mat,91142,0.091142,0.00538567165289668,0.000996748718050999,3
6791,20221018_110209.mat,91341,0.091341,0.00114182105775839,0.000996748718050999,3
6792,20221018_110209.mat,96913,0.096913,0.00684481971626308,0.000996748718050999,3
6793,20221018_110209.mat,97112,0.097112,0.00987769694781548,0.000996748718050999,3
6794,20221018_110209.mat,97311,0.097311,0.0301005793387273,0.000996748718050999,3
6795,20221018_110209.mat,97510,0.09751,0.0362479261828344,0.000996748718050999,3
6796,20221018_110209.mat,97709,0.097709,0.00576949706810303,0.000996748718050999,3
6797,20221018_110209.mat,97908,0.097908,0.00155228246773681,0.000996748718050999,3
6798,20221018_110209.mat,104873,0.104873,0.00121005193400713,0.000996748718050999,3
6799,20221018_110209.mat,105072,0.105072,0.00155326244003843,0.000996748718050999,3
6800,20221018_110209.mat,110246,0.110246,0.00192473896174165,0.000996748718050999,3
6801,20221018_110209.mat,111241,0.111241,0.00275897664889958,0.000996748718050999,3
6802,20221018_110209.mat,115420,0.11542,0.00164822511598445,0.000996748718050999,3
6803,20221018_110209.mat,121589,0.121589,0.00182560331855575,0.000996748718050999,3
6804,20221018_110209.mat,133529,0.133529,0.00959999487887508,0.000996748718050999,3
6805,20221018_110209.mat,133728,0.133728,0.00420334598706059,0.000996748718050999,3
6806,20221018_110209.mat,134922,0.134922,0.00396449678348931,0.000996748718050999,3
6807,20221018_110209.mat,144673,0.144673,0.0037168892015655,0.000996748718050999,3
6808,20221018_110209.mat,144872,0.144872,0.00831874263744962,0.000996748718050999,3
6809,20221018_110209.mat,145071,0.145071,0.00135094715955048,0.000996748718050999,3
6810,20221018_110209.mat,151240,0.15124,0.00113586799968235,0.000996748718050999,3
6811,20221018_110209.mat,152036,0.152036,0.00378205946252011,0.000996748718050999,3
6812,20221018_110209.mat,155419,0.155419,0.00487311701014643,0.000996748718050999,3
6813,20221018_110209.mat,155618,0.155618,0.00167354762284013,0.000996748718050999,3
6814,20221018_110209.mat,156215,0.156215,0.00320048336924154,0.000996748718050999,3
6815,20221018_110209.mat,156414,0.156414,0.00723057285211013,0.000996748718050999,3
6816,20221018_110209.mat,156613,0.156613,0.00449822079314401,0.000996748718050999,3
6817,20221018_110209.mat,158802,0.158802,0.00799653686784219,0.000996748718050999,3
6818,20221018_110209.mat,159001,0.159001,0.00133108889155382,0.000996748718050999,3
6819,20221018_110209.mat,162583,0.162583,0.0153334882290809,0.000996748718050999,3
6820,20221018_110209.mat,162782,0.162782,0.0111868408704853,0.000996748718050999,3
6821,20221018_110209.mat,162981,0.162981,0.00180565292104631,0.000996748718050999,3
6822,20221018_110209.mat,163180,0.16318,0.000999655588647811,0.000996748718050999,3
6823,20221018_110209.mat,167956,0.167956,0.00707737577605104,0.000996748718050999,3
6824,20221018_110209.mat,168155,0.168155,0.00125265821471891,0.000996748718050999,3
6825,20221018_110209.mat,172931,0.172931,0.0182325066657731,0.000996748718050999,3
6826,20221018_110209.mat,173130,0.17313,0.00412174488639788,0.000996748718050999,3
6827,20221018_110209.mat,173329,0.173329,0.00130930961793261,0.000996748718050999,3
6828,20221018_110209.mat,173528,0.173528,0.00245938979773711,0.000996748718050999,3
6829,20221018_110209.mat,179100,0.1791,0.00458073786672554,0.000996748718050999,3
6830,20221018_110209.mat,182085,0.182085,0.00126356743832282,0.000996748718050999,3
6831,20221018_110209.mat,182284,0.182284,0.00134706631057793,0.000996748718050999,3
6832,20221018_110209.mat,183080,0.18308,0.00479695214017688,0.000996748718050999,3
6833,20221018_110209.mat,183279,0.183279,0.00514555728774625,0.000996748718050999,3
6834,20221018_110209.mat,187060,0.18706,0.00256358359168095,0.000996748718050999,3
6835,20221018_110209.mat,190244,0.190244,0.00130212753851768,0.000996748718050999,3
6836,20221018_110209.mat,193826,0.193826,0.00509278773557465,0.000996748718050999,3
6837,20221018_110209.mat,203577,0.203577,0.00419480968867897,0.000996748718050999,3
6838,20221018_110209.mat,203776,0.203776,0.00467436525432423,0.000996748718050999,3
6839,20221018_110209.mat,205169,0.205169,0.00972285145646266,0.000996748718050999,3
6840,20221018_110209.mat,205368,0.205368,0.00203183939873386,0.000996748718050999,3
6841,20221018_110209.mat,206562,0.206562,0.00122419203984603,0.000996748718050999,3
6842,20221018_110209.mat,209348,0.209348,0.00129430661061725,0.000996748718050999,3
6843,20221018_110209.mat,209547,0.209547,0.00546950316522744,0.000996748718050999,3
6844,20221018_110209.mat,209746,0.209746,0.00119364428847826,0.000996748718050999,3
6845,20221018_110209.mat,210741,0.210741,0.00292321134480172,0.000996748718050999,3
6846,20221018_110209.mat,210940,0.21094,0.00114940291105346,0.000996748718050999,3
6847,20221018_110209.mat,211736,0.211736,0.00169243325717731,0.000996748718050999,3
6848,20221018_110209.mat,215716,0.215716,0.00265308532063714,0.000996748718050999,3
6849,20221018_110209.mat,215915,0.215915,0.0012876439829019,0.000996748718050999,3
6850,20221018_110209.mat,217706,0.217706,0.0242396029456393,0.000996748718050999,3
6851,20221018_110209.mat,217905,0.217905,0.00418686934291419,0.000996748718050999,3
6852,20221018_110209.mat,218303,0.218303,0.00868527783195554,0.000996748718050999,3
6853,20221018_110209.mat,218502,0.218502,0.00296852647685242,0.000996748718050999,3
6854,20221018_110209.mat,219895,0.219895,0.00109532069616665,0.000996748718050999,3
6855,20221018_110209.mat,220094,0.220094,0.00105305829144388,0.000996748718050999,3
6856,20221018_110209.mat,220890,0.22089,0.0140314732252909,0.000996748718050999,3
6857,20221018_110209.mat,221089,0.221089,0.00506797682932692,0.000996748718050999,3
6858,20221018_110209.mat,221288,0.221288,0.00113082532239799,0.000996748718050999,3
6859,20221018_110209.mat,226860,0.22686,0.00292023221939276,0.000996748718050999,3
6860,20221018_110209.mat,230243,0.230243,0.00971491345086512,0.000996748718050999,3
6861,20221018_110209.mat,230442,0.230442,0.00296112062033135,0.000996748718050999,3
6862,20221018_110209.mat,231238,0.231238,0.0121399243399012,0.000996748718050999,3
6863,20221018_110209.mat,231437,0.231437,0.00124207436459009,0.000996748718050999,3
6864,20221018_110209.mat,231636,0.231636,0.00952216752897697,0.000996748718050999,3
6865,20221018_110209.mat,231835,0.231835,0.00201419062457383,0.000996748718050999,3
6866,20221018_110209.mat,235417,0.235417,0.00579696724963513,0.000996748718050999,3
6867,20221018_110209.mat,235616,0.235616,0.00123278484037959,0.000996748718050999,3
6868,20221018_110209.mat,236014,0.236014,0.0821970205593915,0.000996748718050999,3
6869,20221018_110209.mat,236213,0.236213,0.0502227455549107,0.000996748718050999,3
6870,20221018_110209.mat,236412,0.236412,0.0116488480364612,0.000996748718050999,3
6871,20221018_110209.mat,236611,0.236611,0.00245064678267668,0.000996748718050999,3
6872,20221018_110209.mat,237805,0.237805,0.00367606634283469,0.000996748718050999,3
6873,20221018_110209.mat,238004,0.238004,0.0130573448255087,0.000996748718050999,3
6874,20221018_110209.mat,238203,0.238203,0.00203474334146941,0.000996748718050999,3
6875,20221018_110209.mat,238402,0.238402,0.00888375858732215,0.000996748718050999,3
6876,20221018_110209.mat,238601,0.238601,0.00377793741232675,0.000996748718050999,3
6877,20221018_110209.mat,238800,0.2388,0.00104324439350647,0.000996748718050999,3
6878,20221018_110209.mat,240193,0.240193,0.00198954035428588,0.000996748718050999,3
6879,20221018_110209.mat,245964,0.245964,0.00780113392654928,0.000996748718050999,3
6880,20221018_110209.mat,246163,0.246163,0.00828210349483125,0.000996748718050999,3
6881,20221018_110209.mat,246362,0.246362,0.00155641709621143,0.000996748718050999,3
6882,20221018_110209.mat,248750,0.24875,0.00364032282179658,0.000996748718050999,3
6883,20221018_110209.mat,248949,0.248949,0.00193794370068297,0.000996748718050999,3
6884,20221018_110209.mat,254521,0.254521,0.00501424967516995,0.000996748718050999,3
6885,20221018_110209.mat,254720,0.25472,0.00345403406607091,0.000996748718050999,3
6886,20221018_110209.mat,254919,0.254919,0.00104064280252579,0.000996748718050999,3
6887,20221018_110209.mat,255715,0.255715,0.00574481942743711,0.000996748718050999,3
6888,20221018_110209.mat,255914,0.255914,0.0026598997926262,0.000996748718050999,3
6889,20221018_110209.mat,260690,0.26069,0.00208066601237542,0.000996748718050999,3
6890,20221018_110209.mat,272829,0.272829,0.00145612463805456,0.000996748718050999,3
6891,20221018_110209.mat,277605,0.277605,0.002020278303742,0.000996748718050999,3
6892,20221018_110209.mat,284570,0.28457,0.00211355292885001,0.000996748718050999,3
6893,20221018_110209.mat,284769,0.284769,0.00228434810537614,0.000996748718050999,3
6894,20221018_110209.mat,285167,0.285167,0.00755153637613902,0.000996748718050999,3
6895,20221018_110209.mat,285366,0.285366,0.00117027159254539,0.000996748718050999,3
6896,20221018_110209.mat,287754,0.287754,0.00270465175717203,0.000996748718050999,3
6897,20221018_110209.mat,288749,0.288749,0.00104918221325202,0.000996748718050999,3
6898,20221018_110209.mat,300888,0.300888,0.00130686061292871,0.000996748718050999,3
6899,20221018_110209.mat,304669,0.304669,0.00116148207687978,0.000996748718050999,3
6900,20221018_110209.mat,304868,0.304868,0.00115966426853443,0.000996748718050999,3
6901,20221018_110209.mat,306659,0.306659,0.00456223927036974,0.000996748718050999,3
6902,20221018_110209.mat,306858,0.306858,0.0142730587248624,0.000996748718050999,3
6903,20221018_110209.mat,307057,0.307057,0.00145298483169053,0.000996748718050999,3
6904,20221018_110209.mat,307455,0.307455,0.00148710463764978,0.000996748718050999,3
6905,20221018_110209.mat,319992,0.319992,0.00413187984198286,0.000996748718050999,3
6906,20221018_110209.mat,320390,0.32039,0.00782276345353968,0.000996748718050999,3
6907,20221018_110209.mat,320589,0.320589,0.00137749890502179,0.000996748718050999,3
6908,20221018_110209.mat,323972,0.323972,0.00200449420764309,0.000996748718050999,3
6909,20221018_110209.mat,326559,0.326559,0.0033780226357757,0.000996748718050999,3
6910,20221018_110209.mat,326758,0.326758,0.00128538115312616,0.000996748718050999,3
6911,20221018_110209.mat,329544,0.329544,0.00214846590165895,0.000996748718050999,3
6912,20221018_110209.mat,329743,0.329743,0.00435900289086754,0.000996748718050999,3
6913,20221018_110209.mat,333126,0.333126,0.00660033993040362,0.000996748718050999,3
6914,20221018_110209.mat,333325,0.333325,0.00111230266321722,0.000996748718050999,3
6915,20221018_110209.mat,333922,0.333922,0.0053454899992531,0.000996748718050999,3
6916,20221018_110209.mat,334121,0.334121,0.00100042771459617,0.000996748718050999,3
6917,20221018_110209.mat,335514,0.335514,0.00692739995562694,0.000996748718050999,3
6918,20221018_110209.mat,335713,0.335713,0.00360199004680692,0.000996748718050999,3
6919,20221018_110209.mat,336509,0.336509,0.00680594585020232,0.000996748718050999,3
6920,20221018_110209.mat,336708,0.336708,0.0273153557278807,0.000996748718050999,3
6921,20221018_110209.mat,336907,0.336907,0.00696356142695785,0.000996748718050999,3
6922,20221018_110209.mat,337106,0.337106,0.00189698034102049,0.000996748718050999,3
6923,20221018_110209.mat,337703,0.337703,0.00867479234165037,0.000996748718050999,3
6924,20221018_110209.mat,337902,0.337902,0.0074656256546057,0.000996748718050999,3
6925,20221018_110209.mat,338101,0.338101,0.00155723239842112,0.000996748718050999,3
6926,20221018_110209.mat,341484,0.341484,0.00927691054320316,0.000996748718050999,3
6927,20221018_110209.mat,341683,0.341683,0.0018585411369536,0.000996748718050999,3
6928,20221018_110209.mat,343275,0.343275,0.00202999806994357,0.000996748718050999,3
6929,20221018_110209.mat,345265,0.345265,0.00109563315667821,0.000996748718050999,3
6930,20221018_110209.mat,345464,0.345464,0.0054685827401269,0.000996748718050999,3
6931,20221018_110209.mat,345663,0.345663,0.00122296528586111,0.000996748718050999,3
6932,20221018_110209.mat,345862,0.345862,0.00927814723987927,0.000996748718050999,3
6933,20221018_110209.mat,346061,0.346061,0.00237043357425896,0.000996748718050999,3
6934,20221018_110209.mat,347255,0.347255,0.00213027352111146,0.000996748718050999,3
6935,20221018_110209.mat,347454,0.347454,0.00113943316349685,0.000996748718050999,3
6936,20221018_110209.mat,348847,0.348847,0.0122664207171983,0.000996748718050999,3
6937,20221018_110209.mat,349046,0.349046,0.00384194741149061,0.000996748718050999,3
6938,20221018_110209.mat,349643,0.349643,0.00174852105670483,0.000996748718050999,3
6939,20221018_110209.mat,349842,0.349842,0.00604532747107993,0.000996748718050999,3
6940,20221018_110209.mat,350041,0.350041,0.00345593648601388,0.000996748718050999,3
6941,20221018_110209.mat,350837,0.350837,0.00178631283769538,0.000996748718050999,3
6942,20221018_110209.mat,351434,0.351434,0.0148039545012589,0.000996748718050999,3
6943,20221018_110209.mat,351633,0.351633,0.00799742419389511,0.000996748718050999,3
6944,20221018_110209.mat,351832,0.351832,0.00330263371306262,0.000996748718050999,3
6945,20221018_110209.mat,352031,0.352031,0.00894585974778777,0.000996748718050999,3
6946,20221018_110209.mat,352230,0.35223,0.0014542476582156,0.000996748718050999,3
6947,20221018_110209.mat,353424,0.353424,0.00790341965820079,0.000996748718050999,3
6948,20221018_110209.mat,353623,0.353623,0.0185462525834863,0.000996748718050999,3
6949,20221018_110209.mat,353822,0.353822,0.00315997406345985,0.000996748718050999,3
6950,20221018_110209.mat,354021,0.354021,0.0102257402445755,0.000996748718050999,3
6951,20221018_110209.mat,354220,0.35422,0.00429767949639532,0.000996748718050999,3
6952,20221018_110209.mat,354419,0.354419,0.0217158268214784,0.000996748718050999,3
6953,20221018_110209.mat,354618,0.354618,0.0175286062775385,0.000996748718050999,3
6954,20221018_110209.mat,354817,0.354817,0.0177612545439726,0.000996748718050999,3
6955,20221018_110209.mat,355016,0.355016,0.00827561575353106,0.000996748718050999,3
6956,20221018_110209.mat,355215,0.355215,0.00386809360007594,0.000996748718050999,3
6957,20221018_110209.mat,355414,0.355414,0.00308652108158929,0.000996748718050999,3
6958,20221018_110209.mat,356210,0.35621,0.00302636647107678,0.000996748718050999,3
6959,20221018_110209.mat,356409,0.356409,0.00216430294871025,0.000996748718050999,3
6960,20221018_110209.mat,357603,0.357603,0.00530315059977885,0.000996748718050999,3
6961,20221018_110209.mat,357802,0.357802,0.00931365015090833,0.000996748718050999,3
6962,20221018_110209.mat,358001,0.358001,0.0156156974062997,0.000996748718050999,3
6963,20221018_110209.mat,358200,0.3582,0.0018084907025554,0.000996748718050999,3
6964,20221018_110209.mat,358598,0.358598,0.00427466063598761,0.000996748718050999,3
6965,20221018_110209.mat,358797,0.358797,0.00789466577873129,0.000996748718050999,3
6966,20221018_110209.mat,358996,0.358996,0.0114059904357616,0.000996748718050999,3
6967,20221018_110209.mat,359195,0.359195,0.00563712003072042,0.000996748718050999,3
6968,20221018_110209.mat,359394,0.359394,0.00939252193804001,0.000996748718050999,3
6969,20221018_110209.mat,359593,0.359593,0.00116260043907168,0.000996748718050999,3
6970,20221018_110209.mat,360588,0.360588,0.00254967221324045,0.000996748718050999,3
6971,20221018_110209.mat,360787,0.360787,0.00313148445012592,0.000996748718050999,3
6972,20221018_110209.mat,360986,0.360986,0.00115868791482567,0.000996748718050999,3
6973,20221018_110209.mat,362379,0.362379,0.0010812071600048,0.000996748718050999,3
6974,20221018_110209.mat,362578,0.362578,0.00429795391031199,0.000996748718050999,3
6975,20221018_110209.mat,362976,0.362976,0.00373450142625178,0.000996748718050999,3
6976,20221018_110209.mat,363175,0.363175,0.00146152037109412,0.000996748718050999,3
6977,20221018_110209.mat,363772,0.363772,0.00211132428822443,0.000996748718050999,3
6978,20221018_110209.mat,364170,0.36417,0.00539028153120273,0.000996748718050999,3
6979,20221018_110209.mat,364369,0.364369,0.00214555587724855,0.000996748718050999,3
6980,20221018_110209.mat,366160,0.36616,0.00337576128420598,0.000996748718050999,3
6981,20221018_110209.mat,366359,0.366359,0.00964158184448391,0.000996748718050999,3
6982,20221018_110209.mat,366558,0.366558,0.0104907730220961,0.000996748718050999,3
6983,20221018_110209.mat,366757,0.366757,0.00357660420988678,0.000996748718050999,3
6984,20221018_110209.mat,367155,0.367155,0.0035573776723038,0.000996748718050999,3
6985,20221018_110209.mat,367354,0.367354,0.0204197090724717,0.000996748718050999,3
6986,20221018_110209.mat,367553,0.367553,0.00320897353151504,0.000996748718050999,3
6987,20221018_110209.mat,367752,0.367752,0.00530448604207272,0.000996748718050999,3
6988,20221018_110209.mat,367951,0.367951,0.0030668350364339,0.000996748718050999,3
6989,20221018_110209.mat,369941,0.369941,0.00423925585900175,0.000996748718050999,3
6990,20221018_110209.mat,370140,0.37014,0.0033425067229385,0.000996748718050999,3
6991,20221018_110209.mat,370737,0.370737,0.00209590290736166,0.000996748718050999,3
6992,20221018_110209.mat,371931,0.371931,0.00297362356132009,0.000996748718050999,3
6993,20221018_110209.mat,372130,0.37213,0.00124713871774721,0.000996748718050999,3
6994,20221018_110209.mat,373125,0.373125,0.00223157540688691,0.000996748718050999,3
6995,20221018_110209.mat,373722,0.373722,0.00283139589189131,0.000996748718050999,3
6996,20221018_110209.mat,373921,0.373921,0.00106738588958867,0.000996748718050999,3
6997,20221018_110209.mat,385662,0.385662,0.00445463359665881,0.000996748718050999,3
6998,20221018_110209.mat,385861,0.385861,0.00131186065721473,0.000996748718050999,3
6999,20221018_110209.mat,386856,0.386856,0.0062070537471407,0.000996748718050999,3
7000,20221018_110209.mat,387055,0.387055,0.0024070236222933,0.000996748718050999,3
7001,20221018_110209.mat,393025,0.393025,0.00342705992396304,0.000996748718050999,3
7002,20221018_110209.mat,393224,0.393224,0.0036593470485195,0.000996748718050999,3
7003,20221018_110209.mat,393423,0.393423,0.00193626587574645,0.000996748718050999,3
7004,20221018_110209.mat,396010,0.39601,0.0134398207496607,0.000996748718050999,3
7005,20221018_110209.mat,396209,0.396209,0.00743225196220868,0.000996748718050999,3
7006,20221018_110209.mat,396408,0.396408,0.00924385000367942,0.000996748718050999,3
7007,20221018_110209.mat,396607,0.396607,0.01611666921456,0.000996748718050999,3
7008,20221018_110209.mat,396806,0.396806,0.00257432541026388,0.000996748718050999,3
7009,20221018_110209.mat,398597,0.398597,0.00919855910888223,0.000996748718050999,3
7010,20221018_110209.mat,398796,0.398796,0.00422799600257815,0.000996748718050999,3
7011,20221018_110209.mat,398995,0.398995,0.00106012678995652,0.000996748718050999,3
7012,20221018_110209.mat,399393,0.399393,0.00209010545013522,0.000996748718050999,3
7013,20221018_110209.mat,400985,0.400985,0.00346879209413014,0.000996748718050999,3
7014,20221018_110209.mat,401184,0.401184,0.00156247929917514,0.000996748718050999,3
7015,20221018_110209.mat,402378,0.402378,0.00352235521624445,0.000996748718050999,3
7016,20221018_110209.mat,402577,0.402577,0.00164025585674966,0.000996748718050999,3
7017,20221018_110209.mat,403174,0.403174,0.00160732569429615,0.000996748718050999,3
7018,20221018_110209.mat,403373,0.403373,0.00652259618508179,0.000996748718050999,3
7019,20221018_110209.mat,403572,0.403572,0.00128168290174192,0.000996748718050999,3
7020,20221018_110209.mat,403970,0.40397,0.00193195196734913,0.000996748718050999,3
7021,20221018_110209.mat,404169,0.404169,0.00661510743630869,0.000996748718050999,3
7022,20221018_110209.mat,404368,0.404368,0.0117585241101335,0.000996748718050999,3
7023,20221018_110209.mat,404567,0.404567,0.118561094299429,0.000996748718050999,3
7024,20221018_110209.mat,404766,0.404766,0.0847175575915827,0.000996748718050999,3
7025,20221018_110209.mat,404965,0.404965,0.0217603056338355,0.000996748718050999,3
7026,20221018_110209.mat,405164,0.405164,0.00515930131251131,0.000996748718050999,3
7027,20221018_110209.mat,405363,0.405363,0.0192156208955256,0.000996748718050999,3
7028,20221018_110209.mat,405562,0.405562,0.017938539491105,0.000996748718050999,3
7029,20221018_110209.mat,405761,0.405761,0.0147824944626409,0.000996748718050999,3
7030,20221018_110209.mat,405960,0.40596,0.00447432275502202,0.000996748718050999,3
7031,20221018_110209.mat,406159,0.406159,0.00265925315151718,0.000996748718050999,3
7032,20221018_110209.mat,406358,0.406358,0.0010339177862366,0.000996748718050999,3
7033,20221018_110209.mat,406557,0.406557,0.0124771442952233,0.000996748718050999,3
7034,20221018_110209.mat,406756,0.406756,0.00202781749982062,0.000996748718050999,3
7035,20221018_110209.mat,407353,0.407353,0.00983530559790773,0.000996748718050999,3
7036,20221018_110209.mat,407552,0.407552,0.0127772728545909,0.000996748718050999,3
7037,20221018_110209.mat,407751,0.407751,0.0105607452580542,0.000996748718050999,3
7038,20221018_110209.mat,407950,0.40795,0.001719730821446,0.000996748718050999,3
7039,20221018_110209.mat,408945,0.408945,0.00622370049995388,0.000996748718050999,3
7040,20221018_110209.mat,409144,0.409144,0.00544765627985034,0.000996748718050999,3
7041,20221018_110209.mat,409343,0.409343,0.00312446210271006,0.000996748718050999,3
7042,20221018_110209.mat,409542,0.409542,0.00110568736407989,0.000996748718050999,3
7043,20221018_110209.mat,411134,0.411134,0.00698682735590404,0.000996748718050999,3
7044,20221018_110209.mat,411333,0.411333,0.00117192976122801,0.000996748718050999,3
7045,20221018_110209.mat,411930,0.41193,0.00152374054850065,0.000996748718050999,3
7046,20221018_110209.mat,412129,0.412129,0.00517366512835345,0.000996748718050999,3
7047,20221018_110209.mat,412328,0.412328,0.00296343197371389,0.000996748718050999,3
7048,20221018_110209.mat,412726,0.412726,0.00512173777218007,0.000996748718050999,3
7049,20221018_110209.mat,412925,0.412925,0.00322435046545769,0.000996748718050999,3
7050,20221018_110209.mat,413323,0.413323,0.00831551343213383,0.000996748718050999,3
7051,20221018_110209.mat,413522,0.413522,0.00589831739946358,0.000996748718050999,3
7052,20221018_110209.mat,413721,0.413721,0.00857439431425305,0.000996748718050999,3
7053,20221018_110209.mat,413920,0.41392,0.0207359343700077,0.000996748718050999,3
7054,20221018_110209.mat,414119,0.414119,0.00906225952197459,0.000996748718050999,3
7055,20221018_110209.mat,414318,0.414318,0.00514688018327283,0.000996748718050999,3
7056,20221018_110209.mat,414517,0.414517,0.00636708923404371,0.000996748718050999,3
7057,20221018_110209.mat,414716,0.414716,0.0336120824574476,0.000996748718050999,3
7058,20221018_110209.mat,414915,0.414915,0.155249082885798,0.000996748718050999,3
7059,20221018_110209.mat,415114,0.415114,0.0760795625599419,0.000996748718050999,3
7060,20221018_110209.mat,415313,0.415313,0.0349546108171037,0.000996748718050999,3
7061,20221018_110209.mat,415512,0.415512,0.0171894141291914,0.000996748718050999,3
7062,20221018_110209.mat,415711,0.415711,0.91871117015919,0.000996748718050999,3
7063,20221018_110209.mat,415910,0.41591,0.571637109149574,0.000996748718050999,3
7064,20221018_110209.mat,416109,0.416109,0.132738045078918,0.000996748718050999,3
7065,20221018_110209.mat,416308,0.416308,0.0511379497684622,0.000996748718050999,3
7066,20221018_110209.mat,416507,0.416507,0.0127610197686468,0.000996748718050999,3
7067,20221018_110209.mat,416706,0.416706,0.00256673240060919,0.000996748718050999,3
7068,20221018_110209.mat,416905,0.416905,0.00156605939036793,0.000996748718050999,3
7069,20221018_110209.mat,419890,0.41989,0.00360480173315509,0.000996748718050999,3
7070,20221018_110209.mat,422079,0.422079,0.00120272646743934,0.000996748718050999,3
7071,20221018_110209.mat,422278,0.422278,0.00142066681112257,0.000996748718050999,3
7072,20221018_110209.mat,425263,0.425263,0.00216502190744894,0.000996748718050999,3
7073,20221018_110209.mat,425462,0.425462,0.0011888677090931,0.000996748718050999,3
7074,20221018_110209.mat,429243,0.429243,0.0102316980009768,0.000996748718050999,3
7075,20221018_110209.mat,429442,0.429442,0.0106921937957605,0.000996748718050999,3
7076,20221018_110209.mat,429840,0.42984,0.00260190385280704,0.000996748718050999,3
7077,20221018_110209.mat,436407,0.436407,0.00117605334682293,0.000996748718050999,3
7078,20221018_110209.mat,447153,0.447153,0.00666929617325908,0.000996748718050999,3
7079,20221018_110209.mat,447352,0.447352,0.00443161695509303,0.000996748718050999,3
7080,20221018_110209.mat,450536,0.450536,0.0131377618937314,0.000996748718050999,3
7081,20221018_110209.mat,450735,0.450735,0.00514752656122889,0.000996748718050999,3
7082,20221018_110209.mat,450934,0.450934,0.00117558269862816,0.000996748718050999,3
7083,20221018_110209.mat,464068,0.464068,0.00649104373186699,0.000996748718050999,3
7084,20221018_110209.mat,464267,0.464267,0.011507282551535,0.000996748718050999,3
7085,20221018_110209.mat,464466,0.464466,0.0019504328154415,0.000996748718050999,3
7086,20221018_110209.mat,475013,0.475013,0.00167460536173937,0.000996748718050999,3
7087,20221018_110209.mat,475212,0.475212,0.00275133701772468,0.000996748718050999,3
7088,20221018_110209.mat,478197,0.478197,0.00327596511169238,0.000996748718050999,3
7089,20221018_110209.mat,478396,0.478396,0.0022253474029976,0.000996748718050999,3
7090,20221018_110209.mat,478595,0.478595,0.00101765860105986,0.000996748718050999,3
7091,20221018_110209.mat,485560,0.48556,0.0177600532705026,0.000996748718050999,3
7092,20221018_110209.mat,485759,0.485759,0.00502536739250384,0.000996748718050999,3
7093,20221018_110209.mat,507450,0.50745,0.0075869870468885,0.000996748718050999,3
7094,20221018_110209.mat,507649,0.507649,0.00154011662403103,0.000996748718050999,3
7095,20221018_110209.mat,514415,0.514415,0.00122337170946413,0.000996748718050999,3
7096,20221018_110209.mat,515609,0.515609,0.0157541435334445,0.000996748718050999,3
7097,20221018_110209.mat,515808,0.515808,0.00695075919018321,0.000996748718050999,3
7098,20221018_110209.mat,516007,0.516007,0.00251419615034324,0.000996748718050999,3
7099,20221018_110209.mat,526156,0.526156,0.00297035882980576,0.000996748718050999,3
7100,20221018_110209.mat,526355,0.526355,0.00147942118992119,0.000996748718050999,3
7101,20221018_110209.mat,529539,0.529539,0.00254223818781801,0.000996748718050999,3
7102,20221018_110209.mat,529738,0.529738,0.00300554038324995,0.000996748718050999,3
7103,20221018_110209.mat,530335,0.530335,0.00169309928961915,0.000996748718050999,3
7104,20221018_110209.mat,541678,0.541678,0.00543796830359001,0.000996748718050999,3
7105,20221018_110209.mat,541877,0.541877,0.00245903045342987,0.000996748718050999,3
7106,20221018_110209.mat,549837,0.549837,0.00553194846107264,0.000996748718050999,3
7107,20221018_110209.mat,550036,0.550036,0.0013658862707871,0.000996748718050999,3
7108,20221018_110209.mat,564762,0.564762,0.00243032298712532,0.000996748718050999,3
7109,20221018_110209.mat,564961,0.564961,0.00106422866092735,0.000996748718050999,3
7110,20221018_110209.mat,575707,0.575707,0.00126813356266837,0.000996748718050999,3
7111,20221018_110209.mat,583269,0.583269,0.0244245556084085,0.000996748718050999,3
7112,20221018_110209.mat,583468,0.583468,0.00372548246543959,0.000996748718050999,3
7113,20221018_110209.mat,600184,0.600184,0.00116937727667623,0.000996748718050999,3
7114,20221018_110209.mat,602970,0.60297,0.00478431261724164,0.000996748718050999,3
7115,20221018_110209.mat,603169,0.603169,0.00180674002624426,0.000996748718050999,3
7116,20221018_110209.mat,608144,0.608144,0.00149524771265777,0.000996748718050999,3
7117,20221018_110209.mat,646949,0.646949,0.0050564897531796,0.000996748718050999,3
7118,20221018_110209.mat,647148,0.647148,0.00840340050728281,0.000996748718050999,3
7119,20221018_110209.mat,647347,0.647347,0.00222584620078833,0.000996748718050999,3
7120,20221018_110209.mat,682570,0.68257,0.00161131908859814,0.000996748718050999,3
7121,20221018_110209.mat,682769,0.682769,0.00306570373198456,0.000996748718050999,3
7122,20221018_110209.mat,685356,0.685356,0.0011262467956181,0.000996748718050999,3
7123,20221018_110209.mat,687147,0.687147,0.00182574393512426,0.000996748718050999,3
7124,20221018_110209.mat,692122,0.692122,0.00207876734305149,0.000996748718050999,3
7125,20221018_110209.mat,692321,0.692321,0.00145402050823473,0.000996748718050999,3
7126,20221018_110209.mat,714410,0.71441,0.00102866279260116,0.000996748718050999,3
7127,20221018_110209.mat,738489,0.738489,0.00118615995642852,0.000996748718050999,3
7128,20221018_110209.mat,747046,0.747046,0.00174542383174188,0.000996748718050999,3
7129,20221018_110209.mat,747245,0.747245,0.00114344855820009,0.000996748718050999,3
7130,20221018_110209.mat,771523,0.771523,0.00124144208049529,0.000996748718050999,3
7131,20221018_110209.mat,781274,0.781274,0.00193518494500038,0.000996748718050999,3
7132,20221018_110209.mat,790826,0.790826,0.00292130086460505,0.000996748718050999,3
7133,20221018_110209.mat,816298,0.816298,0.00692892361463652,0.000996748718050999,3
7134,20221018_110209.mat,816497,0.816497,0.00128715774423091,0.000996748718050999,3
7135,20221018_110209.mat,833014,0.833014,0.00293434038305787,0.000996748718050999,3
7136,20221018_110209.mat,833213,0.833213,0.00169525806152267,0.000996748718050999,3
7137,20221018_110209.mat,872018,0.872018,0.00231976072384116,0.000996748718050999,3
7138,20221018_110209.mat,879182,0.879182,0.00331808708148077,0.000996748718050999,3
7139,20221018_110209.mat,908236,0.908236,0.00167426969446979,0.000996748718050999,3
7140,20221018_110209.mat,908435,0.908435,0.00106828143226457,0.000996748718050999,3
7141,20221018_110209.mat,912813,0.912813,0.000996803309809344,0.000996748718050999,3
7142,20221018_110209.mat,915002,0.915002,0.00124718303678371,0.000996748718050999,3
7143,20221018_110209.mat,915201,0.915201,0.00121574611693929,0.000996748718050999,3
7144,20221018_110209.mat,920972,0.920972,0.0059548590262062,0.000996748718050999,3
7145,20221018_110209.mat,921171,0.921171,0.00157850836604997,0.000996748718050999,3
7146,20221018_110209.mat,940076,0.940076,0.00190754482366848,0.000996748718050999,3
7147,20221018_110209.mat,951220,0.95122,0.00505889830477836,0.000996748718050999,3
7148,20221018_110209.mat,951419,0.951419,0.00527827080416252,0.000996748718050999,3
7149,20221018_110209.mat,951618,0.951618,0.00135618316305373,0.000996748718050999,3
7150,20221018_110209.mat,960573,0.960573,0.00107063084473008,0.000996748718050999,3
7151,20221018_110209.mat,973707,0.973707,0.00547105039425303,0.000996748718050999,3
7152,20221018_110209.mat,973906,0.973906,0.00495123417879273,0.000996748718050999,3
7153,20221018_110209.mat,974105,0.974105,0.00118032953899997,0.000996748718050999,3
7154,20221018_110209.mat,979478,0.979478,0.00336815857041442,0.000996748718050999,3
7155,20221018_110209.mat,979677,0.979677,0.00398989370764442,0.000996748718050999,3
7156,20221018_110209.mat,979876,0.979876,0.00103898565941658,0.000996748718050999,3
7157,20221018_110209.mat,980871,0.980871,0.0037330421176817,0.000996748718050999,3
7158,20221018_110209.mat,998980,0.99898,0.00350599367664532,0.000996748718050999,3
7159,20221018_110209.mat,999179,0.999179,0.00150291870836508,0.000996748718050999,3
7160,20221018_110209.mat,1008333,1.008333,0.00113773524320465,0.000996748718050999,3
7161,20221018_110209.mat,1010721,1.010721,0.00101162363651033,0.000996748718050999,3
7162,20221018_110209.mat,1026243,1.026243,0.00106624073344475,0.000996748718050999,3
7163,20221018_110209.mat,1029626,1.029626,0.00236976962911223,0.000996748718050999,3
7164,20221018_110209.mat,1031616,1.031616,0.00209839928990898,0.000996748718050999,3
7165,20221018_110209.mat,1031815,1.031815,0.00211776844814602,0.000996748718050999,3
7166,20221018_110209.mat,1034004,1.034004,0.0019462733212637,0.000996748718050999,3
7167,20221018_110209.mat,1049526,1.049526,0.00108414512515093,0.000996748718050999,3
7168,20221018_110209.mat,1055496,1.055496,0.0124385161717849,0.000996748718050999,3
7169,20221018_110209.mat,1055695,1.055695,0.00615567830947182,0.000996748718050999,3
7170,20221018_110209.mat,1055894,1.055894,0.00158176192373127,0.000996748718050999,3
7171,20221018_110209.mat,1066839,1.066839,0.00111634286685432,0.000996748718050999,3
7172,20221018_110209.mat,1067038,1.067038,0.00151615206343317,0.000996748718050999,3
7173,20221018_110209.mat,1078381,1.078381,0.00103365689522445,0.000996748718050999,3
7174,20221018_110209.mat,1083754,1.083754,0.0010686909115534,0.000996748718050999,3
7175,20221018_110209.mat,1101664,1.101664,0.00412679804751054,0.000996748718050999,3
7176,20221018_110209.mat,1103853,1.103853,0.00148426460071125,0.000996748718050999,3
7177,20221018_110209.mat,1104052,1.104052,0.0019134539366232,0.000996748718050999,3
7178,20221018_110209.mat,1117186,1.117186,0.00100354710688543,0.000996748718050999,3
7179,20221018_110209.mat,1121763,1.121763,0.00110534641745354,0.000996748718050999,3
7180,20221018_110209.mat,1125146,1.125146,0.00151947712717298,0.000996748718050999,3
7181,20221018_110209.mat,1125345,1.125345,0.00168768416295588,0.000996748718050999,3
7182,20221018_110209.mat,1127733,1.127733,0.003318387014305,0.000996748718050999,3
7183,20221018_110209.mat,1127932,1.127932,0.00191687011366418,0.000996748718050999,3
7184,20221018_110209.mat,1130917,1.130917,0.00161793198878759,0.000996748718050999,3
7185,20221018_110209.mat,1132509,1.132509,0.46074280963496,0.000996748718050999,3
7186,20221018_110209.mat,1132708,1.132708,0.0918578027057553,0.000996748718050999,3
7187,20221018_110209.mat,1132907,1.132907,0.0161895913601099,0.000996748718050999,3
7188,20221018_110209.mat,1133106,1.133106,0.00451918615374533,0.000996748718050999,3
7189,20221018_110209.mat,1133305,1.133305,0.00129270573537842,0.000996748718050999,3
7190,20221018_110209.mat,1133902,1.133902,0.0110327830236649,0.000996748718050999,3
7191,20221018_110209.mat,1134101,1.134101,0.0014030715228282,0.000996748718050999,3
7192,20221018_110209.mat,1139872,1.139872,0.00551099338619775,0.000996748718050999,3
7193,20221018_110209.mat,1140071,1.140071,0.00860857259616566,0.000996748718050999,3
7194,20221018_110209.mat,1140270,1.14027,0.00156608979430827,0.000996748718050999,3
7195,20221018_110209.mat,1140668,1.140668,0.00128305776020024,0.000996748718050999,3
7196,20221018_110209.mat,1148827,1.148827,0.0011653369331296,0.000996748718050999,3
7197,20221018_110209.mat,1152608,1.152608,0.0155366516740273,0.000996748718050999,3
7198,20221018_110209.mat,1152807,1.152807,0.0117333844458189,0.000996748718050999,3
7199,20221018_110209.mat,1168329,1.168329,0.0260092776130184,0.000996748718050999,3
7200,20221018_110209.mat,1168528,1.168528,0.0026655676056999,0.000996748718050999,3
7201,20221018_110209.mat,1168727,1.168727,0.00114142643665496,0.000996748718050999,3
7202,20221018_110209.mat,1176886,1.176886,0.00100107485560211,0.000996748718050999,3
7203,20221018_110209.mat,1191811,1.191811,0.00953708099191487,0.000996748718050999,3
7204,20221018_110209.mat,1192010,1.19201,0.00498766869742686,0.000996748718050999,3
7205,20221018_110209.mat,1192209,1.192209,0.00121673004863683,0.000996748718050999,3
7206,20221018_110209.mat,1201562,1.201562,0.00139630119628834,0.000996748718050999,3
7207,20221018_110209.mat,1201761,1.201761,0.00107234714295642,0.000996748718050999,3
7208,20221018_110209.mat,1206935,1.206935,0.00100476371917696,0.000996748718050999,3
7209,20221018_110209.mat,1214497,1.214497,0.0151721790678891,0.000996748718050999,3
7210,20221018_110209.mat,1214696,1.214696,0.00191835940444266,0.000996748718050999,3
7211,20221018_110209.mat,1239372,1.239372,0.00172008781546115,0.000996748718050999,3
7212,20221018_110209.mat,1240765,1.240765,0.00158363621049612,0.000996748718050999,3
7213,20221018_110209.mat,1240964,1.240964,0.00228572164137973,0.000996748718050999,3
7214,20221018_110209.mat,1268028,1.268028,0.0013146884112824,0.000996748718050999,3
7215,20221018_110209.mat,1268227,1.268227,0.0011628286784121,0.000996748718050999,3
7216,20221018_110209.mat,1278575,1.278575,0.0017493966235376,0.000996748718050999,3
7217,20221018_110209.mat,1281958,1.281958,0.00138988124262849,0.000996748718050999,3
7218,20221018_110209.mat,1316584,1.316584,0.00195281012463787,0.000996748718050999,3
7219,20221018_110209.mat,1316783,1.316783,0.00264608795855921,0.000996748718050999,3
7220,20221018_110209.mat,1342653,1.342653,0.00244125099875576,0.000996748718050999,3
7221,20221018_110209.mat,1348225,1.348225,0.00106129485789443,0.000996748718050999,3
7222,20221018_110209.mat,1348623,1.348623,0.0010700338619817,0.000996748718050999,3
7223,20221018_110209.mat,1360961,1.360961,0.0014561127472061,0.000996748718050999,3
7224,20221018_110209.mat,1378672,1.378672,0.0170932612015883,0.000996748718050999,3
7225,20221018_110209.mat,1378871,1.378871,0.00348054089156921,0.000996748718050999,3
7226,20221018_110209.mat,1379070,1.37907,0.00102952151371398,0.000996748718050999,3
7227,20221018_110209.mat,1395985,1.395985,0.034761009747121,0.000996748718050999,3
7228,20221018_110209.mat,1396184,1.396184,0.0075357808380974,0.000996748718050999,3
7229,20221018_110209.mat,1396383,1.396383,0.00128405597807358,0.000996748718050999,3
7230,20221018_110209.mat,1458869,1.458869,0.00102877122383093,0.000996748718050999,3
7231,20221018_110209.mat,1462252,1.462252,0.00192249200176165,0.000996748718050999,3
7232,20221018_110209.mat,1462451,1.462451,0.00148880489637129,0.000996748718050999,3
7233,20221018_110209.mat,1489117,1.489117,0.00886793111930367,0.000996748718050999,3
7234,20221018_110209.mat,1489316,1.489316,0.00196160338761845,0.000996748718050999,3
7235,20221018_110209.mat,1495684,1.495684,0.00112459351283202,0.000996748718050999,3
7236,20221018_110209.mat,1499266,1.499266,0.00136502571424082,0.000996748718050999,3
7237,20221018_110209.mat,1510808,1.510808,0.00157958864097325,0.000996748718050999,3
7238,20221018_110209.mat,1535086,1.535086,0.00243205139566812,0.000996748718050999,3
7239,20221018_110209.mat,1586627,1.586627,0.00149644305699686,0.000996748718050999,3
7240,20221018_110209.mat,1588816,1.588816,0.00398232230612108,0.000996748718050999,3
7241,20221018_110209.mat,1590209,1.590209,0.00147400582209056,0.000996748718050999,3
7242,20221018_110209.mat,1590408,1.590408,0.00128691119243143,0.000996748718050999,3
7243,20221018_110209.mat,1634984,1.634984,0.000998381726387786,0.000996748718050999,3
7244,20221018_110209.mat,1653292,1.653292,0.00103534347210831,0.000996748718050999,3
7245,20221018_110209.mat,1671003,1.671003,0.0095628878678137,0.000996748718050999,3
7246,20221018_110209.mat,1671202,1.671202,0.00365864024757902,0.000996748718050999,3
7247,20221018_110209.mat,1671998,1.671998,0.00418828842547945,0.000996748718050999,3
7248,20221018_110209.mat,1672197,1.672197,0.00195978390736102,0.000996748718050999,3
7249,20221018_110209.mat,1683341,1.683341,0.00115242821557904,0.000996748718050999,3
7250,20221018_110209.mat,1693689,1.693689,0.0111326489009094,0.000996748718050999,3
7251,20221018_110209.mat,1693888,1.693888,0.00577687927356291,0.000996748718050999,3
7252,20221018_110209.mat,1694087,1.694087,0.00125519573400822,0.000996748718050999,3
7253,20221018_110209.mat,1705032,1.705032,0.0119712564405734,0.000996748718050999,3
7254,20221018_110209.mat,1705231,1.705231,0.00662780127639526,0.000996748718050999,3
7255,20221018_110209.mat,1749807,1.749807,0.00150608750746366,0.000996748718050999,3
7256,20221018_110209.mat,1765130,1.76513,0.00460526991735191,0.000996748718050999,3
7257,20221018_110209.mat,1765329,1.765329,0.00120147419374479,0.000996748718050999,3
7258,20221018_110209.mat,1783836,1.783836,0.00643364481943439,0.000996748718050999,3
7259,20221018_110209.mat,1784035,1.784035,0.00171161166067058,0.000996748718050999,3
7260,20221018_110209.mat,1784234,1.784234,0.00101343658521349,0.000996748718050999,3
7261,20221018_110209.mat,1831795,1.831795,0.00695170786727381,0.000996748718050999,3
7262,20221018_110209.mat,1831994,1.831994,0.00359765928017505,0.000996748718050999,3
7263,20221018_110209.mat,1843536,1.843536,0.0130467781717727,0.000996748718050999,3
7264,20221018_110209.mat,1843735,1.843735,0.0111595396217431,0.000996748718050999,3
7265,20221018_110209.mat,1843934,1.843934,0.00109495584317307,0.000996748718050999,3
7266,20221018_110209.mat,1856670,1.85667,0.00364340396367195,0.000996748718050999,3
7267,20221018_110209.mat,1856869,1.856869,0.00166525408663051,0.000996748718050999,3
7268,20221018_110209.mat,1876570,1.87657,0.00532914204641564,0.000996748718050999,3
7269,20221018_110209.mat,1876769,1.876769,0.00114497429301661,0.000996748718050999,3
7270,20221018_110209.mat,1888311,1.888311,0.0020917888157682,0.000996748718050999,3
7271,20221018_110209.mat,1888510,1.88851,0.00129821924499295,0.000996748718050999,3
7272,20221018_110209.mat,1897266,1.897266,0.00124570069576723,0.000996748718050999,3
7273,20221018_110209.mat,1950399,1.950399,0.00337178975256051,0.000996748718050999,3
7274,20221018_110209.mat,1950598,1.950598,0.00137281218249251,0.000996748718050999,3
7275,20221018_110209.mat,1964926,1.964926,0.00101800765547361,0.000996748718050999,3
7276,20221018_110209.mat,1967513,1.967513,0.00141774559176438,0.000996748718050999,3
7277,20221018_110209.mat,1970498,1.970498,0.00135575982035937,0.000996748718050999,3
7278,20221018_110209.mat,1984428,1.984428,0.0212099667332346,0.000996748718050999,3
7279,20221018_110209.mat,1984627,1.984627,0.00942300484365879,0.000996748718050999,3
7280,20221018_110209.mat,1984826,1.984826,0.00134672540369655,0.000996748718050999,3
7281,20221018_110209.mat,2030397,2.030397,0.00114690887333022,0.000996748718050999,3
7282,20221018_110209.mat,2039551,2.039551,0.0107232318843322,0.000996748718050999,3
7283,20221018_110209.mat,2039750,2.03975,0.0089916462570839,0.000996748718050999,3
7284,20221018_110209.mat,2039949,2.039949,0.00107200770623552,0.000996748718050999,3
7285,20221018_110209.mat,2065620,2.06562,0.00224362622947848,0.000996748718050999,3
7286,20221018_110209.mat,2082933,2.082933,0.00392918363425668,0.000996748718050999,3
7287,20221018_110209.mat,2083132,2.083132,0.00230676931838714,0.000996748718050999,3
7288,20221018_110209.mat,2089500,2.0895,0.00169692400136503,0.000996748718050999,3
7289,20221018_110209.mat,2101241,2.101241,0.00155687976628776,0.000996748718050999,3
7290,20221018_110209.mat,2110395,2.110395,0.00237642399207582,0.000996748718050999,3
7291,20221018_110209.mat,2128305,2.128305,0.00129643110129366,0.000996748718050999,3
7292,20221018_110209.mat,2130096,2.130096,0.00213466504446558,0.000996748718050999,3
7293,20221018_110209.mat,2130295,2.130295,0.0012647848228668,0.000996748718050999,3
7294,20221018_110209.mat,2138653,2.138653,0.00121655379886849,0.000996748718050999,3
7295,20221018_110209.mat,2153976,2.153976,0.00174707357303593,0.000996748718050999,3
7296,20221018_110209.mat,2177060,2.17706,0.00162042354200975,0.000996748718050999,3
7297,20221018_110209.mat,2177259,2.177259,0.00124221563252765,0.000996748718050999,3
7298,20221018_110209.mat,2181438,2.181438,0.00140928231800661,0.000996748718050999,3
7299,20221018_110209.mat,2181637,2.181637,0.00252949971025924,0.000996748718050999,3
7300,20221018_110209.mat,2182035,2.182035,0.00195518403225847,0.000996748718050999,3
7301,20221018_110209.mat,2195169,2.195169,0.00549573397376295,0.000996748718050999,3
7302,20221018_110209.mat,2195368,2.195368,0.00663722518189991,0.000996748718050999,3
7303,20221018_110209.mat,2197358,2.197358,0.0016398662554311,0.000996748718050999,3
7304,20221018_110209.mat,2197557,2.197557,0.00149550266598231,0.000996748718050999,3
7305,20221018_110209.mat,2227606,2.227606,0.00209330477112844,0.000996748718050999,3
7306,20221018_110209.mat,2238352,2.238352,0.0180959632752712,0.000996748718050999,3
7307,20221018_110209.mat,2238551,2.238551,0.00232110957447627,0.000996748718050999,3
7308,20221018_110209.mat,2258053,2.258053,0.0167999031026161,0.000996748718050999,3
7309,20221018_110209.mat,2258252,2.258252,0.00296548441135749,0.000996748718050999,3
7310,20221018_110209.mat,2258451,2.258451,0.00130311447026957,0.000996748718050999,3
7311,20221018_110209.mat,2266212,2.266212,0.00176961717795498,0.000996748718050999,3
7312,20221018_110209.mat,2266411,2.266411,0.00100096675041421,0.000996748718050999,3
7313,20221018_110209.mat,2269396,2.269396,0.00125926347944416,0.000996748718050999,3
7314,20221018_110209.mat,2289495,2.289495,0.00112851684225641,0.000996748718050999,3
7315,20221018_110209.mat,2305017,2.305017,0.00132187277402378,0.000996748718050999,3
7316,20221018_110209.mat,2305216,2.305216,0.00176507086144408,0.000996748718050999,3
7317,20221018_110209.mat,2309196,2.309196,0.0010058937917942,0.000996748718050999,3
7318,20221018_110209.mat,2309992,2.309992,0.00491839093091388,0.000996748718050999,3
7319,20221018_110209.mat,2315166,2.315166,0.00539772952625429,0.000996748718050999,3
7320,20221018_110209.mat,2315365,2.315365,0.00187526577644751,0.000996748718050999,3
7321,20221018_110209.mat,2343026,2.343026,0.00305637067053522,0.000996748718050999,3
7322,20221018_110209.mat,2343225,2.343225,0.00122653952662238,0.000996748718050999,3
7323,20221018_110209.mat,2343424,2.343424,0.00116736584104325,0.000996748718050999,3
7324,20221018_110209.mat,2350389,2.350389,0.0017545212926999,0.000996748718050999,3
7325,20221018_110209.mat,2390587,2.390587,0.0021923615790859,0.000996748718050999,3
7326,20221018_110209.mat,2390786,2.390786,0.00105541603676368,0.000996748718050999,3
7327,20221018_110209.mat,2423223,2.423223,0.00272107784034288,0.000996748718050999,3
7328,20221018_110209.mat,2425810,2.42581,0.00202659678830694,0.000996748718050999,3
7329,20221018_110209.mat,2428198,2.428198,0.00102052273980671,0.000996748718050999,3
7330,20221018_110209.mat,2437352,2.437352,0.00148089847340695,0.000996748718050999,3
7331,20221018_110209.mat,2445312,2.445312,0.00119052542827148,0.000996748718050999,3
7332,20221018_110209.mat,2452277,2.452277,0.00102803301819316,0.000996748718050999,3
7333,20221018_110209.mat,2488694,2.488694,0.0025654675262306,0.000996748718050999,3
7334,20221018_110209.mat,2488893,2.488893,0.00127538489133662,0.000996748718050999,3
7335,20221018_110209.mat,2490286,2.490286,0.0172484447634806,0.000996748718050999,3
7336,20221018_110209.mat,2490485,2.490485,0.0024876600140402,0.000996748718050999,3
7337,20221018_110209.mat,2490684,2.490684,0.00108358754627185,0.000996748718050999,3
7338,20221018_110209.mat,2494266,2.494266,0.00119024794992583,0.000996748718050999,3
7339,20221018_110209.mat,2499241,2.499241,0.00141106101277334,0.000996748718050999,3
7340,20221018_110209.mat,2501032,2.501032,0.00114845465491352,0.000996748718050999,3
7341,20221018_110209.mat,2507599,2.507599,0.034340053344364,0.000996748718050999,3
7342,20221018_110209.mat,2507798,2.507798,0.0069820598526074,0.000996748718050999,3
7343,20221018_110209.mat,2507997,2.507997,0.00299662788131859,0.000996748718050999,3
7344,20221018_110209.mat,2508196,2.508196,0.00112004272559025,0.000996748718050999,3
7345,20221018_110209.mat,2508395,2.508395,0.0011143591079922,0.000996748718050999,3
7346,20221018_110209.mat,2522723,2.522723,0.00124615448087217,0.000996748718050999,3
7347,20221018_110209.mat,2537648,2.537648,0.00702639337974476,0.000996748718050999,3
7348,20221018_110209.mat,2537847,2.537847,0.00120154181268558,0.000996748718050999,3
7349,20221018_110209.mat,2544812,2.544812,0.00158128126550972,0.000996748718050999,3
7350,20221018_110209.mat,2545011,2.545011,0.00132972788650481,0.000996748718050999,3
7351,20221018_110209.mat,2552971,2.552971,0.00222793697299713,0.000996748718050999,3
7352,20221018_110209.mat,2569488,2.569488,0.0182025542703668,0.000996748718050999,3
7353,20221018_110209.mat,2569687,2.569687,0.00416656683090496,0.000996748718050999,3
7354,20221018_110209.mat,2569886,2.569886,0.00135933149602379,0.000996748718050999,3
7355,20221018_110209.mat,2595955,2.595955,0.0261601085711875,0.000996748718050999,3
7356,20221018_110209.mat,2596154,2.596154,0.0102508560991706,0.000996748718050999,3
7357,20221018_110209.mat,2596353,2.596353,0.00161754442101153,0.000996748718050999,3
7358,20221018_110209.mat,2615457,2.615457,0.00104575991549975,0.000996748718050999,3
7359,20221018_110209.mat,2623218,2.623218,0.00119514773325415,0.000996748718050999,3
7360,20221018_110209.mat,2634163,2.634163,0.032020409249617,0.000996748718050999,3
7361,20221018_110209.mat,2634362,2.634362,0.0232446671304913,0.000996748718050999,3
7362,20221018_110209.mat,2634561,2.634561,0.00454967251783768,0.000996748718050999,3
7363,20221018_110209.mat,2634760,2.63476,0.00205717695788156,0.000996748718050999,3
7364,20221018_110209.mat,2640332,2.640332,0.00113408077441686,0.000996748718050999,3
7365,20221018_110209.mat,2640531,2.640531,0.0012596478825559,0.000996748718050999,3
7366,20221018_110209.mat,2646899,2.646899,0.00405587125444936,0.000996748718050999,3
7367,20221018_110209.mat,2647098,2.647098,0.0271385435948155,0.000996748718050999,3
7368,20221018_110209.mat,2647297,2.647297,0.00395907786805007,0.000996748718050999,3
7369,20221018_110209.mat,2647496,2.647496,0.00203113624780724,0.000996748718050999,3
7370,20221018_110209.mat,2648889,2.648889,0.00336715649297576,0.000996748718050999,3
7371,20221018_110209.mat,2653466,2.653466,0.0223445754872695,0.000996748718050999,3
7372,20221018_110209.mat,2653665,2.653665,0.00855219763446599,0.000996748718050999,3
7373,20221018_110209.mat,2653864,2.653864,0.00159587547991086,0.000996748718050999,3
7374,20221018_110209.mat,2655854,2.655854,0.00315488833939546,0.000996748718050999,3
7375,20221018_110209.mat,2660033,2.660033,0.00148333691613002,0.000996748718050999,3
7376,20221018_110209.mat,2660431,2.660431,0.00144761271710341,0.000996748718050999,3
7377,20221018_110209.mat,2665207,2.665207,0.00657786850756581,0.000996748718050999,3
7378,20221018_110209.mat,2677943,2.677943,0.00492784657122535,0.000996748718050999,3
7379,20221018_110209.mat,2685704,2.685704,0.00215128949511887,0.000996748718050999,3
7380,20221018_110209.mat,2685903,2.685903,0.003158489350577,0.000996748718050999,3
7381,20221018_110209.mat,2687097,2.687097,0.00190586242501252,0.000996748718050999,3
7382,20221018_110209.mat,2701624,2.701624,0.0031804805150687,0.000996748718050999,3
7383,20221018_110209.mat,2701823,2.701823,0.00352581900396446,0.000996748718050999,3
7384,20221018_110209.mat,2709982,2.709982,0.00476567476534877,0.000996748718050999,3
7385,20221018_110209.mat,2710181,2.710181,0.0078725345507872,0.000996748718050999,3
7386,20221018_110209.mat,2710380,2.71038,0.00139565575822438,0.000996748718050999,3
7387,20221018_110209.mat,2727295,2.727295,0.0095533188560964,0.000996748718050999,3
7388,20221018_110209.mat,2727494,2.727494,0.0067562667394313,0.000996748718050999,3
7389,20221018_110209.mat,2727693,2.727693,0.00125608938762788,0.000996748718050999,3
7390,20221018_110209.mat,2762916,2.762916,0.0162622455035905,0.000996748718050999,3
7391,20221018_110209.mat,2763115,2.763115,0.00277132862173024,0.000996748718050999,3
7392,20221018_110209.mat,2773065,2.773065,0.00738948769365912,0.000996748718050999,3
7393,20221018_110209.mat,2773264,2.773264,0.0048981822137015,0.000996748718050999,3
7394,20221018_110209.mat,2773463,2.773463,0.00209653685051813,0.000996748718050999,3
7395,20221018_110209.mat,2797940,2.79794,0.00216243413868536,0.000996748718050999,3
7396,20221018_110209.mat,2798139,2.798139,0.00144900799592687,0.000996748718050999,3
7397,20221018_110209.mat,2808487,2.808487,0.00162557238062952,0.000996748718050999,3
7398,20221018_110209.mat,2809880,2.80988,0.0158537094991686,0.000996748718050999,3
7399,20221018_110209.mat,2810079,2.810079,0.00325171319476836,0.000996748718050999,3
7400,20221018_110209.mat,2813064,2.813064,0.00757652880309301,0.000996748718050999,3
7401,20221018_110209.mat,2813263,2.813263,0.00403226196056013,0.000996748718050999,3
7402,20221018_110209.mat,2813462,2.813462,0.00163518705730335,0.000996748718050999,3
7403,20221018_110209.mat,2814656,2.814656,0.0034592735989363,0.000996748718050999,3
7404,20221018_110209.mat,2814855,2.814855,0.00144549688818896,0.000996748718050999,3
7405,20221018_110209.mat,2817243,2.817243,0.00109633768987023,0.000996748718050999,3
7406,20221018_110209.mat,2823412,2.823412,0.0011312686754771,0.000996748718050999,3
7407,20221018_110209.mat,2825004,2.825004,0.00117894418201942,0.000996748718050999,3
7408,20221018_110209.mat,2830178,2.830178,0.00269593282655743,0.000996748718050999,3
7409,20221018_110209.mat,2838536,2.838536,0.0024703900593345,0.000996748718050999,3
7410,20221018_110209.mat,2844904,2.844904,0.00115183980525613,0.000996748718050999,3
7411,20221018_110209.mat,2846098,2.846098,0.00461365264675586,0.000996748718050999,3
7412,20221018_110209.mat,2846297,2.846297,0.00103463087474076,0.000996748718050999,3
7413,20221018_110209.mat,2847093,2.847093,0.00133595614275983,0.000996748718050999,3
7414,20221018_110209.mat,2849282,2.849282,0.00127114216443669,0.000996748718050999,3
7415,20221018_110209.mat,2850874,2.850874,0.00111884403154511,0.000996748718050999,3
7416,20221018_110209.mat,2853063,2.853063,0.00233073596982155,0.000996748718050999,3
7417,20221018_110209.mat,2854655,2.854655,0.0270085907910642,0.000996748718050999,3
7418,20221018_110209.mat,2854854,2.854854,0.00767460108187465,0.000996748718050999,3
7419,20221018_110209.mat,2855053,2.855053,0.00290305137903211,0.000996748718050999,3
7420,20221018_110209.mat,2855252,2.855252,0.00136580143409675,0.000996748718050999,3
7421,20221018_110209.mat,2855849,2.855849,0.00174487089972226,0.000996748718050999,3
7422,20221018_110209.mat,2866595,2.866595,0.00131143214700631,0.000996748718050999,3
7423,20221018_110209.mat,2868187,2.868187,0.00986471859954003,0.000996748718050999,3
7424,20221018_110209.mat,2868386,2.868386,0.00368487002412449,0.000996748718050999,3
7425,20221018_110209.mat,2868983,2.868983,0.00161361141887373,0.000996748718050999,3
7426,20221018_110209.mat,2871172,2.871172,0.00151530608868618,0.000996748718050999,3
7427,20221018_110209.mat,2876147,2.876147,0.0010208760337203,0.000996748718050999,3
7428,20221018_110209.mat,2879331,2.879331,0.00423057904311998,0.000996748718050999,3
7429,20221018_110209.mat,2881918,2.881918,0.0242280379209985,0.000996748718050999,3
7430,20221018_110209.mat,2882117,2.882117,0.00669439136609442,0.000996748718050999,3
7431,20221018_110209.mat,2882316,2.882316,0.00161255331691418,0.000996748718050999,3
7432,20221018_110209.mat,2885699,2.885699,0.00204840433238493,0.000996748718050999,3
7433,20221018_110209.mat,2885898,2.885898,0.00125769980610177,0.000996748718050999,3
7434,20221018_110209.mat,2886495,2.886495,0.00111760919444606,0.000996748718050999,3
7435,20221018_110209.mat,2886694,2.886694,0.00205809384019173,0.000996748718050999,3
7436,20221018_110209.mat,2887291,2.887291,0.00225964849368105,0.000996748718050999,3
7437,20221018_110209.mat,2888286,2.888286,0.00219497079954713,0.000996748718050999,3
7438,20221018_110209.mat,2889480,2.88948,0.00435805566810558,0.000996748718050999,3
7439,20221018_110209.mat,2889679,2.889679,0.00817844888109398,0.000996748718050999,3
7440,20221018_110209.mat,2890077,2.890077,0.00862885100464377,0.000996748718050999,3
7441,20221018_110209.mat,2890276,2.890276,0.00501914006261571,0.000996748718050999,3
7442,20221018_110209.mat,2891072,2.891072,0.00142039233030404,0.000996748718050999,3
7443,20221018_110209.mat,2891470,2.89147,0.00635151970579813,0.000996748718050999,3
7444,20221018_110209.mat,2891669,2.891669,0.00123936491463759,0.000996748718050999,3
7445,20221018_110209.mat,2892067,2.892067,0.00171517981873468,0.000996748718050999,3
7446,20221018_110209.mat,2892266,2.892266,0.0204336680206244,0.000996748718050999,3
7447,20221018_110209.mat,2892465,2.892465,0.0102409483032734,0.000996748718050999,3
7448,20221018_110209.mat,2892664,2.892664,0.00203765491093747,0.000996748718050999,3
7449,20221018_110209.mat,2893062,2.893062,0.00140493984825381,0.000996748718050999,3
7450,20221018_110209.mat,2894256,2.894256,0.00156470613869677,0.000996748718050999,3
7451,20221018_110209.mat,2894654,2.894654,0.048618870702879,0.000996748718050999,3
7452,20221018_110209.mat,2894853,2.894853,0.0366590859769298,0.000996748718050999,3
7453,20221018_110209.mat,2895052,2.895052,0.00439521950424808,0.000996748718050999,3
7454,20221018_110209.mat,2895251,2.895251,0.00181383117383034,0.000996748718050999,3
7455,20221018_110209.mat,2895450,2.89545,0.00315427688081599,0.000996748718050999,3
7456,20221018_110209.mat,2895649,2.895649,0.00467869707840624,0.000996748718050999,3
7457,20221018_110209.mat,2895848,2.895848,0.00147372658967036,0.000996748718050999,3
7458,20221018_110209.mat,2896047,2.896047,0.00284160978693132,0.000996748718050999,3
7459,20221018_110209.mat,2896246,2.896246,0.0013883282175826,0.000996748718050999,3
7460,20221018_110209.mat,2896445,2.896445,0.00426483938777464,0.000996748718050999,3
7461,20221018_110209.mat,2896644,2.896644,0.00269166717817251,0.000996748718050999,3
7462,20221018_110209.mat,2896843,2.896843,0.00738399838409215,0.000996748718050999,3
7463,20221018_110209.mat,2897042,2.897042,0.0166254372292331,0.000996748718050999,3
7464,20221018_110209.mat,2897241,2.897241,0.00513701964761641,0.000996748718050999,3
7465,20221018_110209.mat,2897440,2.89744,0.0124906853737517,0.000996748718050999,3
7466,20221018_110209.mat,2897639,2.897639,0.0114992285147861,0.000996748718050999,3
7467,20221018_110209.mat,2897838,2.897838,0.0461512195813382,0.000996748718050999,3
7468,20221018_110209.mat,2898037,2.898037,0.0852701440152637,0.000996748718050999,3
7469,20221018_110209.mat,2898236,2.898236,0.0342727158579255,0.000996748718050999,3
7470,20221018_110209.mat,2898435,2.898435,0.0267226909408526,0.000996748718050999,3
7471,20221018_110209.mat,2898634,2.898634,0.0208722147006034,0.000996748718050999,3
7472,20221018_110209.mat,2898833,2.898833,0.00655101355167331,0.000996748718050999,3
7473,20221018_110209.mat,2899032,2.899032,0.0414057446207241,0.000996748718050999,3
7474,20221018_110209.mat,2899231,2.899231,0.0578571564418405,0.000996748718050999,3
7475,20221018_110209.mat,2899430,2.89943,0.0364711595775128,0.000996748718050999,3
7476,20221018_110209.mat,2899629,2.899629,0.0318653808812221,0.000996748718050999,3
7477,20221018_110209.mat,2899828,2.899828,0.0145753550269701,0.000996748718050999,3
7478,20221018_110209.mat,2900027,2.900027,0.00745924680461169,0.000996748718050999,3
7479,20221018_110209.mat,2900226,2.900226,0.01027432214682,0.000996748718050999,3
7480,20221018_110209.mat,2900425,2.900425,0.00317447285963627,0.000996748718050999,3
7481,20221018_110209.mat,2900624,2.900624,0.00533816086117787,0.000996748718050999,3
7482,20221018_110209.mat,2900823,2.900823,0.00192876018229742,0.000996748718050999,3
7483,20221018_110209.mat,2901022,2.901022,0.0852244312826288,0.000996748718050999,3
7484,20221018_110209.mat,2901221,2.901221,0.082530197646581,0.000996748718050999,3
7485,20221018_110209.mat,2901420,2.90142,0.0128463878389866,0.000996748718050999,3
7486,20221018_110209.mat,2901619,2.901619,0.00680149710904306,0.000996748718050999,3
7487,20221018_110209.mat,2901818,2.901818,0.00240972443785479,0.000996748718050999,3
7488,20221018_110209.mat,2902017,2.902017,0.00116791677956006,0.000996748718050999,3
7489,20221018_110209.mat,2902415,2.902415,0.00892723038577574,0.000996748718050999,3
7490,20221018_110209.mat,2902614,2.902614,0.00202211728601474,0.000996748718050999,3
7491,20221018_110209.mat,2902813,2.902813,0.0171335902845873,0.000996748718050999,3
7492,20221018_110209.mat,2903012,2.903012,0.207182716040565,0.000996748718050999,3
7493,20221018_110209.mat,2903211,2.903211,0.296122978427996,0.000996748718050999,3
7494,20221018_110209.mat,2903410,2.90341,0.11247791635874,0.000996748718050999,3
7495,20221018_110209.mat,2903609,2.903609,0.16445358513165,0.000996748718050999,3
7496,20221018_110209.mat,2903808,2.903808,0.0472547711596754,0.000996748718050999,3
7497,20221018_110209.mat,2904007,2.904007,0.0177352568227514,0.000996748718050999,3
7498,20221018_110209.mat,2904206,2.904206,0.0100781180368436,0.000996748718050999,3
7499,20221018_110209.mat,2904405,2.904405,0.0256039219487149,0.000996748718050999,3
7500,20221018_110209.mat,2904604,2.904604,0.153514638521978,0.000996748718050999,3
7501,20221018_110209.mat,2904803,2.904803,0.35443356265349,0.000996748718050999,3
7502,20221018_110209.mat,2905002,2.905002,0.0451083037836163,0.000996748718050999,3
7503,20221018_110209.mat,2905201,2.905201,0.0378621044555204,0.000996748718050999,3
7504,20221018_110209.mat,2905400,2.9054,0.0264435687327347,0.000996748718050999,3
7505,20221018_110209.mat,2905599,2.905599,0.0191058530081276,0.000996748718050999,3
7506,20221018_110209.mat,2905798,2.905798,0.235396891665392,0.000996748718050999,3
7507,20221018_110209.mat,2905997,2.905997,0.0407949607948819,0.000996748718050999,3
7508,20221018_110209.mat,2906196,2.906196,0.00793301656843014,0.000996748718050999,3
7509,20221018_110209.mat,2906395,2.906395,0.0375961891695781,0.000996748718050999,3
7510,20221018_110209.mat,2906594,2.906594,0.0113070813853169,0.000996748718050999,3
7511,20221018_110209.mat,2906793,2.906793,0.00216249326588527,0.000996748718050999,3
7512,20221018_110209.mat,2906992,2.906992,0.00179342255721857,0.000996748718050999,3
7513,20221018_110209.mat,2907191,2.907191,0.00275401911468793,0.000996748718050999,3
7514,20221018_110209.mat,2907390,2.90739,0.0380202801747273,0.000996748718050999,3
7515,20221018_110209.mat,2907589,2.907589,0.0382740642092605,0.000996748718050999,3
7516,20221018_110209.mat,2907788,2.907788,0.00669447338469993,0.000996748718050999,3
7517,20221018_110209.mat,2907987,2.907987,0.0943351348129172,0.000996748718050999,3
7518,20221018_110209.mat,2908186,2.908186,0.0541806704476366,0.000996748718050999,3
7519,20221018_110209.mat,2908385,2.908385,0.0132852575917961,0.000996748718050999,3
7520,20221018_110209.mat,2908584,2.908584,0.0143877181199613,0.000996748718050999,3
7521,20221018_110209.mat,2908783,2.908783,0.0178143434032581,0.000996748718050999,3
7522,20221018_110209.mat,2908982,2.908982,0.00897743628052672,0.000996748718050999,3
7523,20221018_110209.mat,2909181,2.909181,0.0102916646207405,0.000996748718050999,3
7524,20221018_110209.mat,2909380,2.90938,0.00597595812686163,0.000996748718050999,3
7525,20221018_110209.mat,2909579,2.909579,0.00226396511082548,0.000996748718050999,3
7526,20221018_110209.mat,2909778,2.909778,0.00195848593961803,0.000996748718050999,3
7527,20221018_110209.mat,2909977,2.909977,0.0114346284842481,0.000996748718050999,3
7528,20221018_110209.mat,2910176,2.910176,0.00737016363751103,0.000996748718050999,3
7529,20221018_110209.mat,2910375,2.910375,0.0143473644188718,0.000996748718050999,3
7530,20221018_110209.mat,2910574,2.910574,0.0106322089717447,0.000996748718050999,3
7531,20221018_110209.mat,2910773,2.910773,0.00778123867068081,0.000996748718050999,3
7532,20221018_110209.mat,2910972,2.910972,0.0223771596069828,0.000996748718050999,3
7533,20221018_110209.mat,2911171,2.911171,0.00504435112966408,0.000996748718050999,3
7534,20221018_110209.mat,2911370,2.91137,0.00300040873916328,0.000996748718050999,3
7535,20221018_110209.mat,2911569,2.911569,0.00421768196787136,0.000996748718050999,3
7536,20221018_110209.mat,2911768,2.911768,0.00110218796274025,0.000996748718050999,3
7537,20221018_110209.mat,2911967,2.911967,0.0268952902570917,0.000996748718050999,3
7538,20221018_110209.mat,2912166,2.912166,0.025266613680237,0.000996748718050999,3
7539,20221018_110209.mat,2912365,2.912365,0.0259159472067926,0.000996748718050999,3
7540,20221018_110209.mat,2912564,2.912564,0.0485961312818162,0.000996748718050999,3
7541,20221018_110209.mat,2912763,2.912763,0.0124414320498039,0.000996748718050999,3
7542,20221018_110209.mat,2912962,2.912962,0.00706194905005947,0.000996748718050999,3
7543,20221018_110209.mat,2913161,2.913161,0.00224853773211174,0.000996748718050999,3
7544,20221018_110209.mat,2913360,2.91336,0.0279112316311117,0.000996748718050999,3
7545,20221018_110209.mat,2913559,2.913559,0.0173518729988702,0.000996748718050999,3
7546,20221018_110209.mat,2913758,2.913758,0.010437256273829,0.000996748718050999,3
7547,20221018_110209.mat,2913957,2.913957,0.00779622037317135,0.000996748718050999,3
7548,20221018_110209.mat,2914156,2.914156,0.037850318063686,0.000996748718050999,3
7549,20221018_110209.mat,2914355,2.914355,0.0195689762624935,0.000996748718050999,3
7550,20221018_110209.mat,2914554,2.914554,0.0636588280657216,0.000996748718050999,3
7551,20221018_110209.mat,2914753,2.914753,0.0663364109587725,0.000996748718050999,3
7552,20221018_110209.mat,2914952,2.914952,0.0271353835448891,0.000996748718050999,3
7553,20221018_110209.mat,2915151,2.915151,0.0134654595019879,0.000996748718050999,3
7554,20221018_110209.mat,2915350,2.91535,0.00810549394955142,0.000996748718050999,3
7555,20221018_110209.mat,2915549,2.915549,0.00675106965348252,0.000996748718050999,3
7556,20221018_110209.mat,2915748,2.915748,0.00260912640926774,0.000996748718050999,3
7557,20221018_110209.mat,2915947,2.915947,0.00150977551932617,0.000996748718050999,3
7558,20221018_110209.mat,2916743,2.916743,0.00662049846479444,0.000996748718050999,3
7559,20221018_110209.mat,2916942,2.916942,0.00270074116560553,0.000996748718050999,3
7560,20221018_110209.mat,2917340,2.91734,0.0607013785703772,0.000996748718050999,3
7561,20221018_110209.mat,2917539,2.917539,0.0428859914949687,0.000996748718050999,3
7562,20221018_110209.mat,2917738,2.917738,0.00787510749591512,0.000996748718050999,3
7563,20221018_110209.mat,2917937,2.917937,0.00326523596993225,0.000996748718050999,3
7564,20221018_110209.mat,2918932,2.918932,0.00767353996042459,0.000996748718050999,3
7565,20221018_110209.mat,2919131,2.919131,0.00116753097874629,0.000996748718050999,3
7566,20221018_110209.mat,2921519,2.921519,0.00188949058506315,0.000996748718050999,3
7567,20221018_110209.mat,2922713,2.922713,0.00598091160421929,0.000996748718050999,3
7568,20221018_110209.mat,2922912,2.922912,0.00536125221496122,0.000996748718050999,3
7569,20221018_110209.mat,2923111,2.923111,0.00103791984948464,0.000996748718050999,3
7570,20221018_110209.mat,2923310,2.92331,0.0011085340202953,0.000996748718050999,3
7571,20221018_110209.mat,2923509,2.923509,0.00285752304567012,0.000996748718050999,3
7572,20221018_110209.mat,2925698,2.925698,0.00196581479662126,0.000996748718050999,3
7573,20221018_110209.mat,2925897,2.925897,0.0013929837713158,0.000996748718050999,3
7574,20221018_110209.mat,2928086,2.928086,0.00234886093139212,0.000996748718050999,3
7575,20221018_110209.mat,2928285,2.928285,0.0012311207360176,0.000996748718050999,3
7576,20221018_110209.mat,2929081,2.929081,0.00774490325325963,0.000996748718050999,3
7577,20221018_110209.mat,2929280,2.92928,0.00119168471114417,0.000996748718050999,3
7578,20221018_110209.mat,2930872,2.930872,0.00103531838667007,0.000996748718050999,3
7579,20221018_110209.mat,2933658,2.933658,0.00136141810589674,0.000996748718050999,3
7580,20221018_110209.mat,2933857,2.933857,0.00138743550305101,0.000996748718050999,3
7581,20221018_110209.mat,2934454,2.934454,0.0024866824581529,0.000996748718050999,3
7582,20221018_110209.mat,2934852,2.934852,0.00733038014637669,0.000996748718050999,3
7583,20221018_110209.mat,2935051,2.935051,0.00284049592191005,0.000996748718050999,3
7584,20221018_110209.mat,2935250,2.93525,0.00105517276819329,0.000996748718050999,3
7585,20221018_110209.mat,2935648,2.935648,0.00253282643578104,0.000996748718050999,3
7586,20221018_110209.mat,2935847,2.935847,0.00115339860936497,0.000996748718050999,3
7587,20221018_110209.mat,2937439,2.937439,0.00303442406942832,0.000996748718050999,3
7588,20221018_110209.mat,2937638,2.937638,0.00351637817605892,0.000996748718050999,3
7589,20221018_110209.mat,2937837,2.937837,0.00473817457354977,0.000996748718050999,3
7590,20221018_110209.mat,2939429,2.939429,0.0072781020767088,0.000996748718050999,3
7591,20221018_110209.mat,2939628,2.939628,0.00187279003547599,0.000996748718050999,3
7592,20221018_110209.mat,2940822,2.940822,0.00823563868283526,0.000996748718050999,3
7593,20221018_110209.mat,2941021,2.941021,0.0021073338462316,0.000996748718050999,3
7594,20221018_110209.mat,2941220,2.94122,0.0015407177535621,0.000996748718050999,3
7595,20221018_110209.mat,2942414,2.942414,0.00740617160714614,0.000996748718050999,3
7596,20221018_110209.mat,2942613,2.942613,0.0157211984227429,0.000996748718050999,3
7597,20221018_110209.mat,2942812,2.942812,0.00165866985972804,0.000996748718050999,3
7598,20221018_110209.mat,2943210,2.94321,0.00119912373182542,0.000996748718050999,3
7599,20221018_110209.mat,2949379,2.949379,0.00897579546846547,0.000996748718050999,3
7600,20221018_110209.mat,2949578,2.949578,0.01021873969455,0.000996748718050999,3
7601,20221018_110209.mat,2949777,2.949777,0.00219283872607267,0.000996748718050999,3
7602,20221018_110209.mat,2949976,2.949976,0.00137505317735557,0.000996748718050999,3
7603,20221018_110209.mat,2950374,2.950374,0.00314269303492248,0.000996748718050999,3
7604,20221018_110209.mat,2950573,2.950573,0.00602556583837403,0.000996748718050999,3
7605,20221018_110209.mat,2955150,2.95515,0.00870599472498749,0.000996748718050999,3
7606,20221018_110209.mat,2955349,2.955349,0.0039251658701754,0.000996748718050999,3
7607,20221018_110209.mat,2955548,2.955548,0.00105492439318905,0.000996748718050999,3
7608,20221018_110209.mat,2958533,2.958533,0.0723031448921291,0.000996748718050999,3
7609,20221018_110209.mat,2958732,2.958732,0.00923370030852552,0.000996748718050999,3
7610,20221018_110209.mat,2958931,2.958931,0.00384525597493818,0.000996748718050999,3
7611,20221018_110209.mat,2959130,2.95913,0.00130281522342477,0.000996748718050999,3
7612,20221018_110209.mat,2961120,2.96112,0.0236657472405624,0.000996748718050999,3
7613,20221018_110209.mat,2961319,2.961319,0.00680489029407915,0.000996748718050999,3
7614,20221018_110209.mat,2961518,2.961518,0.00296745295813781,0.000996748718050999,3
7615,20221018_110209.mat,2961717,2.961717,0.00113035116025526,0.000996748718050999,3
7616,20221018_110209.mat,2964105,2.964105,0.00129125476680136,0.000996748718050999,3
7617,20221018_110209.mat,2965299,2.965299,0.00897581416507659,0.000996748718050999,3
7618,20221018_110209.mat,2965498,2.965498,0.00106341738015293,0.000996748718050999,3
7619,20221018_110209.mat,2967886,2.967886,0.00346661963417456,0.000996748718050999,3
7620,20221018_110209.mat,2968085,2.968085,0.00129030495616643,0.000996748718050999,3
7621,20221018_110209.mat,2968284,2.968284,0.00104219539904651,0.000996748718050999,3
7622,20221018_110209.mat,2968483,2.968483,0.0112233086117439,0.000996748718050999,3
7623,20221018_110209.mat,2968682,2.968682,0.00317568305887941,0.000996748718050999,3
7624,20221018_110209.mat,2968881,2.968881,0.00566900301445368,0.000996748718050999,3
7625,20221018_110209.mat,2969279,2.969279,0.00326290441216571,0.000996748718050999,3
7626,20221018_110209.mat,2969478,2.969478,0.00145366963837774,0.000996748718050999,3
7627,20221018_110209.mat,2973657,2.973657,0.0106749586288363,0.000996748718050999,3
7628,20221018_110209.mat,2973856,2.973856,0.00679174975501297,0.000996748718050999,3
7629,20221018_110209.mat,2974055,2.974055,0.00216899510137865,0.000996748718050999,3
7630,20221018_110209.mat,2974254,2.974254,0.00110533858527179,0.000996748718050999,3
7631,20221018_110209.mat,2977239,2.977239,0.00851667467583003,0.000996748718050999,3
7632,20221018_110209.mat,2977438,2.977438,0.00165194591620711,0.000996748718050999,3
7633,20221018_110209.mat,2978632,2.978632,0.00424575930396812,0.000996748718050999,3
7634,20221018_110209.mat,2978831,2.978831,0.00375866051168053,0.000996748718050999,3
7635,20221018_110209.mat,2980821,2.980821,0.00117339633040622,0.000996748718050999,3
7636,20221018_110209.mat,2981219,2.981219,0.00101246688220443,0.000996748718050999,3
7637,20221018_110209.mat,2981418,2.981418,0.00909599415679981,0.000996748718050999,3
7638,20221018_110209.mat,2981617,2.981617,0.00199356615213867,0.000996748718050999,3
7639,20221018_110209.mat,2981816,2.981816,0.00126635000228123,0.000996748718050999,3
7640,20221018_110209.mat,2982015,2.982015,0.00305660772135521,0.000996748718050999,3
7641,20221018_110209.mat,2982214,2.982214,0.00170386325757352,0.000996748718050999,3
7642,20221018_110209.mat,2982413,2.982413,0.00221324504691129,0.000996748718050999,3
7643,20221018_110209.mat,2982612,2.982612,0.000999672908949846,0.000996748718050999,3
7644,20221018_110209.mat,2983408,2.983408,0.0022024435624586,0.000996748718050999,3
7645,20221018_110209.mat,2983607,2.983607,0.0848360328295889,0.000996748718050999,3
7646,20221018_110209.mat,2983806,2.983806,0.0235865512733655,0.000996748718050999,3
7647,20221018_110209.mat,2984005,2.984005,0.0121044555697869,0.000996748718050999,3
7648,20221018_110209.mat,2984204,2.984204,0.00401858431837404,0.000996748718050999,3
7649,20221018_110209.mat,2985199,2.985199,0.00343392143026413,0.000996748718050999,3
7650,20221018_110209.mat,2985398,2.985398,0.00143857464970232,0.000996748718050999,3
7651,20221018_110209.mat,2987189,2.987189,0.00180697019403528,0.000996748718050999,3
7652,20221018_110209.mat,2987388,2.987388,0.00380319790103557,0.000996748718050999,3
7653,20221018_110209.mat,2991169,2.991169,0.00349009822028059,0.000996748718050999,3
7654,20221018_110209.mat,2991368,2.991368,0.00279401467298598,0.000996748718050999,3
7655,20221018_110209.mat,2994751,2.994751,0.00271270594621289,0.000996748718050999,3
7656,20221018_110209.mat,2994950,2.99495,0.0113687222674858,0.000996748718050999,3
7657,20221018_110209.mat,2995149,2.995149,0.00146132989738286,0.000996748718050999,3
7658,20221018_110209.mat,2996741,2.996741,0.0526696843035568,0.000996748718050999,3
7659,20221018_110209.mat,2996940,2.99694,0.0429079039097161,0.000996748718050999,3
7660,20221018_110209.mat,2997139,2.997139,0.0105465634912075,0.000996748718050999,3
7661,20221018_110209.mat,2997338,2.997338,0.00495296650345889,0.000996748718050999,3
7662,20221018_110209.mat,2997537,2.997537,0.00127311047238182,0.000996748718050999,3
7663,20221018_110209.mat,2998134,2.998134,0.00140173551389169,0.000996748718050999,3
7664,20221018_110209.mat,2998333,2.998333,0.00207456967673043,0.000996748718050999,3
7665,20221018_110209.mat,3004104,3.004104,0.00285778719357823,0.000996748718050999,3
7666,20221018_110209.mat,3004303,3.004303,0.00249409450350954,0.000996748718050999,3
7667,20221018_110209.mat,3004900,3.0049,0.00111900859332493,0.000996748718050999,3
7668,20221018_110209.mat,3006293,3.006293,0.00104133881565468,0.000996748718050999,3
7669,20221018_110209.mat,3007686,3.007686,0.00105065215500292,0.000996748718050999,3
7670,20221018_110209.mat,3007885,3.007885,0.00148299590126593,0.000996748718050999,3
7671,20221018_110209.mat,3008283,3.008283,0.00794389561447336,0.000996748718050999,3
7672,20221018_110209.mat,3008482,3.008482,0.00208744299420762,0.000996748718050999,3
7673,20221018_110209.mat,3008681,3.008681,0.00122406555702225,0.000996748718050999,3
7674,20221018_110209.mat,3010870,3.01087,0.00703335869097818,0.000996748718050999,3
7675,20221018_110209.mat,3011069,3.011069,0.00191074486279887,0.000996748718050999,3
7676,20221018_110209.mat,3011268,3.011268,0.00119481782327706,0.000996748718050999,3
7677,20221018_110209.mat,3011467,3.011467,0.00210020855229106,0.000996748718050999,3
7678,20221018_110209.mat,3011666,3.011666,0.0030226094902991,0.000996748718050999,3
7679,20221018_110209.mat,3013258,3.013258,0.00155220438629356,0.000996748718050999,3
7680,20221018_110209.mat,3013855,3.013855,0.00203975003894666,0.000996748718050999,3
7681,20221018_110209.mat,3014651,3.014651,0.0170752764908911,0.000996748718050999,3
7682,20221018_110209.mat,3014850,3.01485,0.0122745966569971,0.000996748718050999,3
7683,20221018_110209.mat,3015049,3.015049,0.00357083444611167,0.000996748718050999,3
7684,20221018_110209.mat,3015248,3.015248,0.00172965798931534,0.000996748718050999,3
7685,20221018_110209.mat,3015646,3.015646,0.00107912364030765,0.000996748718050999,3
7686,20221018_110209.mat,3018432,3.018432,0.00307592721632866,0.000996748718050999,3
7687,20221018_110209.mat,3019427,3.019427,0.00149926801964571,0.000996748718050999,3
7688,20221018_110209.mat,3020223,3.020223,0.00170143851026849,0.000996748718050999,3
7689,20221018_110209.mat,3023009,3.023009,0.00112437202270536,0.000996748718050999,3
7690,20221018_110209.mat,3025397,3.025397,0.00297698839734261,0.000996748718050999,3
7691,20221018_110209.mat,3029377,3.029377,0.00488069627382244,0.000996748718050999,3
7692,20221018_110209.mat,3029576,3.029576,0.00228478520258921,0.000996748718050999,3
7693,20221018_110209.mat,3029775,3.029775,0.0013221160801068,0.000996748718050999,3
7694,20221018_110209.mat,3030372,3.030372,0.00122953887473147,0.000996748718050999,3
7695,20221018_110209.mat,3030571,3.030571,0.00118640555464927,0.000996748718050999,3
7696,20221018_110209.mat,3032362,3.032362,0.00379142002553343,0.000996748718050999,3
7697,20221018_110209.mat,3032561,3.032561,0.0014483830569726,0.000996748718050999,3
7698,20221018_110209.mat,3032959,3.032959,0.00106846188421435,0.000996748718050999,3
7699,20221018_110209.mat,3033158,3.033158,0.00782394997042587,0.000996748718050999,3
7700,20221018_110209.mat,3036143,3.036143,0.00166463352112641,0.000996748718050999,3
7701,20221018_110209.mat,3036342,3.036342,0.00139811807848357,0.000996748718050999,3
7702,20221018_110209.mat,3039725,3.039725,0.00277232651354275,0.000996748718050999,3
7703,20221018_110209.mat,3044103,3.044103,0.00111240294169906,0.000996748718050999,3
7704,20221018_110209.mat,3047884,3.047884,0.00244513593463862,0.000996748718050999,3
7705,20221018_110209.mat,3048083,3.048083,0.00105466459429081,0.000996748718050999,3
7706,20221018_110209.mat,3052461,3.052461,0.0012544707971469,0.000996748718050999,3
7707,20221018_110209.mat,3053854,3.053854,0.00291470925163336,0.000996748718050999,3
7708,20221018_110209.mat,3054053,3.054053,0.0014335889592219,0.000996748718050999,3
7709,20221018_110209.mat,3055645,3.055645,0.00184617652829076,0.000996748718050999,3
7710,20221018_110209.mat,3055844,3.055844,0.0014535839692672,0.000996748718050999,3
7711,20221018_110209.mat,3058829,3.058829,0.00168483322150613,0.000996748718050999,3
7712,20221018_110209.mat,3059028,3.059028,0.0376672593573443,0.000996748718050999,3
7713,20221018_110209.mat,3059227,3.059227,0.0457797581288713,0.000996748718050999,3
7714,20221018_110209.mat,3059426,3.059426,0.00774602032443946,0.000996748718050999,3
7715,20221018_110209.mat,3059625,3.059625,0.00333995545620877,0.000996748718050999,3
7716,20221018_110209.mat,3063207,3.063207,0.00164524852901726,0.000996748718050999,3
7717,20221018_110209.mat,3063406,3.063406,0.00377446283663309,0.000996748718050999,3
7718,20221018_110209.mat,3063605,3.063605,0.00139191200930047,0.000996748718050999,3
7719,20221018_110209.mat,3064003,3.064003,0.0158630562723465,0.000996748718050999,3
7720,20221018_110209.mat,3064202,3.064202,0.0157187455162673,0.000996748718050999,3
7721,20221018_110209.mat,3064401,3.064401,0.00341110939755153,0.000996748718050999,3
7722,20221018_110209.mat,3064600,3.0646,0.00179616269035285,0.000996748718050999,3
7723,20221018_110209.mat,3065396,3.065396,0.00171512992626048,0.000996748718050999,3
7724,20221018_110209.mat,3069177,3.069177,0.00118428949593409,0.000996748718050999,3
7725,20221018_110209.mat,3069774,3.069774,0.00173000985523169,0.000996748718050999,3
7726,20221018_110209.mat,3071565,3.071565,0.00141594472371308,0.000996748718050999,3
7727,20221018_110209.mat,3072759,3.072759,0.00399947434065149,0.000996748718050999,3
7728,20221018_110209.mat,3073953,3.073953,0.00103186688822357,0.000996748718050999,3
7729,20221018_110209.mat,3074152,3.074152,0.00128296329378355,0.000996748718050999,3
7730,20221018_110209.mat,3074749,3.074749,0.00143145170397766,0.000996748718050999,3
7731,20221018_110209.mat,3075545,3.075545,0.00121564368094532,0.000996748718050999,3
7732,20221018_110209.mat,3075744,3.075744,0.00561281068422345,0.000996748718050999,3
7733,20221018_110209.mat,3075943,3.075943,0.0046890158472855,0.000996748718050999,3
7734,20221018_110209.mat,3076142,3.076142,0.00174318927618007,0.000996748718050999,3
7735,20221018_110209.mat,3076341,3.076341,0.00131420483102021,0.000996748718050999,3
7736,20221018_110209.mat,3076938,3.076938,0.00136471149665772,0.000996748718050999,3
7737,20221018_110209.mat,3077137,3.077137,0.00318359984821676,0.000996748718050999,3
7738,20221018_110209.mat,3077336,3.077336,0.0216451427322803,0.000996748718050999,3
7739,20221018_110209.mat,3077535,3.077535,0.0129075195831951,0.000996748718050999,3
7740,20221018_110209.mat,3077734,3.077734,0.00478319219505797,0.000996748718050999,3
7741,20221018_110209.mat,3077933,3.077933,0.00175932143392193,0.000996748718050999,3
7742,20221018_110209.mat,3078331,3.078331,0.0170811915159656,0.000996748718050999,3
7743,20221018_110209.mat,3078530,3.07853,0.00764851464639369,0.000996748718050999,3
7744,20221018_110209.mat,3078729,3.078729,0.00373712271850863,0.000996748718050999,3
7745,20221018_110209.mat,3078928,3.078928,0.00171139084788021,0.000996748718050999,3
7746,20221018_110209.mat,3079127,3.079127,0.0155476678374817,0.000996748718050999,3
7747,20221018_110209.mat,3079326,3.079326,0.00511490619612134,0.000996748718050999,3
7748,20221018_110209.mat,3079525,3.079525,0.00517808706123516,0.000996748718050999,3
7749,20221018_110209.mat,3079724,3.079724,0.00200448772925769,0.000996748718050999,3
7750,20221018_110209.mat,3079923,3.079923,0.00211802518410637,0.000996748718050999,3
7751,20221018_110209.mat,3080122,3.080122,0.00146324740014098,0.000996748718050999,3
7752,20221018_110209.mat,3080321,3.080321,0.00272768791109074,0.000996748718050999,3
7753,20221018_110209.mat,3081515,3.081515,0.00575141422471983,0.000996748718050999,3
7754,20221018_110209.mat,3081714,3.081714,0.020162192058857,0.000996748718050999,3
7755,20221018_110209.mat,3081913,3.081913,0.015405469243433,0.000996748718050999,3
7756,20221018_110209.mat,3082112,3.082112,0.00481486753713862,0.000996748718050999,3
7757,20221018_110209.mat,3082311,3.082311,0.125007687476067,0.000996748718050999,3
7758,20221018_110209.mat,3082510,3.08251,0.0704597096494985,0.000996748718050999,3
7759,20221018_110209.mat,3082709,3.082709,0.0256387357446852,0.000996748718050999,3
7760,20221018_110209.mat,3082908,3.082908,0.0448871758441253,0.000996748718050999,3
7761,20221018_110209.mat,3083107,3.083107,0.0120244883166781,0.000996748718050999,3
7762,20221018_110209.mat,3083306,3.083306,0.00868731548975413,0.000996748718050999,3
7763,20221018_110209.mat,3083505,3.083505,0.00328456317318096,0.000996748718050999,3
7764,20221018_110209.mat,3083704,3.083704,0.135385619515836,0.000996748718050999,3
7765,20221018_110209.mat,3083903,3.083903,3.68542344974555,0.000996748718050999,3
7766,20221018_110209.mat,3084102,3.084102,0.700845001699458,0.000996748718050999,3
7767,20221018_110209.mat,3084301,3.084301,0.407572135759526,0.000996748718050999,3
7768,20221018_110209.mat,3084500,3.0845,0.116576300751622,0.000996748718050999,3
7769,20221018_110209.mat,3084699,3.084699,0.0317192864659448,0.000996748718050999,3
7770,20221018_110209.mat,3084898,3.084898,0.00746359677205406,0.000996748718050999,3
7771,20221018_110209.mat,3085097,3.085097,0.00391439010440242,0.000996748718050999,3
7772,20221018_110209.mat,3085296,3.085296,0.0055116094471554,0.000996748718050999,3
7773,20221018_110209.mat,3085495,3.085495,0.00789061688223914,0.000996748718050999,3
7774,20221018_110209.mat,3085694,3.085694,0.0224052907234305,0.000996748718050999,3
7775,20221018_110209.mat,3085893,3.085893,0.00584421003588502,0.000996748718050999,3
7776,20221018_110209.mat,3086092,3.086092,0.336981424770801,0.000996748718050999,3
7777,20221018_110209.mat,3086291,3.086291,1.90040555133425,0.000996748718050999,3
7778,20221018_110209.mat,3086490,3.08649,3.71022149412888,0.000996748718050999,3
7779,20221018_110209.mat,3086689,3.086689,0.380659827560158,0.000996748718050999,3
7780,20221018_110209.mat,3086888,3.086888,0.14700701781135,0.000996748718050999,3
7781,20221018_110209.mat,3087087,3.087087,0.128827856421184,0.000996748718050999,3
7782,20221018_110209.mat,3087286,3.087286,0.0634089125118781,0.000996748718050999,3
7783,20221018_110209.mat,3087485,3.087485,0.0162848747732445,0.000996748718050999,3
7784,20221018_110209.mat,3087684,3.087684,0.00942672667396128,0.000996748718050999,3
7785,20221018_110209.mat,3087883,3.087883,0.00262182001994511,0.000996748718050999,3
7786,20221018_110209.mat,3088082,3.088082,0.00219020917858573,0.000996748718050999,3
7787,20221018_110209.mat,3088480,3.08848,0.00103971192535105,0.000996748718050999,3
7788,20221018_110209.mat,3088878,3.088878,0.0496732010597791,0.000996748718050999,3
7789,20221018_110209.mat,3089077,3.089077,0.0364570823348766,0.000996748718050999,3
7790,20221018_110209.mat,3089276,3.089276,0.0770350083265468,0.000996748718050999,3
7791,20221018_110209.mat,3089475,3.089475,0.00875698436781074,0.000996748718050999,3
7792,20221018_110209.mat,3089674,3.089674,0.00498382538721182,0.000996748718050999,3
7793,20221018_110209.mat,3089873,3.089873,0.00191894702353208,0.000996748718050999,3
7794,20221018_110209.mat,3090072,3.090072,0.0226046117393997,0.000996748718050999,3
7795,20221018_110209.mat,3090271,3.090271,0.00456860297400264,0.000996748718050999,3
7796,20221018_110209.mat,3090470,3.09047,0.00202474904743449,0.000996748718050999,3
7797,20221018_110209.mat,3090669,3.090669,0.509009739181204,0.000996748718050999,3
7798,20221018_110209.mat,3090868,3.090868,1.02241022147405,0.000996748718050999,3
7799,20221018_110209.mat,3091067,3.091067,0.1354448488684,0.000996748718050999,3
7800,20221018_110209.mat,3091266,3.091266,0.0349358519809927,0.000996748718050999,3
7801,20221018_110209.mat,3091465,3.091465,0.0336075769438099,0.000996748718050999,3
7802,20221018_110209.mat,3091664,3.091664,0.0109261926034951,0.000996748718050999,3
7803,20221018_110209.mat,3091863,3.091863,0.00178345190302006,0.000996748718050999,3
7804,20221018_110209.mat,3092062,3.092062,0.00304187147811207,0.000996748718050999,3
7805,20221018_110209.mat,3092261,3.092261,0.0202218435985323,0.000996748718050999,3
7806,20221018_110209.mat,3092460,3.09246,0.0180846655090951,0.000996748718050999,3
7807,20221018_110209.mat,3092659,3.092659,0.00369498629069475,0.000996748718050999,3
7808,20221018_110209.mat,3092858,3.092858,0.00131782824081441,0.000996748718050999,3
7809,20221018_110209.mat,3093256,3.093256,0.0129857597418062,0.000996748718050999,3
7810,20221018_110209.mat,3093455,3.093455,0.0145177634811597,0.000996748718050999,3
7811,20221018_110209.mat,3093654,3.093654,0.00154762332020617,0.000996748718050999,3
7812,20221018_110209.mat,3093853,3.093853,0.0254214260866738,0.000996748718050999,3
7813,20221018_110209.mat,3094052,3.094052,0.00805312880067595,0.000996748718050999,3
7814,20221018_110209.mat,3094251,3.094251,0.0013057704368598,0.000996748718050999,3
7815,20221018_110209.mat,3094450,3.09445,0.00658996917224331,0.000996748718050999,3
7816,20221018_110209.mat,3094649,3.094649,0.00281006333090633,0.000996748718050999,3
7817,20221018_110209.mat,3094848,3.094848,0.00706877744064531,0.000996748718050999,3
7818,20221018_110209.mat,3095047,3.095047,0.00921140212982033,0.000996748718050999,3
7819,20221018_110209.mat,3095246,3.095246,0.00872135102322081,0.000996748718050999,3
7820,20221018_110209.mat,3095445,3.095445,0.00205471216658188,0.000996748718050999,3
7821,20221018_110209.mat,3095644,3.095644,0.00216250727760687,0.000996748718050999,3
7822,20221018_110209.mat,3095843,3.095843,0.00847281232953447,0.000996748718050999,3
7823,20221018_110209.mat,3096042,3.096042,0.0490665562369834,0.000996748718050999,3
7824,20221018_110209.mat,3096241,3.096241,0.00885857515889228,0.000996748718050999,3
7825,20221018_110209.mat,3096440,3.09644,0.00207548096109048,0.000996748718050999,3
7826,20221018_110209.mat,3096639,3.096639,0.00381330866447829,0.000996748718050999,3
7827,20221018_110209.mat,3096838,3.096838,0.00138531068691756,0.000996748718050999,3
7828,20221018_110209.mat,3097435,3.097435,0.0253324454935519,0.000996748718050999,3
7829,20221018_110209.mat,3097634,3.097634,0.0666980548302256,0.000996748718050999,3
7830,20221018_110209.mat,3097833,3.097833,0.00660535900547024,0.000996748718050999,3
7831,20221018_110209.mat,3098032,3.098032,0.00589197581520157,0.000996748718050999,3
7832,20221018_110209.mat,3098231,3.098231,0.00145930674591049,0.000996748718050999,3
7833,20221018_110209.mat,3099226,3.099226,0.0049140198290496,0.000996748718050999,3
7834,20221018_110209.mat,3099425,3.099425,0.00187268477866329,0.000996748718050999,3
7835,20221018_110209.mat,3099823,3.099823,0.00139788800081085,0.000996748718050999,3
7836,20221018_110209.mat,3100022,3.100022,0.00196117049282951,0.000996748718050999,3
7837,20221018_110209.mat,3101614,3.101614,0.00408317123673832,0.000996748718050999,3
7838,20221018_110209.mat,3101813,3.101813,0.00142655805984011,0.000996748718050999,3
7839,20221018_110209.mat,3102012,3.102012,0.00105358683432112,0.000996748718050999,3
7840,20221018_110209.mat,3102410,3.10241,0.00494733281697283,0.000996748718050999,3
7841,20221018_110209.mat,3102609,3.102609,0.00425750613431315,0.000996748718050999,3
7842,20221018_110209.mat,3103007,3.103007,0.0315537432745879,0.000996748718050999,3
7843,20221018_110209.mat,3103206,3.103206,0.00943868005738832,0.000996748718050999,3
7844,20221018_110209.mat,3103405,3.103405,0.00347950457621917,0.000996748718050999,3
7845,20221018_110209.mat,3103604,3.103604,0.00293790945465272,0.000996748718050999,3
7846,20221018_110209.mat,3104002,3.104002,0.00299973981846155,0.000996748718050999,3
7847,20221018_110209.mat,3104201,3.104201,0.00101987618590329,0.000996748718050999,3
7848,20221018_110209.mat,3105395,3.105395,0.0238025545267181,0.000996748718050999,3
7849,20221018_110209.mat,3105594,3.105594,0.0156664481306056,0.000996748718050999,3
7850,20221018_110209.mat,3105793,3.105793,0.00301862789348096,0.000996748718050999,3
7851,20221018_110209.mat,3105992,3.105992,0.00121245810645255,0.000996748718050999,3
7852,20221018_110209.mat,3108181,3.108181,0.0114438771335235,0.000996748718050999,3
7853,20221018_110209.mat,3108380,3.10838,0.00161769571315605,0.000996748718050999,3
7854,20221018_110209.mat,3108579,3.108579,0.00122559878932618,0.000996748718050999,3
7855,20221018_110209.mat,3108977,3.108977,0.00531834331896762,0.000996748718050999,3
7856,20221018_110209.mat,3109176,3.109176,0.0045597142025992,0.000996748718050999,3
7857,20221018_110209.mat,3109375,3.109375,0.00742443007527316,0.000996748718050999,3
7858,20221018_110209.mat,3109574,3.109574,0.00120113521013357,0.000996748718050999,3
7859,20221018_110209.mat,3109972,3.109972,0.00472095328456058,0.000996748718050999,3
7860,20221018_110209.mat,3110171,3.110171,0.00301508899412051,0.000996748718050999,3
7861,20221018_110209.mat,3110370,3.11037,0.00125944750003709,0.000996748718050999,3
7862,20221018_110209.mat,3110569,3.110569,0.00460238915505072,0.000996748718050999,3
7863,20221018_110209.mat,3110768,3.110768,0.00101061891805858,0.000996748718050999,3
7864,20221018_110209.mat,3113355,3.113355,0.00145747247407955,0.000996748718050999,3
7865,20221018_110209.mat,3113554,3.113554,0.00125054083586897,0.000996748718050999,3
7866,20221018_110209.mat,3113952,3.113952,0.00265606359300765,0.000996748718050999,3
7867,20221018_110209.mat,3114151,3.114151,0.00161196554961619,0.000996748718050999,3
7868,20221018_110209.mat,3114350,3.11435,0.00183124992676621,0.000996748718050999,3
7869,20221018_110209.mat,3114549,3.114549,0.00209893650556647,0.000996748718050999,3
7870,20221018_110209.mat,3114748,3.114748,0.00905771862538825,0.000996748718050999,3
7871,20221018_110209.mat,3114947,3.114947,0.00486979869337899,0.000996748718050999,3
7872,20221018_110209.mat,3115345,3.115345,0.00126027790207625,0.000996748718050999,3
7873,20221018_110209.mat,3115544,3.115544,0.00112324642771421,0.000996748718050999,3
7874,20221018_110209.mat,3120917,3.120917,0.00254243372631344,0.000996748718050999,3
7875,20221018_110209.mat,3121116,3.121116,0.00158212205830405,0.000996748718050999,3
7876,20221018_110209.mat,3127285,3.127285,0.00379902437534695,0.000996748718050999,3
7877,20221018_110209.mat,3127484,3.127484,0.039961926791626,0.000996748718050999,3
7878,20221018_110209.mat,3127683,3.127683,0.0941243619803138,0.000996748718050999,3
7879,20221018_110209.mat,3127882,3.127882,0.0126785720514921,0.000996748718050999,3
7880,20221018_110209.mat,3128081,3.128081,0.00600402128656234,0.000996748718050999,3
7881,20221018_110209.mat,3128280,3.12828,0.00281570772016479,0.000996748718050999,3
7882,20221018_110209.mat,3129673,3.129673,0.00160238317906923,0.000996748718050999,3
7883,20221018_110209.mat,3131066,3.131066,0.0172108973693887,0.000996748718050999,3
7884,20221018_110209.mat,3131265,3.131265,0.014147116511703,0.000996748718050999,3
7885,20221018_110209.mat,3131464,3.131464,0.00196957398529132,0.000996748718050999,3
7886,20221018_110209.mat,3144797,3.144797,0.00493411340622935,0.000996748718050999,3
7887,20221018_110209.mat,3144996,3.144996,0.00113688679643797,0.000996748718050999,3
7888,20221018_110209.mat,3146588,3.146588,0.0592175970520689,0.000996748718050999,3
7889,20221018_110209.mat,3146787,3.146787,0.0493314858980596,0.000996748718050999,3
7890,20221018_110209.mat,3146986,3.146986,0.00626754843188766,0.000996748718050999,3
7891,20221018_110209.mat,3147185,3.147185,0.00311400811560403,0.000996748718050999,3
7892,20221018_110209.mat,3148180,3.14818,0.00222626217909943,0.000996748718050999,3
7893,20221018_110209.mat,3148379,3.148379,0.00695359736316371,0.000996748718050999,3
7894,20221018_110209.mat,3148578,3.148578,0.00104712082813465,0.000996748718050999,3
7895,20221018_110209.mat,3151762,3.151762,0.00562425315687591,0.000996748718050999,3
7896,20221018_110209.mat,3151961,3.151961,0.00369174986828935,0.000996748718050999,3
7897,20221018_110209.mat,3152558,3.152558,0.00134104956939678,0.000996748718050999,3
7898,20221018_110209.mat,3152757,3.152757,0.00121712432864444,0.000996748718050999,3
7899,20221018_110209.mat,3152956,3.152956,0.0011140743154013,0.000996748718050999,3
7900,20221018_110209.mat,3154747,3.154747,0.00142751961073108,0.000996748718050999,3
7901,20221018_110209.mat,3161115,3.161115,0.022904392586175,0.000996748718050999,3
7902,20221018_110209.mat,3161314,3.161314,0.00865059723902537,0.000996748718050999,3
7903,20221018_110209.mat,3161513,3.161513,0.001461306200301,0.000996748718050999,3
7904,20221018_110209.mat,3162906,3.162906,0.00177199993084321,0.000996748718050999,3
7905,20221018_110209.mat,3175045,3.175045,0.0171874903021206,0.000996748718050999,3
7906,20221018_110209.mat,3175244,3.175244,0.00801426077578496,0.000996748718050999,3
7907,20221018_110209.mat,3175443,3.175443,0.00167375990040555,0.000996748718050999,3
7908,20221018_110209.mat,3180219,3.180219,0.00110011270126648,0.000996748718050999,3
7909,20221018_110209.mat,3188577,3.188577,0.00368624850152027,0.000996748718050999,3
7910,20221018_110209.mat,3190766,3.190766,0.00132704559930207,0.000996748718050999,3
7911,20221018_110209.mat,3196139,3.196139,0.0101533226471451,0.000996748718050999,3
7912,20221018_110209.mat,3196338,3.196338,0.00817854382357447,0.000996748718050999,3
7913,20221018_110209.mat,3196537,3.196537,0.0010375107420016,0.000996748718050999,3
7914,20221018_110209.mat,3198129,3.198129,0.00269949134770405,0.000996748718050999,3
7915,20221018_110209.mat,3199522,3.199522,0.00103629498162553,0.000996748718050999,3
7916,20221018_110209.mat,3199721,3.199721,0.00105062743508445,0.000996748718050999,3
7917,20221018_110209.mat,3206089,3.206089,0.00193880808728333,0.000996748718050999,3
7918,20221018_110209.mat,3206288,3.206288,0.019317761190812,0.000996748718050999,3
7919,20221018_110209.mat,3206487,3.206487,0.00222932196509687,0.000996748718050999,3
7920,20221018_110209.mat,3206686,3.206686,0.00836527512180074,0.000996748718050999,3
7921,20221018_110209.mat,3206885,3.206885,0.0169141174024758,0.000996748718050999,3
7922,20221018_110209.mat,3207084,3.207084,0.00406661142830267,0.000996748718050999,3
7923,20221018_110209.mat,3207283,3.207283,0.00189070647973027,0.000996748718050999,3
7924,20221018_110209.mat,3218029,3.218029,0.00291730575065004,0.000996748718050999,3
7925,20221018_110209.mat,3218228,3.218228,0.00126952493041618,0.000996748718050999,3
7926,20221018_110209.mat,3218427,3.218427,0.00780909540363283,0.000996748718050999,3
7927,20221018_110209.mat,3218626,3.218626,0.001401942634542,0.000996748718050999,3
7928,20221018_110209.mat,3227183,3.227183,0.0175637242513575,0.000996748718050999,3
7929,20221018_110209.mat,3227382,3.227382,0.00262864511525993,0.000996748718050999,3
7930,20221018_110209.mat,3227581,3.227581,0.0011485555457776,0.000996748718050999,3
7931,20221018_110209.mat,3249471,3.249471,0.00713374103189203,0.000996748718050999,3
7932,20221018_110209.mat,3249670,3.24967,0.00726900383988761,0.000996748718050999,3
7933,20221018_110209.mat,3249869,3.249869,0.00103302081776936,0.000996748718050999,3
7934,20221018_110209.mat,3253252,3.253252,0.00105798853918738,0.000996748718050999,3
7935,20221018_110209.mat,3261809,3.261809,0.00132158684465682,0.000996748718050999,3
7936,20221018_110209.mat,3262406,3.262406,0.00537337393321113,0.000996748718050999,3
7937,20221018_110209.mat,3262605,3.262605,0.00160589732707587,0.000996748718050999,3
7938,20221018_110209.mat,3264595,3.264595,0.00164801096339194,0.000996748718050999,3
7939,20221018_110209.mat,3264794,3.264794,0.00119525554731051,0.000996748718050999,3
7940,20221018_110209.mat,3265789,3.265789,0.0150551041113085,0.000996748718050999,3
7941,20221018_110209.mat,3265988,3.265988,0.00223392361008292,0.000996748718050999,3
7942,20221018_110209.mat,3297828,3.297828,0.00115128117322797,0.000996748718050999,3
7943,20221018_110209.mat,3303798,3.303798,0.0297228348167425,0.000996748718050999,3
7944,20221018_110209.mat,3303997,3.303997,0.0193049210353724,0.000996748718050999,3
7945,20221018_110209.mat,3304196,3.304196,0.00406965111623734,0.000996748718050999,3
7946,20221018_110209.mat,3304395,3.304395,0.00171002214614981,0.000996748718050999,3
7947,20221018_110209.mat,3308176,3.308176,0.00604567214528964,0.000996748718050999,3
7948,20221018_110209.mat,3308375,3.308375,0.00169579143454185,0.000996748718050999,3
7949,20221018_110209.mat,3313748,3.313748,0.00849389698695264,0.000996748718050999,3
7950,20221018_110209.mat,3313947,3.313947,0.00673676320952272,0.000996748718050999,3
7951,20221018_110209.mat,3336434,3.336434,0.0119597473673226,0.000996748718050999,3
7952,20221018_110209.mat,3336633,3.336633,0.00243351560966147,0.000996748718050999,3
7953,20221018_110209.mat,3336832,3.336832,0.0012558677571995,0.000996748718050999,3
7954,20221018_110209.mat,3345389,3.345389,0.0010004137354991,0.000996748718050999,3
7955,20221018_110209.mat,3347578,3.347578,0.00118434347661623,0.000996748718050999,3
7956,20221018_110209.mat,3347777,3.347777,0.00112729260081074,0.000996748718050999,3
7957,20221018_110209.mat,3359916,3.359916,0.051589310134945,0.000996748718050999,3
7958,20221018_110209.mat,3360115,3.360115,0.0123458672870095,0.000996748718050999,3
7959,20221018_110209.mat,3360314,3.360314,0.00616224644336885,0.000996748718050999,3
7960,20221018_110209.mat,3360513,3.360513,0.00269155571848259,0.000996748718050999,3
7961,20221018_110209.mat,3361508,3.361508,0.00125221635895848,0.000996748718050999,3
7962,20221018_110209.mat,3361707,3.361707,0.00106871427878092,0.000996748718050999,3
7963,20221018_110209.mat,3364891,3.364891,0.00107953209123352,0.000996748718050999,3
7964,20221018_110209.mat,3369070,3.36907,0.00622181181091778,0.000996748718050999,3
7965,20221018_110209.mat,3369269,3.369269,0.00161566124535331,0.000996748718050999,3
7966,20221018_110209.mat,3377428,3.377428,0.00172923654143054,0.000996748718050999,3
7967,20221018_110209.mat,3377627,3.377627,0.00115591609242765,0.000996748718050999,3
7968,20221018_110209.mat,3386184,3.386184,0.00184504462341815,0.000996748718050999,3
7969,20221018_110209.mat,3389169,3.389169,0.00218743140967438,0.000996748718050999,3
7970,20221018_110209.mat,3389368,3.389368,0.0014497470478002,0.000996748718050999,3
7971,20221018_110209.mat,3389567,3.389567,0.0025764078911502,0.000996748718050999,3
7972,20221018_110209.mat,3396532,3.396532,0.00166094054207835,0.000996748718050999,3
7973,20221018_110209.mat,3396731,3.396731,0.00185806380203004,0.000996748718050999,3
7974,20221018_110209.mat,3437128,3.437128,0.0038057089712707,0.000996748718050999,3
7975,20221018_110209.mat,3441108,3.441108,0.00640131019375668,0.000996748718050999,3
7976,20221018_110209.mat,3441307,3.441307,0.00166190592992938,0.000996748718050999,3
7977,20221018_110209.mat,3452451,3.452451,0.000999955653151505,0.000996748718050999,3
7978,20221018_110209.mat,3469764,3.469764,0.00283993425298183,0.000996748718050999,3
7979,20221018_110209.mat,3469963,3.469963,0.00165571788223575,0.000996748718050999,3
7980,20221018_110209.mat,3475535,3.475535,0.00173736992945393,0.000996748718050999,3
7981,20221018_110209.mat,3475734,3.475734,0.00278991725223091,0.000996748718050999,3
7982,20221018_110209.mat,3483097,3.483097,0.00209107732078514,0.000996748718050999,3
7983,20221018_110209.mat,3483893,3.483893,0.00130393366163881,0.000996748718050999,3
7984,20221018_110209.mat,3486878,3.486878,0.00336861546223677,0.000996748718050999,3
7985,20221018_110209.mat,3487077,3.487077,0.00120178426745397,0.000996748718050999,3
7986,20221018_110209.mat,3497425,3.497425,0.036851354400033,0.000996748718050999,3
7987,20221018_110209.mat,3497624,3.497624,0.00604594944560871,0.000996748718050999,3
7988,20221018_110209.mat,3497823,3.497823,0.00244164050684864,0.000996748718050999,3
7989,20221018_110209.mat,3521504,3.521504,0.00101204748573141,0.000996748718050999,3
7990,20221018_110209.mat,3523693,3.523693,0.00107313057401749,0.000996748718050999,3
7991,20221018_110209.mat,3531653,3.531653,0.010735716832618,0.000996748718050999,3
7992,20221018_110209.mat,3531852,3.531852,0.225925033651815,0.000996748718050999,3
7993,20221018_110209.mat,3532051,3.532051,0.0332782619427431,0.000996748718050999,3
7994,20221018_110209.mat,3532250,3.53225,0.0102203079206904,0.000996748718050999,3
7995,20221018_110209.mat,3532449,3.532449,0.00318899469629596,0.000996748718050999,3
7996,20221018_110209.mat,3540608,3.540608,0.00103260654498352,0.000996748718050999,3
7997,20221018_110209.mat,3552349,3.552349,0.00102487086908648,0.000996748718050999,3
7998,20221018_110209.mat,3562299,3.562299,0.00523230091526073,0.000996748718050999,3
7999,20221018_110209.mat,3573045,3.573045,0.00259128766742219,0.000996748718050999,3
8000,20221018_110209.mat,3573244,3.573244,0.00132982804469823,0.000996748718050999,3
8001,20221018_110209.mat,3574040,3.57404,0.00294430935556498,0.000996748718050999,3
8002,20221018_110209.mat,3574637,3.574637,0.00118446323767668,0.000996748718050999,3
8003,20221018_110209.mat,3586179,3.586179,0.0111258771298115,0.000996748718050999,3
8004,20221018_110209.mat,3586378,3.586378,0.00941457349725664,0.000996748718050999,3
8005,20221018_110209.mat,3586577,3.586577,0.00230116004194828,0.000996748718050999,3
8006,20221018_110209.mat,3591751,3.591751,0.00371615983436938,0.000996748718050999,3
8007,20221018_110209.mat,3612049,3.612049,0.00115525913467324,0.000996748718050999,3
8008,20221018_110209.mat,3648466,3.648466,0.00243435257240055,0.000996748718050999,3
8009,20221018_110209.mat,3648665,3.648665,0.00225468868424174,0.000996748718050999,3
8010,20221018_110209.mat,3651451,3.651451,0.00120810381141364,0.000996748718050999,3
8011,20221018_110209.mat,3655033,3.655033,0.00489146352181636,0.000996748718050999,3
8012,20221018_110209.mat,3655232,3.655232,0.00406974373301322,0.000996748718050999,3
8013,20221018_110209.mat,3665381,3.665381,0.00406739780047615,0.000996748718050999,3
8014,20221018_110209.mat,3665580,3.66558,0.0010619161940959,0.000996748718050999,3
8015,20221018_110209.mat,3673540,3.67354,0.00390059398729192,0.000996748718050999,3
8016,20221018_110209.mat,3673739,3.673739,0.00147760535276305,0.000996748718050999,3
8017,20221018_110209.mat,3690057,3.690057,0.00297421025023959,0.000996748718050999,3
8018,20221018_110209.mat,3690256,3.690256,0.00160276776484318,0.000996748718050999,3
8019,20221018_110209.mat,3690455,3.690455,0.00158191874279326,0.000996748718050999,3
8020,20221018_110209.mat,3690654,3.690654,0.00103200853826878,0.000996748718050999,3
8021,20221018_110209.mat,3705181,3.705181,0.00189147732739822,0.000996748718050999,3
8022,20221018_110209.mat,3705380,3.70538,0.00101705082291947,0.000996748718050999,3
8023,20221018_110209.mat,3726673,3.726673,0.00366728111398263,0.000996748718050999,3
8024,20221018_110209.mat,3732046,3.732046,0.00328936217292866,0.000996748718050999,3
8025,20221018_110209.mat,3732245,3.732245,0.009893662792616,0.000996748718050999,3
8026,20221018_110209.mat,3732444,3.732444,0.00267669644008533,0.000996748718050999,3
8027,20221018_110209.mat,3732643,3.732643,0.00102365278254187,0.000996748718050999,3
8028,20221018_110209.mat,3744782,3.744782,0.120885811090393,0.000996748718050999,3
8029,20221018_110209.mat,3744981,3.744981,0.0179437676974282,0.000996748718050999,3
8030,20221018_110209.mat,3745180,3.74518,0.00325736068269612,0.000996748718050999,3
8031,20221018_110209.mat,3745379,3.745379,0.00117243425209047,0.000996748718050999,3
8032,20221018_110209.mat,3762692,3.762692,0.00121864498211236,0.000996748718050999,3
8033,20221018_110209.mat,3767667,3.767667,0.00105111285225614,0.000996748718050999,3
8034,20221018_110209.mat,3771249,3.771249,0.00889727807703747,0.000996748718050999,3
8035,20221018_110209.mat,3771448,3.771448,0.0047425928857181,0.000996748718050999,3
8036,20221018_110209.mat,3771647,3.771647,0.00113408459126527,0.000996748718050999,3
8037,20221018_110209.mat,3786572,3.786572,0.00651458462871448,0.000996748718050999,3
8038,20221018_110209.mat,3786771,3.786771,0.00202168236113517,0.000996748718050999,3
8039,20221018_110209.mat,3787766,3.787766,0.00144547892074004,0.000996748718050999,3
8040,20221018_110209.mat,3797716,3.797716,0.00126334632893156,0.000996748718050999,3
8041,20221018_110209.mat,3828561,3.828561,0.00225398488375728,0.000996748718050999,3
8042,20221018_110209.mat,3859605,3.859605,0.00145714551490019,0.000996748718050999,3
8043,20221018_110209.mat,3872341,3.872341,0.030242410170744,0.000996748718050999,3
8044,20221018_110209.mat,3872540,3.87254,0.00932396672418558,0.000996748718050999,3
8045,20221018_110209.mat,3872739,3.872739,0.00294950631720165,0.000996748718050999,3
8046,20221018_110209.mat,3872938,3.872938,0.00105680043313237,0.000996748718050999,3
8047,20221018_110209.mat,3881893,3.881893,0.00100454597128082,0.000996748718050999,3
8048,20221018_110209.mat,3897216,3.897216,0.00107888880342979,0.000996748718050999,3
8049,20221018_110209.mat,3897415,3.897415,0.0011523756291486,0.000996748718050999,3
8050,20221018_110209.mat,3901594,3.901594,0.00214408649436763,0.000996748718050999,3
8051,20221018_110209.mat,3909355,3.909355,0.00119609794469279,0.000996748718050999,3
8052,20221018_110209.mat,3932240,3.93224,0.00868581637789787,0.000996748718050999,3
8053,20221018_110209.mat,3932439,3.932439,0.0015693657030924,0.000996748718050999,3
8054,20221018_110209.mat,3939404,3.939404,0.0326243890022542,0.000996748718050999,3
8055,20221018_110209.mat,3939603,3.939603,0.0254949528096951,0.000996748718050999,3
8056,20221018_110209.mat,3939802,3.939802,0.00281394056080734,0.000996748718050999,3
8057,20221018_110209.mat,3940001,3.940001,0.00142906499445022,0.000996748718050999,3
8058,20221018_110209.mat,3965075,3.965075,0.00534518670090452,0.000996748718050999,3
8059,20221018_110209.mat,3965274,3.965274,0.00172073056612306,0.000996748718050999,3
8060,20221018_110209.mat,3965473,3.965473,0.00110594300507184,0.000996748718050999,3
8061,20221018_110209.mat,3966667,3.966667,0.00101745113966876,0.000996748718050999,3
8062,20221018_110209.mat,3971841,3.971841,0.00194208091569957,0.000996748718050999,3
8063,20221018_110209.mat,3972040,3.97204,0.00102335966641784,0.000996748718050999,3
8064,20221018_110209.mat,3989950,3.98995,0.00275198488917686,0.000996748718050999,3
8065,20221018_110209.mat,3990149,3.990149,0.00108374547921377,0.000996748718050999,3
8066,20221018_110209.mat,4010248,4.010248,0.00211488325506907,0.000996748718050999,3
8067,20221018_110209.mat,4012636,4.012636,0.00120747966034011,0.000996748718050999,3
8068,20221018_110209.mat,4027561,4.027561,0.0199353006894044,0.000996748718050999,3
8069,20221018_110209.mat,4027760,4.02776,0.00935611635707288,0.000996748718050999,3
8070,20221018_110209.mat,4027959,4.027959,0.00219712838600119,0.000996748718050999,3
8071,20221018_110209.mat,4032536,4.032536,0.0206101760280184,0.000996748718050999,3
8072,20221018_110209.mat,4032735,4.032735,0.0285484241535797,0.000996748718050999,3
8073,20221018_110209.mat,4032934,4.032934,0.00643687825094832,0.000996748718050999,3
8074,20221018_110209.mat,4033133,4.033133,0.0014838223734838,0.000996748718050999,3
8075,20221018_110209.mat,4048655,4.048655,0.00103004532448946,0.000996748718050999,3
8076,20221018_110209.mat,4048854,4.048854,0.00113737638457597,0.000996748718050999,3
8077,20221018_110209.mat,4057411,4.057411,0.0014321075144958,0.000996748718050999,3
8078,20221018_110209.mat,4071142,4.071142,0.00919513525461294,0.000996748718050999,3
8079,20221018_110209.mat,4071341,4.071341,0.00461631266706704,0.000996748718050999,3
8080,20221018_110209.mat,4071540,4.07154,0.00131995422546478,0.000996748718050999,3
8081,20221018_110209.mat,4072734,4.072734,0.0110867429138491,0.000996748718050999,3
8082,20221018_110209.mat,4072933,4.072933,0.00153772881093988,0.000996748718050999,3
8083,20221018_110209.mat,4076316,4.076316,0.0167387326673922,0.000996748718050999,3
8084,20221018_110209.mat,4076515,4.076515,0.0183130008553317,0.000996748718050999,3
8085,20221018_110209.mat,4076714,4.076714,0.00182688962087672,0.000996748718050999,3
8086,20221018_110209.mat,4079102,4.079102,0.00207053348679914,0.000996748718050999,3
8087,20221018_110209.mat,4079301,4.079301,0.00103653946854277,0.000996748718050999,3
8088,20221018_110209.mat,4082684,4.082684,0.00487089475070577,0.000996748718050999,3
8089,20221018_110209.mat,4082883,4.082883,0.00301366228278396,0.000996748718050999,3
8090,20221018_110209.mat,4083082,4.083082,0.00107214715841267,0.000996748718050999,3
8091,20221018_110209.mat,4092037,4.092037,0.00124835825358557,0.000996748718050999,3
8092,20221018_110209.mat,4094226,4.094226,0.0014427595808047,0.000996748718050999,3
8093,20221018_110209.mat,4101191,4.101191,0.00121042693280372,0.000996748718050999,3
8094,20221018_110209.mat,4134623,4.134623,0.00570464306562956,0.000996748718050999,3
8095,20221018_110209.mat,4134822,4.134822,0.00542522738610301,0.000996748718050999,3
8096,20221018_110209.mat,4139797,4.139797,0.00108918014447713,0.000996748718050999,3
8097,20221018_110209.mat,4139996,4.139996,0.00152070400564389,0.000996748718050999,3
8098,20221018_110209.mat,4141190,4.14119,0.0146703112680188,0.000996748718050999,3
8099,20221018_110209.mat,4141389,4.141389,0.00146159372877017,0.000996748718050999,3
8100,20221018_110209.mat,4141787,4.141787,0.021303732242077,0.000996748718050999,3
8101,20221018_110209.mat,4141986,4.141986,0.00370230576563587,0.000996748718050999,3
8102,20221018_110209.mat,4142185,4.142185,0.00105777765567755,0.000996748718050999,3
8103,20221018_110209.mat,4154523,4.154523,0.00118507843841294,0.000996748718050999,3
8104,20221018_110209.mat,4192333,4.192333,0.016984294319951,0.000996748718050999,3
8105,20221018_110209.mat,4192532,4.192532,0.0024966785929289,0.000996748718050999,3
8106,20221018_110209.mat,4192731,4.192731,0.00259413896833077,0.000996748718050999,3
8107,20221018_110209.mat,4192930,4.19293,0.00101222085727348,0.000996748718050999,3
8108,20221018_110209.mat,4203477,4.203477,0.00697484968882087,0.000996748718050999,3
8109,20221018_110209.mat,4203676,4.203676,0.00179540822607617,0.000996748718050999,3
8110,20221018_110209.mat,4203875,4.203875,0.00100166108015557,0.000996748718050999,3
8111,20221018_110209.mat,4206860,4.20686,0.00661689533924208,0.000996748718050999,3
8112,20221018_110209.mat,4207059,4.207059,0.0039119598620523,0.000996748718050999,3
8113,20221018_110209.mat,4210641,4.210641,0.0074708643693567,0.000996748718050999,3
8114,20221018_110209.mat,4210840,4.21084,0.00771986277886299,0.000996748718050999,3
8115,20221018_110209.mat,4229546,4.229546,0.00167178848216274,0.000996748718050999,3
8116,20221018_110209.mat,4229745,4.229745,0.0036166123930122,0.000996748718050999,3
8117,20221018_110209.mat,4245267,4.245267,0.00201469922594325,0.000996748718050999,3
8118,20221018_110209.mat,4257406,4.257406,0.00118799467974354,0.000996748718050999,3
8119,20221018_110209.mat,4257605,4.257605,0.00159960835018073,0.000996748718050999,3
8120,20221018_110209.mat,4262779,4.262779,0.00205390612369805,0.000996748718050999,3
8121,20221018_110209.mat,4266162,4.266162,0.00349865541451837,0.000996748718050999,3
8122,20221018_110209.mat,4266361,4.266361,0.00139717895190122,0.000996748718050999,3
8123,20221018_110209.mat,4272729,4.272729,0.00128354477364567,0.000996748718050999,3
8124,20221018_110209.mat,4283674,4.283674,0.00244979064977996,0.000996748718050999,3
8125,20221018_110209.mat,4284669,4.284669,0.0981844092141505,0.000996748718050999,3
8126,20221018_110209.mat,4284868,4.284868,0.0509773173139058,0.000996748718050999,3
8127,20221018_110209.mat,4285067,4.285067,0.0169318563905579,0.000996748718050999,3
8128,20221018_110209.mat,4285266,4.285266,0.00595564665892967,0.000996748718050999,3
8129,20221018_110209.mat,4285465,4.285465,0.00113249538091306,0.000996748718050999,3
8130,20221018_110209.mat,4298201,4.298201,0.00226851894048763,0.000996748718050999,3
8131,20221018_110209.mat,4298400,4.2984,0.00355305747192475,0.000996748718050999,3
8132,20221018_110209.mat,4305763,4.305763,0.00282930055486367,0.000996748718050999,3
8133,20221018_110209.mat,4317703,4.317703,0.0114166002142956,0.000996748718050999,3
8134,20221018_110209.mat,4317902,4.317902,0.0140430426914045,0.000996748718050999,3
8135,20221018_110209.mat,4318101,4.318101,0.00146205452218004,0.000996748718050999,3
8136,20221018_110209.mat,4325663,4.325663,0.00938384345770285,0.000996748718050999,3
8137,20221018_110209.mat,4325862,4.325862,0.00521714330284556,0.000996748718050999,3
8138,20221018_110209.mat,4331832,4.331832,0.00445058039340777,0.000996748718050999,3
8139,20221018_110209.mat,4332031,4.332031,0.00477084446171377,0.000996748718050999,3
8140,20221018_110209.mat,4332230,4.33223,0.00111483618913629,0.000996748718050999,3
8141,20221018_110209.mat,4352727,4.352727,0.00192091682058387,0.000996748718050999,3
8142,20221018_110209.mat,4357105,4.357105,0.00104429966754357,0.000996748718050999,3
8143,20221018_110209.mat,4359891,4.359891,0.0038723434200588,0.000996748718050999,3
8144,20221018_110209.mat,4377602,4.377602,0.00162409671098013,0.000996748718050999,3
8145,20221018_110209.mat,4378199,4.378199,0.00649528295761705,0.000996748718050999,3
8146,20221018_110209.mat,4378398,4.378398,0.00179710787293296,0.000996748718050999,3
8147,20221018_110209.mat,4383970,4.38397,0.0109336020686459,0.000996748718050999,3
8148,20221018_110209.mat,4384169,4.384169,0.00571442723977167,0.000996748718050999,3
8149,20221018_110209.mat,4384368,4.384368,0.00165372757360001,0.000996748718050999,3
8150,20221018_110209.mat,4391532,4.391532,0.0206533333729358,0.000996748718050999,3
8151,20221018_110209.mat,4391731,4.391731,0.00357798717411504,0.000996748718050999,3
8152,20221018_110209.mat,4391930,4.39193,0.00209458071502934,0.000996748718050999,3
8153,20221018_110209.mat,4393721,4.393721,0.103517651222694,0.000996748718050999,3
8154,20221018_110209.mat,4393920,4.39392,0.0346840988533652,0.000996748718050999,3
8155,20221018_110209.mat,4394119,4.394119,0.00308239822004827,0.000996748718050999,3
8156,20221018_110209.mat,4394318,4.394318,0.00113392985216067,0.000996748718050999,3
8157,20221018_110209.mat,4404268,4.404268,0.00393336939682693,0.000996748718050999,3
8158,20221018_110209.mat,4404467,4.404467,0.00180875120645848,0.000996748718050999,3
8159,20221018_110209.mat,4404865,4.404865,0.00105757491608692,0.000996748718050999,3
8160,20221018_110209.mat,4435710,4.43571,0.00465400032341756,0.000996748718050999,3
8161,20221018_110209.mat,4435909,4.435909,0.00116062488276552,0.000996748718050999,3
8162,20221018_110209.mat,4467152,4.467152,0.00591599023628468,0.000996748718050999,3
8163,20221018_110209.mat,4467351,4.467351,0.00627985729183656,0.000996748718050999,3
8164,20221018_110209.mat,4488445,4.488445,0.00107928222645964,0.000996748718050999,3
8165,20221018_110209.mat,4489042,4.489042,0.00116979491784493,0.000996748718050999,3
8166,20221018_110209.mat,4501579,4.501579,0.0026726006790003,0.000996748718050999,3
8167,20221018_110209.mat,4501778,4.501778,0.00109099728104458,0.000996748718050999,3
8168,20221018_110209.mat,4550931,4.550931,0.00486677854214713,0.000996748718050999,3
8169,20221018_110209.mat,4551130,4.55113,0.00188522648207524,0.000996748718050999,3
8170,20221018_110209.mat,4559687,4.559687,0.00221632325482519,0.000996748718050999,3
8171,20221018_110209.mat,4582771,4.582771,0.00156461824957867,0.000996748718050999,3
8172,20221018_110209.mat,4584363,4.584363,0.00162008733614168,0.000996748718050999,3
8173,20221018_110209.mat,4591925,4.591925,0.0016579644914335,0.000996748718050999,3
8174,20221018_110209.mat,4596701,4.596701,0.00225024596135991,0.000996748718050999,3
8175,20221018_110209.mat,4611029,4.611029,0.0208993511341601,0.000996748718050999,3
8176,20221018_110209.mat,4611228,4.611228,0.0404760283492581,0.000996748718050999,3
8177,20221018_110209.mat,4611427,4.611427,0.00702505874538448,0.000996748718050999,3
8178,20221018_110209.mat,4611626,4.611626,0.00250544597018876,0.000996748718050999,3
8179,20221018_110209.mat,4622372,4.622372,0.0012619302065483,0.000996748718050999,3
8180,20221018_110209.mat,4637695,4.637695,0.00113262444607066,0.000996748718050999,3
8181,20221018_110209.mat,4637894,4.637894,0.00126320399740395,0.000996748718050999,3
8182,20221018_110209.mat,4641874,4.641874,0.00190471931428495,0.000996748718050999,3
8183,20221018_110209.mat,4642073,4.642073,0.00197813670511488,0.000996748718050999,3
8184,20221018_110209.mat,4662570,4.66257,0.00114802547991761,0.000996748718050999,3
8185,20221018_110209.mat,4667147,4.667147,0.0019162078351123,0.000996748718050999,3
8186,20221018_110209.mat,4706350,4.70635,0.00102598723275906,0.000996748718050999,3
8187,20221018_110209.mat,4711524,4.711524,0.00378258546138063,0.000996748718050999,3
8188,20221018_110209.mat,4721673,4.721673,0.00123873474195673,0.000996748718050999,3
8189,20221018_110209.mat,4726250,4.72625,0.00391491490874376,0.000996748718050999,3
8190,20221018_110209.mat,4730429,4.730429,0.00188085941948596,0.000996748718050999,3
8191,20221018_110209.mat,4735802,4.735802,0.00181480531732595,0.000996748718050999,3
8192,20221018_110209.mat,4751523,4.751523,0.00112199032058314,0.000996748718050999,3
8193,20221018_110209.mat,4755304,4.755304,0.0114749452907889,0.000996748718050999,3
8194,20221018_110209.mat,4755503,4.755503,0.00212917254393501,0.000996748718050999,3
8195,20221018_110209.mat,4768438,4.768438,0.0191087272226207,0.000996748718050999,3
8196,20221018_110209.mat,4768637,4.768637,0.0101794652692524,0.000996748718050999,3
8197,20221018_110209.mat,4768836,4.768836,0.00151606421471364,0.000996748718050999,3
8198,20221018_110209.mat,4771423,4.771423,0.00148929147785095,0.000996748718050999,3
8199,20221018_110209.mat,4788537,4.788537,0.00362667777768983,0.000996748718050999,3
8200,20221018_110209.mat,4788736,4.788736,0.00438646505206976,0.000996748718050999,3
8201,20221018_110209.mat,4788935,4.788935,0.00128369833788711,0.000996748718050999,3
8202,20221018_110209.mat,4850625,4.850625,0.0220268628934641,0.000996748718050999,3
8203,20221018_110209.mat,4850824,4.850824,0.0109887121248607,0.000996748718050999,3
8204,20221018_110209.mat,4851023,4.851023,0.00220191783920353,0.000996748718050999,3
8205,20221018_110209.mat,4851222,4.851222,0.001190111424829,0.000996748718050999,3
8206,20221018_110209.mat,4861968,4.861968,0.0154924169803419,0.000996748718050999,3
8207,20221018_110209.mat,4862167,4.862167,0.00189502168309649,0.000996748718050999,3
8208,20221018_110209.mat,4862764,4.862764,0.00154566055831279,0.000996748718050999,3
8209,20221018_110209.mat,4865152,4.865152,0.00395679196184201,0.000996748718050999,3
8210,20221018_110209.mat,4865351,4.865351,0.00182929369861327,0.000996748718050999,3
8211,20221018_110209.mat,4869331,4.869331,0.00111869492306288,0.000996748718050999,3
8212,20221018_110209.mat,4875898,4.875898,0.00535714159061471,0.000996748718050999,3
8213,20221018_110209.mat,4876097,4.876097,0.00295721961236322,0.000996748718050999,3
8214,20221018_110209.mat,4876296,4.876296,0.0010208463525531,0.000996748718050999,3
8215,20221018_110209.mat,4882863,4.882863,0.00160948986621299,0.000996748718050999,3
8216,20221018_110209.mat,4883062,4.883062,0.00135497441975434,0.000996748718050999,3
8217,20221018_110209.mat,4884853,4.884853,0.00124856734958905,0.000996748718050999,3
8218,20221018_110209.mat,4887838,4.887838,0.00108769461696665,0.000996748718050999,3
8219,20221018_110209.mat,4888236,4.888236,0.00260095758534802,0.000996748718050999,3
8220,20221018_110209.mat,4888435,4.888435,0.00492758899099999,0.000996748718050999,3
8221,20221018_110209.mat,4888833,4.888833,0.00108851074562426,0.000996748718050999,3
8222,20221018_110209.mat,4912713,4.912713,0.0173959436104046,0.000996748718050999,3
8223,20221018_110209.mat,4912912,4.912912,0.0036874616735988,0.000996748718050999,3
8224,20221018_110209.mat,4913111,4.913111,0.00133227306928644,0.000996748718050999,3
8225,20221018_110209.mat,4914106,4.914106,0.00224431206265268,0.000996748718050999,3
8226,20221018_110209.mat,4916096,4.916096,0.0021566503293838,0.000996748718050999,3
8227,20221018_110209.mat,4927041,4.927041,0.00262710004822094,0.000996748718050999,3
8228,20221018_110209.mat,4927240,4.92724,0.00102700220528159,0.000996748718050999,3
8229,20221018_110209.mat,4933608,4.933608,0.00865063942508521,0.000996748718050999,3
8230,20221018_110209.mat,4933807,4.933807,0.011248877143945,0.000996748718050999,3
8231,20221018_110209.mat,4934006,4.934006,0.00148554678583149,0.000996748718050999,3
8232,20221018_110209.mat,4976592,4.976592,0.00227165812621404,0.000996748718050999,3
8233,20221018_110209.mat,4976791,4.976791,0.00182768975257779,0.000996748718050999,3
8234,20221018_110209.mat,4984353,4.984353,0.00144635077388932,0.000996748718050999,3
8235,20221018_110209.mat,4984552,4.984552,0.00130165259368858,0.000996748718050999,3
8236,20221018_110214.mat,11542,0.011542,0.0011614028906687,0.000984288553524208,3
8237,20221018_110214.mat,25671,0.025671,0.00108682410414503,0.000984288553524208,3
8238,20221018_110214.mat,25870,0.02587,0.00194316992097675,0.000984288553524208,3
8239,20221018_110214.mat,30049,0.030049,0.000992390395089614,0.000984288553524208,3
8240,20221018_110214.mat,37014,0.037014,0.00164020552170329,0.000984288553524208,3
8241,20221018_110214.mat,37213,0.037213,0.00224715198549347,0.000984288553524208,3
8242,20221018_110214.mat,48357,0.048357,0.00654033753416445,0.000984288553524208,3
8243,20221018_110214.mat,48556,0.048556,0.00395309876781076,0.000984288553524208,3
8244,20221018_110214.mat,53531,0.053531,0.00341560859999525,0.000984288553524208,3
8245,20221018_110214.mat,53730,0.05373,0.0010884603961668,0.000984288553524208,3
8246,20221018_110214.mat,60098,0.060098,0.00142979686344904,0.000984288553524208,3
8247,20221018_110214.mat,60297,0.060297,0.00114718326159122,0.000984288553524208,3
8248,20221018_110214.mat,69053,0.069053,0.00187468709034988,0.000984288553524208,3
8249,20221018_110214.mat,69252,0.069252,0.00348889259854523,0.000984288553524208,3
8250,20221018_110214.mat,71242,0.071242,0.00294785519045714,0.000984288553524208,3
8251,20221018_110214.mat,71441,0.071441,0.00176344614657631,0.000984288553524208,3
8252,20221018_110214.mat,80993,0.080993,0.00116593445766615,0.000984288553524208,3
8253,20221018_110214.mat,82784,0.082784,0.00111418648616833,0.000984288553524208,3
8254,20221018_110214.mat,82983,0.082983,0.00152472333900484,0.000984288553524208,3
8255,20221018_110214.mat,91142,0.091142,0.00286830533344766,0.000984288553524208,3
8256,20221018_110214.mat,94724,0.094724,0.00117309005011403,0.000984288553524208,3
8257,20221018_110214.mat,96117,0.096117,0.00147221059154052,0.000984288553524208,3
8258,20221018_110214.mat,96913,0.096913,0.00574261296853851,0.000984288553524208,3
8259,20221018_110214.mat,124176,0.124176,0.0142865645191498,0.000984288553524208,3
8260,20221018_110214.mat,124375,0.124375,0.00600350995693259,0.000984288553524208,3
8261,20221018_110214.mat,124574,0.124574,0.000986217318153108,0.000984288553524208,3
8262,20221018_110214.mat,124773,0.124773,0.00942823830559859,0.000984288553524208,3
8263,20221018_110214.mat,124972,0.124972,0.00465860659815731,0.000984288553524208,3
8264,20221018_110214.mat,125171,0.125171,0.00115292268594872,0.000984288553524208,3
8265,20221018_110214.mat,131141,0.131141,0.00361041315898289,0.000984288553524208,3
8266,20221018_110214.mat,131340,0.13134,0.00134192280036476,0.000984288553524208,3
8267,20221018_110214.mat,144872,0.144872,0.00675910992979122,0.000984288553524208,3
8268,20221018_110214.mat,145071,0.145071,0.014231196703544,0.000984288553524208,3
8269,20221018_110214.mat,145270,0.14527,0.00172929824232374,0.000984288553524208,3
8270,20221018_110214.mat,145469,0.145469,0.00112112949546223,0.000984288553524208,3
8271,20221018_110214.mat,150444,0.150444,0.00340526518155002,0.000984288553524208,3
8272,20221018_110214.mat,150643,0.150643,0.00130633493521095,0.000984288553524208,3
8273,20221018_110214.mat,165170,0.16517,0.00138889929159494,0.000984288553524208,3
8274,20221018_110214.mat,165369,0.165369,0.00688547936363176,0.000984288553524208,3
8275,20221018_110214.mat,165568,0.165568,0.00119529622905962,0.000984288553524208,3
8276,20221018_110214.mat,205169,0.205169,0.00145580278644957,0.000984288553524208,3
8277,20221018_110214.mat,205368,0.205368,0.00159087559024135,0.000984288553524208,3
8278,20221018_110214.mat,209149,0.209149,0.00234040557745081,0.000984288553524208,3
8279,20221018_110214.mat,209348,0.209348,0.00114161222734704,0.000984288553524208,3
8280,20221018_110214.mat,211537,0.211537,0.00923447501032022,0.000984288553524208,3
8281,20221018_110214.mat,211736,0.211736,0.00493120963182731,0.000984288553524208,3
8282,20221018_110214.mat,211935,0.211935,0.00108675805388973,0.000984288553524208,3
8283,20221018_110214.mat,253327,0.253327,0.00660554437425501,0.000984288553524208,3
8284,20221018_110214.mat,253526,0.253526,0.00114846220729713,0.000984288553524208,3
8285,20221018_110214.mat,288152,0.288152,0.000999203543655115,0.000984288553524208,3
8286,20221018_110214.mat,297107,0.297107,0.00130348439870205,0.000984288553524208,3
8287,20221018_110214.mat,305863,0.305863,0.00642994344618713,0.000984288553524208,3
8288,20221018_110214.mat,306062,0.306062,0.00152207832585602,0.000984288553524208,3
8289,20221018_110214.mat,306261,0.306261,0.00114178273887455,0.000984288553524208,3
8290,20221018_110214.mat,308052,0.308052,0.00122573116146168,0.000984288553524208,3
8291,20221018_110214.mat,309246,0.309246,0.00192862945926348,0.000984288553524208,3
8292,20221018_110214.mat,312231,0.312231,0.00253745266836821,0.000984288553524208,3
8293,20221018_110214.mat,318997,0.318997,0.0028009781144595,0.000984288553524208,3
8294,20221018_110214.mat,333126,0.333126,0.0054281305429365,0.000984288553524208,3
8295,20221018_110214.mat,333325,0.333325,0.00350316274274665,0.000984288553524208,3
8296,20221018_110214.mat,337305,0.337305,0.00553652680084778,0.000984288553524208,3
8297,20221018_110214.mat,348847,0.348847,0.00115102012466491,0.000984288553524208,3
8298,20221018_110214.mat,349046,0.349046,0.0029882761060058,0.000984288553524208,3
8299,20221018_110214.mat,357802,0.357802,0.00112474317395786,0.000984288553524208,3
8300,20221018_110214.mat,369742,0.369742,0.118012116600424,0.000984288553524208,3
8301,20221018_110214.mat,369941,0.369941,0.0166343325895578,0.000984288553524208,3
8302,20221018_110214.mat,370140,0.37014,0.00637629476434778,0.000984288553524208,3
8303,20221018_110214.mat,370339,0.370339,0.00152140956886456,0.000984288553524208,3
8304,20221018_110214.mat,371533,0.371533,0.0111131241603872,0.000984288553524208,3
8305,20221018_110214.mat,371732,0.371732,0.0113609137164621,0.000984288553524208,3
8306,20221018_110214.mat,371931,0.371931,0.00165291254483518,0.000984288553524208,3
8307,20221018_110214.mat,372130,0.37213,0.00103689320545962,0.000984288553524208,3
8308,20221018_110214.mat,411532,0.411532,0.0159531098947384,0.000984288553524208,3
8309,20221018_110214.mat,411731,0.411731,0.13705812886727,0.000984288553524208,3
8310,20221018_110214.mat,411930,0.41193,0.0189245660939683,0.000984288553524208,3
8311,20221018_110214.mat,412129,0.412129,0.00519790681466319,0.000984288553524208,3
8312,20221018_110214.mat,412328,0.412328,0.00223605783295524,0.000984288553524208,3
8313,20221018_110214.mat,415910,0.41591,0.00428017606665051,0.000984288553524208,3
8314,20221018_110214.mat,416109,0.416109,0.00264624618817098,0.000984288553524208,3
8315,20221018_110214.mat,417701,0.417701,0.00113477719442195,0.000984288553524208,3
8316,20221018_110214.mat,430039,0.430039,0.0012700411630831,0.000984288553524208,3
8317,20221018_110214.mat,431830,0.43183,0.0238669248268307,0.000984288553524208,3
8318,20221018_110214.mat,432029,0.432029,0.00385302256546116,0.000984288553524208,3
8319,20221018_110214.mat,432228,0.432228,0.00138858208946043,0.000984288553524208,3
8320,20221018_110214.mat,443770,0.44377,0.0106583367383498,0.000984288553524208,3
8321,20221018_110214.mat,443969,0.443969,0.00154700049257596,0.000984288553524208,3
8322,20221018_110214.mat,444168,0.444168,0.00103052015452919,0.000984288553524208,3
8323,20221018_110214.mat,444964,0.444964,0.00333323869464143,0.000984288553524208,3
8324,20221018_110214.mat,445163,0.445163,0.00113117210781229,0.000984288553524208,3
8325,20221018_110214.mat,465660,0.46566,0.00267754416153243,0.000984288553524208,3
8326,20221018_110214.mat,465859,0.465859,0.00622786628437644,0.000984288553524208,3
8327,20221018_110214.mat,466058,0.466058,0.00120093590340195,0.000984288553524208,3
8328,20221018_110214.mat,470635,0.470635,0.00106695777891664,0.000984288553524208,3
8329,20221018_110214.mat,472625,0.472625,0.00199633965762869,0.000984288553524208,3
8330,20221018_110214.mat,473421,0.473421,0.003489823626713,0.000984288553524208,3
8331,20221018_110214.mat,473620,0.47362,0.00512687549072203,0.000984288553524208,3
8332,20221018_110214.mat,473819,0.473819,0.0077039293280316,0.000984288553524208,3
8333,20221018_110214.mat,476008,0.476008,0.004298264757232,0.000984288553524208,3
8334,20221018_110214.mat,476207,0.476207,0.00191480649048368,0.000984288553524208,3
8335,20221018_110214.mat,497898,0.497898,0.000987461784292457,0.000984288553524208,3
8336,20221018_110214.mat,547847,0.547847,0.000985672804643374,0.000984288553524208,3
8337,20221018_110214.mat,553618,0.553618,0.00105420087573386,0.000984288553524208,3
8338,20221018_110214.mat,553817,0.553817,0.000998750779704568,0.000984288553524208,3
8339,20221018_110214.mat,566752,0.566752,0.00350134740800574,0.000984288553524208,3
8340,20221018_110214.mat,566951,0.566951,0.0116245026629835,0.000984288553524208,3
8341,20221018_110214.mat,567150,0.56715,0.00132633359445661,0.000984288553524208,3
8342,20221018_110214.mat,588045,0.588045,0.00121337377514987,0.000984288553524208,3
8343,20221018_110214.mat,590433,0.590433,0.00117597990116996,0.000984288553524208,3
8344,20221018_110214.mat,593418,0.593418,0.00104489331554228,0.000984288553524208,3
8345,20221018_110214.mat,594015,0.594015,0.00817221438954423,0.000984288553524208,3
8346,20221018_110214.mat,594214,0.594214,0.00968411670931119,0.000984288553524208,3
8347,20221018_110214.mat,594413,0.594413,0.00189921511805064,0.000984288553524208,3
8348,20221018_110214.mat,594612,0.594612,0.00106191044570788,0.000984288553524208,3
8349,20221018_110214.mat,604363,0.604363,0.0279662546955598,0.000984288553524208,3
8350,20221018_110214.mat,604562,0.604562,0.0834203134287884,0.000984288553524208,3
8351,20221018_110214.mat,604761,0.604761,0.0134613842154162,0.000984288553524208,3
8352,20221018_110214.mat,604960,0.60496,0.00467393711586888,0.000984288553524208,3
8353,20221018_110214.mat,605159,0.605159,0.000990406800222958,0.000984288553524208,3
8354,20221018_110214.mat,606154,0.606154,0.00558043973584637,0.000984288553524208,3
8355,20221018_110214.mat,606353,0.606353,0.00130114084211836,0.000984288553524208,3
8356,20221018_110214.mat,620482,0.620482,0.00110142220529353,0.000984288553524208,3
8357,20221018_110214.mat,620681,0.620681,0.00141305734970596,0.000984288553524208,3
8358,20221018_110214.mat,623268,0.623268,0.000996058502855001,0.000984288553524208,3
8359,20221018_110214.mat,625457,0.625457,0.0179022259869644,0.000984288553524208,3
8360,20221018_110214.mat,625656,0.625656,0.00502375644367132,0.000984288553524208,3
8361,20221018_110214.mat,625855,0.625855,0.00155206424234643,0.000984288553524208,3
8362,20221018_110214.mat,627447,0.627447,0.00401853297631782,0.000984288553524208,3
8363,20221018_110214.mat,646352,0.646352,0.0233902833401532,0.000984288553524208,3
8364,20221018_110214.mat,646551,0.646551,0.010490335941774,0.000984288553524208,3
8365,20221018_110214.mat,646750,0.64675,0.00234256066654493,0.000984288553524208,3
8366,20221018_110214.mat,662670,0.66267,0.00118871283835547,0.000984288553524208,3
8367,20221018_110214.mat,662869,0.662869,0.00117639955559956,0.000984288553524208,3
8368,20221018_110214.mat,674809,0.674809,0.00902781709328071,0.000984288553524208,3
8369,20221018_110214.mat,675008,0.675008,0.00138015697402701,0.000984288553524208,3
8370,20221018_110214.mat,683764,0.683764,0.0085454436959688,0.000984288553524208,3
8371,20221018_110214.mat,683963,0.683963,0.00468626525380642,0.000984288553524208,3
8372,20221018_110214.mat,684162,0.684162,0.00121227767844468,0.000984288553524208,3
8373,20221018_110214.mat,691127,0.691127,0.00289922033423803,0.000984288553524208,3
8374,20221018_110214.mat,691326,0.691326,0.00129542354968434,0.000984288553524208,3
8375,20221018_110214.mat,700082,0.700082,0.00396794706194891,0.000984288553524208,3
8376,20221018_110214.mat,700281,0.700281,0.00118610606232643,0.000984288553524208,3
8377,20221018_110214.mat,701276,0.701276,0.0013842168307572,0.000984288553524208,3
8378,20221018_110214.mat,707246,0.707246,0.0204576834700008,0.000984288553524208,3
8379,20221018_110214.mat,707445,0.707445,0.0312177342494947,0.000984288553524208,3
8380,20221018_110214.mat,707644,0.707644,0.00244978369260705,0.000984288553524208,3
8381,20221018_110214.mat,707843,0.707843,0.00168086750754423,0.000984288553524208,3
8382,20221018_110214.mat,711624,0.711624,0.00107357707849318,0.000984288553524208,3
8383,20221018_110214.mat,714609,0.714609,0.0380759467050973,0.000984288553524208,3
8384,20221018_110214.mat,714808,0.714808,0.0122516372140625,0.000984288553524208,3
8385,20221018_110214.mat,715007,0.715007,0.00174207786739117,0.000984288553524208,3
8386,20221018_110214.mat,721773,0.721773,0.00216253672688178,0.000984288553524208,3
8387,20221018_110214.mat,721972,0.721972,0.00145347818842177,0.000984288553524208,3
8388,20221018_110214.mat,732320,0.73232,0.00098452294234144,0.000984288553524208,3
8389,20221018_110214.mat,746847,0.746847,0.00332383923562225,0.000984288553524208,3
8390,20221018_110214.mat,751822,0.751822,0.00377235744238478,0.000984288553524208,3
8391,20221018_110214.mat,752021,0.752021,0.00158886560969823,0.000984288553524208,3
8392,20221018_110214.mat,757394,0.757394,0.0182063616382363,0.000984288553524208,3
8393,20221018_110214.mat,757593,0.757593,0.00262034102909232,0.000984288553524208,3
8394,20221018_110214.mat,757792,0.757792,0.00104510878233718,0.000984288553524208,3
8395,20221018_110214.mat,759583,0.759583,0.016034774008884,0.000984288553524208,3
8396,20221018_110214.mat,759782,0.759782,0.0106632246571915,0.000984288553524208,3
8397,20221018_110214.mat,759981,0.759981,0.00139622700044952,0.000984288553524208,3
8398,20221018_110214.mat,761772,0.761772,0.00129392739859522,0.000984288553524208,3
8399,20221018_110214.mat,764558,0.764558,0.0922013008913627,0.000984288553524208,3
8400,20221018_110214.mat,764757,0.764757,0.130053926632349,0.000984288553524208,3
8401,20221018_110214.mat,764956,0.764956,0.014289598111967,0.000984288553524208,3
8402,20221018_110214.mat,765155,0.765155,0.00315335302217698,0.000984288553524208,3
8403,20221018_110214.mat,776299,0.776299,0.00207751135637805,0.000984288553524208,3
8404,20221018_110214.mat,776498,0.776498,0.00114143650007673,0.000984288553524208,3
8405,20221018_110214.mat,783463,0.783463,0.00351085472342953,0.000984288553524208,3
8406,20221018_110214.mat,785055,0.785055,0.0011953077442482,0.000984288553524208,3
8407,20221018_110214.mat,807144,0.807144,0.00170035988371689,0.000984288553524208,3
8408,20221018_110214.mat,807343,0.807343,0.00113014593180018,0.000984288553524208,3
8409,20221018_110214.mat,814706,0.814706,0.0487945184524467,0.000984288553524208,3
8410,20221018_110214.mat,814905,0.814905,0.0184871802560187,0.000984288553524208,3
8411,20221018_110214.mat,815104,0.815104,0.00366312962032342,0.000984288553524208,3
8412,20221018_110214.mat,815303,0.815303,0.00157211924749051,0.000984288553524208,3
8413,20221018_110214.mat,822069,0.822069,0.00178600376136823,0.000984288553524208,3
8414,20221018_110214.mat,837392,0.837392,0.00102179766981425,0.000984288553524208,3
8415,20221018_110214.mat,845551,0.845551,0.0012722418443073,0.000984288553524208,3
8416,20221018_110214.mat,847541,0.847541,0.00210023230894643,0.000984288553524208,3
8417,20221018_110214.mat,848735,0.848735,0.00631580998258819,0.000984288553524208,3
8418,20221018_110214.mat,848934,0.848934,0.0025933227343614,0.000984288553524208,3
8419,20221018_110214.mat,851720,0.85172,0.00159471839818896,0.000984288553524208,3
8420,20221018_110214.mat,854705,0.854705,0.0044019041635712,0.000984288553524208,3
8421,20221018_110214.mat,854904,0.854904,0.00100133664501188,0.000984288553524208,3
8422,20221018_110214.mat,859481,0.859481,0.00368019959026995,0.000984288553524208,3
8423,20221018_110214.mat,859680,0.85968,0.0010145364292045,0.000984288553524208,3
8424,20221018_110214.mat,873212,0.873212,0.00117991479375016,0.000984288553524208,3
8425,20221018_110214.mat,880177,0.880177,0.00209647891883163,0.000984288553524208,3
8426,20221018_110214.mat,880376,0.880376,0.00119889630274897,0.000984288553524208,3
8427,20221018_110214.mat,899082,0.899082,0.00137576426525177,0.000984288553524208,3
8428,20221018_110214.mat,909430,0.90943,0.00780221987467863,0.000984288553524208,3
8429,20221018_110214.mat,909629,0.909629,0.00254138855561055,0.000984288553524208,3
8430,20221018_110214.mat,914405,0.914405,0.00100570564094059,0.000984288553524208,3
8431,20221018_110214.mat,925350,0.92535,0.00113170917163715,0.000984288553524208,3
8432,20221018_110214.mat,927340,0.92734,0.00099758839690149,0.000984288553524208,3
8433,20221018_110214.mat,956792,0.956792,0.00390126486208745,0.000984288553524208,3
8434,20221018_110214.mat,956991,0.956991,0.00981724444583449,0.000984288553524208,3
8435,20221018_110214.mat,957190,0.95719,0.00163540508353267,0.000984288553524208,3
8436,20221018_110214.mat,957389,0.957389,0.00101150808286959,0.000984288553524208,3
8437,20221018_110214.mat,964752,0.964752,0.00158860628664345,0.000984288553524208,3
8438,20221018_110214.mat,970523,0.970523,0.00848330946892545,0.000984288553524208,3
8439,20221018_110214.mat,970722,0.970722,0.000992061388453084,0.000984288553524208,3
8440,20221018_110214.mat,971319,0.971319,0.00133368878587654,0.000984288553524208,3
8441,20221018_110214.mat,971518,0.971518,0.00176484790226663,0.000984288553524208,3
8442,20221018_110214.mat,975697,0.975697,0.00122920931486277,0.000984288553524208,3
8443,20221018_110214.mat,975896,0.975896,0.00224593654921912,0.000984288553524208,3
8444,20221018_110214.mat,979876,0.979876,0.0013407513844427,0.000984288553524208,3
8445,20221018_110214.mat,980075,0.980075,0.00115622783345544,0.000984288553524208,3
8446,20221018_110214.mat,993607,0.993607,0.00135098242756133,0.000984288553524208,3
8447,20221018_110214.mat,993806,0.993806,0.00236041671911094,0.000984288553524208,3
8448,20221018_110214.mat,1001965,1.001965,0.0013443737270089,0.000984288553524208,3
8449,20221018_110214.mat,1015099,1.015099,0.00116141389173554,0.000984288553524208,3
8450,20221018_110214.mat,1015298,1.015298,0.00164728264689188,0.000984288553524208,3
8451,20221018_110214.mat,1016094,1.016094,0.0278360390745266,0.000984288553524208,3
8452,20221018_110214.mat,1016293,1.016293,0.00386637764889775,0.000984288553524208,3
8453,20221018_110214.mat,1016492,1.016492,0.00153744725560167,0.000984288553524208,3
8454,20221018_110214.mat,1066043,1.066043,0.00182565007592478,0.000984288553524208,3
8455,20221018_110214.mat,1066242,1.066242,0.00339463188845543,0.000984288553524208,3
8456,20221018_110214.mat,1097883,1.097883,0.00132352613064165,0.000984288553524208,3
8457,20221018_110214.mat,1098082,1.098082,0.0309172707310924,0.000984288553524208,3
8458,20221018_110214.mat,1098281,1.098281,0.00740444908472883,0.000984288553524208,3
8459,20221018_110214.mat,1098480,1.09848,0.00274790199581831,0.000984288553524208,3
8460,20221018_110214.mat,1100072,1.100072,0.00826917513170552,0.000984288553524208,3
8461,20221018_110214.mat,1100271,1.100271,0.00455544430099297,0.000984288553524208,3
8462,20221018_110214.mat,1100470,1.10047,0.00121928953105243,0.000984288553524208,3
8463,20221018_110214.mat,1103455,1.103455,0.00293923794536622,0.000984288553524208,3
8464,20221018_110214.mat,1103654,1.103654,0.00149047606738376,0.000984288553524208,3
8465,20221018_110214.mat,1112410,1.11241,0.0128147512008729,0.000984288553524208,3
8466,20221018_110214.mat,1112609,1.112609,0.00478663148387648,0.000984288553524208,3
8467,20221018_110214.mat,1112808,1.112808,0.00150868986076877,0.000984288553524208,3
8468,20221018_110214.mat,1133504,1.133504,0.0011454419947077,0.000984288553524208,3
8469,20221018_110214.mat,1133703,1.133703,0.00138471895694556,0.000984288553524208,3
8470,20221018_110214.mat,1153205,1.153205,0.0236622008044025,0.000984288553524208,3
8471,20221018_110214.mat,1153404,1.153404,0.00469550555803374,0.000984288553524208,3
8472,20221018_110214.mat,1153603,1.153603,0.00204649328421069,0.000984288553524208,3
8473,20221018_110214.mat,1158379,1.158379,0.00112388611157277,0.000984288553524208,3
8474,20221018_110214.mat,1159573,1.159573,0.00612613503657258,0.000984288553524208,3
8475,20221018_110214.mat,1159772,1.159772,0.00725893686224838,0.000984288553524208,3
8476,20221018_110214.mat,1159971,1.159971,0.00100592852006502,0.000984288553524208,3
8477,20221018_110214.mat,1162956,1.162956,0.00196123801949045,0.000984288553524208,3
8478,20221018_110214.mat,1163155,1.163155,0.00188569381494983,0.000984288553524208,3
8479,20221018_110214.mat,1173503,1.173503,0.00665122461667601,0.000984288553524208,3
8480,20221018_110214.mat,1173702,1.173702,0.00226975553622406,0.000984288553524208,3
8481,20221018_110214.mat,1175095,1.175095,0.001122175302431,0.000984288553524208,3
8482,20221018_110214.mat,1177085,1.177085,0.00100106853723303,0.000984288553524208,3
8483,20221018_110214.mat,1180866,1.180866,0.011624727318321,0.000984288553524208,3
8484,20221018_110214.mat,1181065,1.181065,0.00486276914835859,0.000984288553524208,3
8485,20221018_110214.mat,1201761,1.201761,0.00107439097444138,0.000984288553524208,3
8486,20221018_110214.mat,1216686,1.216686,0.0035070064948832,0.000984288553524208,3
8487,20221018_110214.mat,1216885,1.216885,0.00430986658958004,0.000984288553524208,3
8488,20221018_110214.mat,1218278,1.218278,0.00594058371296999,0.000984288553524208,3
8489,20221018_110214.mat,1218477,1.218477,0.00144989446166324,0.000984288553524208,3
8490,20221018_110214.mat,1236785,1.236785,0.00102279411742478,0.000984288553524208,3
8491,20221018_110214.mat,1248725,1.248725,0.001484364633252,0.000984288553524208,3
8492,20221018_110214.mat,1254894,1.254894,0.00124224045923428,0.000984288553524208,3
8493,20221018_110214.mat,1268824,1.268824,0.00155136150465102,0.000984288553524208,3
8494,20221018_110214.mat,1272804,1.272804,0.00125788145414153,0.000984288553524208,3
8495,20221018_110214.mat,1273202,1.273202,0.0176330584426949,0.000984288553524208,3
8496,20221018_110214.mat,1273401,1.273401,0.00135693375141068,0.000984288553524208,3
8497,20221018_110214.mat,1301659,1.301659,0.00486840328811524,0.000984288553524208,3
8498,20221018_110214.mat,1306435,1.306435,0.00103614189184167,0.000984288553524208,3
8499,20221018_110214.mat,1307629,1.307629,0.00189263071785053,0.000984288553524208,3
8500,20221018_110214.mat,1311211,1.311211,0.00121072670195,0.000984288553524208,3
8501,20221018_110214.mat,1318375,1.318375,0.00138448175947969,0.000984288553524208,3
8502,20221018_110214.mat,1323350,1.32335,0.00123450056877758,0.000984288553524208,3
8503,20221018_110214.mat,1323549,1.323549,0.00125695951292716,0.000984288553524208,3
8504,20221018_110214.mat,1327529,1.327529,0.00718000825130372,0.000984288553524208,3
8505,20221018_110214.mat,1327728,1.327728,0.00443474937056739,0.000984288553524208,3
8506,20221018_110214.mat,1330713,1.330713,0.00101446664574024,0.000984288553524208,3
8507,20221018_110214.mat,1332106,1.332106,0.00135694316726241,0.000984288553524208,3
8508,20221018_110214.mat,1332305,1.332305,0.0010441731767691,0.000984288553524208,3
8509,20221018_110214.mat,1345240,1.34524,0.00126173003951382,0.000984288553524208,3
8510,20221018_110214.mat,1349021,1.349021,0.00832071697425947,0.000984288553524208,3
8511,20221018_110214.mat,1349220,1.34922,0.00603638359266648,0.000984288553524208,3
8512,20221018_110214.mat,1349419,1.349419,0.00141360625659287,0.000984288553524208,3
8513,20221018_110214.mat,1355588,1.355588,0.00131201441850574,0.000984288553524208,3
8514,20221018_110214.mat,1355787,1.355787,0.00262677454355685,0.000984288553524208,3
8515,20221018_110214.mat,1357777,1.357777,0.00196918633077874,0.000984288553524208,3
8516,20221018_110214.mat,1367329,1.367329,0.00529754150583433,0.000984288553524208,3
8517,20221018_110214.mat,1381657,1.381657,0.00968168700836804,0.000984288553524208,3
8518,20221018_110214.mat,1381856,1.381856,0.00905707768990113,0.000984288553524208,3
8519,20221018_110214.mat,1382055,1.382055,0.00166793958643398,0.000984288553524208,3
8520,20221018_110214.mat,1382254,1.382254,0.00104651436799442,0.000984288553524208,3
8521,20221018_110214.mat,1391607,1.391607,0.0154179593742648,0.000984288553524208,3
8522,20221018_110214.mat,1391806,1.391806,0.012792589952753,0.000984288553524208,3
8523,20221018_110214.mat,1392005,1.392005,0.00208593256138205,0.000984288553524208,3
8524,20221018_110214.mat,1392204,1.392204,0.00133952683122084,0.000984288553524208,3
8525,20221018_110214.mat,1401557,1.401557,0.00203572854904117,0.000984288553524208,3
8526,20221018_110214.mat,1401756,1.401756,0.00223178528045328,0.000984288553524208,3
8527,20221018_110214.mat,1402154,1.402154,0.00100774009412073,0.000984288553524208,3
8528,20221018_110214.mat,1409517,1.409517,0.00182394628497798,0.000984288553524208,3
8529,20221018_110214.mat,1423646,1.423646,0.0027886151818552,0.000984288553524208,3
8530,20221018_110214.mat,1423845,1.423845,0.00822602100946378,0.000984288553524208,3
8531,20221018_110214.mat,1424044,1.424044,0.00135402344675828,0.000984288553524208,3
8532,20221018_110214.mat,1426034,1.426034,0.00959586995598498,0.000984288553524208,3
8533,20221018_110214.mat,1426233,1.426233,0.0034081534579701,0.000984288553524208,3
8534,20221018_110214.mat,1445735,1.445735,0.0112788274580187,0.000984288553524208,3
8535,20221018_110214.mat,1445934,1.445934,0.00604465938556929,0.000984288553524208,3
8536,20221018_110214.mat,1446133,1.446133,0.00115335072993185,0.000984288553524208,3
8537,20221018_110214.mat,1470411,1.470411,0.00179623429789188,0.000984288553524208,3
8538,20221018_110214.mat,1494689,1.494689,0.00124192222762705,0.000984288553524208,3
8539,20221018_110214.mat,1496679,1.496679,0.0105425628158433,0.000984288553524208,3
8540,20221018_110214.mat,1496878,1.496878,0.00203552809679309,0.000984288553524208,3
8541,20221018_110214.mat,1497077,1.497077,0.00111721108624398,0.000984288553524208,3
8542,20221018_110214.mat,1497475,1.497475,0.0285492836374122,0.000984288553524208,3
8543,20221018_110214.mat,1497674,1.497674,0.0108760199653914,0.000984288553524208,3
8544,20221018_110214.mat,1497873,1.497873,0.00147731770281392,0.000984288553524208,3
8545,20221018_110214.mat,1498470,1.49847,0.0126632758050267,0.000984288553524208,3
8546,20221018_110214.mat,1498669,1.498669,0.00604670066743109,0.000984288553524208,3
8547,20221018_110214.mat,1498868,1.498868,0.00124906050427533,0.000984288553524208,3
8548,20221018_110214.mat,1506032,1.506032,0.00209332716588199,0.000984288553524208,3
8549,20221018_110214.mat,1512002,1.512002,0.00100232498419453,0.000984288553524208,3
8550,20221018_110214.mat,1520957,1.520957,0.00128942852927616,0.000984288553524208,3
8551,20221018_110214.mat,1534091,1.534091,0.00408187695656147,0.000984288553524208,3
8552,20221018_110214.mat,1552399,1.552399,0.00360887328405933,0.000984288553524208,3
8553,20221018_110214.mat,1552598,1.552598,0.00126367912074299,0.000984288553524208,3
8554,20221018_110214.mat,1554787,1.554787,0.00928010754523097,0.000984288553524208,3
8555,20221018_110214.mat,1554986,1.554986,0.000987060414341849,0.000984288553524208,3
8556,20221018_110214.mat,1572896,1.572896,0.00226236215698968,0.000984288553524208,3
8557,20221018_110214.mat,1573095,1.573095,0.00099171839369715,0.000984288553524208,3
8558,20221018_110214.mat,1573294,1.573294,0.00242711391736454,0.000984288553524208,3
8559,20221018_110214.mat,1581652,1.581652,0.00164539356833526,0.000984288553524208,3
8560,20221018_110214.mat,1582050,1.58205,0.00279669035643609,0.000984288553524208,3
8561,20221018_110214.mat,1582249,1.582249,0.00123712062136875,0.000984288553524208,3
8562,20221018_110214.mat,1594985,1.594985,0.0034496076822407,0.000984288553524208,3
8563,20221018_110214.mat,1595184,1.595184,0.00460217008425842,0.000984288553524208,3
8564,20221018_110214.mat,1609114,1.609114,0.0012657145405719,0.000984288553524208,3
8565,20221018_110214.mat,1611900,1.6119,0.00892386017770049,0.000984288553524208,3
8566,20221018_110214.mat,1612099,1.612099,0.0164582462538969,0.000984288553524208,3
8567,20221018_110214.mat,1612298,1.612298,0.00316378252413762,0.000984288553524208,3
8568,20221018_110214.mat,1612497,1.612497,0.00124184225943015,0.000984288553524208,3
8569,20221018_110214.mat,1616278,1.616278,0.00518002774902181,0.000984288553524208,3
8570,20221018_110214.mat,1616477,1.616477,0.0229440604830148,0.000984288553524208,3
8571,20221018_110214.mat,1616676,1.616676,0.0047637692459033,0.000984288553524208,3
8572,20221018_110214.mat,1616875,1.616875,0.00149116859016685,0.000984288553524208,3
8573,20221018_110214.mat,1636974,1.636974,0.00151695142622156,0.000984288553524208,3
8574,20221018_110214.mat,1641551,1.641551,0.0106088141106411,0.000984288553524208,3
8575,20221018_110214.mat,1641750,1.64175,0.0106317958965174,0.000984288553524208,3
8576,20221018_110214.mat,1641949,1.641949,0.00219292504267308,0.000984288553524208,3
8577,20221018_110214.mat,1642148,1.642148,0.00102066346916874,0.000984288553524208,3
8578,20221018_110214.mat,1663242,1.663242,0.00108044251587655,0.000984288553524208,3
8579,20221018_110214.mat,1666028,1.666028,0.00143555023351542,0.000984288553524208,3
8580,20221018_110214.mat,1681550,1.68155,0.00334952851198254,0.000984288553524208,3
8581,20221018_110214.mat,1681749,1.681749,0.0023969872208528,0.000984288553524208,3
8582,20221018_110214.mat,1692097,1.692097,0.00816543190236065,0.000984288553524208,3
8583,20221018_110214.mat,1692296,1.692296,0.00470029661069199,0.000984288553524208,3
8584,20221018_110214.mat,1697868,1.697868,0.00104991193599768,0.000984288553524208,3
8585,20221018_110214.mat,1703241,1.703241,0.0225247671381106,0.000984288553524208,3
8586,20221018_110214.mat,1703440,1.70344,0.0101905469867726,0.000984288553524208,3
8587,20221018_110214.mat,1703639,1.703639,0.00165226995915321,0.000984288553524208,3
8588,20221018_110214.mat,1703838,1.703838,0.00100494470742234,0.000984288553524208,3
8589,20221018_110214.mat,1707022,1.707022,0.0011436267293415,0.000984288553524208,3
8590,20221018_110214.mat,1727519,1.727519,0.00159418558491779,0.000984288553524208,3
8591,20221018_110214.mat,1727718,1.727718,0.00288564162196315,0.000984288553524208,3
8592,20221018_110214.mat,1730902,1.730902,0.00144769894490053,0.000984288553524208,3
8593,20221018_110214.mat,1737867,1.737867,0.00120261724943868,0.000984288553524208,3
8594,20221018_110214.mat,1739061,1.739061,0.000993669679842659,0.000984288553524208,3
8595,20221018_110214.mat,1741648,1.741648,0.00183491925227316,0.000984288553524208,3
8596,20221018_110214.mat,1744235,1.744235,0.0136538392603016,0.000984288553524208,3
8597,20221018_110214.mat,1744434,1.744434,0.00860456161786071,0.000984288553524208,3
8598,20221018_110214.mat,1744633,1.744633,0.00186712065952812,0.000984288553524208,3
8599,20221018_110214.mat,1744832,1.744832,0.00103027204268958,0.000984288553524208,3
8600,20221018_110214.mat,1754384,1.754384,0.0022281780404998,0.000984288553524208,3
8601,20221018_110214.mat,1782841,1.782841,0.00151798622588498,0.000984288553524208,3
8602,20221018_110214.mat,1783040,1.78304,0.00107076807330465,0.000984288553524208,3
8603,20221018_110214.mat,1791796,1.791796,0.004031258568127,0.000984288553524208,3
8604,20221018_110214.mat,1794383,1.794383,0.00116741271503438,0.000984288553524208,3
8605,20221018_110214.mat,1795179,1.795179,0.00114008584647972,0.000984288553524208,3
8606,20221018_110214.mat,1795378,1.795378,0.00171159781848198,0.000984288553524208,3
8607,20221018_110214.mat,1802940,1.80294,0.00166359515415088,0.000984288553524208,3
8608,20221018_110214.mat,1803736,1.803736,0.00506165495714403,0.000984288553524208,3
8609,20221018_110214.mat,1803935,1.803935,0.00308046733110003,0.000984288553524208,3
8610,20221018_110214.mat,1804333,1.804333,0.00149384924388695,0.000984288553524208,3
8611,20221018_110214.mat,1804532,1.804532,0.00115962277743575,0.000984288553524208,3
8612,20221018_110214.mat,1821845,1.821845,0.0455666011015157,0.000984288553524208,3
8613,20221018_110214.mat,1822044,1.822044,0.0183738237114959,0.000984288553524208,3
8614,20221018_110214.mat,1822243,1.822243,0.00554434029619177,0.000984288553524208,3
8615,20221018_110214.mat,1822442,1.822442,0.00166271071044272,0.000984288553524208,3
8616,20221018_110214.mat,1829407,1.829407,0.00192714784706941,0.000984288553524208,3
8617,20221018_110214.mat,1831994,1.831994,0.0012233174123407,0.000984288553524208,3
8618,20221018_110214.mat,1835974,1.835974,0.00148576365267998,0.000984288553524208,3
8619,20221018_110214.mat,1836173,1.836173,0.00249557047752627,0.000984288553524208,3
8620,20221018_110214.mat,1836770,1.83677,0.00168190142214822,0.000984288553524208,3
8621,20221018_110214.mat,1838760,1.83876,0.00216538524409897,0.000984288553524208,3
8622,20221018_110214.mat,1838959,1.838959,0.00100036404972438,0.000984288553524208,3
8623,20221018_110214.mat,1861048,1.861048,0.00192738304468768,0.000984288553524208,3
8624,20221018_110214.mat,1872988,1.872988,0.0020416724083149,0.000984288553524208,3
8625,20221018_110214.mat,1887515,1.887515,0.00189998947231963,0.000984288553524208,3
8626,20221018_110214.mat,1887714,1.887714,0.0010021699775776,0.000984288553524208,3
8627,20221018_110214.mat,1892888,1.892888,0.0176688480328809,0.000984288553524208,3
8628,20221018_110214.mat,1893087,1.893087,0.0119135823942373,0.000984288553524208,3
8629,20221018_110214.mat,1893286,1.893286,0.00288399570516813,0.000984288553524208,3
8630,20221018_110214.mat,1893485,1.893485,0.00101934861066248,0.000984288553524208,3
8631,20221018_110214.mat,1904629,1.904629,0.00113143633439449,0.000984288553524208,3
8632,20221018_110214.mat,1907216,1.907216,0.0010621641256897,0.000984288553524208,3
8633,20221018_110214.mat,1926519,1.926519,0.00211414747971446,0.000984288553524208,3
8634,20221018_110214.mat,1929504,1.929504,0.00826109822788567,0.000984288553524208,3
8635,20221018_110214.mat,1929703,1.929703,0.00281730039678091,0.000984288553524208,3
8636,20221018_110214.mat,1941046,1.941046,0.00143520429281284,0.000984288553524208,3
8637,20221018_110214.mat,1953981,1.953981,0.00159506425995393,0.000984288553524208,3
8638,20221018_110214.mat,2004328,2.004328,0.0103285450469792,0.000984288553524208,3
8639,20221018_110214.mat,2004527,2.004527,0.00648520853350471,0.000984288553524208,3
8640,20221018_110214.mat,2004726,2.004726,0.00183700685847352,0.000984288553524208,3
8641,20221018_110214.mat,2030198,2.030198,0.00621252880609369,0.000984288553524208,3
8642,20221018_110214.mat,2030397,2.030397,0.00331063593155215,0.000984288553524208,3
8643,20221018_110214.mat,2034775,2.034775,0.00536419811915545,0.000984288553524208,3
8644,20221018_110214.mat,2034974,2.034974,0.00217615111656883,0.000984288553524208,3
8645,20221018_110214.mat,2042138,2.042138,0.0264618165167275,0.000984288553524208,3
8646,20221018_110214.mat,2042337,2.042337,0.0070944103378717,0.000984288553524208,3
8647,20221018_110214.mat,2042536,2.042536,0.00232580140707795,0.000984288553524208,3
8648,20221018_110214.mat,2050695,2.050695,0.0020450701412476,0.000984288553524208,3
8649,20221018_110214.mat,2052685,2.052685,0.00311951001812179,0.000984288553524208,3
8650,20221018_110214.mat,2052884,2.052884,0.00146223603188597,0.000984288553524208,3
8651,20221018_110214.mat,2054874,2.054874,0.0149797682152158,0.000984288553524208,3
8652,20221018_110214.mat,2055073,2.055073,0.00574572374881157,0.000984288553524208,3
8653,20221018_110214.mat,2055272,2.055272,0.00124847232768162,0.000984288553524208,3
8654,20221018_110214.mat,2057660,2.05766,0.00106302746283893,0.000984288553524208,3
8655,20221018_110214.mat,2058854,2.058854,0.00124694350266652,0.000984288553524208,3
8656,20221018_110214.mat,2073580,2.07358,0.00471767114311751,0.000984288553524208,3
8657,20221018_110214.mat,2073779,2.073779,0.0284815438729842,0.000984288553524208,3
8658,20221018_110214.mat,2073978,2.073978,0.00442661661773073,0.000984288553524208,3
8659,20221018_110214.mat,2074177,2.074177,0.00271810587595771,0.000984288553524208,3
8660,20221018_110214.mat,2074376,2.074376,0.00108300401794101,0.000984288553524208,3
8661,20221018_110214.mat,2085520,2.08552,0.0013264714736013,0.000984288553524208,3
8662,20221018_110214.mat,2085719,2.085719,0.0016336665888786,0.000984288553524208,3
8663,20221018_110214.mat,2088306,2.088306,0.0345732261704175,0.000984288553524208,3
8664,20221018_110214.mat,2088505,2.088505,0.00870635317077385,0.000984288553524208,3
8665,20221018_110214.mat,2088704,2.088704,0.00182943401164435,0.000984288553524208,3
8666,20221018_110214.mat,2104823,2.104823,0.00153107186792826,0.000984288553524208,3
8667,20221018_110214.mat,2108007,2.108007,0.00114451711418626,0.000984288553524208,3
8668,20221018_110214.mat,2112186,2.112186,0.0012490526467113,0.000984288553524208,3
8669,20221018_110214.mat,2120942,2.120942,0.0147971400209577,0.000984288553524208,3
8670,20221018_110214.mat,2121141,2.121141,0.00194917760076082,0.000984288553524208,3
8671,20221018_110214.mat,2121340,2.12134,0.00138892053346827,0.000984288553524208,3
8672,20221018_110214.mat,2138056,2.138056,0.00328895242311802,0.000984288553524208,3
8673,20221018_110214.mat,2171886,2.171886,0.0013307173020484,0.000984288553524208,3
8674,20221018_110214.mat,2191985,2.191985,0.00314074294380795,0.000984288553524208,3
8675,20221018_110214.mat,2207507,2.207507,0.0022027097346178,0.000984288553524208,3
8676,20221018_110214.mat,2253874,2.253874,0.00124709174278471,0.000984288553524208,3
8677,20221018_110214.mat,2286908,2.286908,0.00269397375683833,0.000984288553524208,3
8678,20221018_110214.mat,2287107,2.287107,0.00145768528650495,0.000984288553524208,3
8679,20221018_110214.mat,2298848,2.298848,0.00300610069573911,0.000984288553524208,3
8680,20221018_110214.mat,2299047,2.299047,0.00104983327429504,0.000984288553524208,3
8681,20221018_110214.mat,2300042,2.300042,0.00262457372775651,0.000984288553524208,3
8682,20221018_110214.mat,2328897,2.328897,0.0139845882088632,0.000984288553524208,3
8683,20221018_110214.mat,2329096,2.329096,0.00266644489356484,0.000984288553524208,3
8684,20221018_110214.mat,2339245,2.339245,0.00266993655622351,0.000984288553524208,3
8685,20221018_110214.mat,2339444,2.339444,0.0048180904867533,0.000984288553524208,3
8686,20221018_110214.mat,2344817,2.344817,0.00158011142304394,0.000984288553524208,3
8687,20221018_110214.mat,2360538,2.360538,0.0123821985302362,0.000984288553524208,3
8688,20221018_110214.mat,2360737,2.360737,0.00435803480759146,0.000984288553524208,3
8689,20221018_110214.mat,2360936,2.360936,0.00142762967010083,0.000984288553524208,3
8690,20221018_110214.mat,2368100,2.3681,0.00141657532159811,0.000984288553524208,3
8691,20221018_110214.mat,2391582,2.391582,0.00302517686190885,0.000984288553524208,3
8692,20221018_110214.mat,2391781,2.391781,0.00119933336153633,0.000984288553524208,3
8693,20221018_110214.mat,2400139,2.400139,0.00105206654076218,0.000984288553524208,3
8694,20221018_110214.mat,2401731,2.401731,0.00107748077113682,0.000984288553524208,3
8695,20221018_110214.mat,2408298,2.408298,0.0129712445855249,0.000984288553524208,3
8696,20221018_110214.mat,2408497,2.408497,0.0196848258305683,0.000984288553524208,3
8697,20221018_110214.mat,2408696,2.408696,0.00152426024728596,0.000984288553524208,3
8698,20221018_110214.mat,2408895,2.408895,0.00101812572201056,0.000984288553524208,3
8699,20221018_110214.mat,2414666,2.414666,0.00108922435565828,0.000984288553524208,3
8700,20221018_110214.mat,2425611,2.425611,0.000998181568386381,0.000984288553524208,3
8701,20221018_110214.mat,2425810,2.42581,0.00102698662246255,0.000984288553524208,3
8702,20221018_110214.mat,2441730,2.44173,0.00110214061139015,0.000984288553524208,3
8703,20221018_110214.mat,2449889,2.449889,0.00193859475440313,0.000984288553524208,3
8704,20221018_110214.mat,2453272,2.453272,0.00173776374509777,0.000984288553524208,3
8705,20221018_110214.mat,2453471,2.453471,0.00118044301430731,0.000984288553524208,3
8706,20221018_110214.mat,2476754,2.476754,0.00151973541431503,0.000984288553524208,3
8707,20221018_110214.mat,2487301,2.487301,0.00103648346554444,0.000984288553524208,3
8708,20221018_110214.mat,2493669,2.493669,0.00120674886237784,0.000984288553524208,3
8709,20221018_110214.mat,2509788,2.509788,0.00113403004378335,0.000984288553524208,3
8710,20221018_110214.mat,2510584,2.510584,0.00263487402737327,0.000984288553524208,3
8711,20221018_110214.mat,2510783,2.510783,0.00235403007706848,0.000984288553524208,3
8712,20221018_110214.mat,2531280,2.53128,0.00176237692911508,0.000984288553524208,3
8713,20221018_110214.mat,2535857,2.535857,0.0103822729904364,0.000984288553524208,3
8714,20221018_110214.mat,2536056,2.536056,0.00579456992046683,0.000984288553524208,3
8715,20221018_110214.mat,2536255,2.536255,0.00114132450698119,0.000984288553524208,3
8716,20221018_110214.mat,2540235,2.540235,0.00183904504161533,0.000984288553524208,3
8717,20221018_110214.mat,2559339,2.559339,0.000995745522888018,0.000984288553524208,3
8718,20221018_110214.mat,2559538,2.559538,0.00134298409286972,0.000984288553524208,3
8719,20221018_110214.mat,2563120,2.56312,0.00133282961037534,0.000984288553524208,3
8720,20221018_110214.mat,2591975,2.591975,0.0084576108831866,0.000984288553524208,3
8721,20221018_110214.mat,2592174,2.592174,0.00146200402245558,0.000984288553524208,3
8722,20221018_110214.mat,2613865,2.613865,0.00219261563896731,0.000984288553524208,3
8723,20221018_110214.mat,2614064,2.614064,0.00170063395946974,0.000984288553524208,3
8724,20221018_110214.mat,2624611,2.624611,0.00100270651716358,0.000984288553524208,3
8725,20221018_110214.mat,2647894,2.647894,0.00112831825662996,0.000984288553524208,3
8726,20221018_110214.mat,2652073,2.652073,0.0196187901625735,0.000984288553524208,3
8727,20221018_110214.mat,2652272,2.652272,0.00424176413230447,0.000984288553524208,3
8728,20221018_110214.mat,2652471,2.652471,0.00157065316359415,0.000984288553524208,3
8729,20221018_110214.mat,2674162,2.674162,0.00138365555129813,0.000984288553524208,3
8730,20221018_110214.mat,2690480,2.69048,0.00105983153097856,0.000984288553524208,3
8731,20221018_110214.mat,2701027,2.701027,0.00159920629705206,0.000984288553524208,3
8732,20221018_110214.mat,2701226,2.701226,0.00110325700925352,0.000984288553524208,3
8733,20221018_110214.mat,2713365,2.713365,0.00178807698879717,0.000984288553524208,3
8734,20221018_110214.mat,2749185,2.749185,0.00146654136666132,0.000984288553524208,3
8735,20221018_110214.mat,2758140,2.75814,0.00107379868829403,0.000984288553524208,3
8736,20221018_110214.mat,2758339,2.758339,0.00135948419779978,0.000984288553524208,3
8737,20221018_110214.mat,2777642,2.777642,0.00781805165534168,0.000984288553524208,3
8738,20221018_110214.mat,2777841,2.777841,0.0117216827587765,0.000984288553524208,3
8739,20221018_110214.mat,2778040,2.77804,0.00318548310588261,0.000984288553524208,3
8740,20221018_110214.mat,2778239,2.778239,0.00135607915336175,0.000984288553524208,3
8741,20221018_110214.mat,2782816,2.782816,0.00168881255981763,0.000984288553524208,3
8742,20221018_110214.mat,2784408,2.784408,0.00258796850601159,0.000984288553524208,3
8743,20221018_110214.mat,2787393,2.787393,0.0264820068816265,0.000984288553524208,3
8744,20221018_110214.mat,2787592,2.787592,0.00505147242976128,0.000984288553524208,3
8745,20221018_110214.mat,2787791,2.787791,0.00118809478650372,0.000984288553524208,3
8746,20221018_110214.mat,2792368,2.792368,0.0163771779817858,0.000984288553524208,3
8747,20221018_110214.mat,2792567,2.792567,0.00369604618937267,0.000984288553524208,3
8748,20221018_110214.mat,2792766,2.792766,0.00129123604791576,0.000984288553524208,3
8749,20221018_110214.mat,2810676,2.810676,0.00113658237345326,0.000984288553524208,3
8750,20221018_110214.mat,2810875,2.810875,0.00120340598352247,0.000984288553524208,3
8751,20221018_110214.mat,2812865,2.812865,0.00743437302118634,0.000984288553524208,3
8752,20221018_110214.mat,2813064,2.813064,0.0039625276569474,0.000984288553524208,3
8753,20221018_110214.mat,2813263,2.813263,0.0011848776999516,0.000984288553524208,3
8754,20221018_110214.mat,2826198,2.826198,0.00126058707292081,0.000984288553524208,3
8755,20221018_110214.mat,2859232,2.859232,0.0178795014911578,0.000984288553524208,3
8756,20221018_110214.mat,2859431,2.859431,0.00318841042138035,0.000984288553524208,3
8757,20221018_110214.mat,2862416,2.862416,0.0014532840243932,0.000984288553524208,3
8758,20221018_110214.mat,2862615,2.862615,0.00319127405079954,0.000984288553524208,3
8759,20221018_110214.mat,2872366,2.872366,0.00495953126915969,0.000984288553524208,3
8760,20221018_110214.mat,2872565,2.872565,0.00738331056506085,0.000984288553524208,3
8761,20221018_110214.mat,2878336,2.878336,0.00107577109540885,0.000984288553524208,3
8762,20221018_110214.mat,2878535,2.878535,0.00149589092185654,0.000984288553524208,3
8763,20221018_110214.mat,2883510,2.88351,0.0146167031863827,0.000984288553524208,3
8764,20221018_110214.mat,2883709,2.883709,0.0125106629438334,0.000984288553524208,3
8765,20221018_110214.mat,2883908,2.883908,0.00260192658488883,0.000984288553524208,3
8766,20221018_110214.mat,2884107,2.884107,0.00099254394455367,0.000984288553524208,3
8767,20221018_110214.mat,2886893,2.886893,0.0011016400062704,0.000984288553524208,3
8768,20221018_110214.mat,2898037,2.898037,0.00143783131334337,0.000984288553524208,3
8769,20221018_110214.mat,2911569,2.911569,0.00253589792926599,0.000984288553524208,3
8770,20221018_110214.mat,2911768,2.911768,0.00164168615311624,0.000984288553524208,3
8771,20221018_110214.mat,2912365,2.912365,0.00124723917361847,0.000984288553524208,3
8772,20221018_110214.mat,2913758,2.913758,0.00217232069133779,0.000984288553524208,3
8773,20221018_110214.mat,2913957,2.913957,0.00366741890479873,0.000984288553524208,3
8774,20221018_110214.mat,2915350,2.91535,0.00115388939945084,0.000984288553524208,3
8775,20221018_110214.mat,2924106,2.924106,0.00111043485364151,0.000984288553524208,3
8776,20221018_110214.mat,2928484,2.928484,0.00163927306624972,0.000984288553524208,3
8777,20221018_110214.mat,2928683,2.928683,0.00140550328393468,0.000984288553524208,3
8778,20221018_110214.mat,2941021,2.941021,0.00105378667791298,0.000984288553524208,3
8779,20221018_110214.mat,2941220,2.94122,0.00177822975787941,0.000984288553524208,3
8780,20221018_110214.mat,2949578,2.949578,0.00270350275696128,0.000984288553524208,3
8781,20221018_110214.mat,2949777,2.949777,0.00154719243009395,0.000984288553524208,3
8782,20221018_110214.mat,2954553,2.954553,0.00101599688737032,0.000984288553524208,3
8783,20221018_110214.mat,2963707,2.963707,0.000997743125670265,0.000984288553524208,3
8784,20221018_110214.mat,2965896,2.965896,0.00102175629113712,0.000984288553524208,3
8785,20221018_110214.mat,2968284,2.968284,0.00539962159843145,0.000984288553524208,3
8786,20221018_110214.mat,2968483,2.968483,0.00214942902735246,0.000984288553524208,3
8787,20221018_110214.mat,2968682,2.968682,0.00635950598481365,0.000984288553524208,3
8788,20221018_110214.mat,2968881,2.968881,0.0281520298264123,0.000984288553524208,3
8789,20221018_110214.mat,2969080,2.96908,0.00416827810800145,0.000984288553524208,3
8790,20221018_110214.mat,2969279,2.969279,0.00113285892379535,0.000984288553524208,3
8791,20221018_110214.mat,2970871,2.970871,0.00142912275720109,0.000984288553524208,3
8792,20221018_110214.mat,2971269,2.971269,0.00103837619209351,0.000984288553524208,3
8793,20221018_110214.mat,2971468,2.971468,0.00339344062853581,0.000984288553524208,3
8794,20221018_110214.mat,2971667,2.971667,0.0023178975195968,0.000984288553524208,3
8795,20221018_110214.mat,2971866,2.971866,0.0467179166292587,0.000984288553524208,3
8796,20221018_110214.mat,2972065,2.972065,0.108363317197333,0.000984288553524208,3
8797,20221018_110214.mat,2972264,2.972264,0.234767732534497,0.000984288553524208,3
8798,20221018_110214.mat,2972463,2.972463,0.0535615583541529,0.000984288553524208,3
8799,20221018_110214.mat,2972662,2.972662,0.132829726115342,0.000984288553524208,3
8800,20221018_110214.mat,2972861,2.972861,0.164651608369049,0.000984288553524208,3
8801,20221018_110214.mat,2973060,2.97306,0.358760235989416,0.000984288553524208,3
8802,20221018_110214.mat,2973259,2.973259,0.0920555012100995,0.000984288553524208,3
8803,20221018_110214.mat,2973458,2.973458,0.0225856013028138,0.000984288553524208,3
8804,20221018_110214.mat,2973657,2.973657,0.00592779738804151,0.000984288553524208,3
8805,20221018_110214.mat,2973856,2.973856,0.00155427554977339,0.000984288553524208,3
8806,20221018_110214.mat,2974055,2.974055,0.00142047987064498,0.000984288553524208,3
8807,20221018_110214.mat,2974254,2.974254,0.0554731989250846,0.000984288553524208,3
8808,20221018_110214.mat,2974453,2.974453,4.05386566463328,0.000984288553524208,3
8809,20221018_110214.mat,2974652,2.974652,4.48140690222664,0.000984288553524208,3
8810,20221018_110214.mat,2974851,2.974851,1.73272668923604,0.000984288553524208,3
8811,20221018_110214.mat,2975050,2.97505,0.65972171721671,0.000984288553524208,3
8812,20221018_110214.mat,2975249,2.975249,0.413386521606457,0.000984288553524208,3
8813,20221018_110214.mat,2975448,2.975448,0.322682906752849,0.000984288553524208,3
8814,20221018_110214.mat,2975647,2.975647,0.111964208584183,0.000984288553524208,3
8815,20221018_110214.mat,2975846,2.975846,0.0667381657194265,0.000984288553524208,3
8816,20221018_110214.mat,2976045,2.976045,0.0767756561952767,0.000984288553524208,3
8817,20221018_110214.mat,2976244,2.976244,0.0356026333140241,0.000984288553524208,3
8818,20221018_110214.mat,2976443,2.976443,0.0138187717050651,0.000984288553524208,3
8819,20221018_110214.mat,2976642,2.976642,0.00869069311088045,0.000984288553524208,3
8820,20221018_110214.mat,2976841,2.976841,0.0143057098459222,0.000984288553524208,3
8821,20221018_110214.mat,2977040,2.97704,0.00884533529538952,0.000984288553524208,3
8822,20221018_110214.mat,2977239,2.977239,0.00733945951380969,0.000984288553524208,3
8823,20221018_110214.mat,2977438,2.977438,0.00660826754535482,0.000984288553524208,3
8824,20221018_110214.mat,2977637,2.977637,0.0138277502980284,0.000984288553524208,3
8825,20221018_110214.mat,2977836,2.977836,0.0109054815353723,0.000984288553524208,3
8826,20221018_110214.mat,2978035,2.978035,0.0103607434997594,0.000984288553524208,3
8827,20221018_110214.mat,2978234,2.978234,0.00644686008444771,0.000984288553524208,3
8828,20221018_110214.mat,2978433,2.978433,0.00432229407252129,0.000984288553524208,3
8829,20221018_110214.mat,2978632,2.978632,0.00444523509974733,0.000984288553524208,3
8830,20221018_110214.mat,2978831,2.978831,0.00498907797495391,0.000984288553524208,3
8831,20221018_110214.mat,2979030,2.97903,0.00395427011741108,0.000984288553524208,3
8832,20221018_110214.mat,2979229,2.979229,0.00410940905787762,0.000984288553524208,3
8833,20221018_110214.mat,2979428,2.979428,0.00361208385297957,0.000984288553524208,3
8834,20221018_110214.mat,2979627,2.979627,0.00331676155827072,0.000984288553524208,3
8835,20221018_110214.mat,2979826,2.979826,0.00296860482298898,0.000984288553524208,3
8836,20221018_110214.mat,2980025,2.980025,0.00401939440842994,0.000984288553524208,3
8837,20221018_110214.mat,2980224,2.980224,0.00225564079963969,0.000984288553524208,3
8838,20221018_110214.mat,2980423,2.980423,0.00651302868344231,0.000984288553524208,3
8839,20221018_110214.mat,2980622,2.980622,0.00594040064986576,0.000984288553524208,3
8840,20221018_110214.mat,2980821,2.980821,0.00299204387388786,0.000984288553524208,3
8841,20221018_110214.mat,2981020,2.98102,0.00333462484542927,0.000984288553524208,3
8842,20221018_110214.mat,2981219,2.981219,0.00264121481959509,0.000984288553524208,3
8843,20221018_110214.mat,2981418,2.981418,0.00212362888841296,0.000984288553524208,3
8844,20221018_110214.mat,2981617,2.981617,0.00227287418501379,0.000984288553524208,3
8845,20221018_110214.mat,2981816,2.981816,0.00317658158695179,0.000984288553524208,3
8846,20221018_110214.mat,2982015,2.982015,0.00174989953720937,0.000984288553524208,3
8847,20221018_110214.mat,2982214,2.982214,0.00113710477752237,0.000984288553524208,3
8848,20221018_110214.mat,2982413,2.982413,0.00182661065733006,0.000984288553524208,3
8849,20221018_110214.mat,2982612,2.982612,0.00290217822511995,0.000984288553524208,3
8850,20221018_110214.mat,2982811,2.982811,0.0011428845000675,0.000984288553524208,3
8851,20221018_110214.mat,2983010,2.98301,0.00255639736020198,0.000984288553524208,3
8852,20221018_110214.mat,2983209,2.983209,0.00273277020346942,0.000984288553524208,3
8853,20221018_110214.mat,2983408,2.983408,0.0041791211732444,0.000984288553524208,3
8854,20221018_110214.mat,2983607,2.983607,0.0024021838479094,0.000984288553524208,3
8855,20221018_110214.mat,2984005,2.984005,0.00176478271130642,0.000984288553524208,3
8856,20221018_110214.mat,2984204,2.984204,0.000999866564272607,0.000984288553524208,3
8857,20221018_110214.mat,2984602,2.984602,0.00101517587768072,0.000984288553524208,3
8858,20221018_110214.mat,2984801,2.984801,0.000987588226201067,0.000984288553524208,3
8859,20221018_110214.mat,2985000,2.985,0.00128901134072081,0.000984288553524208,3
8860,20221018_110214.mat,2985199,2.985199,0.00118973477524252,0.000984288553524208,3
8861,20221018_110214.mat,2985597,2.985597,0.00222997335278245,0.000984288553524208,3
8862,20221018_110214.mat,2985796,2.985796,0.00177452947121733,0.000984288553524208,3
8863,20221018_110214.mat,2985995,2.985995,0.00176751290698149,0.000984288553524208,3
8864,20221018_110214.mat,2986194,2.986194,0.00172686010989654,0.000984288553524208,3
8865,20221018_110214.mat,2986393,2.986393,0.00129770166538125,0.000984288553524208,3
8866,20221018_110214.mat,2986592,2.986592,0.00103028636067659,0.000984288553524208,3
8867,20221018_110214.mat,2986791,2.986791,0.00115635028628188,0.000984288553524208,3
8868,20221018_110214.mat,2986990,2.98699,0.00384028730125517,0.000984288553524208,3
8869,20221018_110214.mat,2987189,2.987189,0.00454388524115351,0.000984288553524208,3
8870,20221018_110214.mat,2987388,2.987388,0.00333379410908717,0.000984288553524208,3
8871,20221018_110214.mat,2987587,2.987587,0.0048280799254691,0.000984288553524208,3
8872,20221018_110214.mat,2987786,2.987786,0.0011813522555318,0.000984288553524208,3
8873,20221018_110214.mat,2988184,2.988184,0.00157528141033277,0.000984288553524208,3
8874,20221018_110214.mat,2988383,2.988383,0.0010091421926487,0.000984288553524208,3
8875,20221018_110214.mat,2988582,2.988582,0.00346893827270513,0.000984288553524208,3
8876,20221018_110214.mat,2988781,2.988781,0.00126023914197986,0.000984288553524208,3
8877,20221018_110214.mat,2988980,2.98898,0.0014384220437665,0.000984288553524208,3
8878,20221018_110214.mat,2989179,2.989179,0.000986458553686438,0.000984288553524208,3
8879,20221018_110214.mat,2989378,2.989378,0.00164291710219782,0.000984288553524208,3
8880,20221018_110214.mat,2989577,2.989577,0.0016613156941264,0.000984288553524208,3
8881,20221018_110214.mat,2990174,2.990174,0.0884286808556618,0.000984288553524208,3
8882,20221018_110214.mat,2990373,2.990373,0.0369904200231318,0.000984288553524208,3
8883,20221018_110214.mat,2990572,2.990572,0.00377625214043245,0.000984288553524208,3
8884,20221018_110214.mat,2990771,2.990771,0.00161445369606918,0.000984288553524208,3
8885,20221018_110214.mat,2990970,2.99097,0.00134489802666548,0.000984288553524208,3
8886,20221018_110214.mat,2991368,2.991368,0.00325242631271419,0.000984288553524208,3
8887,20221018_110214.mat,2991567,2.991567,0.00147969920457005,0.000984288553524208,3
8888,20221018_110214.mat,2991766,2.991766,0.00449125910882552,0.000984288553524208,3
8889,20221018_110214.mat,2991965,2.991965,0.00239297366809042,0.000984288553524208,3
8890,20221018_110214.mat,2992164,2.992164,0.00228672863134013,0.000984288553524208,3
8891,20221018_110214.mat,2992363,2.992363,0.00226516067365032,0.000984288553524208,3
8892,20221018_110214.mat,2992761,2.992761,0.00165460466884006,0.000984288553524208,3
8893,20221018_110214.mat,2992960,2.99296,0.00709890652236136,0.000984288553524208,3
8894,20221018_110214.mat,2993159,2.993159,0.00276358536890555,0.000984288553524208,3
8895,20221018_110214.mat,2993358,2.993358,0.00214204264247224,0.000984288553524208,3
8896,20221018_110214.mat,2993557,2.993557,0.00177330116034754,0.000984288553524208,3
8897,20221018_110214.mat,2993756,2.993756,0.00241764733046805,0.000984288553524208,3
8898,20221018_110214.mat,2993955,2.993955,0.00106317359670584,0.000984288553524208,3
8899,20221018_110214.mat,2994154,2.994154,0.00200127661664291,0.000984288553524208,3
8900,20221018_110214.mat,2994353,2.994353,0.00133775221841801,0.000984288553524208,3
8901,20221018_110214.mat,2994552,2.994552,0.00305998460310579,0.000984288553524208,3
8902,20221018_110214.mat,2994751,2.994751,0.00259758242200232,0.000984288553524208,3
8903,20221018_110214.mat,2994950,2.99495,0.00866038213084323,0.000984288553524208,3
8904,20221018_110214.mat,2995149,2.995149,0.00366033079264076,0.000984288553524208,3
8905,20221018_110214.mat,2995348,2.995348,0.00152138112972398,0.000984288553524208,3
8906,20221018_110214.mat,2995547,2.995547,0.00135216314805787,0.000984288553524208,3
8907,20221018_110214.mat,2995746,2.995746,0.00114325437943186,0.000984288553524208,3
8908,20221018_110214.mat,2995945,2.995945,0.00250910718602649,0.000984288553524208,3
8909,20221018_110214.mat,2996343,2.996343,0.00113093390712891,0.000984288553524208,3
8910,20221018_110214.mat,2996542,2.996542,0.00158464069121127,0.000984288553524208,3
8911,20221018_110214.mat,2996741,2.996741,0.00167970534315852,0.000984288553524208,3
8912,20221018_110214.mat,2996940,2.99694,0.00362027069966467,0.000984288553524208,3
8913,20221018_110214.mat,2997139,2.997139,0.00207616298903053,0.000984288553524208,3
8914,20221018_110214.mat,2997537,2.997537,0.00143117914355397,0.000984288553524208,3
8915,20221018_110214.mat,2998731,2.998731,0.00109778281110581,0.000984288553524208,3
8916,20221018_110214.mat,2998930,2.99893,0.00105964410521705,0.000984288553524208,3
8917,20221018_110214.mat,2999129,2.999129,0.00197958378667885,0.000984288553524208,3
8918,20221018_110214.mat,3002711,3.002711,0.00106969681907357,0.000984288553524208,3
8919,20221018_110214.mat,3003507,3.003507,0.0013045679248518,0.000984288553524208,3
8920,20221018_110214.mat,3004104,3.004104,0.00107637600110032,0.000984288553524208,3
8921,20221018_110214.mat,3007089,3.007089,0.00103881263603787,0.000984288553524208,3
8922,20221018_110214.mat,3010273,3.010273,0.00104155772027948,0.000984288553524208,3
8923,20221018_110214.mat,3011467,3.011467,0.00112306780087082,0.000984288553524208,3
8924,20221018_110214.mat,3011666,3.011666,0.00109340944893899,0.000984288553524208,3
8925,20221018_110214.mat,3011865,3.011865,0.00136213309531462,0.000984288553524208,3
8926,20221018_110214.mat,3012462,3.012462,0.00117615713294392,0.000984288553524208,3
8927,20221018_110214.mat,3012661,3.012661,0.000984563880086232,0.000984288553524208,3
8928,20221018_110214.mat,3013457,3.013457,0.00319658114661534,0.000984288553524208,3
8929,20221018_110214.mat,3013656,3.013656,0.00173098897132722,0.000984288553524208,3
8930,20221018_110214.mat,3013855,3.013855,0.00109533397715429,0.000984288553524208,3
8931,20221018_110214.mat,3014850,3.01485,0.00199375217726245,0.000984288553524208,3
8932,20221018_110214.mat,3015049,3.015049,0.00106050949386078,0.000984288553524208,3
8933,20221018_110214.mat,3015248,3.015248,0.00298525430823524,0.000984288553524208,3
8934,20221018_110214.mat,3015447,3.015447,0.0038790191417399,0.000984288553524208,3
8935,20221018_110214.mat,3028979,3.028979,0.0012580041684601,0.000984288553524208,3
8936,20221018_110214.mat,3029775,3.029775,0.00126177523958093,0.000984288553524208,3
8937,20221018_110214.mat,3029974,3.029974,0.00114188090378205,0.000984288553524208,3
8938,20221018_110214.mat,3030571,3.030571,0.00136421693956085,0.000984288553524208,3
8939,20221018_110214.mat,3031168,3.031168,0.00131533917348677,0.000984288553524208,3
8940,20221018_110214.mat,3031765,3.031765,0.00117799489067757,0.000984288553524208,3
8941,20221018_110214.mat,3032362,3.032362,0.00106184284573899,0.000984288553524208,3
8942,20221018_110214.mat,3034153,3.034153,0.00112938090729098,0.000984288553524208,3
8943,20221018_110214.mat,3034750,3.03475,0.00118023640926453,0.000984288553524208,3
8944,20221018_110214.mat,3035745,3.035745,0.000999582316821982,0.000984288553524208,3
8945,20221018_110214.mat,3036740,3.03674,0.00102984438578123,0.000984288553524208,3
8946,20221018_110214.mat,3037735,3.037735,0.00113500072173436,0.000984288553524208,3
8947,20221018_110214.mat,3037934,3.037934,0.00106577567747734,0.000984288553524208,3
8948,20221018_110214.mat,3054849,3.054849,0.00120786055440152,0.000984288553524208,3
8949,20221018_110214.mat,3055048,3.055048,0.00119434819939047,0.000984288553524208,3
8950,20221018_110214.mat,3056242,3.056242,0.00162218336637924,0.000984288553524208,3
8951,20221018_110214.mat,3057635,3.057635,0.00134345623936712,0.000984288553524208,3
8952,20221018_110214.mat,3058829,3.058829,0.000990789932917678,0.000984288553524208,3
8953,20221018_110214.mat,3059028,3.059028,0.000998094872625551,0.000984288553524208,3
8954,20221018_110214.mat,3065595,3.065595,0.00154233964565078,0.000984288553524208,3
8955,20221018_110214.mat,3065794,3.065794,0.00130037735652115,0.000984288553524208,3
8956,20221018_110214.mat,3074550,3.07455,0.0015680561441198,0.000984288553524208,3
8957,20221018_110214.mat,3074749,3.074749,0.00113309236272117,0.000984288553524208,3
8958,20221018_110214.mat,3075545,3.075545,0.00104078142713915,0.000984288553524208,3
8959,20221018_110214.mat,3076142,3.076142,0.00134712386251034,0.000984288553524208,3
8960,20221018_110214.mat,3076341,3.076341,0.00133888071289289,0.000984288553524208,3
8961,20221018_110214.mat,3077734,3.077734,0.00143515358817763,0.000984288553524208,3
8962,20221018_110214.mat,3079326,3.079326,0.00128743975888884,0.000984288553524208,3
8963,20221018_110214.mat,3081117,3.081117,0.00129883316597663,0.000984288553524208,3
8964,20221018_110214.mat,3092062,3.092062,0.00104433701979201,0.000984288553524208,3
8965,20221018_110214.mat,3095843,3.095843,0.00156895759623936,0.000984288553524208,3
8966,20221018_110214.mat,3096639,3.096639,0.00196565743342468,0.000984288553524208,3
8967,20221018_110214.mat,3097236,3.097236,0.00163491920592551,0.000984288553524208,3
8968,20221018_110214.mat,3098032,3.098032,0.00159677149505308,0.000984288553524208,3
8969,20221018_110214.mat,3098629,3.098629,0.00142027011388853,0.000984288553524208,3
8970,20221018_110214.mat,3099425,3.099425,0.00150241691905886,0.000984288553524208,3
8971,20221018_110214.mat,3100022,3.100022,0.00121797757646402,0.000984288553524208,3
8972,20221018_110214.mat,3105196,3.105196,0.00158456933260095,0.000984288553524208,3
8973,20221018_110214.mat,3105395,3.105395,0.00126439398479817,0.000984288553524208,3
8974,20221018_110214.mat,3119325,3.119325,0.00110380676087315,0.000984288553524208,3
8975,20221018_110214.mat,3119524,3.119524,0.00186466499085451,0.000984288553524208,3
8976,20221018_110214.mat,3120519,3.120519,0.00181351370602723,0.000984288553524208,3
8977,20221018_110214.mat,3121315,3.121315,0.00135301004661657,0.000984288553524208,3
8978,20221018_110214.mat,3121514,3.121514,0.000991618248233511,0.000984288553524208,3
8979,20221018_110214.mat,3122310,3.12231,0.00137715223997453,0.000984288553524208,3
8980,20221018_110214.mat,3123106,3.123106,0.00105209270632508,0.000984288553524208,3
8981,20221018_110214.mat,3123305,3.123305,0.00116063304922169,0.000984288553524208,3
8982,20221018_110214.mat,3124101,3.124101,0.00136560657162022,0.000984288553524208,3
8983,20221018_110214.mat,3125096,3.125096,0.00126637313250736,0.000984288553524208,3
8984,20221018_110214.mat,3126091,3.126091,0.00107909113539594,0.000984288553524208,3
8985,20221018_110214.mat,3127086,3.127086,0.00111900858438045,0.000984288553524208,3
8986,20221018_110214.mat,3128479,3.128479,0.00110801220017894,0.000984288553524208,3
8987,20221018_110214.mat,3130469,3.130469,0.00099599827014063,0.000984288553524208,3
8988,20221018_110214.mat,3131464,3.131464,0.00102496158734922,0.000984288553524208,3
8989,20221018_110214.mat,3132857,3.132857,0.00318677432013126,0.000984288553524208,3
8990,20221018_110214.mat,3133056,3.133056,0.00123192123912877,0.000984288553524208,3
8991,20221018_110214.mat,3144996,3.144996,0.00162395292994394,0.000984288553524208,3
8992,20221018_110214.mat,3145991,3.145991,0.00197184094969293,0.000984288553524208,3
8993,20221018_110214.mat,3146787,3.146787,0.0018254486344871,0.000984288553524208,3
8994,20221018_110214.mat,3147583,3.147583,0.000984549900063423,0.000984288553524208,3
8995,20221018_110214.mat,3147782,3.147782,0.00164363094047441,0.000984288553524208,3
8996,20221018_110214.mat,3148578,3.148578,0.00156417675764392,0.000984288553524208,3
8997,20221018_110214.mat,3149374,3.149374,0.00118927104209317,0.000984288553524208,3
8998,20221018_110214.mat,3150369,3.150369,0.00124916283838901,0.000984288553524208,3
8999,20221018_110214.mat,3160319,3.160319,0.00106857112072883,0.000984288553524208,3
9000,20221018_110214.mat,3166289,3.166289,0.00335821199787765,0.000984288553524208,3
9001,20221018_110214.mat,3166488,3.166488,0.00124268442591778,0.000984288553524208,3
9002,20221018_110214.mat,3172657,3.172657,0.00182222416852484,0.000984288553524208,3
9003,20221018_110214.mat,3174647,3.174647,0.00183207429976271,0.000984288553524208,3
9004,20221018_110214.mat,3178229,3.178229,0.00141591436276819,0.000984288553524208,3
9005,20221018_110214.mat,3191562,3.191562,0.00111190907142971,0.000984288553524208,3
9006,20221018_110214.mat,3271759,3.271759,0.00110733489403625,0.000984288553524208,3
9007,20221018_110214.mat,3292057,3.292057,0.00131177757809837,0.000984288553524208,3
9008,20221018_110214.mat,3316534,3.316534,0.00104650121555744,0.000984288553524208,3
9009,20221018_110214.mat,3316733,3.316733,0.00117732361069229,0.000984288553524208,3
9010,20221018_110214.mat,3320713,3.320713,0.00378163636532859,0.000984288553524208,3
9011,20221018_110214.mat,3320912,3.320912,0.00194821941144651,0.000984288553524208,3
9012,20221018_110214.mat,3437924,3.437924,0.00108768954556796,0.000984288553524208,3
9013,20221018_110214.mat,3455038,3.455038,0.00108551870849552,0.000984288553524208,3
9014,20221018_110214.mat,3530459,3.530459,0.00148370537702816,0.000984288553524208,3
9015,20221018_110214.mat,3583791,3.583791,0.00252946106309513,0.000984288553524208,3
9016,20221018_110214.mat,3733837,3.733837,0.000986170441604316,0.000984288553524208,3
9017,20221018_110214.mat,3766274,3.766274,0.00101761083842038,0.000984288553524208,3
9018,20221018_110214.mat,3806273,3.806273,0.00213100434255862,0.000984288553524208,3
9019,20221018_110214.mat,3806472,3.806472,0.00115913256767878,0.000984288553524208,3
9020,20221018_110214.mat,3836521,3.836521,0.000994763490744064,0.000984288553524208,3
9021,20221018_110214.mat,3840501,3.840501,0.00129372904083483,0.000984288553524208,3
9022,20221018_110214.mat,3840700,3.8407,0.000991189792647381,0.000984288553524208,3
9023,20221018_110214.mat,3888261,3.888261,0.00242201787583319,0.000984288553524208,3
9024,20221018_110214.mat,3888460,3.88846,0.00131523152318584,0.000984288553524208,3
9025,20221018_110214.mat,3891644,3.891644,0.00103574609721511,0.000984288553524208,3
9026,20221018_110214.mat,3962289,3.962289,0.00121507189398643,0.000984288553524208,3
9027,20221018_110214.mat,4165667,4.165667,0.00101475736875545,0.000984288553524208,3
9028,20221018_110214.mat,4166065,4.166065,0.00209539194329103,0.000984288553524208,3
9029,20221018_110214.mat,4166264,4.166264,0.00112781619129006,0.000984288553524208,3
9030,20221018_110214.mat,4193328,4.193328,0.000993794338351083,0.000984288553524208,3
9031,20221018_110214.mat,4243277,4.243277,0.000985365484146109,0.000984288553524208,3
9032,20221018_110214.mat,4369045,4.369045,0.00118230736540692,0.000984288553524208,3
9033,20221018_110214.mat,4398696,4.398696,0.00105917539571286,0.000984288553524208,3
9034,20221018_110214.mat,4531628,4.531628,0.00153716134986778,0.000984288553524208,3
9035,20221018_110214.mat,4559289,4.559289,0.00271877140629469,0.000984288553524208,3
9036,20221018_110214.mat,4559488,4.559488,0.00145991360205299,0.000984288553524208,3
9037,20221018_110214.mat,4561080,4.56108,0.00146355005727121,0.000984288553524208,3
9038,20221018_110214.mat,4567448,4.567448,0.00348431356624603,0.000984288553524208,3
9039,20221018_110214.mat,4567647,4.567647,0.00202200849263362,0.000984288553524208,3
9040,20221018_110214.mat,4568841,4.568841,0.00100620803085081,0.000984288553524208,3
9041,20221018_110214.mat,4572821,4.572821,0.00185388347733742,0.000984288553524208,3
9042,20221018_110214.mat,4582771,4.582771,0.00126350014616364,0.000984288553524208,3
9043,20221018_110214.mat,4585358,4.585358,0.00122175630237726,0.000984288553524208,3
9044,20221018_110214.mat,4585557,4.585557,0.00173903976604507,0.000984288553524208,3
9045,20221018_110214.mat,4585756,4.585756,0.00128122322874352,0.000984288553524208,3
9046,20221018_110214.mat,4585955,4.585955,0.00354160189110178,0.000984288553524208,3
9047,20221018_110214.mat,4586154,4.586154,0.0770338042727874,0.000984288553524208,3
9048,20221018_110214.mat,4586353,4.586353,5.80650051031021,0.000984288553524208,3
9049,20221018_110214.mat,4586552,4.586552,4.7147850921632,0.000984288553524208,3
9050,20221018_110214.mat,4586751,4.586751,1.25563970878641,0.000984288553524208,3
9051,20221018_110214.mat,4586950,4.58695,1.1556417949232,0.000984288553524208,3
9052,20221018_110214.mat,4587149,4.587149,0.801850203551896,0.000984288553524208,3
9053,20221018_110214.mat,4587348,4.587348,0.373967774819383,0.000984288553524208,3
9054,20221018_110214.mat,4587547,4.587547,0.107536273794268,0.000984288553524208,3
9055,20221018_110214.mat,4587746,4.587746,0.0666774701877506,0.000984288553524208,3
9056,20221018_110214.mat,4587945,4.587945,0.0830438967103864,0.000984288553524208,3
9057,20221018_110214.mat,4588144,4.588144,0.0602590523994612,0.000984288553524208,3
9058,20221018_110214.mat,4588343,4.588343,0.289488962277622,0.000984288553524208,3
9059,20221018_110214.mat,4588542,4.588542,0.318137536180821,0.000984288553524208,3
9060,20221018_110214.mat,4588741,4.588741,0.136968946928729,0.000984288553524208,3
9061,20221018_110214.mat,4588940,4.58894,0.0377802591866868,0.000984288553524208,3
9062,20221018_110214.mat,4589139,4.589139,0.0377902926445782,0.000984288553524208,3
9063,20221018_110214.mat,4589338,4.589338,0.0214145387455863,0.000984288553524208,3
9064,20221018_110214.mat,4589537,4.589537,0.0542788576564277,0.000984288553524208,3
9065,20221018_110214.mat,4589736,4.589736,0.0207477567334769,0.000984288553524208,3
9066,20221018_110214.mat,4589935,4.589935,0.0104697802176586,0.000984288553524208,3
9067,20221018_110214.mat,4590134,4.590134,0.0117154987809138,0.000984288553524208,3
9068,20221018_110214.mat,4590333,4.590333,0.00770726144851044,0.000984288553524208,3
9069,20221018_110214.mat,4590532,4.590532,0.0077996428975722,0.000984288553524208,3
9070,20221018_110214.mat,4590731,4.590731,0.014193816025778,0.000984288553524208,3
9071,20221018_110214.mat,4590930,4.59093,0.0126151578591785,0.000984288553524208,3
9072,20221018_110214.mat,4591129,4.591129,0.00935357264882667,0.000984288553524208,3
9073,20221018_110214.mat,4591328,4.591328,0.00609026608407936,0.000984288553524208,3
9074,20221018_110214.mat,4591527,4.591527,0.0100531242815645,0.000984288553524208,3
9075,20221018_110214.mat,4591726,4.591726,0.00753640656811266,0.000984288553524208,3
9076,20221018_110214.mat,4591925,4.591925,0.00630766781086324,0.000984288553524208,3
9077,20221018_110214.mat,4592124,4.592124,0.0061740437419488,0.000984288553524208,3
9078,20221018_110214.mat,4592323,4.592323,0.0781679958487986,0.000984288553524208,3
9079,20221018_110214.mat,4592522,4.592522,0.0342148622697185,0.000984288553524208,3
9080,20221018_110214.mat,4592721,4.592721,0.0102359754375704,0.000984288553524208,3
9081,20221018_110214.mat,4592920,4.59292,0.005581394471237,0.000984288553524208,3
9082,20221018_110214.mat,4593119,4.593119,0.00495434293381305,0.000984288553524208,3
9083,20221018_110214.mat,4593318,4.593318,0.00468800222477523,0.000984288553524208,3
9084,20221018_110214.mat,4593517,4.593517,0.00610953095855121,0.000984288553524208,3
9085,20221018_110214.mat,4593716,4.593716,0.00695991665160414,0.000984288553524208,3
9086,20221018_110214.mat,4593915,4.593915,0.00849402849177008,0.000984288553524208,3
9087,20221018_110214.mat,4594114,4.594114,0.00289188580339455,0.000984288553524208,3
9088,20221018_110214.mat,4594313,4.594313,0.00258643387115082,0.000984288553524208,3
9089,20221018_110214.mat,4594512,4.594512,0.00601156210992905,0.000984288553524208,3
9090,20221018_110214.mat,4594711,4.594711,0.0024649322315131,0.000984288553524208,3
9091,20221018_110214.mat,4594910,4.59491,0.00373370367695095,0.000984288553524208,3
9092,20221018_110214.mat,4595109,4.595109,0.00248400924206648,0.000984288553524208,3
9093,20221018_110214.mat,4595308,4.595308,0.00154869786126284,0.000984288553524208,3
9094,20221018_110214.mat,4595507,4.595507,0.00145016705556504,0.000984288553524208,3
9095,20221018_110214.mat,4595706,4.595706,0.00279157931845075,0.000984288553524208,3
9096,20221018_110214.mat,4595905,4.595905,0.00110880171042139,0.000984288553524208,3
9097,20221018_110214.mat,4596104,4.596104,0.00197510094079609,0.000984288553524208,3
9098,20221018_110214.mat,4596303,4.596303,0.00120328667817142,0.000984288553524208,3
9099,20221018_110214.mat,4596502,4.596502,0.00229229748826181,0.000984288553524208,3
9100,20221018_110214.mat,4596701,4.596701,0.00294794957782439,0.000984288553524208,3
9101,20221018_110214.mat,4596900,4.5969,0.00316710930541348,0.000984288553524208,3
9102,20221018_110214.mat,4597099,4.597099,0.00204260649098618,0.000984288553524208,3
9103,20221018_110214.mat,4597298,4.597298,0.00310782295986767,0.000984288553524208,3
9104,20221018_110214.mat,4597497,4.597497,0.00138404421180922,0.000984288553524208,3
9105,20221018_110214.mat,4597696,4.597696,0.00261295560434331,0.000984288553524208,3
9106,20221018_110214.mat,4598094,4.598094,0.00169727201872451,0.000984288553524208,3
9107,20221018_110214.mat,4598890,4.59889,0.00107956303326418,0.000984288553524208,3
9108,20221018_110214.mat,4599288,4.599288,0.00104930771461808,0.000984288553524208,3
9109,20221018_110214.mat,4599487,4.599487,0.00508999237526366,0.000984288553524208,3
9110,20221018_110214.mat,4599686,4.599686,0.00237881131194369,0.000984288553524208,3
9111,20221018_110214.mat,4599885,4.599885,0.00136575056404956,0.000984288553524208,3
9112,20221018_110214.mat,4600084,4.600084,0.00123251651306483,0.000984288553524208,3
9113,20221018_110214.mat,4600283,4.600283,0.00144968964204479,0.000984288553524208,3
9114,20221018_110214.mat,4600482,4.600482,0.00233496829975121,0.000984288553524208,3
9115,20221018_110214.mat,4600681,4.600681,0.00154629609213947,0.000984288553524208,3
9116,20221018_110214.mat,4600880,4.60088,0.00116337129268094,0.000984288553524208,3
9117,20221018_110214.mat,4601079,4.601079,0.00113788793393443,0.000984288553524208,3
9118,20221018_110214.mat,4601278,4.601278,0.00159301450394586,0.000984288553524208,3
9119,20221018_110214.mat,4601477,4.601477,0.0101252523294334,0.000984288553524208,3
9120,20221018_110214.mat,4601676,4.601676,0.00846225492294532,0.000984288553524208,3
9121,20221018_110214.mat,4601875,4.601875,0.00193733241785128,0.000984288553524208,3
9122,20221018_110214.mat,4602074,4.602074,0.00108082011577357,0.000984288553524208,3
9123,20221018_110214.mat,4602273,4.602273,0.00108371919942574,0.000984288553524208,3
9124,20221018_110214.mat,4602472,4.602472,0.0045270025101893,0.000984288553524208,3
9125,20221018_110214.mat,4602671,4.602671,0.00110909697756009,0.000984288553524208,3
9126,20221018_110214.mat,4603268,4.603268,0.00127518381114665,0.000984288553524208,3
9127,20221018_110214.mat,4603467,4.603467,0.00265281406715569,0.000984288553524208,3
9128,20221018_110214.mat,4603666,4.603666,0.00117965143179888,0.000984288553524208,3
9129,20221018_110214.mat,4604064,4.604064,0.00105386504452906,0.000984288553524208,3
9130,20221018_110214.mat,4604263,4.604263,0.00234243348036625,0.000984288553524208,3
9131,20221018_110214.mat,4605258,4.605258,0.00116224073199846,0.000984288553524208,3
9132,20221018_110214.mat,4606452,4.606452,0.00379520897712462,0.000984288553524208,3
9133,20221018_110214.mat,4606651,4.606651,0.00691611176328397,0.000984288553524208,3
9134,20221018_110214.mat,4606850,4.60685,0.0028333322353544,0.000984288553524208,3
9135,20221018_110214.mat,4607248,4.607248,0.00148831200794342,0.000984288553524208,3
9136,20221018_110214.mat,4607447,4.607447,0.00105271028015172,0.000984288553524208,3
9137,20221018_110214.mat,4607646,4.607646,0.00224124766471651,0.000984288553524208,3
9138,20221018_110214.mat,4608044,4.608044,0.00105390516254538,0.000984288553524208,3
9139,20221018_110214.mat,4608442,4.608442,0.0257482241449593,0.000984288553524208,3
9140,20221018_110214.mat,4608641,4.608641,0.0803088455928299,0.000984288553524208,3
9141,20221018_110214.mat,4608840,4.60884,0.0103320581368566,0.000984288553524208,3
9142,20221018_110214.mat,4609039,4.609039,0.00221841614753254,0.000984288553524208,3
9143,20221018_110214.mat,4609437,4.609437,0.00102752359903657,0.000984288553524208,3
9144,20221018_110214.mat,4610631,4.610631,0.00121642174054898,0.000984288553524208,3
9145,20221018_110214.mat,4612024,4.612024,0.00224307679108832,0.000984288553524208,3
9146,20221018_110214.mat,4612223,4.612223,0.00315234850481869,0.000984288553524208,3
9147,20221018_110214.mat,4612422,4.612422,0.00100006420588507,0.000984288553524208,3
9148,20221018_110214.mat,4612621,4.612621,0.00674533595122626,0.000984288553524208,3
9149,20221018_110214.mat,4612820,4.61282,0.0449528685614624,0.000984288553524208,3
9150,20221018_110214.mat,4613019,4.613019,0.00354583048425901,0.000984288553524208,3
9151,20221018_110214.mat,4613218,4.613218,0.00220708222933391,0.000984288553524208,3
9152,20221018_110214.mat,4613417,4.613417,0.00194450734807754,0.000984288553524208,3
9153,20221018_110214.mat,4613616,4.613616,0.00132882363305773,0.000984288553524208,3
9154,20221018_110214.mat,4613815,4.613815,0.00162609308628962,0.000984288553524208,3
9155,20221018_110214.mat,4614014,4.614014,0.00112084967825816,0.000984288553524208,3
9156,20221018_110214.mat,4614412,4.614412,0.00125846601774537,0.000984288553524208,3
9157,20221018_110214.mat,4614611,4.614611,0.00158615645837096,0.000984288553524208,3
9158,20221018_110214.mat,4614810,4.61481,0.00253949629560994,0.000984288553524208,3
9159,20221018_110214.mat,4615009,4.615009,0.00520271298426136,0.000984288553524208,3
9160,20221018_110214.mat,4615208,4.615208,0.00109472607187033,0.000984288553524208,3
9161,20221018_110214.mat,4615805,4.615805,0.00135645469311834,0.000984288553524208,3
9162,20221018_110214.mat,4616004,4.616004,0.00120470767792853,0.000984288553524208,3
9163,20221018_110214.mat,4616800,4.6168,0.00100470496220607,0.000984288553524208,3
9164,20221018_110214.mat,4616999,4.616999,0.00140731123191777,0.000984288553524208,3
9165,20221018_110214.mat,4617596,4.617596,0.0013109250411954,0.000984288553524208,3
9166,20221018_110214.mat,4617795,4.617795,0.00101449280778017,0.000984288553524208,3
9167,20221018_110214.mat,4618193,4.618193,0.00120894927072637,0.000984288553524208,3
9168,20221018_110214.mat,4618392,4.618392,0.00191281818707202,0.000984288553524208,3
9169,20221018_110214.mat,4618790,4.61879,0.0018660903046881,0.000984288553524208,3
9170,20221018_110214.mat,4618989,4.618989,0.00169921279434026,0.000984288553524208,3
9171,20221018_110214.mat,4619188,4.619188,0.00497780389972189,0.000984288553524208,3
9172,20221018_110214.mat,4619387,4.619387,0.00109958523769336,0.000984288553524208,3
9173,20221018_110214.mat,4619785,4.619785,0.000997475041897971,0.000984288553524208,3
9174,20221018_110214.mat,4620183,4.620183,0.00125744285310037,0.000984288553524208,3
9175,20221018_110214.mat,4620581,4.620581,0.00286541438534264,0.000984288553524208,3
9176,20221018_110214.mat,4620780,4.62078,0.00218502650600016,0.000984288553524208,3
9177,20221018_110214.mat,4620979,4.620979,0.00202025274330058,0.000984288553524208,3
9178,20221018_110214.mat,4621178,4.621178,0.00224528763882949,0.000984288553524208,3
9179,20221018_110214.mat,4621974,4.621974,0.00165629446797009,0.000984288553524208,3
9180,20221018_110214.mat,4622770,4.62277,0.00109504847014073,0.000984288553524208,3
9181,20221018_110214.mat,4623168,4.623168,0.00149300517620442,0.000984288553524208,3
9182,20221018_110214.mat,4623367,4.623367,0.00316758272410271,0.000984288553524208,3
9183,20221018_110214.mat,4623566,4.623566,0.00263099128529818,0.000984288553524208,3
9184,20221018_110214.mat,4623765,4.623765,0.00146579830149459,0.000984288553524208,3
9185,20221018_110214.mat,4624959,4.624959,0.000991461567710527,0.000984288553524208,3
9186,20221018_110214.mat,4625158,4.625158,0.00284871373196897,0.000984288553524208,3
9187,20221018_110214.mat,4629337,4.629337,0.00457175210164798,0.000984288553524208,3
9188,20221018_110214.mat,4629934,4.629934,0.00399959840475926,0.000984288553524208,3
9189,20221018_110214.mat,4630133,4.630133,0.00171098474065131,0.000984288553524208,3
9190,20221018_110214.mat,4638292,4.638292,0.00102767478151394,0.000984288553524208,3
9191,20221018_110214.mat,4638690,4.63869,0.00120941602292698,0.000984288553524208,3
9192,20221018_110214.mat,4638889,4.638889,0.00369441239609303,0.000984288553524208,3
9193,20221018_110214.mat,4640282,4.640282,0.00127518226251182,0.000984288553524208,3
9194,20221018_110214.mat,4644262,4.644262,0.002360566678189,0.000984288553524208,3
9195,20221018_110214.mat,4644660,4.64466,0.00292147322877416,0.000984288553524208,3
9196,20221018_110214.mat,4644859,4.644859,0.00333438776712986,0.000984288553524208,3
9197,20221018_110214.mat,4646451,4.646451,0.00157933339027202,0.000984288553524208,3
9198,20221018_110214.mat,4646650,4.64665,0.00474735616546077,0.000984288553524208,3
9199,20221018_110214.mat,4647645,4.647645,0.00112183528138368,0.000984288553524208,3
9200,20221018_110214.mat,4653416,4.653416,0.00271215406485226,0.000984288553524208,3
9201,20221018_110214.mat,4653615,4.653615,0.00150462604008577,0.000984288553524208,3
9202,20221018_110214.mat,4655207,4.655207,0.00141285553419947,0.000984288553524208,3
9203,20221018_110214.mat,4677097,4.677097,0.00122591645548027,0.000984288553524208,3
9204,20221018_110214.mat,4687843,4.687843,0.00117334231262384,0.000984288553524208,3
9205,20221018_110214.mat,4691823,4.691823,0.00134178356543576,0.000984288553524208,3
9206,20221018_110214.mat,4693216,4.693216,0.00117387096724098,0.000984288553524208,3
9207,20221018_110214.mat,4710529,4.710529,0.00212275453489288,0.000984288553524208,3
9208,20221018_110214.mat,4726250,4.72625,0.00114323030032405,0.000984288553524208,3
9209,20221018_110214.mat,4835899,4.835899,0.00172454054472626,0.000984288553524208,3
9210,20221018_110214.mat,4874704,4.874704,0.00108709275183678,0.000984288553524208,3
9211,20221018_110214.mat,4874903,4.874903,0.0023718942991665,0.000984288553524208,3
9212,20221018_110214.mat,4880077,4.880077,0.00101178507638041,0.000984288553524208,3
9213,20221018_110214.mat,4892415,4.892415,0.00101783014051375,0.000984288553524208,3
9214,20221018_110214.mat,4899977,4.899977,0.0010066857674295,0.000984288553524208,3
9215,20221018_110214.mat,4900176,4.900176,0.00181767888034209,0.000984288553524208,3
9216,20221018_110214.mat,4915897,4.915897,0.00108426798413327,0.000984288553524208,3
9217,20221018_110214.mat,4943160,4.94316,0.000989175961191436,0.000984288553524208,3
9218,20221018_110214.mat,4952911,4.952911,0.00120021600167168,0.000984288553524208,3
9219,20221018_110214.mat,4953110,4.95311,0.00103021476875166,0.000984288553524208,3
9220,20221018_110219.mat,123380,0.12338,0.000962707827365564,0.000939953399661156,3
9221,20221018_110219.mat,130544,0.130544,0.00104805262434455,0.000939953399661156,3
9222,20221018_110219.mat,130743,0.130743,0.00220367391242798,0.000939953399661156,3
9223,20221018_110219.mat,173329,0.173329,0.000966306908790649,0.000939953399661156,3
9224,20221018_110219.mat,173926,0.173926,0.00128700503378303,0.000939953399661156,3
9225,20221018_110219.mat,303077,0.303077,0.000951526915401744,0.000939953399661156,3
9226,20221018_110219.mat,393025,0.393025,0.000991820881090411,0.000939953399661156,3
9227,20221018_110219.mat,402975,0.402975,0.000984893351364718,0.000939953399661156,3
9228,20221018_110219.mat,611527,0.611527,0.00460350440183124,0.000939953399661156,3
9229,20221018_110219.mat,611726,0.611726,0.00478496573529021,0.000939953399661156,3
9230,20221018_110219.mat,611925,0.611925,0.00112354205437094,0.000939953399661156,3
9231,20221018_110219.mat,679983,0.679983,0.00154150076152063,0.000939953399661156,3
9232,20221018_110219.mat,822467,0.822467,0.000946600477713674,0.000939953399661156,3
9233,20221018_110219.mat,902266,0.902266,0.000945276854357396,0.000939953399661156,3
9234,20221018_110219.mat,1221860,1.22186,0.000975433026276446,0.000939953399661156,3
9235,20221018_110219.mat,1431407,1.431407,0.00204032592196126,0.000939953399661156,3
9236,20221018_110219.mat,1431606,1.431606,0.00189045699527656,0.000939953399661156,3
9237,20221018_110219.mat,1441556,1.441556,0.000947889463587801,0.000939953399661156,3
9238,20221018_110219.mat,1801149,1.801149,0.000988892299201838,0.000939953399661156,3
9239,20221018_110219.mat,1901047,1.901047,0.000999177981224854,0.000939953399661156,3
9240,20221018_110219.mat,1910997,1.910997,0.000968680398001358,0.000939953399661156,3
9241,20221018_110219.mat,1990796,1.990796,0.000951927563693976,0.000939953399661156,3
9242,20221018_110219.mat,2120743,2.120743,0.00096038297020007,0.000939953399661156,3
9243,20221018_110219.mat,2440735,2.440735,0.00328107014400701,0.000939953399661156,3
9244,20221018_110219.mat,2440934,2.440934,0.00116081982121075,0.000939953399661156,3
9245,20221018_110219.mat,2450088,2.450088,0.000961751772238065,0.000939953399661156,3
9246,20221018_110219.mat,2490087,2.490087,0.000989613479477297,0.000939953399661156,3
9247,20221018_110219.mat,2560135,2.560135,0.000944405283623578,0.000939953399661156,3
9248,20221018_110219.mat,2620034,2.620034,0.000958778634308385,0.000939953399661156,3
9249,20221018_110219.mat,2689883,2.689883,0.000957208099262639,0.000939953399661156,3
9250,20221018_110219.mat,2729882,2.729882,0.000952941728098384,0.000939953399661156,3
9251,20221018_110219.mat,2770080,2.77008,0.00159739364047903,0.000939953399661156,3
9252,20221018_110219.mat,2799731,2.799731,0.000964284856302933,0.000939953399661156,3
9253,20221018_110219.mat,2889679,2.889679,0.000948806972046921,0.000939953399661156,3
9254,20221018_110219.mat,2919529,2.919529,0.000944453969708984,0.000939953399661156,3
9255,20221018_110219.mat,2989378,2.989378,0.000946448646783174,0.000939953399661156,3
9256,20221018_110219.mat,3009477,3.009477,0.000949876926385418,0.000939953399661156,3
9257,20221018_110219.mat,3039327,3.039327,0.00094685212097643,0.000939953399661156,3
9258,20221018_110219.mat,3044103,3.044103,0.000987978610854133,0.000939953399661156,3
9259,20221018_110219.mat,3044302,3.044302,0.00610261074063086,0.000939953399661156,3
9260,20221018_110219.mat,3044501,3.044501,0.00136383139467583,0.000939953399661156,3
9261,20221018_110219.mat,3099226,3.099226,0.000945997074016824,0.000939953399661156,3
9262,20221018_110219.mat,3179224,3.179224,0.000953157744060788,0.000939953399661156,3
9263,20221018_110219.mat,3189174,3.189174,0.000950178118919063,0.000939953399661156,3
9264,20221018_110219.mat,3219223,3.219223,0.000944251741803599,0.000939953399661156,3
9265,20221018_110219.mat,3289072,3.289072,0.00099604618343078,0.000939953399661156,3
9266,20221018_110219.mat,3358921,3.358921,0.000977120695850651,0.000939953399661156,3
9267,20221018_110219.mat,3370065,3.370065,0.00223409902020444,0.000939953399661156,3
9268,20221018_110219.mat,3370264,3.370264,0.00145051345117753,0.000939953399661156,3
9269,20221018_110219.mat,3398920,3.39892,0.000967943621359016,0.000939953399661156,3
9270,20221018_110219.mat,3464988,3.464988,0.00129911525376247,0.000939953399661156,3
9271,20221018_110219.mat,3708564,3.708564,0.000947536988715616,0.000939953399661156,3
9272,20221018_110219.mat,3788363,3.788363,0.000943194601767811,0.000939953399661156,3
9273,20221018_110219.mat,3848262,3.848262,0.00097715316032036,0.000939953399661156,3
9274,20221018_110219.mat,3968060,3.96806,0.000952675380933013,0.000939953399661156,3
9275,20221018_110219.mat,4257804,4.257804,0.000949493130594131,0.000939953399661156,3
9276,20221018_110219.mat,4267754,4.267754,0.000955732550316526,0.000939953399661156,3
9277,20221018_110219.mat,4277704,4.277704,0.000946884269082035,0.000939953399661156,3
9278,20221018_110219.mat,4287654,4.287654,0.000953174720815651,0.000939953399661156,3
9279,20221018_110219.mat,4357702,4.357702,0.000951027384453944,0.000939953399661156,3
9280,20221018_110219.mat,4427551,4.427551,0.000957588133444896,0.000939953399661156,3
9281,20221018_110219.mat,4677097,4.677097,0.000970184970313091,0.000939953399661156,3
9282,20221018_110219.mat,4936792,4.936792,0.000964269404877692,0.000939953399661156,3
9283,20221018_110224.mat,8557,0.008557,0.000954789827098764,0.000943016486493959,3
9284,20221018_110224.mat,18507,0.018507,0.000947003868835776,0.000943016486493959,3
9285,20221018_110224.mat,108455,0.108455,0.0010720387490763,0.000943016486493959,3
9286,20221018_110224.mat,216512,0.216512,0.00246381348876304,0.000943016486493959,3
9287,20221018_110224.mat,218303,0.218303,0.000978174700290259,0.000943016486493959,3
9288,20221018_110224.mat,227258,0.227258,0.00218289366283313,0.000943016486493959,3
9289,20221018_110224.mat,527947,0.527947,0.00101125477255424,0.000943016486493959,3
9290,20221018_110224.mat,657695,0.657695,0.000966777748599823,0.000943016486493959,3
9291,20221018_110224.mat,897490,0.89749,0.00095317380165123,0.000943016486493959,3
9292,20221018_110224.mat,1007338,1.007338,0.000987932918317655,0.000943016486493959,3
9293,20221018_110224.mat,1306833,1.306833,0.00101420628544753,0.000943016486493959,3
9294,20221018_110224.mat,1346832,1.346832,0.000958954906743798,0.000943016486493959,3
9295,20221018_110224.mat,1476779,1.476779,0.000944237981024847,0.000943016486493959,3
9296,20221018_110224.mat,1486729,1.486729,0.000949344867954022,0.000943016486493959,3
9297,20221018_110224.mat,1504639,1.504639,0.00296460088950456,0.000943016486493959,3
9298,20221018_110224.mat,1504838,1.504838,0.00475716887461588,0.000943016486493959,3
9299,20221018_110224.mat,1505037,1.505037,0.000967478810171791,0.000943016486493959,3
9300,20221018_110224.mat,1746424,1.746424,0.000955314297011956,0.000943016486493959,3
9301,20221018_110224.mat,1756374,1.756374,0.000972913307623971,0.000943016486493959,3
9302,20221018_110224.mat,1906221,1.906221,0.000955715429794446,0.000943016486493959,3
9303,20221018_110224.mat,2085918,2.085918,0.000963970845659327,0.000943016486493959,3
9304,20221018_110224.mat,2105818,2.105818,0.000968700974895939,0.000943016486493959,3
9305,20221018_110224.mat,2145817,2.145817,0.000943943307737806,0.000943016486493959,3
9306,20221018_110224.mat,2165916,2.165916,0.00101843817199676,0.000943016486493959,3
9307,20221018_110224.mat,2195766,2.195766,0.000987038720726714,0.000943016486493959,3
9308,20221018_110224.mat,2235765,2.235765,0.000954404139640514,0.000943016486493959,3
9309,20221018_110224.mat,2425611,2.425611,0.000975009014774392,0.000943016486493959,3
9310,20221018_110224.mat,2505410,2.50541,0.000982080003244948,0.000943016486493959,3
9311,20221018_110224.mat,2700629,2.700629,0.00105329552696007,0.000943016486493959,3
9312,20221018_110224.mat,2745205,2.745205,0.000949241377567716,0.000943016486493959,3
9313,20221018_110224.mat,2815054,2.815054,0.000960362285586134,0.000943016486493959,3
9314,20221018_110224.mat,2855053,2.855053,0.000962817491201171,0.000943016486493959,3
9315,20221018_110224.mat,2954951,2.954951,0.000954354898255096,0.000943016486493959,3
9316,20221018_110224.mat,3094649,3.094649,0.000955241862422366,0.000943016486493959,3
9317,20221018_110224.mat,3364493,3.364493,0.000965693530523025,0.000943016486493959,3
9318,20221018_110224.mat,3394343,3.394343,0.00100140450426331,0.000943016486493959,3
9319,20221018_110224.mat,3644088,3.644088,0.000955663289262664,0.000943016486493959,3
9320,20221018_110224.mat,3654038,3.654038,0.00096098890082444,0.000943016486493959,3
9321,20221018_110224.mat,3883883,3.883883,0.00095143142837767,0.000943016486493959,3
9322,20221018_110224.mat,4023581,4.023581,0.000979945675722826,0.000943016486493959,3
9323,20221018_110224.mat,4383174,4.383174,0.000987041593134355,0.000943016486493959,3
9324,20221018_110224.mat,4403273,4.403273,0.000946835773329873,0.000943016486493959,3
9325,20221018_110224.mat,4433123,4.433123,0.000945542889426834,0.000943016486493959,3
9326,20221018_110224.mat,4622969,4.622969,0.00102355485494396,0.000943016486493959,3
9327,20221018_110224.mat,4662968,4.662968,0.000945510669157818,0.000943016486493959,3
9328,20221018_110224.mat,4702967,4.702967,0.000999573265276194,0.000943016486493959,3
9329,20221018_110224.mat,4752916,4.752916,0.00097242674371834,0.000943016486493959,3
9330,20221018_110224.mat,4762866,4.762866,0.000949500828876666,0.000943016486493959,3
9331,20221018_110229.mat,103480,0.10348,0.000945723963468099,0.000943214486690306,3
9332,20221018_110229.mat,203378,0.203378,0.000972047649936272,0.000943214486690306,3
9333,20221018_110229.mat,213527,0.213527,0.000951213313807356,0.000943214486690306,3
9334,20221018_110229.mat,373324,0.373324,0.00102280907619614,0.000943214486690306,3
9335,20221018_110229.mat,463272,0.463272,0.000954338760910233,0.000943214486690306,3
9336,20221018_110229.mat,782866,0.782866,0.000957077863396162,0.000943214486690306,3
9337,20221018_110229.mat,842765,0.842765,0.00095181695126464,0.000943214486690306,3
9338,20221018_110229.mat,942663,0.942663,0.00099001531845394,0.000943214486690306,3
9339,20221018_110229.mat,1152409,1.152409,0.000958306524264594,0.000943214486690306,3
9340,20221018_110229.mat,1442153,1.442153,0.000967052595009683,0.000943214486690306,3
9341,20221018_110229.mat,1671799,1.671799,0.000975483768961488,0.000943214486690306,3
9342,20221018_110229.mat,1679958,1.679958,0.000983997859377271,0.000943214486690306,3
9343,20221018_110229.mat,1751797,1.751797,0.000948458488264347,0.000943214486690306,3
9344,20221018_110229.mat,1841546,1.841546,0.000983201887132274,0.000943214486690306,3
9345,20221018_110229.mat,1941444,1.941444,0.00118642087052412,0.000943214486690306,3
9346,20221018_110229.mat,2031392,2.031392,0.000947903163057184,0.000943214486690306,3
9347,20221018_110229.mat,2350986,2.350986,0.000959642876870935,0.000943214486690306,3
9348,20221018_110229.mat,2460834,2.460834,0.000949255373879168,0.000943214486690306,3
9349,20221018_110229.mat,2750578,2.750578,0.000957786079542619,0.000943214486690306,3
9350,20221018_110229.mat,2800527,2.800527,0.000975563789212389,0.000943214486690306,3
9351,20221018_110229.mat,2920325,2.920325,0.00100568715552529,0.000943214486690306,3
9352,20221018_110229.mat,2990174,2.990174,0.000950742917868045,0.000943214486690306,3
9353,20221018_110229.mat,3199920,3.19992,0.000947818379211676,0.000943214486690306,3
9354,20221018_110229.mat,3299818,3.299818,0.000993283736753104,0.000943214486690306,3
9355,20221018_110229.mat,3399716,3.399716,0.00095466709666764,0.000943214486690306,3
9356,20221018_110229.mat,3649461,3.649461,0.000947324094531876,0.000943214486690306,3
9357,20221018_110229.mat,3766473,3.766473,0.00140796626013883,0.000943214486690306,3
9358,20221018_110229.mat,3766672,3.766672,0.00111608334502669,0.000943214486690306,3
9359,20221018_110229.mat,3869754,3.869754,0.00148853065309396,0.000943214486690306,3
9360,20221018_110229.mat,3939006,3.939006,0.000950630208752635,0.000943214486690306,3
9361,20221018_110229.mat,4008855,4.008855,0.00101544029048641,0.000943214486690306,3
9362,20221018_110229.mat,4028954,4.028954,0.000988584541902443,0.000943214486690306,3
9363,20221018_110229.mat,4228551,4.228551,0.000958876560175511,0.000943214486690306,3
9364,20221018_110229.mat,4268550,4.26855,0.000973600972615878,0.000943214486690306,3
9365,20221018_110229.mat,4807840,4.80784,0.000981279302844082,0.000943214486690306,3
9366,20221018_110229.mat,4857789,4.857789,0.000990480166030046,0.000943214486690306,3
9367,20221018_110229.mat,4867739,4.867739,0.00100328753764106,0.000943214486690306,3
9368,20221018_110229.mat,4997686,4.997686,0.000952089886805486,0.000943214486690306,3
9369,20221018_110234.mat,75620,0.07562,0.00100131355197287,0.000941825402132973,3
9370,20221018_110234.mat,95719,0.095719,0.0010272999409646,0.000941825402132973,3
9371,20221018_110234.mat,105669,0.105669,0.00095005403200848,0.000941825402132973,3
9372,20221018_110234.mat,135519,0.135519,0.000974928255101209,0.000941825402132973,3
9373,20221018_110234.mat,425263,0.425263,0.0009925985470775,0.000941825402132973,3
9374,20221018_110234.mat,724758,0.724758,0.000948272991996612,0.000941825402132973,3
9375,20221018_110234.mat,774707,0.774707,0.00101123243947731,0.000941825402132973,3
9376,20221018_110234.mat,784657,0.784657,0.000969798753699148,0.000941825402132973,3
9377,20221018_110234.mat,794607,0.794607,0.000972037590588353,0.000941825402132973,3
9378,20221018_110234.mat,934504,0.934504,0.000950987760515742,0.000941825402132973,3
9379,20221018_110234.mat,944454,0.944454,0.000942616233739161,0.000941825402132973,3
9380,20221018_110234.mat,954404,0.954404,0.000947387157717305,0.000941825402132973,3
9381,20221018_110234.mat,1154200,1.1542,0.000959833051193406,0.000941825402132973,3
9382,20221018_110234.mat,1164150,1.16415,0.000943082206081094,0.000941825402132973,3
9383,20221018_110234.mat,1204149,1.204149,0.000961216127003152,0.000941825402132973,3
9384,20221018_110234.mat,1214099,1.214099,0.000967802759165953,0.000941825402132973,3
9385,20221018_110234.mat,1254098,1.254098,0.00094563560130678,0.000941825402132973,3
9386,20221018_110234.mat,1733290,1.73329,0.000949291622348065,0.000941825402132973,3
9387,20221018_110234.mat,1743439,1.743439,0.000956887543448307,0.000941825402132973,3
9388,20221018_110234.mat,1803338,1.803338,0.000968511925917833,0.000941825402132973,3
9389,20221018_110234.mat,2152782,2.152782,0.000955842870800425,0.000941825402132973,3
9390,20221018_110234.mat,2711972,2.711972,0.000988457503508844,0.000941825402132973,3
9391,20221018_110234.mat,2751971,2.751971,0.00094818890478016,0.000941825402132973,3
9392,20221018_110234.mat,2782020,2.78202,0.000982166064043403,0.000941825402132973,3
9393,20221018_110234.mat,2801920,2.80192,0.000995192408010078,0.000941825402132973,3
9394,20221018_110234.mat,3021616,3.021616,0.000966430773731813,0.000941825402132973,3
9395,20221018_110234.mat,3051466,3.051466,0.000982123016040253,0.000941825402132973,3
9396,20221018_110234.mat,3101415,3.101415,0.000961713705851671,0.000941825402132973,3
9397,20221018_110234.mat,3151364,3.151364,0.000950563375266346,0.000941825402132973,3
9398,20221018_110234.mat,3391159,3.391159,0.000962510202658024,0.000941825402132973,3
9399,20221018_110234.mat,3630755,3.630755,0.000990003575655141,0.000941825402132973,3
9400,20221018_110234.mat,3670754,3.670754,0.000942790512126418,0.000941825402132973,3
9401,20221018_110234.mat,3690654,3.690654,0.000956176482908892,0.000941825402132973,3
9402,20221018_110234.mat,3710554,3.710554,0.000946913113650626,0.000941825402132973,3
9403,20221018_110234.mat,3750553,3.750553,0.000968260762916289,0.000941825402132973,3
9404,20221018_110234.mat,3780602,3.780602,0.000960877569904514,0.000941825402132973,3
9405,20221018_110234.mat,3940399,3.940399,0.00099550960263588,0.000941825402132973,3
9406,20221018_110234.mat,3950349,3.950349,0.000974395685065621,0.000941825402132973,3
9407,20221018_110234.mat,4120096,4.120096,0.000954907153124062,0.000941825402132973,3
9408,20221018_110234.mat,4200094,4.200094,0.00100412794827854,0.000941825402132973,3
9409,20221018_110234.mat,4269943,4.269943,0.000943936660865353,0.000941825402132973,3
9410,20221018_110234.mat,4279893,4.279893,0.000943809095747365,0.000941825402132973,3
9411,20221018_110234.mat,4339792,4.339792,0.000957778863345219,0.000941825402132973,3
9412,20221018_110234.mat,4569438,4.569438,0.00096288624975044,0.000941825402132973,3
9413,20221018_110234.mat,4629337,4.629337,0.000947296201168545,0.000941825402132973,3
9414,20221018_110234.mat,4709335,4.709335,0.000958447140591689,0.000941825402132973,3
9415,20221018_110234.mat,4819183,4.819183,0.000951492378465058,0.000941825402132973,3
9416,20221018_110234.mat,4859182,4.859182,0.000960543916290799,0.000941825402132973,3
9417,20221018_110234.mat,4969030,4.96903,0.000958071869012033,0.000941825402132973,3
9418,20221018_110239.mat,71441,0.071441,0.000961503130719917,0.000942470012147184,3
9419,20221018_110239.mat,261287,0.261287,0.000967838679362104,0.000942470012147184,3
9420,20221018_110239.mat,271237,0.271237,0.000942726291358575,0.000942470012147184,3
9421,20221018_110239.mat,301087,0.301087,0.00101056381259195,0.000942470012147184,3
9422,20221018_110239.mat,311037,0.311037,0.000963146510829359,0.000942470012147184,3
9423,20221018_110239.mat,331136,0.331136,0.00101429588228223,0.000942470012147184,3
9424,20221018_110239.mat,381085,0.381085,0.000986147353011378,0.000942470012147184,3
9425,20221018_110239.mat,500883,0.500883,0.0010511401707519,0.000942470012147184,3
9426,20221018_110239.mat,570732,0.570732,0.000993974288310358,0.000942470012147184,3
9427,20221018_110239.mat,610731,0.610731,0.000973108455017857,0.000942470012147184,3
9428,20221018_110239.mat,620681,0.620681,0.000984856177061978,0.000942470012147184,3
9429,20221018_110239.mat,690729,0.690729,0.000953070225535285,0.000942470012147184,3
9430,20221018_110239.mat,730529,0.730529,0.000988554846287588,0.000942470012147184,3
9431,20221018_110239.mat,790428,0.790428,0.000989046979551787,0.000942470012147184,3
9432,20221018_110239.mat,1090122,1.090122,0.000970376876723118,0.000942470012147184,3
9433,20221018_110239.mat,1120171,1.120171,0.000957384911694679,0.000942470012147184,3
9434,20221018_110239.mat,1239969,1.239969,0.000961143747254111,0.000942470012147184,3
9435,20221018_110239.mat,1259869,1.259869,0.000960718381877752,0.000942470012147184,3
9436,20221018_110239.mat,1289918,1.289918,0.000950798057689533,0.000942470012147184,3
9437,20221018_110239.mat,1329917,1.329917,0.000950014719894492,0.000942470012147184,3
9438,20221018_110239.mat,1479764,1.479764,0.000950401373842492,0.000942470012147184,3
9439,20221018_110239.mat,1489714,1.489714,0.000965979158007599,0.000942470012147184,3
9440,20221018_110239.mat,1579463,1.579463,0.000951803204034914,0.000942470012147184,3
9441,20221018_110239.mat,1589612,1.589612,0.000969335776024517,0.000942470012147184,3
9442,20221018_110239.mat,1759359,1.759359,0.000983365373351497,0.000942470012147184,3
9443,20221018_110239.mat,1889107,1.889107,0.000958482131059764,0.000942470012147184,3
9444,20221018_110239.mat,2088903,2.088903,0.00103168148365618,0.000942470012147184,3
9445,20221018_110239.mat,2108803,2.108803,0.000950047985957642,0.000942470012147184,3
9446,20221018_110239.mat,2168901,2.168901,0.00102953083097614,0.000942470012147184,3
9447,20221018_110239.mat,2428397,2.428397,0.000964890463879104,0.000942470012147184,3
9448,20221018_110239.mat,2478545,2.478545,0.000964234648355317,0.000942470012147184,3
9449,20221018_110239.mat,2508395,2.508395,0.000946656421913228,0.000942470012147184,3
9450,20221018_110239.mat,2588194,2.588194,0.000945548055565361,0.000942470012147184,3
9451,20221018_110239.mat,2678142,2.678142,0.000956240650591631,0.000942470012147184,3
9452,20221018_110239.mat,2818039,2.818039,0.000956736678619156,0.000942470012147184,3
9453,20221018_110239.mat,3117733,3.117733,0.000960619631052019,0.000942470012147184,3
9454,20221018_110239.mat,3197532,3.197532,0.00100985813282676,0.000942470012147184,3
9455,20221018_110239.mat,3317330,3.31733,0.000971186362955771,0.000942470012147184,3
9456,20221018_110239.mat,3357329,3.357329,0.000992430983528942,0.000942470012147184,3
9457,20221018_110239.mat,3387378,3.387378,0.000985621707656413,0.000942470012147184,3
9458,20221018_110239.mat,3407278,3.407278,0.000947131756927095,0.000942470012147184,3
9459,20221018_110239.mat,3527076,3.527076,0.000950864592155755,0.000942470012147184,3
9460,20221018_110239.mat,3726872,3.726872,0.000951652348504282,0.000942470012147184,3
9461,20221018_110239.mat,3776821,3.776821,0.000950874836785551,0.000942470012147184,3
9462,20221018_110239.mat,3796721,3.796721,0.000958951604300817,0.000942470012147184,3
9463,20221018_110239.mat,3826770,3.82677,0.000975243806532884,0.000942470012147184,3
9464,20221018_110239.mat,3946568,3.946568,0.000992278997664421,0.000942470012147184,3
9465,20221018_110239.mat,4006069,4.006069,0.00166704156411241,0.000942470012147184,3
9466,20221018_110239.mat,4236312,4.236312,0.000944726853852514,0.000942470012147184,3
9467,20221018_110239.mat,4296211,4.296211,0.000946638413847029,0.000942470012147184,3
9468,20221018_110239.mat,4635705,4.635705,0.00102464151732875,0.000942470012147184,3
9469,20221018_110239.mat,4775602,4.775602,0.00094968683194922,0.000942470012147184,3
9470,20221018_110239.mat,4785552,4.785552,0.00101736158056499,0.000942470012147184,3
9471,20221018_110239.mat,4945349,4.945349,0.000974522546641768,0.000942470012147184,3
9472,20221018_110244.mat,122584,0.122584,0.00097512585876871,0.000941460001602574,3
9473,20221018_110244.mat,202582,0.202582,0.0010274568611397,0.000941460001602574,3
9474,20221018_110244.mat,252531,0.252531,0.00095142020535482,0.000941460001602574,3
9475,20221018_110244.mat,362379,0.362379,0.000953520132803514,0.000941460001602574,3
9476,20221018_110244.mat,452128,0.452128,0.000976158026617596,0.000941460001602574,3
9477,20221018_110244.mat,592025,0.592025,0.0009896258209916,0.000941460001602574,3
9478,20221018_110244.mat,821671,0.821671,0.000947466371722775,0.000941460001602574,3
9479,20221018_110244.mat,831621,0.831621,0.000999030497440099,0.000941460001602574,3
9480,20221018_110244.mat,1011517,1.011517,0.000969779477787771,0.000941460001602574,3
9481,20221018_110244.mat,1021467,1.021467,0.000947995905931135,0.000941460001602574,3
9482,20221018_110244.mat,1101266,1.101266,0.000972779849382798,0.000941460001602574,3
9483,20221018_110244.mat,1131315,1.131315,0.000954705687911727,0.000941460001602574,3
9484,20221018_110244.mat,1161364,1.161364,0.000962005777979786,0.000941460001602574,3
9485,20221018_110244.mat,1251113,1.251113,0.000945198497023282,0.000941460001602574,3
9486,20221018_110244.mat,1261063,1.261063,0.000968802867516701,0.000941460001602574,3
9487,20221018_110244.mat,1920350,1.92035,0.000967306592845399,0.000941460001602574,3
9488,20221018_110244.mat,2326310,2.32631,0.00639374841752608,0.000941460001602574,3
9489,20221018_110244.mat,2326509,2.326509,0.0109296184652578,0.000941460001602574,3
9490,20221018_110244.mat,2326708,2.326708,0.0019113010301388,0.000941460001602574,3
9491,20221018_110244.mat,2399741,2.399741,0.000946248584035261,0.000941460001602574,3
9492,20221018_110244.mat,2729285,2.729285,0.000999571898141179,0.000941460001602574,3
9493,20221018_110244.mat,2879132,2.879132,0.000987919880375358,0.000941460001602574,3
9494,20221018_110244.mat,3058829,3.058829,0.00100808673802155,0.000941460001602574,3
9495,20221018_110244.mat,3188776,3.188776,0.000956284850417601,0.000941460001602574,3
9496,20221018_110244.mat,3249670,3.24967,0.00120690605135452,0.000941460001602574,3
9497,20221018_110244.mat,3458222,3.458222,0.000948929559336762,0.000941460001602574,3
9498,20221018_110244.mat,3518320,3.51832,0.000958392823337373,0.000941460001602574,3
9499,20221018_110244.mat,3678117,3.678117,0.000949829465900584,0.000941460001602574,3
9500,20221018_110244.mat,3688067,3.688067,0.000952545671563327,0.000941460001602574,3
9501,20221018_110244.mat,3777816,3.777816,0.000946955471820601,0.000941460001602574,3
9502,20221018_110244.mat,3877714,3.877714,0.000968505446180556,0.000941460001602574,3
9503,20221018_110244.mat,3907763,3.907763,0.000947353560135165,0.000941460001602574,3
9504,20221018_110244.mat,3927663,3.927663,0.000971498820837494,0.000941460001602574,3
9505,20221018_110244.mat,3987562,3.987562,0.000974421010362076,0.000941460001602574,3
9506,20221018_110244.mat,4027561,4.027561,0.000944204200005381,0.000941460001602574,3
9507,20221018_110244.mat,4057610,4.05761,0.000969617917043838,0.000941460001602574,3
9508,20221018_110244.mat,4347155,4.347155,0.000956980861722556,0.000941460001602574,3
9509,20221018_110244.mat,4426954,4.426954,0.000946865031778855,0.000941460001602574,3
9510,20221018_110244.mat,4526852,4.526852,0.000957765078725269,0.000941460001602574,3
9511,20221018_110244.mat,4696599,4.696599,0.000976544210581248,0.000941460001602574,3
9512,20221018_110244.mat,4716698,4.716698,0.000982527592986888,0.000941460001602574,3
9513,20221018_110244.mat,4816397,4.816397,0.000981581929200514,0.000941460001602574,3
9514,20221018_110244.mat,4866346,4.866346,0.000987869483889303,0.000941460001602574,3
9515,20221018_110244.mat,4966244,4.966244,0.000949683387234512,0.000941460001602574,3
9516,20221018_110244.mat,4986343,4.986343,0.000955145731889917,0.000941460001602574,3
9517,20221018_110249.mat,23482,0.023482,0.000973066700514432,0.000945085250802137,3
9518,20221018_110249.mat,43382,0.043382,0.000987563999925906,0.000945085250802137,3
9519,20221018_110249.mat,133330,0.13333,0.000987680916806217,0.000945085250802137,3
9520,20221018_110249.mat,143280,0.14328,0.000974622317528277,0.000945085250802137,3
9521,20221018_110249.mat,153230,0.15323,0.000971840674963711,0.000945085250802137,3
9522,20221018_110249.mat,233228,0.233228,0.000950592052294908,0.000945085250802137,3
9523,20221018_110249.mat,253128,0.253128,0.000958002717878288,0.000945085250802137,3
9524,20221018_110249.mat,353026,0.353026,0.000946477446977041,0.000945085250802137,3
9525,20221018_110249.mat,432825,0.432825,0.00100302391443469,0.000945085250802137,3
9526,20221018_110249.mat,562772,0.562772,0.000970028490910499,0.000945085250802137,3
9527,20221018_110249.mat,802368,0.802368,0.000985591195552052,0.000945085250802137,3
9528,20221018_110249.mat,952215,0.952215,0.000997584023809718,0.000945085250802137,3
9529,20221018_110249.mat,1022064,1.022064,0.000949905733324557,0.000945085250802137,3
9530,20221018_110249.mat,1032014,1.032014,0.000987127075367646,0.000945085250802137,3
9531,20221018_110249.mat,1151812,1.151812,0.000987512408154674,0.000945085250802137,3
9532,20221018_110249.mat,1181861,1.181861,0.00102004893188328,0.000945085250802137,3
9533,20221018_110249.mat,1251710,1.25171,0.000956725452434626,0.000945085250802137,3
9534,20221018_110249.mat,1281759,1.281759,0.000977875539502547,0.000945085250802137,3
9535,20221018_110249.mat,1311609,1.311609,0.000982076497844501,0.000945085250802137,3
9536,20221018_110249.mat,1365339,1.365339,0.00409950098898334,0.000945085250802137,3
9537,20221018_110249.mat,1501455,1.501455,0.00100446215323038,0.000945085250802137,3
9538,20221018_110249.mat,1511405,1.511405,0.000956309956083255,0.000945085250802137,3
9539,20221018_110249.mat,1591204,1.591204,0.000962876202177281,0.000945085250802137,3
9540,20221018_110249.mat,1611303,1.611303,0.000969482082648027,0.000945085250802137,3
9541,20221018_110249.mat,1681152,1.681152,0.00100318645318242,0.000945085250802137,3
9542,20221018_110249.mat,1721151,1.721151,0.000948513700976099,0.000945085250802137,3
9543,20221018_110249.mat,1741051,1.741051,0.000963218343037907,0.000945085250802137,3
9544,20221018_110249.mat,2390189,2.390189,0.00102506485337069,0.000945085250802137,3
9545,20221018_110249.mat,2430188,2.430188,0.000968826675308287,0.000945085250802137,3
9546,20221018_110249.mat,2599935,2.599935,0.000946545614019456,0.000945085250802137,3
9547,20221018_110249.mat,2779831,2.779831,0.000952138005972204,0.000945085250802137,3
9548,20221018_110249.mat,3024004,3.024004,0.000989309696167592,0.000945085250802137,3
9549,20221018_110249.mat,3059426,3.059426,0.000973468037110111,0.000945085250802137,3
9550,20221018_110249.mat,3099425,3.099425,0.00096143229395985,0.000945085250802137,3
9551,20221018_110249.mat,3149374,3.149374,0.00100076597850669,0.000945085250802137,3
9552,20221018_110249.mat,3169274,3.169274,0.000959780971005429,0.000945085250802137,3
9553,20221018_110249.mat,3249272,3.249272,0.000950831414389728,0.000945085250802137,3
9554,20221018_110249.mat,3259222,3.259222,0.00102582668363902,0.000945085250802137,3
9555,20221018_110249.mat,3468968,3.468968,0.000967107194568933,0.000945085250802137,3
9556,20221018_110249.mat,3518917,3.518917,0.00103412085683107,0.000945085250802137,3
9557,20221018_110249.mat,3638715,3.638715,0.000963581490144792,0.000945085250802137,3
9558,20221018_110249.mat,3718713,3.718713,0.00100813127873015,0.000945085250802137,3
9559,20221018_110249.mat,3748563,3.748563,0.00101607185285394,0.000945085250802137,3
9560,20221018_110249.mat,3818611,3.818611,0.000945220504296707,0.000945085250802137,3
9561,20221018_110249.mat,4088256,4.088256,0.000949691128673538,0.000945085250802137,3
9562,20221018_110249.mat,4387950,4.38795,0.000968707445906459,0.000945085250802137,3
9563,20221018_110249.mat,4417800,4.4178,0.000950366910869263,0.000945085250802137,3
9564,20221018_110249.mat,4477699,4.477699,0.00100147509262916,0.000945085250802137,3
9565,20221018_110249.mat,4937190,4.93719,0.000997597628632641,0.000945085250802137,3
9566,20221018_110254.mat,47561,0.047561,0.000953054928444572,0.000943710178127233,3
9567,20221018_110254.mat,157608,0.157608,0.00104109324156694,0.000943710178127233,3
9568,20221018_110254.mat,207557,0.207557,0.00094836730551114,0.000943710178127233,3
9569,20221018_110254.mat,237407,0.237407,0.0010043282757168,0.000943710178127233,3
9570,20221018_110254.mat,357404,0.357404,0.000989130018468954,0.000943710178127233,3
9571,20221018_110254.mat,387254,0.387254,0.00102556263175177,0.000943710178127233,3
9572,20221018_110254.mat,407353,0.407353,0.000960441904287808,0.000943710178127233,3
9573,20221018_110254.mat,427253,0.427253,0.000985511292615128,0.000943710178127233,3
9574,20221018_110254.mat,457103,0.457103,0.000983029117934976,0.000943710178127233,3
9575,20221018_110254.mat,507251,0.507251,0.000974618097252122,0.000943710178127233,3
9576,20221018_110254.mat,826845,0.826845,0.000947534361711289,0.000943710178127233,3
9577,20221018_110254.mat,936693,0.936693,0.00100239952730816,0.000943710178127233,3
9578,20221018_110254.mat,956593,0.956593,0.000946252312158891,0.000943710178127233,3
9579,20221018_110254.mat,966742,0.966742,0.000951302375987072,0.000943710178127233,3
9580,20221018_110254.mat,1116589,1.116589,0.000973189181237926,0.000943710178127233,3
9581,20221018_110254.mat,1336285,1.336285,0.000953631482483666,0.000943710178127233,3
9582,20221018_110254.mat,1416283,1.416283,0.000989336461112754,0.000943710178127233,3
9583,20221018_110254.mat,1666028,1.666028,0.000950092500059994,0.000943710178127233,3
9584,20221018_110254.mat,1695878,1.695878,0.000973860645578424,0.000943710178127233,3
9585,20221018_110254.mat,1885724,1.885724,0.000964474387271918,0.000943710178127233,3
9586,20221018_110254.mat,1895674,1.895674,0.000944099601103376,0.000943710178127233,3
9587,20221018_110254.mat,1985622,1.985622,0.00098367301159889,0.000943710178127233,3
9588,20221018_110254.mat,2115370,2.11537,0.00102213454979362,0.000943710178127233,3
9589,20221018_110254.mat,2185418,2.185418,0.000954711990627141,0.000943710178127233,3
9590,20221018_110254.mat,2215268,2.215268,0.00095598748515626,0.000943710178127233,3
9591,20221018_110254.mat,2315166,2.315166,0.000948213562306424,0.000943710178127233,3
9592,20221018_110254.mat,2375264,2.375264,0.000973071358957797,0.000943710178127233,3
9593,20221018_110254.mat,2395164,2.395164,0.000956786078905452,0.000943710178127233,3
9594,20221018_110254.mat,2431581,2.431581,0.00309525321287943,0.000943710178127233,3
9595,20221018_110254.mat,2431780,2.43178,0.00139326963118129,0.000943710178127233,3
9596,20221018_110254.mat,2648889,2.648889,0.00103370161972397,0.000943710178127233,3
9597,20221018_110254.mat,2649088,2.649088,0.0024095084148744,0.000943710178127233,3
9598,20221018_110254.mat,2649287,2.649287,0.0012619528885547,0.000943710178127233,3
9599,20221018_110254.mat,2652869,2.652869,0.00168832606370887,0.000943710178127233,3
9600,20221018_110254.mat,2653068,2.653068,0.00195879281894357,0.000943710178127233,3
9601,20221018_110254.mat,2653665,2.653665,0.00135462969531967,0.000943710178127233,3
9602,20221018_110254.mat,2653864,2.653864,0.000988558789974644,0.000943710178127233,3
9603,20221018_110254.mat,2814656,2.814656,0.000985283228586254,0.000943710178127233,3
9604,20221018_110254.mat,2874754,2.874754,0.000947799530047201,0.000943710178127233,3
9605,20221018_110254.mat,2954553,2.954553,0.000960605511476668,0.000943710178127233,3
9606,20221018_110254.mat,3054451,3.054451,0.000947954112943696,0.000943710178127233,3
9607,20221018_110254.mat,3134449,3.134449,0.00098040354439903,0.000943710178127233,3
9608,20221018_110254.mat,3224397,3.224397,0.000977357041737025,0.000943710178127233,3
9609,20221018_110254.mat,3234347,3.234347,0.0010525320148725,0.000943710178127233,3
9610,20221018_110254.mat,3424193,3.424193,0.000960241075151438,0.000943710178127233,3
9611,20221018_110254.mat,3633939,3.633939,0.00094560618020979,0.000943710178127233,3
9612,20221018_110254.mat,3743787,3.743787,0.00095551720921092,0.000943710178127233,3
9613,20221018_110254.mat,3965075,3.965075,0.00215284161842156,0.000943710178127233,3
9614,20221018_110254.mat,3965274,3.965274,0.00301815190895617,0.000943710178127233,3
9615,20221018_110254.mat,4147160,4.14716,0.000985861742727003,0.000943710178127233,3
9616,20221018_110254.mat,4512922,4.512922,0.000960267969337185,0.000943710178127233,3
9617,20221018_110254.mat,4682669,4.682669,0.000986948535340975,0.000943710178127233,3
9618,20221018_110259.mat,159996,0.159996,0.00094033877491018,0.000937261480141913,3
9619,20221018_110259.mat,449740,0.44974,0.000941849174918508,0.000937261480141913,3
9620,20221018_110259.mat,459690,0.45969,0.000942045391428055,0.000937261480141913,3
9621,20221018_110259.mat,649536,0.649536,0.000940072708470385,0.000937261480141913,3
9622,20221018_110259.mat,689336,0.689336,0.000954862348976762,0.000937261480141913,3
9623,20221018_110259.mat,1368722,1.368722,0.000941195436734897,0.000937261480141913,3
9624,20221018_110259.mat,1728315,1.728315,0.000989231604452944,0.000937261480141913,3
9625,20221018_110259.mat,1848312,1.848312,0.000975832017509759,0.000937261480141913,3
9626,20221018_110259.mat,1888311,1.888311,0.00098441339700021,0.000937261480141913,3
9627,20221018_110259.mat,2048108,2.048108,0.000985639999565315,0.000937261480141913,3
9628,20221018_110259.mat,2068008,2.068008,0.00100331955991583,0.000937261480141913,3
9629,20221018_110259.mat,2127907,2.127907,0.000938139863672273,0.000937261480141913,3
9630,20221018_110259.mat,2427601,2.427601,0.000948328681862517,0.000937261480141913,3
9631,20221018_110259.mat,3266784,3.266784,0.00101501193038841,0.000937261480141913,3
9632,20221018_110259.mat,3296833,3.296833,0.000938441287340901,0.000937261480141913,3
9633,20221018_110259.mat,3556528,3.556528,0.000942905062399601,0.000937261480141913,3
9634,20221018_110259.mat,4325862,4.325862,0.000966484972324372,0.000937261480141913,3
9635,20221018_110259.mat,4395711,4.395711,0.000954920415981496,0.000937261480141913,3
9636,20221018_110259.mat,4515708,4.515708,0.000949001512530799,0.000937261480141913,3
9637,20221018_110259.mat,4615606,4.615606,0.000947547420177295,0.000937261480141913,3
9638,20221018_110259.mat,4755503,4.755503,0.000937582109073662,0.000937261480141913,3
9639,20221018_110259.mat,4865351,4.865351,0.000945822099095747,0.000937261480141913,3
9640,20221018_110304.mat,97510,0.09751,0.000984340645299471,0.000943138868766094,3
9641,20221018_110304.mat,347255,0.347255,0.000948545677254463,0.000943138868766094,3
9642,20221018_110304.mat,367354,0.367354,0.00097092123458169,0.000943138868766094,3
9643,20221018_110304.mat,407353,0.407353,0.000985506544850766,0.000943138868766094,3
9644,20221018_110304.mat,437203,0.437203,0.00100332517899103,0.000943138868766094,3
9645,20221018_110304.mat,676998,0.676998,0.000967586357514316,0.000943138868766094,3
9646,20221018_110304.mat,747046,0.747046,0.00095594008955422,0.000943138868766094,3
9647,20221018_110304.mat,1186637,1.186637,0.000956640273391115,0.000943138868766094,3
9648,20221018_110304.mat,1416283,1.416283,0.000995929627814857,0.000943138868766094,3
9649,20221018_110304.mat,1795975,1.795975,0.000948335647550022,0.000943138868766094,3
9650,20221018_110304.mat,1983632,1.983632,0.00121549153176906,0.000943138868766094,3
9651,20221018_110304.mat,1983831,1.983831,0.000949951104683662,0.000943138868766094,3
9652,20221018_110304.mat,2175667,2.175667,0.000954517190190591,0.000943138868766094,3
9653,20221018_110304.mat,2189796,2.189796,0.00127667902353749,0.000943138868766094,3
9654,20221018_110304.mat,2295664,2.295664,0.000989215091795388,0.000943138868766094,3
9655,20221018_110304.mat,2305614,2.305614,0.000962555507838796,0.000943138868766094,3
9656,20221018_110304.mat,2745205,2.745205,0.000967405598261551,0.000943138868766094,3
9657,20221018_110304.mat,3224795,3.224795,0.000944601291742268,0.000943138868766094,3
9658,20221018_110304.mat,3644685,3.644685,0.00690306743826547,0.000943138868766094,3
9659,20221018_110304.mat,3644884,3.644884,0.00223938520254559,0.000943138868766094,3
9660,20221018_110304.mat,3904181,3.904181,0.00100067822997847,0.000943138868766094,3
9661,20221018_110304.mat,3984179,3.984179,0.000981685112177383,0.000943138868766094,3
9662,20221018_110304.mat,4124076,4.124076,0.00101964914199275,0.000943138868766094,3
9663,20221018_110304.mat,4303972,4.303972,0.000963567090138484,0.000943138868766094,3
9664,20221018_110304.mat,4393721,4.393721,0.00095478637410609,0.000943138868766094,3
9665,20221018_110304.mat,4403870,4.40387,0.000947391786361467,0.000943138868766094,3
9666,20221018_110304.mat,4873510,4.87351,0.000994728033053961,0.000943138868766094,3
9667,20221018_110309.mat,84774,0.084774,0.00099741424011293,0.000935238997123105,3
9668,20221018_110309.mat,174523,0.174523,0.000947874477228489,0.000935238997123105,3
9669,20221018_110309.mat,474416,0.474416,0.000975696453063529,0.000935238997123105,3
9670,20221018_110309.mat,494316,0.494316,0.000943595601013421,0.000935238997123105,3
9671,20221018_110309.mat,584264,0.584264,0.000961131463607011,0.000935238997123105,3
9672,20221018_110309.mat,744260,0.74426,0.000982726193526055,0.000935238997123105,3
9673,20221018_110309.mat,1193801,1.193801,0.000974636375249754,0.000935238997123105,3
9674,20221018_110309.mat,1433596,1.433596,0.000975193347699816,0.000935238997123105,3
9675,20221018_110309.mat,1523544,1.523544,0.000950205055815397,0.000935238997123105,3
9676,20221018_110309.mat,1623442,1.623442,0.00101249193465065,0.000935238997123105,3
9677,20221018_110309.mat,2263028,2.263028,0.000937937426810866,0.000935238997123105,3
9678,20221018_110309.mat,2382826,2.382826,0.000957852601744416,0.000935238997123105,3
9679,20221018_110309.mat,2572672,2.572672,0.000955761974826207,0.000935238997123105,3
9680,20221018_110309.mat,2702619,2.702619,0.000995904597628951,0.000935238997123105,3
9681,20221018_110309.mat,3122310,3.12231,0.000941925755228801,0.000935238997123105,3
9682,20221018_110309.mat,3292057,3.292057,0.000937453868274877,0.000935238997123105,3
9683,20221018_110309.mat,3391955,3.391955,0.000977962003398824,0.000935238997123105,3
9684,20221018_110309.mat,3641899,3.641899,0.000966670614372468,0.000935238997123105,3
9685,20221018_110309.mat,4011442,4.011442,0.000958368704600008,0.000935238997123105,3
9686,20221018_110309.mat,4051441,4.051441,0.000953528481239903,0.000935238997123105,3
9687,20221018_110309.mat,4361284,4.361284,0.000960122682078197,0.000935238997123105,3
9688,20221018_110309.mat,4730827,4.730827,0.000991688698589387,0.000935238997123105,3
9689,20221018_110309.mat,4780776,4.780776,0.000972507636277436,0.000935238997123105,3
9690,20221018_110314.mat,359593,0.359593,0.000941567737947851,0.00093745736521965,3
9691,20221018_110314.mat,589438,0.589438,0.00096265230487173,0.00093745736521965,3
9692,20221018_110314.mat,599388,0.599388,0.000941046860351895,0.00093745736521965,3
9693,20221018_110314.mat,649337,0.649337,0.00100010002917885,0.00093745736521965,3
9694,20221018_110314.mat,819283,0.819283,0.000950003089314319,0.00093745736521965,3
9695,20221018_110314.mat,1039178,1.039178,0.000984193030397859,0.00093745736521965,3
9696,20221018_110314.mat,1378871,1.378871,0.000992540103370451,0.00093745736521965,3
9697,20221018_110314.mat,1448720,1.44872,0.000944088172556895,0.00093745736521965,3
9698,20221018_110314.mat,1468819,1.468819,0.000945413968717603,0.00093745736521965,3
9699,20221018_110314.mat,1568717,1.568717,0.000962888660468496,0.00093745736521965,3
9700,20221018_110314.mat,1638566,1.638566,0.000962267111300194,0.00093745736521965,3
9701,20221018_110314.mat,1838561,1.838561,0.000968969471013484,0.00093745736521965,3
9702,20221018_110314.mat,1938459,1.938459,0.000967544922608606,0.00093745736521965,3
9703,20221018_110314.mat,2028407,2.028407,0.000953148395914139,0.00093745736521965,3
9704,20221018_110314.mat,2637944,2.637944,0.000975349045222016,0.00093745736521965,3
9705,20221018_110314.mat,2657844,2.657844,0.000945026834580893,0.00093745736521965,3
9706,20221018_110314.mat,2777841,2.777841,0.000942461822511636,0.00093745736521965,3
9707,20221018_110314.mat,2787791,2.787791,0.000952601951649226,0.00093745736521965,3
9708,20221018_110314.mat,2997736,2.997736,0.00095513973295636,0.00093745736521965,3
9709,20221018_110314.mat,3337429,3.337429,0.000949486839266704,0.00093745736521965,3
9710,20221018_110314.mat,4116912,4.116912,0.000938663576367694,0.00093745736521965,3
9711,20221018_110314.mat,4166861,4.166861,0.000948456029880543,0.00093745736521965,3
9712,20221018_110314.mat,4366856,4.366856,0.000962181917058918,0.00093745736521965,3
9713,20221018_110314.mat,4536603,4.536603,0.000947698853258105,0.00093745736521965,3
9714,20221018_110314.mat,4966443,4.966443,0.000959061225455276,0.00093745736521965,3
9715,20221018_110319.mat,46765,0.046765,0.000960069683901811,0.000943349364052521,3
9716,20221018_110319.mat,126763,0.126763,0.000970621999202191,0.000943349364052521,3
9717,20221018_110319.mat,166762,0.166762,0.000952024049839402,0.000943349364052521,3
9718,20221018_110319.mat,546653,0.546653,0.000967963263608953,0.000943349364052521,3
9719,20221018_110319.mat,786448,0.786448,0.000946316232554372,0.000943349364052521,3
9720,20221018_110319.mat,1026442,1.026442,0.0010204042654073,0.000943349364052521,3
9721,20221018_110319.mat,1086341,1.086341,0.000950158923162213,0.000943349364052521,3
9722,20221018_110319.mat,1096291,1.096291,0.000954514196080408,0.000943349364052521,3
9723,20221018_110319.mat,1226238,1.226238,0.000944053112008381,0.000943349364052521,3
9724,20221018_110319.mat,1466232,1.466232,0.000946237852555179,0.000943349364052521,3
9725,20221018_110319.mat,1965921,1.965921,0.0009516330656229,0.000943349364052521,3
9726,20221018_110319.mat,2026019,2.026019,0.00096143152814492,0.000943349364052521,3
9727,20221018_110319.mat,2365712,2.365712,0.000951734841087766,0.000943349364052521,3
9728,20221018_110319.mat,2415860,2.41586,0.000948707780434012,0.000943349364052521,3
9729,20221018_110319.mat,2565707,2.565707,0.000969314017777647,0.000943349364052521,3
9730,20221018_110319.mat,2615656,2.615656,0.000964366624122297,0.000943349364052521,3
9731,20221018_110319.mat,2835551,2.835551,0.000950199324566201,0.000943349364052521,3
9732,20221018_110319.mat,3065396,3.065396,0.000962480544857538,0.000943349364052521,3
9733,20221018_110319.mat,3195343,3.195343,0.000948349473992277,0.000943349364052521,3
9734,20221018_110319.mat,3375438,3.375438,0.000954269633344399,0.000943349364052521,3
9735,20221018_110319.mat,3515335,3.515335,0.00101904031067084,0.000943349364052521,3
9736,20221018_110319.mat,3835128,3.835128,0.000943430411654377,0.000943349364052521,3
9737,20221018_110319.mat,4224969,4.224969,0.000954186877709462,0.000943349364052521,3
9738,20221018_110319.mat,4474913,4.474913,0.000945393726084517,0.000943349364052521,3
9739,20221018_110324.mat,270242,0.270242,0.00094152638121655,0.000935088381423923,3
9740,20221018_110324.mat,310241,0.310241,0.000980634125454202,0.000935088381423923,3
9741,20221018_110324.mat,880177,0.880177,0.000947262217265606,0.000935088381423923,3
9742,20221018_110324.mat,1579861,1.579861,0.000939572164534219,0.000935088381423923,3
9743,20221018_110324.mat,1729708,1.729708,0.000935868372613746,0.000935088381423923,3
9744,20221018_110324.mat,2029800,2.0298,0.000957272977370555,0.000935088381423923,3
9745,20221018_110324.mat,2969478,2.969478,0.000964137055645402,0.000935088381423923,3
9746,20221018_110324.mat,3029377,3.029377,0.000946522416453816,0.000935088381423923,3
9747,20221018_110324.mat,3249272,3.249272,0.000936183112776995,0.000935088381423923,3
9748,20221018_110324.mat,3299420,3.29942,0.000946996442657133,0.000935088381423923,3
9749,20221018_110324.mat,3359319,3.359319,0.000938381979691094,0.000935088381423923,3
9750,20221018_110324.mat,3689261,3.689261,0.000980549666098693,0.000935088381423923,3
9751,20221018_110324.mat,3919106,3.919106,0.000980715900815967,0.000935088381423923,3
9752,20221018_110324.mat,4019203,4.019203,0.000949380956635035,0.000935088381423923,3
9753,20221018_110324.mat,4239098,4.239098,0.000940837036747177,0.000935088381423923,3
9754,20221018_110324.mat,4369045,4.369045,0.000947590803745956,0.000935088381423923,3
9755,20221018_110324.mat,4478893,4.478893,0.000966556162612846,0.000935088381423923,3
9756,20221018_110324.mat,4568841,4.568841,0.00093927702546031,0.000935088381423923,3
9757,20221018_110324.mat,4598890,4.59889,0.000967508034251599,0.000935088381423923,3
9758,20221018_110324.mat,4608840,4.60884,0.000984401601116145,0.000935088381423923,3
9759,20221018_110329.mat,422079,0.422079,0.000975797938622,0.000940749957320435,3
9760,20221018_110329.mat,442178,0.442178,0.000951943102177873,0.000940749957320435,3
9761,20221018_110329.mat,472028,0.472028,0.000956817507279864,0.000940749957320435,3
9762,20221018_110329.mat,686550,0.68655,0.00149979707403141,0.000940749957320435,3
9763,20221018_110329.mat,912017,0.912017,0.000944180698922188,0.000940749957320435,3
9764,20221018_110329.mat,1031815,1.031815,0.000943583548411354,0.000940749957320435,3
9765,20221018_110329.mat,1231810,1.23181,0.000950209927508439,0.000940749957320435,3
9766,20221018_110329.mat,1491704,1.491704,0.000952363346244307,0.000940749957320435,3
9767,20221018_110329.mat,1551603,1.551603,0.00203079699148599,0.000940749957320435,3
9768,20221018_110329.mat,1551802,1.551802,0.00181621950043299,0.000940749957320435,3
9769,20221018_110329.mat,1761548,1.761548,0.000968692814282571,0.000940749957320435,3
9770,20221018_110329.mat,1861446,1.861446,0.000971964354059062,0.000940749957320435,3
9771,20221018_110329.mat,1981443,1.981443,0.000952359856781192,0.000940749957320435,3
9772,20221018_110329.mat,2241337,2.241337,0.000978921495142414,0.000940749957320435,3
9773,20221018_110329.mat,2431382,2.431382,0.000971428757127629,0.000940749957320435,3
9774,20221018_110329.mat,2531280,2.53128,0.000957879068148483,0.000940749957320435,3
9775,20221018_110329.mat,2991169,2.991169,0.000941923197993424,0.000940749957320435,3
9776,20221018_110329.mat,3021019,3.021019,0.000948013058099176,0.000940749957320435,3
9777,20221018_110329.mat,3331061,3.331061,0.000955137714413076,0.000940749957320435,3
9778,20221018_110329.mat,3371060,3.37106,0.000952352179917333,0.000940749957320435,3
9779,20221018_110329.mat,3550956,3.550956,0.00095073790370369,0.000940749957320435,3
9780,20221018_110329.mat,3560906,3.560906,0.000949069760422589,0.000940749957320435,3
9781,20221018_110329.mat,3650854,3.650854,0.000983160715092567,0.000940749957320435,3
9782,20221018_110329.mat,3710753,3.710753,0.000969260095479839,0.000940749957320435,3
9783,20221018_110329.mat,3720902,3.720902,0.000953462630083749,0.000940749957320435,3
9784,20221018_110329.mat,4140593,4.140593,0.000954592676541836,0.000940749957320435,3
9785,20221018_110329.mat,4250640,4.25064,0.000956210176296791,0.000940749957320435,3
9786,20221018_110329.mat,4560483,4.560483,0.000968677719374556,0.000940749957320435,3
9787,20221018_110329.mat,4570433,4.570433,0.000968116275762497,0.000940749957320435,3
9788,20221018_110334.mat,489142,0.489142,0.000966811059263871,0.000943231369381923,3
9789,20221018_110334.mat,1138479,1.138479,0.000977183035161838,0.000943231369381923,3
9790,20221018_110334.mat,1205741,1.205741,0.00304736309001275,0.000943231369381923,3
9791,20221018_110334.mat,1205940,1.20594,0.00134956915886139,0.000943231369381923,3
9792,20221018_110334.mat,1218676,1.218676,0.000984754978366799,0.000943231369381923,3
9793,20221018_110334.mat,1393597,1.393597,0.00094676126750214,0.000943231369381923,3
9794,20221018_110334.mat,1816273,1.816273,0.00141505209017685,0.000943231369381923,3
9795,20221018_110334.mat,1816472,1.816472,0.00537632629247963,0.000943231369381923,3
9796,20221018_110334.mat,2310390,2.31039,0.00110516079583998,0.000943231369381923,3
9797,20221018_110334.mat,2318350,2.31835,0.000974151387428385,0.000943231369381923,3
9798,20221018_110334.mat,2355364,2.355364,0.000958803072537506,0.000943231369381923,3
9799,20221018_110334.mat,2358349,2.358349,0.000956475805104726,0.000943231369381923,3
9800,20221018_110334.mat,2398149,2.398149,0.0012396509757191,0.000943231369381923,3
9801,20221018_110334.mat,2398348,2.398348,0.000964223656499699,0.000943231369381923,3
9802,20221018_110334.mat,2401532,2.401532,0.00725071799225555,0.000943231369381923,3
9803,20221018_110334.mat,2401731,2.401731,0.00178063267291998,0.000943231369381923,3
9804,20221018_110334.mat,2401930,2.40193,0.00136153181519425,0.000943231369381923,3
9805,20221018_110334.mat,2402726,2.402726,0.00956232062121976,0.000943231369381923,3
9806,20221018_110334.mat,2402925,2.402925,0.00396199696916015,0.000943231369381923,3
9807,20221018_110334.mat,2403124,2.403124,0.00352813141853423,0.000943231369381923,3
9808,20221018_110334.mat,2403323,2.403323,0.00227241812466104,0.000943231369381923,3
9809,20221018_110334.mat,2403920,2.40392,0.00109105178724559,0.000943231369381923,3
9810,20221018_110334.mat,2404119,2.404119,0.00406349034540324,0.000943231369381923,3
9811,20221018_110334.mat,2404318,2.404318,0.00146391838148498,0.000943231369381923,3
9812,20221018_110334.mat,2404517,2.404517,0.00520937727363177,0.000943231369381923,3
9813,20221018_110334.mat,2404716,2.404716,0.0194456114058362,0.000943231369381923,3
9814,20221018_110334.mat,2404915,2.404915,0.00811439859642936,0.000943231369381923,3
9815,20221018_110334.mat,2405114,2.405114,0.00121691172081871,0.000943231369381923,3
9816,20221018_110334.mat,2406706,2.406706,0.00141720132115409,0.000943231369381923,3
9817,20221018_110334.mat,2406905,2.406905,0.00151132697574097,0.000943231369381923,3
9818,20221018_110334.mat,2409094,2.409094,0.0010638136207223,0.000943231369381923,3
9819,20221018_110334.mat,2418646,2.418646,0.00245071665932749,0.000943231369381923,3
9820,20221018_110334.mat,2418845,2.418845,0.00310762786757328,0.000943231369381923,3
9821,20221018_110334.mat,2423621,2.423621,0.00203742949226718,0.000943231369381923,3
9822,20221018_110334.mat,2423820,2.42382,0.00142280956956291,0.000943231369381923,3
9823,20221018_110334.mat,2428198,2.428198,0.00100757354853136,0.000943231369381923,3
9824,20221018_110334.mat,2432576,2.432576,0.00127895646267273,0.000943231369381923,3
9825,20221018_110334.mat,2432775,2.432775,0.000946342592384982,0.000943231369381923,3
9826,20221018_110334.mat,2452476,2.452476,0.00167281862706991,0.000943231369381923,3
9827,20221018_110334.mat,2452675,2.452675,0.00165322915102836,0.000943231369381923,3
9828,20221018_110334.mat,2452874,2.452874,0.00131035188370709,0.000943231369381923,3
9829,20221018_110334.mat,2460635,2.460635,0.00184868682039781,0.000943231369381923,3
9830,20221018_110334.mat,2460834,2.460834,0.00487173110965205,0.000943231369381923,3
9831,20221018_110334.mat,2461033,2.461033,0.00107919895629827,0.000943231369381923,3
9832,20221018_110334.mat,2469789,2.469789,0.00101212241549424,0.000943231369381923,3
9833,20221018_110334.mat,2473172,2.473172,0.00149850395267127,0.000943231369381923,3
9834,20221018_110334.mat,2473371,2.473371,0.00439536253499105,0.000943231369381923,3
9835,20221018_110334.mat,2473570,2.47357,0.000960352598436501,0.000943231369381923,3
9836,20221018_110334.mat,2482326,2.482326,0.00110225107481502,0.000943231369381923,3
9837,20221018_110334.mat,2483122,2.483122,0.00178769408401953,0.000943231369381923,3
9838,20221018_110334.mat,2483321,2.483321,0.00272760025300452,0.000943231369381923,3
9839,20221018_110334.mat,2483520,2.48352,0.00113611288717324,0.000943231369381923,3
9840,20221018_110334.mat,2490684,2.490684,0.00115484699398446,0.000943231369381923,3
9841,20221018_110334.mat,2491480,2.49148,0.000960441618754562,0.000943231369381923,3
9842,20221018_110334.mat,2492674,2.492674,0.00106550795104488,0.000943231369381923,3
9843,20221018_110334.mat,2494863,2.494863,0.00111428831046519,0.000943231369381923,3
9844,20221018_110334.mat,2496057,2.496057,0.000968864793785802,0.000943231369381923,3
9845,20221018_110334.mat,2519539,2.519539,0.000957002696230756,0.000943231369381923,3
9846,20221018_110334.mat,2520534,2.520534,0.00129457913938135,0.000943231369381923,3
9847,20221018_110334.mat,2552374,2.552374,0.000962064281556595,0.000943231369381923,3
9848,20221018_110334.mat,2557349,2.557349,0.00212888882390943,0.000943231369381923,3
9849,20221018_110334.mat,2557548,2.557548,0.00103380078891687,0.000943231369381923,3
9850,20221018_110334.mat,2568692,2.568692,0.000951067735540106,0.000943231369381923,3
9851,20221018_110334.mat,2658043,2.658043,0.000944666036353895,0.000943231369381923,3
9852,20221018_110334.mat,2954155,2.954155,0.00239612880023502,0.000943231369381923,3
9853,20221018_110334.mat,2954354,2.954354,0.00112775539261354,0.000943231369381923,3
9854,20221018_110334.mat,3163304,3.163304,0.00099542092556032,0.000943231369381923,3
9855,20221018_110334.mat,3203303,3.203303,0.000973874697907278,0.000943231369381923,3
9856,20221018_110334.mat,3329469,3.329469,0.00242160949395017,0.000943231369381923,3
9857,20221018_110334.mat,3329668,3.329668,0.00553394374478985,0.000943231369381923,3
9858,20221018_110334.mat,3357727,3.357727,0.000945444402416039,0.000943231369381923,3
9859,20221018_110334.mat,3495236,3.495236,0.00381182398375442,0.000943231369381923,3
9860,20221018_110334.mat,3495435,3.495435,0.00135597639744259,0.000943231369381923,3
9861,20221018_110334.mat,3577821,3.577821,0.000961233636513693,0.000943231369381923,3
9862,20221018_110334.mat,3587771,3.587771,0.000951793998775566,0.000943231369381923,3
9863,20221018_110334.mat,3857615,3.857615,0.000993967627737696,0.000943231369381923,3
9864,20221018_110334.mat,4247456,4.247456,0.000970901210547637,0.000943231369381923,3
9865,20221018_110334.mat,4287455,4.287455,0.000962380632711811,0.000943231369381923,3
9866,20221018_110334.mat,4497798,4.497798,0.00108804322419775,0.000943231369381923,3
9867,20221018_110334.mat,4507350,4.50735,0.000949005516229184,0.000943231369381923,3
9868,20221018_110334.mat,4940374,4.940374,0.0015526852607267,0.000943231369381923,3
9869,20221018_110339.mat,146066,0.146066,0.000955705573140997,0.000944648176648305,3
9870,20221018_110339.mat,247357,0.247357,0.00135682810921161,0.000944648176648305,3
9871,20221018_110339.mat,247556,0.247556,0.00118619963720084,0.000944648176648305,3
9872,20221018_110339.mat,249944,0.249944,0.00111151954365408,0.000944648176648305,3
9873,20221018_110339.mat,492326,0.492326,0.00305405351431371,0.000944648176648305,3
9874,20221018_110339.mat,492525,0.492525,0.00571070633390064,0.000944648176648305,3
9875,20221018_110339.mat,493122,0.493122,0.00226455298238845,0.000944648176648305,3
9876,20221018_110339.mat,493321,0.493321,0.00105030187341879,0.000944648176648305,3
9877,20221018_110339.mat,644163,0.644163,0.000996387558596129,0.000944648176648305,3
9878,20221018_110339.mat,735902,0.735902,0.00096300242777334,0.000944648176648305,3
9879,20221018_110339.mat,840576,0.840576,0.00324753824832893,0.000944648176648305,3
9880,20221018_110339.mat,970722,0.970722,0.00143580189710364,0.000944648176648305,3
9881,20221018_110339.mat,971120,0.97112,0.00135940393277403,0.000944648176648305,3
9882,20221018_110339.mat,1118778,1.118778,0.000956383209182648,0.000944648176648305,3
9883,20221018_110339.mat,1123156,1.123156,0.00094796141107339,0.000944648176648305,3
9884,20221018_110339.mat,1123355,1.123355,0.00124061016460069,0.000944648176648305,3
9885,20221018_110339.mat,1131912,1.131912,0.00102792591240888,0.000944648176648305,3
9886,20221018_110339.mat,1148230,1.14823,0.00198932257067453,0.000944648176648305,3
9887,20221018_110339.mat,1150817,1.150817,0.00141484545529176,0.000944648176648305,3
9888,20221018_110339.mat,1151016,1.151016,0.00250641673126469,0.000944648176648305,3
9889,20221018_110339.mat,1151215,1.151215,0.000993308378102105,0.000944648176648305,3
9890,20221018_110339.mat,1151613,1.151613,0.00110700063634621,0.000944648176648305,3
9891,20221018_110339.mat,1483744,1.483744,0.00104314413017371,0.000944648176648305,3
9892,20221018_110339.mat,1675580,1.67558,0.000956327555355602,0.000944648176648305,3
9893,20221018_110339.mat,1695679,1.695679,0.000984445647381539,0.000944648176648305,3
9894,20221018_110339.mat,1858262,1.858262,0.00146151905999754,0.000944648176648305,3
9895,20221018_110339.mat,1901246,1.901246,0.00130125891827336,0.000944648176648305,3
9896,20221018_110339.mat,2055670,2.05567,0.000987026411695679,0.000944648176648305,3
9897,20221018_110339.mat,2585408,2.585408,0.000953811946375535,0.000944648176648305,3
9898,20221018_110339.mat,2745404,2.745404,0.00181089461197131,0.000944648176648305,3
9899,20221018_110339.mat,2774856,2.774856,0.001386113818076,0.000944648176648305,3
9900,20221018_110339.mat,2775652,2.775652,0.000977137872314591,0.000944648176648305,3
9901,20221018_110339.mat,2789582,2.789582,0.00161391261338517,0.000944648176648305,3
9902,20221018_110339.mat,2790378,2.790378,0.00180838842073397,0.000944648176648305,3
9903,20221018_110339.mat,2798935,2.798935,0.00116107433260412,0.000944648176648305,3
9904,20221018_110339.mat,2802915,2.802915,0.00101649905439568,0.000944648176648305,3
9905,20221018_110339.mat,2814457,2.814457,0.00103365412220684,0.000944648176648305,3
9906,20221018_110339.mat,2985398,2.985398,0.000955340485373404,0.000944648176648305,3
9907,20221018_110339.mat,3615233,3.615233,0.00096115562701506,0.000944648176648305,3
9908,20221018_110339.mat,3785378,3.785378,0.000982472840691547,0.000944648176648305,3
9909,20221018_110339.mat,3805278,3.805278,0.000946816321201035,0.000944648176648305,3
9910,20221018_110339.mat,3825377,3.825377,0.000982441095316701,0.000944648176648305,3
9911,20221018_110339.mat,4175219,4.175219,0.000958935901632168,0.000944648176648305,3
9912,20221018_110344.mat,523569,0.523569,0.00094318478160234,0.000935011135715356,3
9913,20221018_110344.mat,783662,0.783662,0.000955732218724121,0.000935011135715356,3
9914,20221018_110344.mat,847143,0.847143,0.00181324918361139,0.000935011135715356,3
9915,20221018_110344.mat,847342,0.847342,0.00149154236892833,0.000935011135715356,3
9916,20221018_110344.mat,1333499,1.333499,0.000943228952967709,0.000935011135715356,3
9917,20221018_110344.mat,1353399,1.353399,0.000940208813709373,0.000935011135715356,3
9918,20221018_110344.mat,1623442,1.623442,0.000935947129392531,0.000935011135715356,3
9919,20221018_110344.mat,1763339,1.763339,0.000938803908331365,0.000935011135715356,3
9920,20221018_110344.mat,1863436,1.863436,0.000944865454976288,0.000935011135715356,3
9921,20221018_110344.mat,1963334,1.963334,0.00098750368302893,0.000935011135715356,3
9922,20221018_110344.mat,2053282,2.053282,0.000940720723946529,0.000935011135715356,3
9923,20221018_110344.mat,2103430,2.10343,0.000959122821937346,0.000935011135715356,3
9924,20221018_110344.mat,2303425,2.303425,0.000947717224871121,0.000935011135715356,3
9925,20221018_110344.mat,2453272,2.453272,0.000939069497368393,0.000935011135715356,3
9926,20221018_110344.mat,2503221,2.503221,0.000954891171245497,0.000935011135715356,3
9927,20221018_110344.mat,2533270,2.53327,0.0010172188095185,0.000935011135715356,3
9928,20221018_110344.mat,2613268,2.613268,0.000963630427894813,0.000935011135715356,3
9929,20221018_110344.mat,2653267,2.653267,0.000938131990092733,0.000935011135715356,3
9930,20221018_110344.mat,2693266,2.693266,0.000979773286210666,0.000935011135715356,3
9931,20221018_110344.mat,2783214,2.783214,0.000958949263042948,0.000935011135715356,3
9932,20221018_110344.mat,2843312,2.843312,0.000974657832938394,0.000935011135715356,3
9933,20221018_110344.mat,3163105,3.163105,0.000938538244137531,0.000935011135715356,3
9934,20221018_110344.mat,3253053,3.253053,0.00094740286276992,0.000935011135715356,3
9935,20221018_110344.mat,3363100,3.3631,0.000978216378471973,0.000935011135715356,3
9936,20221018_110344.mat,3493047,3.493047,0.000964550455342217,0.000935011135715356,3
9937,20221018_110344.mat,3693042,3.693042,0.000971803105780668,0.000935011135715356,3
9938,20221018_110344.mat,4442874,4.442874,0.000941493839922475,0.000935011135715356,3
9939,20221018_110344.mat,4511529,4.511529,0.00248883777414814,0.000935011135715356,3
9940,20221018_110344.mat,4511728,4.511728,0.00306282182296981,0.000935011135715356,3
9941,20221018_110344.mat,4692818,4.692818,0.000970733218024765,0.000935011135715356,3
9942,20221018_110344.mat,4712917,4.712917,0.000953863928056376,0.000935011135715356,3
9943,20221018_110344.mat,4972811,4.972811,0.00101107366901375,0.000935011135715356,3
