event_id,file_name,start_sample,event_time_s,rms,threshold,valid_peak_count
1,20221018_110039.mat,83779,0.083779,0.000959175368654108,0.0009362958228104793,3
2,20221018_110039.mat,153628,0.153628,0.0009638335849865796,0.0009362958228104793,3
3,20221018_110039.mat,183478,0.183478,0.0009720967670477702,0.0009362958228104793,3
4,20221018_110039.mat,213328,0.213328,0.0009449384306793291,0.0009362958228104793,3
5,20221018_110039.mat,452924,0.452924,0.0009771398887252923,0.0009362958228104793,3
6,20221018_110039.mat,502873,0.502873,0.0009869342617257924,0.0009362958228104793,3
7,20221018_110039.mat,544862,0.544862,0.0019202013237641085,0.0009362958228104793,3
8,20221018_110039.mat,545061,0.545061,0.0016629507171014189,0.0009362958228104793,3
9,20221018_110039.mat,631029,0.631029,0.0016483340471785965,0.0009362958228104793,3
10,20221018_110039.mat,631228,0.631228,0.0017809223420248478,0.0009362958228104793,3
11,20221018_110039.mat,672421,0.672421,0.0009416495509854841,0.0009362958228104793,3
12,20221018_110039.mat,708440,0.70844,0.0014532067433250392,0.0009362958228104793,3
13,20221018_110039.mat,752220,0.75222,0.0009777713332976066,0.0009362958228104793,3
14,20221018_110039.mat,872018,0.872018,0.0009657977568355597,0.0009362958228104793,3
15,20221018_110039.mat,971916,0.971916,0.0009418081282344173,0.0009362958228104793,3
16,20221018_110039.mat,1091515,1.091515,0.0010091837020562333,0.0009362958228104793,3
17,20221018_110039.mat,1141464,1.141464,0.0009834573245705316,0.0009362958228104793,3
18,20221018_110039.mat,1189224,1.189224,0.0017808547471178011,0.0009362958228104793,3
19,20221018_110039.mat,1360961,1.360961,0.0009591781747475192,0.0009362958228104793,3
20,20221018_110039.mat,1391010,1.39101,0.000957643730505093,0.0009362958228104793,3
21,20221018_110039.mat,1510609,1.510609,0.0009640138343530493,0.0009362958228104793,3
22,20221018_110039.mat,1610507,1.610507,0.0010204169723356472,0.0009362958228104793,3
23,20221018_110039.mat,1720156,1.720156,0.0009559430452781597,0.0009362958228104793,3
24,20221018_110039.mat,1820054,1.820054,0.0009614098467051,0.0009362958228104793,3
25,20221018_110039.mat,1929703,1.929703,0.0009577523699088138,0.0009362958228104793,3
26,20221018_110039.mat,1979652,1.979652,0.0010166468710694585,0.0009362958228104793,3
27,20221018_110039.mat,1999552,1.999552,0.001007775689508904,0.0009362958228104793,3
28,20221018_110039.mat,2108007,2.108007,0.0009491183382557097,0.0009362958228104793,3
29,20221018_110039.mat,2169299,2.169299,0.0009857488071439533,0.0009362958228104793,3
30,20221018_110039.mat,2268998,2.268998,0.000952188545234145,0.0009362958228104793,3
31,20221018_110039.mat,2299047,2.299047,0.0009449154465428236,0.0009362958228104793,3
32,20221018_110039.mat,2308997,2.308997,0.0009392707431391229,0.0009362958228104793,3
33,20221018_110039.mat,2398746,2.398746,0.0009554515417039291,0.0009362958228104793,3
34,20221018_110039.mat,2418845,2.418845,0.0009907836103763097,0.0009362958228104793,3
35,20221018_110039.mat,2538444,2.538444,0.0009424834333128519,0.0009362958228104793,3
36,20221018_110039.mat,2548394,2.548394,0.0009389912546318562,0.0009362958228104793,3
37,20221018_110039.mat,2568493,2.568493,0.000942706163010342,0.0009362958228104793,3
38,20221018_110039.mat,2668192,2.668192,0.000992516707061196,0.0009362958228104793,3
39,20221018_110039.mat,2728091,2.728091,0.0009698225054599881,0.0009362958228104793,3
40,20221018_110039.mat,2847889,2.847889,0.0009527833392488151,0.0009362958228104793,3
41,20221018_110039.mat,2897639,2.897639,0.0009887619707551131,0.0009362958228104793,3
42,20221018_110039.mat,3226984,3.226984,0.0009442112125517543,0.0009362958228104793,3
43,20221018_110039.mat,3266983,3.266983,0.0009747343833878618,0.0009362958228104793,3
44,20221018_110039.mat,3446481,3.446481,0.0009576843384369659,0.0009362958228104793,3
45,20221018_110039.mat,3536429,3.536429,0.0009381591159735858,0.0009362958228104793,3
46,20221018_110039.mat,3586179,3.586179,0.0009475494830481257,0.0009362958228104793,3
47,20221018_110039.mat,3594736,3.594736,0.07998865236441569,0.0009362958228104793,3
48,20221018_110039.mat,3594935,3.594935,0.01998114022443947,0.0009362958228104793,3
49,20221018_110039.mat,3595134,3.595134,0.0040580030795418455,0.0009362958228104793,3
50,20221018_110039.mat,3595333,3.595333,0.0014032663978226837,0.0009362958228104793,3
51,20221018_110039.mat,3696027,3.696027,0.0009710227198536303,0.0009362958228104793,3
52,20221018_110039.mat,3875525,3.875525,0.0009613222819547881,0.0009362958228104793,3
53,20221018_110039.mat,3905574,3.905574,0.0009559562494490289,0.0009362958228104793,3
54,20221018_110039.mat,3955523,3.955523,0.0009506027888546943,0.0009362958228104793,3
55,20221018_110039.mat,3975423,3.975423,0.0009390298028857284,0.0009362958228104793,3
56,20221018_110039.mat,4065172,4.065172,0.0009619415321129282,0.0009362958228104793,3
57,20221018_110039.mat,4075122,4.075122,0.00099547302494287,0.0009362958228104793,3
58,20221018_110039.mat,4254819,4.254819,0.0009782793263213888,0.0009362958228104793,3
59,20221018_110039.mat,4404467,4.404467,0.0009655034530270089,0.0009362958228104793,3
60,20221018_110039.mat,4424367,4.424367,0.0010041888406857626,0.0009362958228104793,3
61,20221018_110039.mat,4474316,4.474316,0.000996603329440764,0.0009362958228104793,3
62,20221018_110039.mat,4514116,4.514116,0.0009754240022942782,0.0009362958228104793,3
63,20221018_110039.mat,4544165,4.544165,0.0009456755911023238,0.0009362958228104793,3
64,20221018_110039.mat,4574015,4.574015,0.0009806714987599674,0.0009362958228104793,3
65,20221018_110039.mat,4654013,4.654013,0.0009732197932712722,0.0009362958228104793,3
66,20221018_110039.mat,4663963,4.663963,0.0009475704442183976,0.0009362958228104793,3
67,20221018_110039.mat,4773612,4.773612,0.001008113261509164,0.0009362958228104793,3
68,20221018_110039.mat,4893410,4.89341,0.0009803198381178315,0.0009362958228104793,3
69,20221018_110044.mat,10348,0.010348,0.003060624408787531,0.0009407961411564886,3
70,20221018_110044.mat,10547,0.010547,0.013418387760895089,0.0009407961411564886,3
71,20221018_110044.mat,10746,0.010746,0.0011847581177446777,0.0009407961411564886,3
72,20221018_110044.mat,192632,0.192632,0.0009636512491515125,0.0009407961411564886,3
73,20221018_110044.mat,262481,0.262481,0.0009723568651669039,0.0009407961411564886,3
74,20221018_110044.mat,287953,0.287953,0.0009724447021277334,0.0009407961411564886,3
75,20221018_110044.mat,322380,0.32238,0.0009469554334291096,0.0009407961411564886,3
76,20221018_110044.mat,356011,0.356011,0.012335243438243885,0.0009407961411564886,3
77,20221018_110044.mat,356210,0.35621,0.009097273193555324,0.0009407961411564886,3
78,20221018_110044.mat,356409,0.356409,0.0015955649948064987,0.0009407961411564886,3
79,20221018_110044.mat,358200,0.3582,0.000948811764766286,0.0009407961411564886,3
80,20221018_110044.mat,422079,0.422079,0.0010343402366013918,0.0009407961411564886,3
81,20221018_110044.mat,462078,0.462078,0.0010174869078248489,0.0009407961411564886,3
82,20221018_110044.mat,512027,0.512027,0.0009501741539201524,0.0009407961411564886,3
83,20221018_110044.mat,530932,0.530932,0.011333720524185329,0.0009407961411564886,3
84,20221018_110044.mat,531131,0.531131,0.004170582235407691,0.0009407961411564886,3
85,20221018_110044.mat,531330,0.53133,0.0010293728442387477,0.0009407961411564886,3
86,20221018_110044.mat,551827,0.551827,0.000941496099352935,0.0009407961411564886,3
87,20221018_110044.mat,591826,0.591826,0.0009646679393013847,0.0009407961411564886,3
88,20221018_110044.mat,681575,0.681575,0.00094829062189699,0.0009407961411564886,3
89,20221018_110044.mat,696500,0.6965,0.014330511858780287,0.0009407961411564886,3
90,20221018_110044.mat,696699,0.696699,0.003322363234365818,0.0009407961411564886,3
91,20221018_110044.mat,696898,0.696898,0.001439225651753808,0.0009407961411564886,3
92,20221018_110044.mat,700679,0.700679,0.01688110008638702,0.0009407961411564886,3
93,20221018_110044.mat,700878,0.700878,0.013235684645901451,0.0009407961411564886,3
94,20221018_110044.mat,701077,0.701077,0.0023883842768475756,0.0009407961411564886,3
95,20221018_110044.mat,813910,0.81391,0.0014999313660207301,0.0009407961411564886,3
96,20221018_110044.mat,880575,0.880575,0.0036430657881896572,0.0009407961411564886,3
97,20221018_110044.mat,913012,0.913012,0.0009645495718116298,0.0009407961411564886,3
98,20221018_110044.mat,991020,0.99102,0.0009506747123768421,0.0009407961411564886,3
99,20221018_110044.mat,1015497,1.015497,0.0018075677951893557,0.0009407961411564886,3
100,20221018_110044.mat,1015696,1.015696,0.004315881801835088,0.0009407961411564886,3
101,20221018_110044.mat,1015895,1.015895,0.0010142378936970637,0.0009407961411564886,3
102,20221018_110044.mat,1031417,1.031417,0.006975395179063211,0.0009407961411564886,3
103,20221018_110044.mat,1031616,1.031616,0.009799734372525116,0.0009407961411564886,3
104,20221018_110044.mat,1031815,1.031815,0.0018078468827186333,0.0009407961411564886,3
105,20221018_110044.mat,1032014,1.032014,0.0010716707388815428,0.0009407961411564886,3
106,20221018_110044.mat,1060272,1.060272,0.015154619799780604,0.0009407961411564886,3
107,20221018_110044.mat,1060471,1.060471,0.024620188854803212,0.0009407961411564886,3
108,20221018_110044.mat,1060670,1.06067,0.0038392166200155913,0.0009407961411564886,3
109,20221018_110044.mat,1060869,1.060869,0.0011019149668244229,0.0009407961411564886,3
110,20221018_110044.mat,1280366,1.280366,0.0009826025491303059,0.0009407961411564886,3
111,20221018_110044.mat,1400363,1.400363,0.0015425334905494325,0.0009407961411564886,3
112,20221018_110044.mat,1400562,1.400562,0.0021031345775302224,0.0009407961411564886,3
113,20221018_110044.mat,1467028,1.467028,0.0010748515542749436,0.0009407961411564886,3
114,20221018_110044.mat,1483545,1.483545,0.0014272081576380538,0.0009407961411564886,3
115,20221018_110044.mat,1515982,1.515982,0.00099890288455565,0.0009407961411564886,3
116,20221018_110044.mat,1539862,1.539862,0.0009677093170607515,0.0009407961411564886,3
117,20221018_110044.mat,1569712,1.569712,0.0009703307762901293,0.0009407961411564886,3
118,20221018_110044.mat,1599761,1.599761,0.0009419105932160524,0.0009407961411564886,3
119,20221018_110044.mat,1619661,1.619661,0.0009748187495556202,0.0009407961411564886,3
120,20221018_110044.mat,1669610,1.66961,0.0009705943579891214,0.0009407961411564886,3
121,20221018_110044.mat,1799358,1.799358,0.0009815372557602491,0.0009407961411564886,3
122,20221018_110044.mat,1801746,1.801746,0.005163654394327602,0.0009407961411564886,3
123,20221018_110044.mat,1801945,1.801945,0.010772433445001393,0.0009407961411564886,3
124,20221018_110044.mat,1802144,1.802144,0.0019023757699312427,0.0009407961411564886,3
125,20221018_110044.mat,1802343,1.802343,0.0009610631423827728,0.0009407961411564886,3
126,20221018_110044.mat,1816671,1.816671,0.002036674768499607,0.0009407961411564886,3
127,20221018_110044.mat,1816870,1.81687,0.0028344687510573783,0.0009407961411564886,3
128,20221018_110044.mat,1839158,1.839158,0.0009617849068897107,0.0009407961411564886,3
129,20221018_110044.mat,1859257,1.859257,0.0009695948351951198,0.0009407961411564886,3
130,20221018_110044.mat,1968906,1.968906,0.0009419307963176536,0.0009407961411564886,3
131,20221018_110044.mat,2040944,2.040944,0.003715847331979631,0.0009407961411564886,3
132,20221018_110044.mat,2041143,2.041143,0.001556356337428987,0.0009407961411564886,3
133,20221018_110044.mat,2049899,2.049899,0.0023152353809031013,0.0009407961411564886,3
134,20221018_110044.mat,2050098,2.050098,0.006703177333138575,0.0009407961411564886,3
135,20221018_110044.mat,2060247,2.060247,0.0009528735818615234,0.0009407961411564886,3
136,20221018_110044.mat,2064824,2.064824,0.0009782656566718723,0.0009407961411564886,3
137,20221018_110044.mat,2068008,2.068008,0.0020155795192852203,0.0009407961411564886,3
138,20221018_110044.mat,2068605,2.068605,0.004450345118619392,0.0009407961411564886,3
139,20221018_110044.mat,2068804,2.068804,0.0017149080478262532,0.0009407961411564886,3
140,20221018_110044.mat,2075769,2.075769,0.016647352926269957,0.0009407961411564886,3
141,20221018_110044.mat,2075968,2.075968,0.004678588161001725,0.0009407961411564886,3
142,20221018_110044.mat,2076167,2.076167,0.0015034718945909097,0.0009407961411564886,3
143,20221018_110044.mat,2080147,2.080147,0.000991265843811642,0.0009407961411564886,3
144,20221018_110044.mat,2080346,2.080346,0.0020838671449993885,0.0009407961411564886,3
145,20221018_110044.mat,2080545,2.080545,0.15539063284178486,0.0009407961411564886,3
146,20221018_110044.mat,2080744,2.080744,0.04263118525516834,0.0009407961411564886,3
147,20221018_110044.mat,2080943,2.080943,0.012968393998066456,0.0009407961411564886,3
148,20221018_110044.mat,2081142,2.081142,0.0040082063682973955,0.0009407961411564886,3
149,20221018_110044.mat,2081739,2.081739,0.008899825929251605,0.0009407961411564886,3
150,20221018_110044.mat,2081938,2.081938,0.002322040558465269,0.0009407961411564886,3
151,20221018_110044.mat,2118554,2.118554,0.0009911988736310796,0.0009407961411564886,3
152,20221018_110044.mat,2228402,2.228402,0.0009736172230248019,0.0009407961411564886,3
153,20221018_110044.mat,2291684,2.291684,0.016889606444141517,0.0009407961411564886,3
154,20221018_110044.mat,2291883,2.291883,0.016045260860955753,0.0009407961411564886,3
155,20221018_110044.mat,2292082,2.292082,0.002729102755553811,0.0009407961411564886,3
156,20221018_110044.mat,2292281,2.292281,0.0011336350591145317,0.0009407961411564886,3
157,20221018_110044.mat,2408099,2.408099,0.0009471460898694508,0.0009407961411564886,3
158,20221018_110044.mat,2426805,2.426805,0.0032797451594050865,0.0009407961411564886,3
159,20221018_110044.mat,2427004,2.427004,0.0017526004813291781,0.0009407961411564886,3
160,20221018_110044.mat,2504415,2.504415,0.016774166865311524,0.0009407961411564886,3
161,20221018_110044.mat,2504614,2.504614,0.005539711932343923,0.0009407961411564886,3
162,20221018_110044.mat,2504813,2.504813,0.0014657645317703053,0.0009407961411564886,3
163,20221018_110044.mat,2617646,2.617646,0.0009606762610458583,0.0009407961411564886,3
164,20221018_110044.mat,2618840,2.61884,0.0037448184847703905,0.0009407961411564886,3
165,20221018_110044.mat,2619039,2.619039,0.00935905776848688,0.0009407961411564886,3
166,20221018_110044.mat,2619238,2.619238,0.0010495930486901978,0.0009407961411564886,3
167,20221018_110044.mat,2657446,2.657446,0.001023581818884107,0.0009407961411564886,3
168,20221018_110044.mat,2667396,2.667396,0.0009423751549725434,0.0009407961411564886,3
169,20221018_110044.mat,2680331,2.680331,0.0011703823347287824,0.0009407961411564886,3
170,20221018_110044.mat,2687097,2.687097,0.0034918857015075076,0.0009407961411564886,3
171,20221018_110044.mat,2687296,2.687296,0.008205616415559204,0.0009407961411564886,3
172,20221018_110044.mat,2687495,2.687495,0.0014000744743366009,0.0009407961411564886,3
173,20221018_110044.mat,2693266,2.693266,0.009636539417656602,0.0009407961411564886,3
174,20221018_110044.mat,2693465,2.693465,0.013680912730247933,0.0009407961411564886,3
175,20221018_110044.mat,2693664,2.693664,0.0018142486866688358,0.0009407961411564886,3
176,20221018_110044.mat,2735454,2.735454,0.008566973667972823,0.0009407961411564886,3
177,20221018_110044.mat,2735653,2.735653,0.012660453825903206,0.0009407961411564886,3
178,20221018_110044.mat,2735852,2.735852,0.0021855862488361823,0.0009407961411564886,3
179,20221018_110044.mat,2737245,2.737245,0.0009663322646115144,0.0009407961411564886,3
180,20221018_110044.mat,2752568,2.752568,0.006307002508309128,0.0009407961411564886,3
181,20221018_110044.mat,2752767,2.752767,0.006656154776517633,0.0009407961411564886,3
182,20221018_110044.mat,2752966,2.752966,0.10848234536514818,0.0009407961411564886,3
183,20221018_110044.mat,2753165,2.753165,0.025497768197796988,0.0009407961411564886,3
184,20221018_110044.mat,2753364,2.753364,0.010813410482978479,0.0009407961411564886,3
185,20221018_110044.mat,2753563,2.753563,0.002375211016366333,0.0009407961411564886,3
186,20221018_110044.mat,2753762,2.753762,0.01835522841506451,0.0009407961411564886,3
187,20221018_110044.mat,2753961,2.753961,0.004997876099670228,0.0009407961411564886,3
188,20221018_110044.mat,2754160,2.75416,0.0012428895760843218,0.0009407961411564886,3
189,20221018_110044.mat,2754558,2.754558,0.004275090764960723,0.0009407961411564886,3
190,20221018_110044.mat,2754757,2.754757,0.011905126936619995,0.0009407961411564886,3
191,20221018_110044.mat,2754956,2.754956,0.0019915410737827914,0.0009407961411564886,3
192,20221018_110044.mat,2757344,2.757344,0.002642622784299109,0.0009407961411564886,3
193,20221018_110044.mat,2757543,2.757543,0.0017052588178076535,0.0009407961411564886,3
194,20221018_110044.mat,2768687,2.768687,0.003287024506297822,0.0009407961411564886,3
195,20221018_110044.mat,2768886,2.768886,0.000954737412297771,0.0009407961411564886,3
196,20221018_110044.mat,2797144,2.797144,0.0009835312595929148,0.0009407961411564886,3
197,20221018_110044.mat,2816049,2.816049,0.031281600352594335,0.0009407961411564886,3
198,20221018_110044.mat,2816248,2.816248,0.045505509723604814,0.0009407961411564886,3
199,20221018_110044.mat,2816447,2.816447,0.011054995710180536,0.0009407961411564886,3
200,20221018_110044.mat,2816646,2.816646,0.0037706751230015714,0.0009407961411564886,3
201,20221018_110044.mat,2816845,2.816845,0.0010441057999448875,0.0009407961411564886,3
202,20221018_110044.mat,2822218,2.822218,0.008784153191720287,0.0009407961411564886,3
203,20221018_110044.mat,2822417,2.822417,0.0021953294461122164,0.0009407961411564886,3
204,20221018_110044.mat,2822616,2.822616,0.0009587533556588985,0.0009407961411564886,3
205,20221018_110044.mat,2847093,2.847093,0.0009582773369354292,0.0009407961411564886,3
206,20221018_110044.mat,2848685,2.848685,0.003978461569723595,0.0009407961411564886,3
207,20221018_110044.mat,2848884,2.848884,0.0009561908708280984,0.0009407961411564886,3
208,20221018_110044.mat,2856247,2.856247,0.0014535868007887842,0.0009407961411564886,3
209,20221018_110044.mat,2869779,2.869779,0.0013807851786416003,0.0009407961411564886,3
210,20221018_110044.mat,2869978,2.869978,0.002219779555608375,0.0009407961411564886,3
211,20221018_110044.mat,2879729,2.879729,0.0009459108151082049,0.0009407961411564886,3
212,20221018_110044.mat,2929280,2.92928,0.0016141326887746895,0.0009407961411564886,3
213,20221018_110044.mat,2936842,2.936842,0.0009574831387324695,0.0009407961411564886,3
214,20221018_110044.mat,2956941,2.956941,0.001017972626830454,0.0009407961411564886,3
215,20221018_110044.mat,2957936,2.957936,0.0051854145095297,0.0009407961411564886,3
216,20221018_110044.mat,2958135,2.958135,0.0014073242317334566,0.0009407961411564886,3
217,20221018_110044.mat,2996542,2.996542,0.008840132631095876,0.0009407961411564886,3
218,20221018_110044.mat,2996741,2.996741,0.00886860920432843,0.0009407961411564886,3
219,20221018_110044.mat,2996940,2.99694,0.0020336933042619187,0.0009407961411564886,3
220,20221018_110044.mat,3036740,3.03674,0.0009437871631922597,0.0009407961411564886,3
221,20221018_110044.mat,3056640,3.05664,0.0009425765979838026,0.0009407961411564886,3
222,20221018_110044.mat,3104997,3.104997,0.010315036390062962,0.0009407961411564886,3
223,20221018_110044.mat,3105196,3.105196,0.0045492955965602015,0.0009407961411564886,3
224,20221018_110044.mat,3105395,3.105395,0.0010630095208970188,0.0009407961411564886,3
225,20221018_110044.mat,3106589,3.106589,0.0009662832602545299,0.0009407961411564886,3
226,20221018_110044.mat,3116539,3.116539,0.000964273324496768,0.0009407961411564886,3
227,20221018_110044.mat,3126688,3.126688,0.001550687423401336,0.0009407961411564886,3
228,20221018_110044.mat,3146389,3.146389,0.0009443510944906058,0.0009407961411564886,3
229,20221018_110044.mat,3193154,3.193154,0.0012764060889453182,0.0009407961411564886,3
230,20221018_110044.mat,3193353,3.193353,0.001003822226929137,0.0009407961411564886,3
231,20221018_110044.mat,3198129,3.198129,0.0009425263585097301,0.0009407961411564886,3
232,20221018_110044.mat,3198328,3.198328,0.0010486776874896453,0.0009407961411564886,3
233,20221018_110044.mat,3217432,3.217432,0.028926134630933634,0.0009407961411564886,3
234,20221018_110044.mat,3217631,3.217631,0.015203970586621622,0.0009407961411564886,3
235,20221018_110044.mat,3217830,3.21783,0.0013752704133698005,0.0009407961411564886,3
236,20221018_110044.mat,3222407,3.222407,0.0009623281746078456,0.0009407961411564886,3
237,20221018_110044.mat,3233153,3.233153,0.0010605996289938372,0.0009407961411564886,3
238,20221018_110044.mat,3236337,3.236337,0.000955912670353219,0.0009407961411564886,3
239,20221018_110044.mat,3299619,3.299619,0.0010879211986515411,0.0009407961411564886,3
240,20221018_110044.mat,3299818,3.299818,0.001968556885680036,0.0009407961411564886,3
241,20221018_110044.mat,3340016,3.340016,0.005854219426857323,0.0009407961411564886,3
242,20221018_110044.mat,3340215,3.340215,0.0036198246107934894,0.0009407961411564886,3
243,20221018_110044.mat,3340414,3.340414,0.0011080690850934357,0.0009407961411564886,3
244,20221018_110044.mat,3458620,3.45862,0.015799277124835254,0.0009407961411564886,3
245,20221018_110044.mat,3458819,3.458819,0.01169815543651415,0.0009407961411564886,3
246,20221018_110044.mat,3459018,3.459018,0.0017323722116729845,0.0009407961411564886,3
247,20221018_110044.mat,3535434,3.535434,0.002364431357962288,0.0009407961411564886,3
248,20221018_110044.mat,3535633,3.535633,0.0012458176250389496,0.0009407961411564886,3
249,20221018_110044.mat,3643093,3.643093,0.0013895329603274675,0.0009407961411564886,3
250,20221018_110044.mat,3655829,3.655829,0.0013122937005424812,0.0009407961411564886,3
251,20221018_110044.mat,3688266,3.688266,0.002639651926250243,0.0009407961411564886,3
252,20221018_110044.mat,3688465,3.688465,0.015523024348161501,0.0009407961411564886,3
253,20221018_110044.mat,3688664,3.688664,0.0023054996397911445,0.0009407961411564886,3
254,20221018_110044.mat,3733837,3.733837,0.0019218238899666427,0.0009407961411564886,3
255,20221018_110044.mat,3734036,3.734036,1.0528476613870532,0.0009407961411564886,3
256,20221018_110044.mat,3734235,3.734235,0.1331634024864386,0.0009407961411564886,3
257,20221018_110044.mat,3734434,3.734434,0.019990055226357318,0.0009407961411564886,3
258,20221018_110044.mat,3734633,3.734633,0.004540001678845307,0.0009407961411564886,3
259,20221018_110044.mat,3734832,3.734832,0.012223675966934586,0.0009407961411564886,3
260,20221018_110044.mat,3735031,3.735031,0.0070472326260371965,0.0009407961411564886,3
261,20221018_110044.mat,3735230,3.73523,0.0014935453233794302,0.0009407961411564886,3
262,20221018_110044.mat,3743588,3.743588,0.003680839442450551,0.0009407961411564886,3
263,20221018_110044.mat,3743787,3.743787,0.002751869301465004,0.0009407961411564886,3
264,20221018_110044.mat,3747767,3.747767,0.010479862227660376,0.0009407961411564886,3
265,20221018_110044.mat,3750951,3.750951,0.0014515439941807742,0.0009407961411564886,3
266,20221018_110044.mat,3751150,3.75115,0.0009738331062687461,0.0009407961411564886,3
267,20221018_110044.mat,3755329,3.755329,0.056476140392353776,0.0009407961411564886,3
268,20221018_110044.mat,3755528,3.755528,0.0110824333128389,0.0009407961411564886,3
269,20221018_110044.mat,3755727,3.755727,0.001957529629721098,0.0009407961411564886,3
270,20221018_110044.mat,3766075,3.766075,0.05211923091101519,0.0009407961411564886,3
271,20221018_110044.mat,3766274,3.766274,0.011690024791759684,0.0009407961411564886,3
272,20221018_110044.mat,3766473,3.766473,0.0018916512550120116,0.0009407961411564886,3
273,20221018_110044.mat,3780204,3.780204,0.01086230709616999,0.0009407961411564886,3
274,20221018_110044.mat,3780403,3.780403,0.004708163964643262,0.0009407961411564886,3
275,20221018_110044.mat,3780602,3.780602,0.0015207808984306354,0.0009407961411564886,3
276,20221018_110044.mat,3785179,3.785179,0.0010027512308757617,0.0009407961411564886,3
277,20221018_110044.mat,3792343,3.792343,0.026672377053254107,0.0009407961411564886,3
278,20221018_110044.mat,3792542,3.792542,0.028918503488441605,0.0009407961411564886,3
279,20221018_110044.mat,3792741,3.792741,0.004787758883695836,0.0009407961411564886,3
280,20221018_110044.mat,3792940,3.79294,0.0014990371037345068,0.0009407961411564886,3
281,20221018_110044.mat,3810651,3.810651,0.0023592969369071386,0.0009407961411564886,3
282,20221018_110044.mat,3811248,3.811248,0.7551815181935265,0.0009407961411564886,3
283,20221018_110044.mat,3811447,3.811447,0.1733361832254744,0.0009407961411564886,3
284,20221018_110044.mat,3811646,3.811646,0.05910600795447484,0.0009407961411564886,3
285,20221018_110044.mat,3811845,3.811845,0.016498118717583204,0.0009407961411564886,3
286,20221018_110044.mat,3812044,3.812044,0.0027904013718027787,0.0009407961411564886,3
287,20221018_110044.mat,3812243,3.812243,0.0009434133684318346,0.0009407961411564886,3
288,20221018_110044.mat,3838511,3.838511,0.0012555815809018522,0.0009407961411564886,3
289,20221018_110044.mat,3867167,3.867167,0.0032145639324200176,0.0009407961411564886,3
290,20221018_110044.mat,3867366,3.867366,0.004476970657702798,0.0009407961411564886,3
291,20221018_110044.mat,3867565,3.867565,0.0009613292651277966,0.0009407961411564886,3
292,20221018_110044.mat,3914927,3.914927,0.00096905518515771,0.0009407961411564886,3
293,20221018_110044.mat,3918708,3.918708,0.005317191278575384,0.0009407961411564886,3
294,20221018_110044.mat,3924877,3.924877,0.0009703791207379347,0.0009407961411564886,3
295,20221018_110044.mat,3934827,3.934827,0.0009425366879976064,0.0009407961411564886,3
296,20221018_110044.mat,3939603,3.939603,0.004306086392326945,0.0009407961411564886,3
297,20221018_110044.mat,3939802,3.939802,0.0018595837701978555,0.0009407961411564886,3
298,20221018_110044.mat,3943384,3.943384,0.0011901892333786935,0.0009407961411564886,3
299,20221018_110044.mat,3943583,3.943583,0.0055094955291749865,0.0009407961411564886,3
300,20221018_110044.mat,3943782,3.943782,0.0016061821014193309,0.0009407961411564886,3
301,20221018_110044.mat,3949354,3.949354,0.0009562408546328019,0.0009407961411564886,3
302,20221018_110044.mat,3997313,3.997313,0.013439266728352162,0.0009407961411564886,3
303,20221018_110044.mat,3997512,3.997512,0.0019814821842594112,0.0009407961411564886,3
304,20221018_110044.mat,4022984,4.022984,0.0015463511267904296,0.0009407961411564886,3
305,20221018_110044.mat,4023183,4.023183,0.0020146501031036725,0.0009407961411564886,3
306,20221018_110044.mat,4024576,4.024576,0.0009570263726213814,0.0009407961411564886,3
307,20221018_110044.mat,4070744,4.070744,0.0015737614015191232,0.0009407961411564886,3
308,20221018_110044.mat,4110146,4.110146,0.013508463525102547,0.0009407961411564886,3
309,20221018_110044.mat,4110345,4.110345,0.008022959433153402,0.0009407961411564886,3
310,20221018_110044.mat,4110544,4.110544,0.0011201743753518293,0.0009407961411564886,3
311,20221018_110044.mat,4164274,4.164274,0.0010152880544923406,0.0009407961411564886,3
312,20221018_110044.mat,4174224,4.174224,0.0009693985506730946,0.0009407961411564886,3
313,20221018_110044.mat,4244272,4.244272,0.0010104797223646398,0.0009407961411564886,3
314,20221018_110044.mat,4264172,4.264172,0.0009762613507178059,0.0009407961411564886,3
315,20221018_110044.mat,4294022,4.294022,0.0009517447907515466,0.0009407961411564886,3
316,20221018_110044.mat,4326857,4.326857,0.011917103400965929,0.0009407961411564886,3
317,20221018_110044.mat,4327056,4.327056,0.0019053778326691053,0.0009407961411564886,3
318,20221018_110044.mat,4357105,4.357105,0.00559775163891544,0.0009407961411564886,3
319,20221018_110044.mat,4357702,4.357702,0.0011295760067017483,0.0009407961411564886,3
320,20221018_110044.mat,4383970,4.38397,0.000986910071041147,0.0009407961411564886,3
321,20221018_110044.mat,4396308,4.396308,0.0015446837370338144,0.0009407961411564886,3
322,20221018_110044.mat,4433720,4.43372,0.0010323063339559022,0.0009407961411564886,3
323,20221018_110044.mat,4443670,4.44367,0.0009729433551724995,0.0009407961411564886,3
324,20221018_110044.mat,4492823,4.492823,0.0032374358793889916,0.0009407961411564886,3
325,20221018_110044.mat,4493022,4.493022,0.0014066756585005323,0.0009407961411564886,3
326,20221018_110044.mat,4543568,4.543568,0.0009472974651061986,0.0009407961411564886,3
327,20221018_110044.mat,4588741,4.588741,0.001890283556246557,0.0009407961411564886,3
328,20221018_110044.mat,4588940,4.58894,0.0016923260762507738,0.0009407961411564886,3
329,20221018_110044.mat,4599288,4.599288,0.000975511282637557,0.0009407961411564886,3
330,20221018_110044.mat,4643267,4.643267,0.0009443314112425747,0.0009407961411564886,3
331,20221018_110044.mat,4693216,4.693216,0.000981469621753651,0.0009407961411564886,3
332,20221018_110044.mat,4720678,4.720678,0.05464160839806121,0.0009407961411564886,3
333,20221018_110044.mat,4720877,4.720877,0.13277226009855583,0.0009407961411564886,3
334,20221018_110044.mat,4721076,4.721076,0.014426332568804403,0.0009407961411564886,3
335,20221018_110044.mat,4721275,4.721275,0.0047781228294413,0.0009407961411564886,3
336,20221018_110044.mat,4721474,4.721474,0.0010771856040822305,0.0009407961411564886,3
337,20221018_110044.mat,4799482,4.799482,0.03709132074561122,0.0009407961411564886,3
338,20221018_110044.mat,4799681,4.799681,0.03860988389218391,0.0009407961411564886,3
339,20221018_110044.mat,4799880,4.79988,0.011509664185253846,0.0009407961411564886,3
340,20221018_110044.mat,4800079,4.800079,0.004479013930300599,0.0009407961411564886,3
341,20221018_110044.mat,4800278,4.800278,0.001072442686652708,0.0009407961411564886,3
342,20221018_110044.mat,4810626,4.810626,0.0016336653183961598,0.0009407961411564886,3
343,20221018_110044.mat,4810825,4.810825,0.008798784913714346,0.0009407961411564886,3
344,20221018_110044.mat,4811024,4.811024,0.0017874673974729062,0.0009407961411564886,3
345,20221018_110044.mat,4815601,4.815601,0.001452480903459366,0.0009407961411564886,3
346,20221018_110044.mat,4862963,4.862963,0.0009441294062980208,0.0009407961411564886,3
347,20221018_110044.mat,4879082,4.879082,0.0031892533082650168,0.0009407961411564886,3
348,20221018_110044.mat,4879281,4.879281,0.0018754427722494661,0.0009407961411564886,3
349,20221018_110044.mat,4903161,4.903161,0.05840864398932073,0.0009407961411564886,3
350,20221018_110044.mat,4903360,4.90336,0.08604113337859669,0.0009407961411564886,3
351,20221018_110044.mat,4903559,4.903559,0.00933461732704723,0.0009407961411564886,3
352,20221018_110044.mat,4903758,4.903758,0.002416720241138801,0.0009407961411564886,3
353,20221018_110044.mat,4909529,4.909529,0.000990306401687556,0.0009407961411564886,3
354,20221018_110044.mat,4912713,4.912713,0.0017274242931380292,0.0009407961411564886,3
355,20221018_110044.mat,4912912,4.912912,0.0010309700615828686,0.0009407961411564886,3
356,20221018_110049.mat,24676,0.024676,0.0009726060525694722,0.000941847836932476,3
357,20221018_110049.mat,48158,0.048158,0.0010347767776222661,0.000941847836932476,3
358,20221018_110049.mat,51740,0.05174,0.004658947367158896,0.000941847836932476,3
359,20221018_110049.mat,51939,0.051939,0.004078765765135148,0.000941847836932476,3
360,20221018_110049.mat,54526,0.054526,0.0009591555060112962,0.000941847836932476,3
361,20221018_110049.mat,72635,0.072635,0.0031560225420792067,0.000941847836932476,3
362,20221018_110049.mat,84575,0.084575,0.00190897341759965,0.000941847836932476,3
363,20221018_110049.mat,86565,0.086565,0.006793642921553124,0.000941847836932476,3
364,20221018_110049.mat,86764,0.086764,0.0009514417495488152,0.000941847836932476,3
365,20221018_110049.mat,119798,0.119798,0.5653611171965396,0.000941847836932476,3
366,20221018_110049.mat,119997,0.119997,0.17860761672278272,0.000941847836932476,3
367,20221018_110049.mat,120196,0.120196,0.022938630824332673,0.000941847836932476,3
368,20221018_110049.mat,120395,0.120395,0.009811146349335338,0.000941847836932476,3
369,20221018_110049.mat,120594,0.120594,0.002539971902819292,0.000941847836932476,3
370,20221018_110049.mat,128355,0.128355,0.002517762089696379,0.000941847836932476,3
371,20221018_110049.mat,128554,0.128554,0.0011029421027210283,0.000941847836932476,3
372,20221018_110049.mat,130146,0.130146,0.0024620476360033713,0.000941847836932476,3
373,20221018_110049.mat,130942,0.130942,0.0023179987682613932,0.000941847836932476,3
374,20221018_110049.mat,131141,0.131141,0.0011554234680117923,0.000941847836932476,3
375,20221018_110049.mat,132136,0.132136,0.0036986857000408705,0.000941847836932476,3
376,20221018_110049.mat,132335,0.132335,0.0016992971270468177,0.000941847836932476,3
377,20221018_110049.mat,140693,0.140693,0.013678815337516883,0.000941847836932476,3
378,20221018_110049.mat,140892,0.140892,0.01141602588060972,0.000941847836932476,3
379,20221018_110049.mat,141091,0.141091,0.0014826149314785706,0.000941847836932476,3
380,20221018_110049.mat,144076,0.144076,0.00457468193984729,0.000941847836932476,3
381,20221018_110049.mat,177508,0.177508,0.002858265589132547,0.000941847836932476,3
382,20221018_110049.mat,177707,0.177707,0.002222013028300647,0.000941847836932476,3
383,20221018_110049.mat,194224,0.194224,0.0009470211538295474,0.000941847836932476,3
384,20221018_110049.mat,311037,0.311037,0.004623795806766883,0.000941847836932476,3
385,20221018_110049.mat,311236,0.311236,0.005365032147280991,0.000941847836932476,3
386,20221018_110049.mat,327952,0.327952,0.0017012439600363571,0.000941847836932476,3
387,20221018_110049.mat,363971,0.363971,0.0009627904741181786,0.000941847836932476,3
388,20221018_110049.mat,403771,0.403771,0.0009630577305668207,0.000941847836932476,3
389,20221018_110049.mat,406159,0.406159,0.0010347906893306941,0.000941847836932476,3
390,20221018_110049.mat,433422,0.433422,0.014730986468120709,0.000941847836932476,3
391,20221018_110049.mat,433621,0.433621,0.00357069483440913,0.000941847836932476,3
392,20221018_110049.mat,484963,0.484963,0.001328881761298947,0.000941847836932476,3
393,20221018_110049.mat,485162,0.485162,0.0018068901245874135,0.000941847836932476,3
394,20221018_110049.mat,487152,0.487152,0.002209129604116763,0.000941847836932476,3
395,20221018_110049.mat,487351,0.487351,0.0016338534731788815,0.000941847836932476,3
396,20221018_110049.mat,489142,0.489142,0.0010485823162109916,0.000941847836932476,3
397,20221018_110049.mat,489341,0.489341,0.004350993580496324,0.000941847836932476,3
398,20221018_110049.mat,489540,0.48954,0.0010363639928885253,0.000941847836932476,3
399,20221018_110049.mat,495510,0.49551,0.001868371674099482,0.000941847836932476,3
400,20221018_110049.mat,501281,0.501281,0.0010021613372890013,0.000941847836932476,3
401,20221018_110049.mat,607746,0.607746,0.03495290427656003,0.000941847836932476,3
402,20221018_110049.mat,607945,0.607945,0.005653808894660207,0.000941847836932476,3
403,20221018_110049.mat,608144,0.608144,0.001388703748657872,0.000941847836932476,3
404,20221018_110049.mat,635208,0.635208,0.0026723817130753047,0.000941847836932476,3
405,20221018_110049.mat,635407,0.635407,0.007173823472936891,0.000941847836932476,3
406,20221018_110049.mat,635606,0.635606,0.0009468038582297575,0.000941847836932476,3
407,20221018_110049.mat,663267,0.663267,0.000952462607830378,0.000941847836932476,3
408,20221018_110049.mat,687744,0.687744,0.001855367973701671,0.000941847836932476,3
409,20221018_110049.mat,687943,0.687943,0.0034522889908575652,0.000941847836932476,3
410,20221018_110049.mat,693316,0.693316,0.0009514026584437154,0.000941847836932476,3
411,20221018_110049.mat,739285,0.739285,0.033142467397628245,0.000941847836932476,3
412,20221018_110049.mat,739484,0.739484,0.08368416329984013,0.000941847836932476,3
413,20221018_110049.mat,739683,0.739683,2.14587221171654,0.000941847836932476,3
414,20221018_110049.mat,739882,0.739882,0.28137876682541973,0.000941847836932476,3
415,20221018_110049.mat,740081,0.740081,0.16045770725106454,0.000941847836932476,3
416,20221018_110049.mat,740280,0.74028,0.03558531589309604,0.000941847836932476,3
417,20221018_110049.mat,740479,0.740479,0.009190243851668181,0.000941847836932476,3
418,20221018_110049.mat,740678,0.740678,0.0053662626235024425,0.000941847836932476,3
419,20221018_110049.mat,742071,0.742071,1.1177191193779161,0.000941847836932476,3
420,20221018_110049.mat,742270,0.74227,0.23568502659278076,0.000941847836932476,3
421,20221018_110049.mat,742469,0.742469,0.06826373975074228,0.000941847836932476,3
422,20221018_110049.mat,742668,0.742668,0.020182117698168436,0.000941847836932476,3
423,20221018_110049.mat,742867,0.742867,0.011665153010270001,0.000941847836932476,3
424,20221018_110049.mat,743066,0.743066,0.008002410775111792,0.000941847836932476,3
425,20221018_110049.mat,743265,0.743265,0.0017999636865873114,0.000941847836932476,3
426,20221018_110049.mat,746051,0.746051,0.0026335014192500985,0.000941847836932476,3
427,20221018_110049.mat,746250,0.74625,0.001109064562027143,0.000941847836932476,3
428,20221018_110049.mat,833014,0.833014,0.000952972626878817,0.000941847836932476,3
429,20221018_110049.mat,875799,0.875799,0.0027046574658012887,0.000941847836932476,3
430,20221018_110049.mat,888933,0.888933,0.0026153306937131485,0.000941847836932476,3
431,20221018_110049.mat,980274,0.980274,0.0010985091800781895,0.000941847836932476,3
432,20221018_110049.mat,980473,0.980473,0.0012934841111603506,0.000941847836932476,3
433,20221018_110049.mat,1188229,1.188229,0.01803035330182262,0.000941847836932476,3
434,20221018_110049.mat,1188428,1.188428,0.019294077763528338,0.000941847836932476,3
435,20221018_110049.mat,1188627,1.188627,0.0026238757133670997,0.000941847836932476,3
436,20221018_110049.mat,1188826,1.188826,0.0010235281940715675,0.000941847836932476,3
437,20221018_110049.mat,1195393,1.195393,0.0009924216874004474,0.000941847836932476,3
438,20221018_110049.mat,1202159,1.202159,0.0009736022481176223,0.000941847836932476,3
439,20221018_110049.mat,1212109,1.212109,0.0009923152937032248,0.000941847836932476,3
440,20221018_110049.mat,1277381,1.277381,0.02033651054493166,0.000941847836932476,3
441,20221018_110049.mat,1277580,1.27758,0.009200935206337258,0.000941847836932476,3
442,20221018_110049.mat,1277779,1.277779,0.0017665990115449655,0.000941847836932476,3
443,20221018_110049.mat,1291908,1.291908,0.0009782038408052286,0.000941847836932476,3
444,20221018_110049.mat,1300664,1.300664,0.0017570541091652362,0.000941847836932476,3
445,20221018_110049.mat,1300863,1.300863,0.0018183814939671677,0.000941847836932476,3
446,20221018_110049.mat,1371309,1.371309,0.013426623494560086,0.000941847836932476,3
447,20221018_110049.mat,1371508,1.371508,0.005594909005967175,0.000941847836932476,3
448,20221018_110049.mat,1371707,1.371707,0.0011486500231792868,0.000941847836932476,3
449,20221018_110049.mat,1499266,1.499266,0.0010234918562297688,0.000941847836932476,3
450,20221018_110049.mat,1531504,1.531504,0.000943113632063823,0.000941847836932476,3
451,20221018_110049.mat,1532300,1.5323,0.007344814208769884,0.000941847836932476,3
452,20221018_110049.mat,1532499,1.532499,0.008139354809247287,0.000941847836932476,3
453,20221018_110049.mat,1532698,1.532698,0.0017303004473443009,0.000941847836932476,3
454,20221018_110049.mat,1535285,1.535285,0.01749348778812826,0.000941847836932476,3
455,20221018_110049.mat,1535484,1.535484,0.005021775075334689,0.000941847836932476,3
456,20221018_110049.mat,1535683,1.535683,0.0012653694357252425,0.000941847836932476,3
457,20221018_110049.mat,1561951,1.561951,0.0012014096259172118,0.000941847836932476,3
458,20221018_110049.mat,1562150,1.56215,0.0009882020312372668,0.000941847836932476,3
459,20221018_110049.mat,1581453,1.581453,0.0009905363906203405,0.000941847836932476,3
460,20221018_110049.mat,1591403,1.591403,0.0009478328740725759,0.000941847836932476,3
461,20221018_110049.mat,1594189,1.594189,0.0033258191254237866,0.000941847836932476,3
462,20221018_110049.mat,1614686,1.614686,0.0011065308451831367,0.000941847836932476,3
463,20221018_110049.mat,1651302,1.651302,0.0009613051829129283,0.000941847836932476,3
464,20221018_110049.mat,1655282,1.655282,0.036085339589866657,0.000941847836932476,3
465,20221018_110049.mat,1655481,1.655481,0.008729099733086198,0.000941847836932476,3
466,20221018_110049.mat,1655680,1.65568,0.001149543240802025,0.000941847836932476,3
467,20221018_110049.mat,1664436,1.664436,0.04856157760775404,0.000941847836932476,3
468,20221018_110049.mat,1664635,1.664635,0.030945148992748802,0.000941847836932476,3
469,20221018_110049.mat,1664834,1.664834,0.004375012316970106,0.000941847836932476,3
470,20221018_110049.mat,1665033,1.665033,0.0017289221448337946,0.000941847836932476,3
471,20221018_110049.mat,1731101,1.731101,0.0009549892471924465,0.000941847836932476,3
472,20221018_110049.mat,1741051,1.741051,0.000947157328312166,0.000941847836932476,3
473,20221018_110049.mat,1930698,1.930698,0.0009418642081596467,0.000941847836932476,3
474,20221018_110049.mat,1938857,1.938857,0.005230639798574883,0.000941847836932476,3
475,20221018_110049.mat,1939056,1.939056,0.001828487886694147,0.000941847836932476,3
476,20221018_110049.mat,1970498,1.970498,0.0009475220723181724,0.000941847836932476,3
477,20221018_110049.mat,2034377,2.034377,0.021015871989736715,0.000941847836932476,3
478,20221018_110049.mat,2034576,2.034576,0.02339126002599746,0.000941847836932476,3
479,20221018_110049.mat,2034775,2.034775,0.002734008989013481,0.000941847836932476,3
480,20221018_110049.mat,2034974,2.034974,0.0014804057328189968,0.000941847836932476,3
481,20221018_110049.mat,2108803,2.108803,0.0074098133580752495,0.000941847836932476,3
482,20221018_110049.mat,2109002,2.109002,0.007501435962687223,0.000941847836932476,3
483,20221018_110049.mat,2109201,2.109201,0.0015924066334647266,0.000941847836932476,3
484,20221018_110049.mat,2120345,2.120345,0.000959200530842904,0.000941847836932476,3
485,20221018_110049.mat,2143628,2.143628,0.0023154189789320084,0.000941847836932476,3
486,20221018_110049.mat,2173478,2.173478,0.005026056582858454,0.000941847836932476,3
487,20221018_110049.mat,2173677,2.173677,0.001977005788245766,0.000941847836932476,3
488,20221018_110049.mat,2294072,2.294072,0.0013606343380202126,0.000941847836932476,3
489,20221018_110049.mat,2388398,2.388398,0.0013505403455319515,0.000941847836932476,3
490,20221018_110049.mat,2388597,2.388597,0.0018470298418026077,0.000941847836932476,3
491,20221018_110049.mat,2519340,2.51934,0.000984599951674908,0.000941847836932476,3
492,20221018_110049.mat,2559339,2.559339,0.0009429227915888346,0.000941847836932476,3
493,20221018_110049.mat,2564911,2.564911,0.0013412186270022148,0.000941847836932476,3
494,20221018_110049.mat,2732071,2.732071,0.0009994364563615844,0.000941847836932476,3
495,20221018_110049.mat,2778836,2.778836,0.0009456138668062434,0.000941847836932476,3
496,20221018_110049.mat,2847690,2.84769,0.0014019419279623995,0.000941847836932476,3
497,20221018_110049.mat,2847889,2.847889,0.002883110382888811,0.000941847836932476,3
498,20221018_110049.mat,2849680,2.84968,0.09837769770968739,0.000941847836932476,3
499,20221018_110049.mat,2849879,2.849879,0.05025085116713084,0.000941847836932476,3
500,20221018_110049.mat,2850078,2.850078,0.005810708901438553,0.000941847836932476,3
501,20221018_110049.mat,2850277,2.850277,0.002184525725250568,0.000941847836932476,3
502,20221018_110049.mat,2851670,2.85167,0.012878120071206135,0.000941847836932476,3
503,20221018_110049.mat,2851869,2.851869,0.008922411218768671,0.000941847836932476,3
504,20221018_110049.mat,2852068,2.852068,0.001355555582378868,0.000941847836932476,3
505,20221018_110049.mat,2854655,2.854655,0.007134962891689171,0.000941847836932476,3
506,20221018_110049.mat,2854854,2.854854,0.003512715789209075,0.000941847836932476,3
507,20221018_110049.mat,2858635,2.858635,0.02881907627380442,0.000941847836932476,3
508,20221018_110049.mat,2858834,2.858834,0.003999205269958516,0.000941847836932476,3
509,20221018_110049.mat,2859033,2.859033,0.001887462342620199,0.000941847836932476,3
510,20221018_110049.mat,2874555,2.874555,0.005943970535825958,0.000941847836932476,3
511,20221018_110049.mat,2956145,2.956145,0.006934676533481803,0.000941847836932476,3
512,20221018_110049.mat,2956344,2.956344,0.022586533528826492,0.000941847836932476,3
513,20221018_110049.mat,2956543,2.956543,0.00211366218601377,0.000941847836932476,3
514,20221018_110049.mat,2956742,2.956742,0.0015242155454039167,0.000941847836932476,3
515,20221018_110049.mat,2960324,2.960324,0.009231866658477248,0.000941847836932476,3
516,20221018_110049.mat,2960523,2.960523,0.01130359865611275,0.000941847836932476,3
517,20221018_110049.mat,2960722,2.960722,0.0016841647389334701,0.000941847836932476,3
518,20221018_110049.mat,2989776,2.989776,0.0036730712689705103,0.000941847836932476,3
519,20221018_110049.mat,2989975,2.989975,0.019187180459580427,0.000941847836932476,3
520,20221018_110049.mat,2990174,2.990174,0.0024082334020136226,0.000941847836932476,3
521,20221018_110049.mat,2990373,2.990373,0.0011796761207507013,0.000941847836932476,3
522,20221018_110049.mat,3038332,3.038332,0.000962229546829606,0.000941847836932476,3
523,20221018_110049.mat,3057038,3.057038,0.002303353231100135,0.000941847836932476,3
524,20221018_110049.mat,3108181,3.108181,0.0009620424983881856,0.000941847836932476,3
525,20221018_110049.mat,3118131,3.118131,0.000942577273400529,0.000941847836932476,3
526,20221018_110049.mat,3187980,3.18798,0.0009592099052967975,0.000941847836932476,3
527,20221018_110049.mat,3262804,3.262804,0.005385937038846307,0.000941847836932476,3
528,20221018_110049.mat,3263003,3.263003,0.004822007965369924,0.000941847836932476,3
529,20221018_110049.mat,3265590,3.26559,0.0017272961809749138,0.000941847836932476,3
530,20221018_110049.mat,3265789,3.265789,0.0010426886931169336,0.000941847836932476,3
531,20221018_110049.mat,3307778,3.307778,0.0009491408038804389,0.000941847836932476,3
532,20221018_110049.mat,3407676,3.407676,0.0009680639800653756,0.000941847836932476,3
533,20221018_110049.mat,3413646,3.413646,0.0037802888889577942,0.000941847836932476,3
534,20221018_110049.mat,3413845,3.413845,0.003004145765564214,0.000941847836932476,3
535,20221018_110049.mat,3507375,3.507375,0.0009684301350664781,0.000941847836932476,3
536,20221018_110049.mat,3517325,3.517325,0.0009794565183636585,0.000941847836932476,3
537,20221018_110049.mat,3627372,3.627372,0.01746480854113639,0.000941847836932476,3
538,20221018_110049.mat,3627571,3.627571,0.0026345312770254567,0.000941847836932476,3
539,20221018_110049.mat,3627770,3.62777,0.0010720230482086012,0.000941847836932476,3
540,20221018_110049.mat,3637123,3.637123,0.0009547140722396463,0.000941847836932476,3
541,20221018_110049.mat,3651053,3.651053,0.0010228017698666345,0.000941847836932476,3
542,20221018_110049.mat,3651252,3.651252,0.0016372054859924647,0.000941847836932476,3
543,20221018_110049.mat,3651451,3.651451,0.0011931153475396856,0.000941847836932476,3
544,20221018_110049.mat,3657023,3.657023,0.0009626483982344234,0.000941847836932476,3
545,20221018_110049.mat,3737021,3.737021,0.0009502424168089025,0.000941847836932476,3
546,20221018_110049.mat,3745180,3.74518,0.001456189833494879,0.000941847836932476,3
547,20221018_110049.mat,3836720,3.83672,0.0009833623693693337,0.000941847836932476,3
548,20221018_110049.mat,3867963,3.867963,0.0014748113112825739,0.000941847836932476,3
549,20221018_110049.mat,3906569,3.906569,0.0009649587839856877,0.000941847836932476,3
550,20221018_110049.mat,3924678,3.924678,0.0014206605152886553,0.000941847836932476,3
551,20221018_110049.mat,3924877,3.924877,0.0011508231308453042,0.000941847836932476,3
552,20221018_110049.mat,3926270,3.92627,0.006007246073614905,0.000941847836932476,3
553,20221018_110049.mat,3926469,3.926469,0.001107269517118694,0.000941847836932476,3
554,20221018_110049.mat,3926668,3.926668,0.03669699943632279,0.000941847836932476,3
555,20221018_110049.mat,3926867,3.926867,0.03446054333938585,0.000941847836932476,3
556,20221018_110049.mat,3927066,3.927066,0.022039072917860333,0.000941847836932476,3
557,20221018_110049.mat,3927265,3.927265,0.012215809709567458,0.000941847836932476,3
558,20221018_110049.mat,3927464,3.927464,0.003261592975126682,0.000941847836932476,3
559,20221018_110049.mat,3927663,3.927663,0.06638346514313806,0.000941847836932476,3
560,20221018_110049.mat,3927862,3.927862,0.1394628327704907,0.000941847836932476,3
561,20221018_110049.mat,3928061,3.928061,0.033880050883208584,0.000941847836932476,3
562,20221018_110049.mat,3928260,3.92826,0.12175610977363976,0.000941847836932476,3
563,20221018_110049.mat,3928459,3.928459,0.01790842743129436,0.000941847836932476,3
564,20221018_110049.mat,3928658,3.928658,0.006178741053236992,0.000941847836932476,3
565,20221018_110049.mat,3928857,3.928857,0.0013366971985046025,0.000941847836932476,3
566,20221018_110049.mat,3929056,3.929056,0.01976474571351406,0.000941847836932476,3
567,20221018_110049.mat,3929255,3.929255,0.004560106231551943,0.000941847836932476,3
568,20221018_110049.mat,3929454,3.929454,0.0010952178990200553,0.000941847836932476,3
569,20221018_110049.mat,3929852,3.929852,0.00815297726608339,0.000941847836932476,3
570,20221018_110049.mat,3930051,3.930051,0.0013579869019815134,0.000941847836932476,3
571,20221018_110049.mat,4098405,4.098405,0.021327251101811533,0.000941847836932476,3
572,20221018_110049.mat,4098604,4.098604,0.003002172635343739,0.000941847836932476,3
573,20221018_110049.mat,4098803,4.098803,0.0016410160630268016,0.000941847836932476,3
574,20221018_110049.mat,4145966,4.145966,0.0014515678027202158,0.000941847836932476,3
575,20221018_110049.mat,4146165,4.146165,0.0009905248833862736,0.000941847836932476,3
576,20221018_110049.mat,4146563,4.146563,0.0022539988248356925,0.000941847836932476,3
577,20221018_110049.mat,4149349,4.149349,0.0047027604270631455,0.000941847836932476,3
578,20221018_110049.mat,4149548,4.149548,0.004083119776597062,0.000941847836932476,3
579,20221018_110049.mat,4162284,4.162284,0.0010295763670154926,0.000941847836932476,3
580,20221018_110049.mat,4206064,4.206064,0.0010094965140773516,0.000941847836932476,3
581,20221018_110049.mat,4216014,4.216014,0.047487742589779405,0.000941847836932476,3
582,20221018_110049.mat,4216213,4.216213,0.009002025848873834,0.000941847836932476,3
583,20221018_110049.mat,4216412,4.216412,0.0018597260818941665,0.000941847836932476,3
584,20221018_110049.mat,4258003,4.258003,0.011341216869262441,0.000941847836932476,3
585,20221018_110049.mat,4258202,4.258202,0.015669997215006306,0.000941847836932476,3
586,20221018_110049.mat,4258401,4.258401,0.0010416163169535036,0.000941847836932476,3
587,20221018_110049.mat,4271535,4.271535,0.001785750087484662,0.000941847836932476,3
588,20221018_110049.mat,4278102,4.278102,0.006151249841683309,0.000941847836932476,3
589,20221018_110049.mat,4278301,4.278301,0.0014362231989102049,0.000941847836932476,3
590,20221018_110049.mat,4278500,4.2785,0.0012678024221166142,0.000941847836932476,3
591,20221018_110049.mat,4286858,4.286858,0.0011111196556202276,0.000941847836932476,3
592,20221018_110049.mat,4287057,4.287057,0.01110614008542242,0.000941847836932476,3
593,20221018_110049.mat,4287256,4.287256,0.002104334583496175,0.000941847836932476,3
594,20221018_110049.mat,4326061,4.326061,0.0011306867789831459,0.000941847836932476,3
595,20221018_110049.mat,4405462,4.405462,0.006229579466410849,0.000941847836932476,3
596,20221018_110049.mat,4405661,4.405661,0.0013205159333320165,0.000941847836932476,3
597,20221018_110049.mat,4455411,4.455411,0.0009420463453815428,0.000941847836932476,3
598,20221018_110049.mat,4495410,4.49541,0.0009511926660875068,0.000941847836932476,3
599,20221018_110049.mat,4554115,4.554115,0.04114024909523981,0.000941847836932476,3
600,20221018_110049.mat,4554314,4.554314,0.02033891909961614,0.000941847836932476,3
601,20221018_110049.mat,4554513,4.554513,0.04739938125713088,0.000941847836932476,3
602,20221018_110049.mat,4554712,4.554712,0.005702667882916268,0.000941847836932476,3
603,20221018_110049.mat,4554911,4.554911,0.0031489129495989527,0.000941847836932476,3
604,20221018_110049.mat,4638690,4.63869,0.004808579172044347,0.000941847836932476,3
605,20221018_110049.mat,4638889,4.638889,0.00238246103748047,0.000941847836932476,3
606,20221018_110049.mat,4656003,4.656003,0.0012279217869252538,0.000941847836932476,3
607,20221018_110049.mat,4656202,4.656202,0.0011319349940787007,0.000941847836932476,3
608,20221018_110049.mat,4663764,4.663764,0.001085871026918622,0.000941847836932476,3
609,20221018_110049.mat,4665157,4.665157,0.0009640905477207037,0.000941847836932476,3
610,20221018_110049.mat,4760876,4.760876,0.0011150667890664544,0.000941847836932476,3
611,20221018_110049.mat,4804855,4.804855,0.0009735437097844041,0.000941847836932476,3
612,20221018_110049.mat,4808835,4.808835,0.0010559659943120588,0.000941847836932476,3
613,20221018_110049.mat,4914504,4.914504,0.0010035580641267192,0.000941847836932476,3
614,20221018_110049.mat,4975199,4.975199,0.0014432298059612698,0.000941847836932476,3
615,20221018_110049.mat,4975398,4.975398,0.0014343352980869368,0.000941847836932476,3
616,20221018_110049.mat,4984353,4.984353,0.0009603593130752822,0.000941847836932476,3
617,20221018_110054.mat,21094,0.021094,0.0029273888128158606,0.0009472153485575077,3
618,20221018_110054.mat,21293,0.021293,0.19015629695126485,0.0009472153485575077,3
619,20221018_110054.mat,21492,0.021492,0.035762374359165995,0.0009472153485575077,3
620,20221018_110054.mat,21691,0.021691,0.009047190519977951,0.0009472153485575077,3
621,20221018_110054.mat,21890,0.02189,0.0018911435149973777,0.0009472153485575077,3
622,20221018_110054.mat,22885,0.022885,0.007280486876989129,0.0009472153485575077,3
623,20221018_110054.mat,23084,0.023084,0.004172405780591052,0.0009472153485575077,3
624,20221018_110054.mat,23482,0.023482,0.0160015347815658,0.0009472153485575077,3
625,20221018_110054.mat,23681,0.023681,0.005082490929522376,0.0009472153485575077,3
626,20221018_110054.mat,23880,0.02388,0.0009862982204069362,0.0009472153485575077,3
627,20221018_110054.mat,28258,0.028258,0.001182604844148684,0.0009472153485575077,3
628,20221018_110054.mat,33432,0.033432,0.00807044352839873,0.0009472153485575077,3
629,20221018_110054.mat,33631,0.033631,0.0012554990641567055,0.0009472153485575077,3
630,20221018_110054.mat,43581,0.043581,0.0040170531511320344,0.0009472153485575077,3
631,20221018_110054.mat,80595,0.080595,0.004244685300713444,0.0009472153485575077,3
632,20221018_110054.mat,80794,0.080794,0.0013254172738330684,0.0009472153485575077,3
633,20221018_110054.mat,96117,0.096117,0.007312599745932783,0.0009472153485575077,3
634,20221018_110054.mat,96316,0.096316,0.01358950745593977,0.0009472153485575077,3
635,20221018_110054.mat,135718,0.135718,0.007293745030887571,0.0009472153485575077,3
636,20221018_110054.mat,135917,0.135917,0.0016216967180409905,0.0009472153485575077,3
637,20221018_110054.mat,150643,0.150643,0.03680789788914977,0.0009472153485575077,3
638,20221018_110054.mat,150842,0.150842,0.03197607395956995,0.0009472153485575077,3
639,20221018_110054.mat,151041,0.151041,0.0032703359734044517,0.0009472153485575077,3
640,20221018_110054.mat,151240,0.15124,0.0016560822223478685,0.0009472153485575077,3
641,20221018_110054.mat,151638,0.151638,0.010536272145669268,0.0009472153485575077,3
642,20221018_110054.mat,151837,0.151837,0.0052618546363328595,0.0009472153485575077,3
643,20221018_110054.mat,152036,0.152036,0.0012406537057060945,0.0009472153485575077,3
644,20221018_110054.mat,152633,0.152633,0.0010860784115466601,0.0009472153485575077,3
645,20221018_110054.mat,153827,0.153827,0.0023072721334756563,0.0009472153485575077,3
646,20221018_110054.mat,154424,0.154424,0.0009846481574537274,0.0009472153485575077,3
647,20221018_110054.mat,154822,0.154822,0.001459473488382796,0.0009472153485575077,3
648,20221018_110054.mat,156812,0.156812,0.05170141788953297,0.0009472153485575077,3
649,20221018_110054.mat,157011,0.157011,0.0075056335205080996,0.0009472153485575077,3
650,20221018_110054.mat,157210,0.15721,0.0026980657594708655,0.0009472153485575077,3
651,20221018_110054.mat,160195,0.160195,0.010642419888904823,0.0009472153485575077,3
652,20221018_110054.mat,160394,0.160394,0.0036380494790432326,0.0009472153485575077,3
653,20221018_110054.mat,160593,0.160593,0.001114523932679532,0.0009472153485575077,3
654,20221018_110054.mat,173329,0.173329,0.008773927525881735,0.0009472153485575077,3
655,20221018_110054.mat,173528,0.173528,0.0021365364211593523,0.0009472153485575077,3
656,20221018_110054.mat,193030,0.19303,0.025114446756867095,0.0009472153485575077,3
657,20221018_110054.mat,193229,0.193229,0.0011535743132036935,0.0009472153485575077,3
658,20221018_110054.mat,235616,0.235616,0.00227123695829191,0.0009472153485575077,3
659,20221018_110054.mat,235815,0.235815,0.001057649222330461,0.0009472153485575077,3
660,20221018_110054.mat,284769,0.284769,0.001011585264308695,0.0009472153485575077,3
661,20221018_110054.mat,284968,0.284968,0.0010435383166108594,0.0009472153485575077,3
662,20221018_110054.mat,285167,0.285167,0.0014249481154613207,0.0009472153485575077,3
663,20221018_110054.mat,286361,0.286361,0.001001772638018407,0.0009472153485575077,3
664,20221018_110054.mat,292928,0.292928,0.0012731845544632918,0.0009472153485575077,3
665,20221018_110054.mat,296510,0.29651,0.0012094455603637144,0.0009472153485575077,3
666,20221018_110054.mat,388050,0.38805,0.00410322643497046,0.0009472153485575077,3
667,20221018_110054.mat,388249,0.388249,0.01089501865233999,0.0009472153485575077,3
668,20221018_110054.mat,388448,0.388448,0.0020286211962985616,0.0009472153485575077,3
669,20221018_110054.mat,388647,0.388647,0.0010346629172777902,0.0009472153485575077,3
670,20221018_110054.mat,487152,0.487152,0.003506953214763394,0.0009472153485575077,3
671,20221018_110054.mat,487351,0.487351,0.0015945567647800726,0.0009472153485575077,3
672,20221018_110054.mat,628243,0.628243,0.01215321235138949,0.0009472153485575077,3
673,20221018_110054.mat,628442,0.628442,0.011586914420669298,0.0009472153485575077,3
674,20221018_110054.mat,628641,0.628641,0.0013990044032690047,0.0009472153485575077,3
675,20221018_110054.mat,635009,0.635009,0.0011367725310618057,0.0009472153485575077,3
676,20221018_110054.mat,645556,0.645556,0.0016436066524117396,0.0009472153485575077,3
677,20221018_110054.mat,675406,0.675406,0.0011366124219524011,0.0009472153485575077,3
678,20221018_110054.mat,675605,0.675605,0.012855478609356017,0.0009472153485575077,3
679,20221018_110054.mat,675804,0.675804,0.0011974196080158932,0.0009472153485575077,3
680,20221018_110054.mat,677197,0.677197,0.015703938081065256,0.0009472153485575077,3
681,20221018_110054.mat,677396,0.677396,0.009342797332022956,0.0009472153485575077,3
682,20221018_110054.mat,677595,0.677595,0.0014401994859564,0.0009472153485575077,3
683,20221018_110054.mat,678988,0.678988,0.0046486648002858596,0.0009472153485575077,3
684,20221018_110054.mat,679187,0.679187,0.07391535725352126,0.0009472153485575077,3
685,20221018_110054.mat,679386,0.679386,0.01404324694272526,0.0009472153485575077,3
686,20221018_110054.mat,679585,0.679585,0.002970093761688432,0.0009472153485575077,3
687,20221018_110054.mat,732519,0.732519,0.003113503812655011,0.0009472153485575077,3
688,20221018_110054.mat,732718,0.732718,0.025200674074769565,0.0009472153485575077,3
689,20221018_110054.mat,732917,0.732917,0.0025588136661199496,0.0009472153485575077,3
690,20221018_110054.mat,783861,0.783861,0.0179545409371081,0.0009472153485575077,3
691,20221018_110054.mat,784060,0.78406,0.0025125544498913175,0.0009472153485575077,3
692,20221018_110054.mat,805353,0.805353,0.000956521062157015,0.0009472153485575077,3
693,20221018_110054.mat,824855,0.824855,0.02073677017947084,0.0009472153485575077,3
694,20221018_110054.mat,825054,0.825054,0.017656791749248998,0.0009472153485575077,3
695,20221018_110054.mat,825253,0.825253,0.0026785780187500254,0.0009472153485575077,3
696,20221018_110054.mat,825452,0.825452,0.0012115404004680375,0.0009472153485575077,3
697,20221018_110054.mat,877192,0.877192,0.00728124752105836,0.0009472153485575077,3
698,20221018_110054.mat,877391,0.877391,0.028603546614387722,0.0009472153485575077,3
699,20221018_110054.mat,877590,0.87759,0.002869161298105555,0.0009472153485575077,3
700,20221018_110054.mat,877789,0.877789,0.0012510438064994981,0.0009472153485575077,3
701,20221018_110054.mat,898883,0.898883,0.0032857338542541113,0.0009472153485575077,3
702,20221018_110054.mat,899082,0.899082,0.0027134967348686114,0.0009472153485575077,3
703,20221018_110054.mat,935101,0.935101,0.0009500836520302791,0.0009472153485575077,3
704,20221018_110054.mat,955200,0.9552,0.025905207773214166,0.0009472153485575077,3
705,20221018_110054.mat,955399,0.955399,0.007176417320021969,0.0009472153485575077,3
706,20221018_110054.mat,955598,0.955598,0.002125599060876367,0.0009472153485575077,3
707,20221018_110054.mat,1015099,1.015099,0.029893697977118182,0.0009472153485575077,3
708,20221018_110054.mat,1015298,1.015298,0.004154513863866285,0.0009472153485575077,3
709,20221018_110054.mat,1015497,1.015497,0.0018092831593331986,0.0009472153485575077,3
710,20221018_110054.mat,1094699,1.094699,0.0009752677774605988,0.0009472153485575077,3
711,20221018_110054.mat,1095097,1.095097,0.011874652772819969,0.0009472153485575077,3
712,20221018_110054.mat,1095296,1.095296,0.010771580109332874,0.0009472153485575077,3
713,20221018_110054.mat,1095495,1.095495,0.0014887234003229596,0.0009472153485575077,3
714,20221018_110054.mat,1106838,1.106838,0.017073560521127632,0.0009472153485575077,3
715,20221018_110054.mat,1107037,1.107037,0.01139948002309876,0.0009472153485575077,3
716,20221018_110054.mat,1107236,1.107236,0.0015464563270629547,0.0009472153485575077,3
717,20221018_110054.mat,1159971,1.159971,0.004789357518368567,0.0009472153485575077,3
718,20221018_110054.mat,1160170,1.16017,0.012037043681418207,0.0009472153485575077,3
719,20221018_110054.mat,1160369,1.160369,0.0013459354268958626,0.0009472153485575077,3
720,20221018_110054.mat,1204547,1.204547,0.0010039118858206617,0.0009472153485575077,3
721,20221018_110054.mat,1287729,1.287729,0.0046587697806901845,0.0009472153485575077,3
722,20221018_110054.mat,1287928,1.287928,0.0009821966411481563,0.0009472153485575077,3
723,20221018_110054.mat,1294296,1.294296,0.004110687654673999,0.0009472153485575077,3
724,20221018_110054.mat,1294495,1.294495,0.013232749504953416,0.0009472153485575077,3
725,20221018_110054.mat,1304843,1.304843,0.0012405436813156317,0.0009472153485575077,3
726,20221018_110054.mat,1305042,1.305042,0.0011246437502848354,0.0009472153485575077,3
727,20221018_110054.mat,1307629,1.307629,0.0048887140895693655,0.0009472153485575077,3
728,20221018_110054.mat,1307828,1.307828,0.0009605192706861316,0.0009472153485575077,3
729,20221018_110054.mat,1404144,1.404144,0.0009994312806009616,0.0009472153485575077,3
730,20221018_110054.mat,1404741,1.404741,0.011922605918753158,0.0009472153485575077,3
731,20221018_110054.mat,1404940,1.40494,0.005335165900376329,0.0009472153485575077,3
732,20221018_110054.mat,1405139,1.405139,0.0014685818921203692,0.0009472153485575077,3
733,20221018_110054.mat,1434790,1.43479,0.29073596910348115,0.0009472153485575077,3
734,20221018_110054.mat,1434989,1.434989,0.06733073408086307,0.0009472153485575077,3
735,20221018_110054.mat,1435188,1.435188,0.00641663486727178,0.0009472153485575077,3
736,20221018_110054.mat,1435387,1.435387,0.002688362779773999,0.0009472153485575077,3
737,20221018_110054.mat,1464839,1.464839,0.002321979864149726,0.0009472153485575077,3
738,20221018_110054.mat,1468222,1.468222,0.002939539129797556,0.0009472153485575077,3
739,20221018_110054.mat,1519166,1.519166,0.002887163410786537,0.0009472153485575077,3
740,20221018_110054.mat,1519365,1.519365,0.004466105686036534,0.0009472153485575077,3
741,20221018_110054.mat,1533892,1.533892,0.0009566084092221287,0.0009472153485575077,3
742,20221018_110054.mat,1573891,1.573891,0.0010256182378337736,0.0009472153485575077,3
743,20221018_110054.mat,1576876,1.576876,0.001009026210664319,0.0009472153485575077,3
744,20221018_110054.mat,1577075,1.577075,0.0012764462197289415,0.0009472153485575077,3
745,20221018_110054.mat,1608119,1.608119,0.0022552959476524405,0.0009472153485575077,3
746,20221018_110054.mat,1613691,1.613691,0.0009483903517817462,0.0009472153485575077,3
747,20221018_110054.mat,1653491,1.653491,0.001529640816424282,0.0009472153485575077,3
748,20221018_110054.mat,1653690,1.65369,0.005686893037554344,0.0009472153485575077,3
749,20221018_110054.mat,1653889,1.653889,0.0010307168892863593,0.0009472153485575077,3
750,20221018_110054.mat,1737071,1.737071,0.01949948336771388,0.0009472153485575077,3
751,20221018_110054.mat,1737270,1.73727,0.004193580428268299,0.0009472153485575077,3
752,20221018_110054.mat,1737469,1.737469,0.0020529659239868336,0.0009472153485575077,3
753,20221018_110054.mat,1758364,1.758364,0.003132275113916201,0.0009472153485575077,3
754,20221018_110054.mat,1758563,1.758563,0.0012119657134704019,0.0009472153485575077,3
755,20221018_110054.mat,1767717,1.767717,0.008955883269646107,0.0009472153485575077,3
756,20221018_110054.mat,1767916,1.767916,0.0041762086458404304,0.0009472153485575077,3
757,20221018_110054.mat,1853287,1.853287,0.0010098186930192236,0.0009472153485575077,3
758,20221018_110054.mat,1983433,1.983433,0.004968369273765682,0.0009472153485575077,3
759,20221018_110054.mat,1983632,1.983632,0.011225906327757199,0.0009472153485575077,3
760,20221018_110054.mat,1983831,1.983831,0.0017847703848687538,0.0009472153485575077,3
761,20221018_110054.mat,1984030,1.98403,0.0010496479940442652,0.0009472153485575077,3
762,20221018_110054.mat,2007512,2.007512,0.004914729764904266,0.0009472153485575077,3
763,20221018_110054.mat,2007711,2.007711,0.0011691397378184988,0.0009472153485575077,3
764,20221018_110054.mat,2041143,2.041143,0.0013844930557310173,0.0009472153485575077,3
765,20221018_110054.mat,2043929,2.043929,0.007149580753653507,0.0009472153485575077,3
766,20221018_110054.mat,2044128,2.044128,0.004786458352400186,0.0009472153485575077,3
767,20221018_110054.mat,2052884,2.052884,0.0010024305700394428,0.0009472153485575077,3
768,20221018_110054.mat,2104823,2.104823,0.005314431311846366,0.0009472153485575077,3
769,20221018_110054.mat,2132484,2.132484,0.0009516342820411267,0.0009472153485575077,3
770,20221018_110054.mat,2133081,2.133081,0.0010204457429658375,0.0009472153485575077,3
771,20221018_110054.mat,2133280,2.13328,0.0011450784179543772,0.0009472153485575077,3
772,20221018_110054.mat,2143827,2.143827,0.26439463771235644,0.0009472153485575077,3
773,20221018_110054.mat,2144026,2.144026,0.07604768179326007,0.0009472153485575077,3
774,20221018_110054.mat,2144225,2.144225,0.012063884169087258,0.0009472153485575077,3
775,20221018_110054.mat,2144424,2.144424,0.004612576685598779,0.0009472153485575077,3
776,20221018_110054.mat,2144623,2.144623,0.39208565429840075,0.0009472153485575077,3
777,20221018_110054.mat,2144822,2.144822,0.03612635497030138,0.0009472153485575077,3
778,20221018_110054.mat,2145021,2.145021,0.012633627560883858,0.0009472153485575077,3
779,20221018_110054.mat,2145220,2.14522,0.002391402538216396,0.0009472153485575077,3
780,20221018_110054.mat,2145618,2.145618,0.004521449344176047,0.0009472153485575077,3
781,20221018_110054.mat,2145817,2.145817,0.0016566978509359722,0.0009472153485575077,3
782,20221018_110054.mat,2146215,2.146215,0.001702488886160308,0.0009472153485575077,3
783,20221018_110054.mat,2154971,2.154971,0.06757601501600821,0.0009472153485575077,3
784,20221018_110054.mat,2155170,2.15517,0.010996971594764933,0.0009472153485575077,3
785,20221018_110054.mat,2155369,2.155369,0.0021708777579641713,0.0009472153485575077,3
786,20221018_110054.mat,2163130,2.16313,0.01956610373203572,0.0009472153485575077,3
787,20221018_110054.mat,2163329,2.163329,0.030508933099380048,0.0009472153485575077,3
788,20221018_110054.mat,2163528,2.163528,0.00873204776587228,0.0009472153485575077,3
789,20221018_110054.mat,2163727,2.163727,0.001801809332721013,0.0009472153485575077,3
790,20221018_110054.mat,2163926,2.163926,0.0027917175094434193,0.0009472153485575077,3
791,20221018_110054.mat,2164125,2.164125,0.007782582439414309,0.0009472153485575077,3
792,20221018_110054.mat,2164324,2.164324,0.002324303352027662,0.0009472153485575077,3
793,20221018_110054.mat,2165319,2.165319,0.21999989885617668,0.0009472153485575077,3
794,20221018_110054.mat,2165518,2.165518,0.15936629307917816,0.0009472153485575077,3
795,20221018_110054.mat,2165717,2.165717,0.01792186899355771,0.0009472153485575077,3
796,20221018_110054.mat,2165916,2.165916,0.00790856743825376,0.0009472153485575077,3
797,20221018_110054.mat,2166115,2.166115,0.0010877698084653519,0.0009472153485575077,3
798,20221018_110054.mat,2168503,2.168503,0.002084159898143066,0.0009472153485575077,3
799,20221018_110054.mat,2168702,2.168702,0.0010634821076766076,0.0009472153485575077,3
800,20221018_110054.mat,2169697,2.169697,0.0009948772832916214,0.0009472153485575077,3
801,20221018_110054.mat,2174473,2.174473,0.0018544073406398867,0.0009472153485575077,3
802,20221018_110054.mat,2174672,2.174672,0.002570065080776828,0.0009472153485575077,3
803,20221018_110054.mat,2174871,2.174871,0.0020449147275079676,0.0009472153485575077,3
804,20221018_110054.mat,2187010,2.18701,0.0009803385813950602,0.0009472153485575077,3
805,20221018_110054.mat,2196164,2.196164,0.01785507537824343,0.0009472153485575077,3
806,20221018_110054.mat,2196363,2.196363,0.007963694274843907,0.0009472153485575077,3
807,20221018_110054.mat,2196562,2.196562,0.001705754112432643,0.0009472153485575077,3
808,20221018_110054.mat,2201338,2.201338,0.004829039570303625,0.0009472153485575077,3
809,20221018_110054.mat,2201537,2.201537,0.005337653447026027,0.0009472153485575077,3
810,20221018_110054.mat,2206313,2.206313,0.001032788978201367,0.0009472153485575077,3
811,20221018_110054.mat,2231984,2.231984,0.0338681789582206,0.0009472153485575077,3
812,20221018_110054.mat,2232183,2.232183,0.006209443080289075,0.0009472153485575077,3
813,20221018_110054.mat,2232382,2.232382,0.0020650280624239068,0.0009472153485575077,3
814,20221018_110054.mat,2232581,2.232581,0.0009967881925554876,0.0009472153485575077,3
815,20221018_110054.mat,2245914,2.245914,0.02345344627727295,0.0009472153485575077,3
816,20221018_110054.mat,2246113,2.246113,0.02349121625681929,0.0009472153485575077,3
817,20221018_110054.mat,2246312,2.246312,0.002116898444750059,0.0009472153485575077,3
818,20221018_110054.mat,2246511,2.246511,0.0012128474974638453,0.0009472153485575077,3
819,20221018_110054.mat,2284719,2.284719,0.0010079926739033347,0.0009472153485575077,3
820,20221018_110054.mat,2284918,2.284918,0.0017586105657173272,0.0009472153485575077,3
821,20221018_110054.mat,2342230,2.34223,0.0009785156002722938,0.0009472153485575077,3
822,20221018_110054.mat,2461033,2.461033,0.03342120919450677,0.0009472153485575077,3
823,20221018_110054.mat,2461232,2.461232,0.09443286748908336,0.0009472153485575077,3
824,20221018_110054.mat,2461431,2.461431,0.04625530362736488,0.0009472153485575077,3
825,20221018_110054.mat,2461630,2.46163,0.006404377125474566,0.0009472153485575077,3
826,20221018_110054.mat,2461829,2.461829,0.002313531149108268,0.0009472153485575077,3
827,20221018_110054.mat,2468396,2.468396,0.0026088945371647316,0.0009472153485575077,3
828,20221018_110054.mat,2468595,2.468595,0.0010770783946163181,0.0009472153485575077,3
829,20221018_110054.mat,2468794,2.468794,0.006571512246160741,0.0009472153485575077,3
830,20221018_110054.mat,2468993,2.468993,0.0043547916722014,0.0009472153485575077,3
831,20221018_110054.mat,2469192,2.469192,0.0010606767892661331,0.0009472153485575077,3
832,20221018_110054.mat,2474366,2.474366,0.007999688850796815,0.0009472153485575077,3
833,20221018_110054.mat,2474565,2.474565,0.007819736034869627,0.0009472153485575077,3
834,20221018_110054.mat,2474764,2.474764,0.0013475341455701356,0.0009472153485575077,3
835,20221018_110054.mat,2475759,2.475759,0.0009601678150573008,0.0009472153485575077,3
836,20221018_110054.mat,2520534,2.520534,0.0025037345010236385,0.0009472153485575077,3
837,20221018_110054.mat,2520733,2.520733,0.0029021389222912398,0.0009472153485575077,3
838,20221018_110054.mat,2520932,2.520932,0.0015792670371004576,0.0009472153485575077,3
839,20221018_110054.mat,2521927,2.521927,0.0010168809327473207,0.0009472153485575077,3
840,20221018_110054.mat,2528892,2.528892,0.009379319809969021,0.0009472153485575077,3
841,20221018_110054.mat,2557747,2.557747,0.03899272588994868,0.0009472153485575077,3
842,20221018_110054.mat,2557946,2.557946,0.01711038692512681,0.0009472153485575077,3
843,20221018_110054.mat,2558145,2.558145,0.002641522480493156,0.0009472153485575077,3
844,20221018_110054.mat,2558344,2.558344,0.0012721183068551683,0.0009472153485575077,3
845,20221018_110054.mat,2563319,2.563319,0.002000948069238,0.0009472153485575077,3
846,20221018_110054.mat,2577050,2.57705,0.002557411804356375,0.0009472153485575077,3
847,20221018_110054.mat,2636352,2.636352,0.008694581689481218,0.0009472153485575077,3
848,20221018_110054.mat,2636551,2.636551,0.0015896330634273164,0.0009472153485575077,3
849,20221018_110054.mat,2647496,2.647496,0.011756319893366991,0.0009472153485575077,3
850,20221018_110054.mat,2647695,2.647695,0.0023164571954019664,0.0009472153485575077,3
851,20221018_110054.mat,2723713,2.723713,0.009109004066953525,0.0009472153485575077,3
852,20221018_110054.mat,2723912,2.723912,0.008776534834982393,0.0009472153485575077,3
853,20221018_110054.mat,2724111,2.724111,0.0011649010241085865,0.0009472153485575077,3
854,20221018_110054.mat,2724310,2.72431,0.004667435081993162,0.0009472153485575077,3
855,20221018_110054.mat,2724509,2.724509,0.001598533555225184,0.0009472153485575077,3
856,20221018_110054.mat,2742021,2.742021,0.001157913315026676,0.0009472153485575077,3
857,20221018_110054.mat,2791373,2.791373,0.0009488499244010378,0.0009472153485575077,3
858,20221018_110054.mat,2801920,2.80192,0.003334814566258594,0.0009472153485575077,3
859,20221018_110054.mat,2802119,2.802119,0.005202440523398904,0.0009472153485575077,3
860,20221018_110054.mat,2815054,2.815054,0.015716005843374806,0.0009472153485575077,3
861,20221018_110054.mat,2815253,2.815253,0.010373626712241416,0.0009472153485575077,3
862,20221018_110054.mat,2815452,2.815452,0.001553582487372112,0.0009472153485575077,3
863,20221018_110054.mat,2851471,2.851471,0.0031214120618728593,0.0009472153485575077,3
864,20221018_110054.mat,2871371,2.871371,0.004534754431652547,0.0009472153485575077,3
865,20221018_110054.mat,2890276,2.890276,0.1790491281100366,0.0009472153485575077,3
866,20221018_110054.mat,2890475,2.890475,0.22189616037211657,0.0009472153485575077,3
867,20221018_110054.mat,2890674,2.890674,0.06457972491570195,0.0009472153485575077,3
868,20221018_110054.mat,2890873,2.890873,0.015441802377172941,0.0009472153485575077,3
869,20221018_110054.mat,2891072,2.891072,0.004600230116858163,0.0009472153485575077,3
870,20221018_110054.mat,2891271,2.891271,0.001010283892785878,0.0009472153485575077,3
871,20221018_110054.mat,2892465,2.892465,0.0015059454985360508,0.0009472153485575077,3
872,20221018_110054.mat,2901221,2.901221,0.0018960258123790017,0.0009472153485575077,3
873,20221018_110054.mat,2901619,2.901619,0.001516187733994017,0.0009472153485575077,3
874,20221018_110054.mat,2901818,2.901818,0.0031146199812692997,0.0009472153485575077,3
875,20221018_110054.mat,2906395,2.906395,0.0010370193894548205,0.0009472153485575077,3
876,20221018_110054.mat,2932663,2.932663,0.01058044072816464,0.0009472153485575077,3
877,20221018_110054.mat,2932862,2.932862,0.003884686439507404,0.0009472153485575077,3
878,20221018_110054.mat,2933061,2.933061,0.0013658319520288347,0.0009472153485575077,3
879,20221018_110054.mat,2941220,2.94122,0.0073209628439670745,0.0009472153485575077,3
880,20221018_110054.mat,2941419,2.941419,0.008931873707629882,0.0009472153485575077,3
881,20221018_110054.mat,2941618,2.941618,0.0011563245240567269,0.0009472153485575077,3
882,20221018_110054.mat,2945399,2.945399,0.008201523505937272,0.0009472153485575077,3
883,20221018_110054.mat,2945598,2.945598,0.0031924911173037986,0.0009472153485575077,3
884,20221018_110054.mat,2946195,2.946195,0.0010657500232563587,0.0009472153485575077,3
885,20221018_110054.mat,2946394,2.946394,0.0014690206350422544,0.0009472153485575077,3
886,20221018_110054.mat,3030969,3.030969,0.0009484502450237052,0.0009472153485575077,3
887,20221018_110054.mat,3100022,3.100022,0.0015541947154118188,0.0009472153485575077,3
888,20221018_110054.mat,3100221,3.100221,0.0013606936493086948,0.0009472153485575077,3
889,20221018_110054.mat,3110768,3.110768,0.0010032469515585058,0.0009472153485575077,3
890,20221018_110054.mat,3130668,3.130668,0.0009887392863406012,0.0009472153485575077,3
891,20221018_110054.mat,3210467,3.210467,0.0009581838764368752,0.0009472153485575077,3
892,20221018_110054.mat,3248476,3.248476,0.005184266365877738,0.0009472153485575077,3
893,20221018_110054.mat,3248675,3.248675,0.002515129806020372,0.0009472153485575077,3
894,20221018_110054.mat,3248874,3.248874,0.0009696587271251037,0.0009472153485575077,3
895,20221018_110054.mat,3258824,3.258824,0.015238834833055994,0.0009472153485575077,3
896,20221018_110054.mat,3259023,3.259023,0.002022153151422292,0.0009472153485575077,3
897,20221018_110054.mat,3259222,3.259222,0.001024316390445349,0.0009472153485575077,3
898,20221018_110054.mat,3266585,3.266585,0.012977651371239626,0.0009472153485575077,3
899,20221018_110054.mat,3266784,3.266784,0.0055289392784731665,0.0009472153485575077,3
900,20221018_110054.mat,3266983,3.266983,0.001196821175005677,0.0009472153485575077,3
901,20221018_110054.mat,3273550,3.27355,0.008886105752384238,0.0009472153485575077,3
902,20221018_110054.mat,3273749,3.273749,0.0037595988649954527,0.0009472153485575077,3
903,20221018_110054.mat,3283699,3.283699,0.0009491134743178129,0.0009472153485575077,3
904,20221018_110054.mat,3283898,3.283898,0.012252512071834996,0.0009472153485575077,3
905,20221018_110054.mat,3284097,3.284097,0.0020585547896971204,0.0009472153485575077,3
906,20221018_110054.mat,3284296,3.284296,0.0010118886119504964,0.0009472153485575077,3
907,20221018_110054.mat,3330265,3.330265,0.0009809763157541385,0.0009472153485575077,3
908,20221018_110054.mat,3368274,3.368274,0.002126595655223466,0.0009472153485575077,3
909,20221018_110054.mat,3368473,3.368473,0.002312847852692306,0.0009472153485575077,3
910,20221018_110054.mat,3370264,3.370264,0.0010436035821568654,0.0009472153485575077,3
911,20221018_110054.mat,3371458,3.371458,0.01751130101514374,0.0009472153485575077,3
912,20221018_110054.mat,3371657,3.371657,0.0018179901569377853,0.0009472153485575077,3
913,20221018_110054.mat,3412850,3.41285,0.0012801440306784366,0.0009472153485575077,3
914,20221018_110054.mat,3477923,3.477923,0.001213600497253287,0.0009472153485575077,3
915,20221018_110054.mat,3490062,3.490062,0.0034216623391890738,0.0009472153485575077,3
916,20221018_110054.mat,3490261,3.490261,0.01440968752216759,0.0009472153485575077,3
917,20221018_110054.mat,3490460,3.49046,0.0025219868634421645,0.0009472153485575077,3
918,20221018_110054.mat,3563095,3.563095,0.009506589506842564,0.0009472153485575077,3
919,20221018_110054.mat,3563294,3.563294,0.035355982989228624,0.0009472153485575077,3
920,20221018_110054.mat,3563493,3.563493,0.0038246261221374267,0.0009472153485575077,3
921,20221018_110054.mat,3563692,3.563692,0.0019368950941521007,0.0009472153485575077,3
922,20221018_110054.mat,3584587,3.584587,0.0020608920113579818,0.0009472153485575077,3
923,20221018_110054.mat,3584786,3.584786,0.003968503259907424,0.0009472153485575077,3
924,20221018_110054.mat,3590756,3.590756,0.03944827194499337,0.0009472153485575077,3
925,20221018_110054.mat,3590955,3.590955,0.00788630725484075,0.0009472153485575077,3
926,20221018_110054.mat,3591154,3.591154,0.0025090353122563464,0.0009472153485575077,3
927,20221018_110054.mat,3599910,3.59991,0.0009993934816317726,0.0009472153485575077,3
928,20221018_110054.mat,3642297,3.642297,0.0010208728784820663,0.0009472153485575077,3
929,20221018_110054.mat,3642496,3.642496,0.003197769234570137,0.0009472153485575077,3
930,20221018_110054.mat,3689659,3.689659,0.00098167150203226,0.0009472153485575077,3
931,20221018_110054.mat,3713937,3.713937,0.00283234009196185,0.0009472153485575077,3
932,20221018_110054.mat,3714136,3.714136,0.0017451674105914677,0.0009472153485575077,3
933,20221018_110054.mat,3733638,3.733638,0.0077559968609495385,0.0009472153485575077,3
934,20221018_110054.mat,3733837,3.733837,0.0015460689883077606,0.0009472153485575077,3
935,20221018_110054.mat,3749558,3.749558,0.0009559105710859748,0.0009472153485575077,3
936,20221018_110054.mat,3772045,3.772045,0.0037541938991956726,0.0009472153485575077,3
937,20221018_110054.mat,3772244,3.772244,0.0033203384584658785,0.0009472153485575077,3
938,20221018_110054.mat,3830153,3.830153,0.005122865097726137,0.0009472153485575077,3
939,20221018_110054.mat,3870749,3.870749,0.0014994449005533048,0.0009472153485575077,3
940,20221018_110054.mat,3870948,3.870948,0.0013292039382015739,0.0009472153485575077,3
941,20221018_110054.mat,3889256,3.889256,0.0009607359921817788,0.0009472153485575077,3
942,20221018_110054.mat,3918310,3.91831,0.0010110415699162978,0.0009472153485575077,3
943,20221018_110054.mat,3922688,3.922688,0.013851458032282998,0.0009472153485575077,3
944,20221018_110054.mat,3922887,3.922887,0.006307131023781592,0.0009472153485575077,3
945,20221018_110054.mat,3928260,3.92826,0.0021994150695371683,0.0009472153485575077,3
946,20221018_110054.mat,4021591,4.021591,0.00427704521373717,0.0009472153485575077,3
947,20221018_110054.mat,4021790,4.02179,0.004379233578229588,0.0009472153485575077,3
948,20221018_110054.mat,4078903,4.078903,0.0009532778516658901,0.0009472153485575077,3
949,20221018_110054.mat,4088853,4.088853,0.04877762667488756,0.0009472153485575077,3
950,20221018_110054.mat,4089052,4.089052,0.010804557491993608,0.0009472153485575077,3
951,20221018_110054.mat,4089251,4.089251,0.0019391716215770751,0.0009472153485575077,3
952,20221018_110054.mat,4090246,4.090246,0.0024335896657324027,0.0009472153485575077,3
953,20221018_110054.mat,4128852,4.128852,0.0009764486418419819,0.0009472153485575077,3
954,20221018_110054.mat,4208651,4.208651,0.0009590974415444529,0.0009472153485575077,3
955,20221018_110054.mat,4221984,4.221984,0.0025079155957101725,0.0009472153485575077,3
956,20221018_110054.mat,4222183,4.222183,0.0011922581332186911,0.0009472153485575077,3
957,20221018_110054.mat,4298400,4.2984,0.0010108165358009436,0.0009472153485575077,3
958,20221018_110054.mat,4345762,4.345762,0.0010905957003696422,0.0009472153485575077,3
959,20221018_110054.mat,4407651,4.407651,0.0034423920568391704,0.0009472153485575077,3
960,20221018_110054.mat,4407850,4.40785,0.0066837782273661845,0.0009472153485575077,3
961,20221018_110054.mat,4411631,4.411631,0.030946676012025453,0.0009472153485575077,3
962,20221018_110054.mat,4411830,4.41183,0.054823897645358735,0.0009472153485575077,3
963,20221018_110054.mat,4412029,4.412029,0.04597810455994993,0.0009472153485575077,3
964,20221018_110054.mat,4412228,4.412228,0.03208950833850181,0.0009472153485575077,3
965,20221018_110054.mat,4412427,4.412427,0.009673891765529255,0.0009472153485575077,3
966,20221018_110054.mat,4412626,4.412626,0.0018538267273310721,0.0009472153485575077,3
967,20221018_110054.mat,4412825,4.412825,0.0011149454460945532,0.0009472153485575077,3
968,20221018_110054.mat,4413024,4.413024,0.00832203845663652,0.0009472153485575077,3
969,20221018_110054.mat,4413223,4.413223,0.025312177425076944,0.0009472153485575077,3
970,20221018_110054.mat,4413422,4.413422,0.00611929926937449,0.0009472153485575077,3
971,20221018_110054.mat,4413621,4.413621,0.0017012571573186955,0.0009472153485575077,3
972,20221018_110054.mat,4413820,4.41382,0.0009497323999500669,0.0009472153485575077,3
973,20221018_110054.mat,4415014,4.415014,0.001205345390732137,0.0009472153485575077,3
974,20221018_110054.mat,4416208,4.416208,0.000984416807865425,0.0009472153485575077,3
975,20221018_110054.mat,4427551,4.427551,0.0017108287758949088,0.0009472153485575077,3
976,20221018_110054.mat,4427750,4.42775,0.0010962082731668936,0.0009472153485575077,3
977,20221018_110054.mat,4434715,4.434715,0.0024795426287754882,0.0009472153485575077,3
978,20221018_110054.mat,4434914,4.434914,0.001191857483544134,0.0009472153485575077,3
979,20221018_110054.mat,4435909,4.435909,0.008106925493293293,0.0009472153485575077,3
980,20221018_110054.mat,4436108,4.436108,0.11870352012110394,0.0009472153485575077,3
981,20221018_110054.mat,4436307,4.436307,0.01786470697449874,0.0009472153485575077,3
982,20221018_110054.mat,4436506,4.436506,0.005569719615895004,0.0009472153485575077,3
983,20221018_110054.mat,4436705,4.436705,0.003956258303564441,0.0009472153485575077,3
984,20221018_110054.mat,4436904,4.436904,0.013902955742156923,0.0009472153485575077,3
985,20221018_110054.mat,4437103,4.437103,0.006532673527057966,0.0009472153485575077,3
986,20221018_110054.mat,4437302,4.437302,0.0027634121521199354,0.0009472153485575077,3
987,20221018_110054.mat,4438098,4.438098,0.000968305283168518,0.0009472153485575077,3
988,20221018_110054.mat,4440088,4.440088,0.004003477973507571,0.0009472153485575077,3
989,20221018_110054.mat,4440287,4.440287,0.0010059901206119358,0.0009472153485575077,3
990,20221018_110054.mat,4445461,4.445461,0.0015302826261428858,0.0009472153485575077,3
991,20221018_110054.mat,4455610,4.45561,0.003027996457948034,0.0009472153485575077,3
992,20221018_110054.mat,4466356,4.466356,0.004507042812741791,0.0009472153485575077,3
993,20221018_110054.mat,4466555,4.466555,0.0012730088941641095,0.0009472153485575077,3
994,20221018_110054.mat,4475709,4.475709,0.002132105199597458,0.0009472153485575077,3
995,20221018_110054.mat,4478893,4.478893,0.001344847918165988,0.0009472153485575077,3
996,20221018_110054.mat,4497400,4.4974,0.0024680643523087935,0.0009472153485575077,3
997,20221018_110054.mat,4507947,4.507947,0.0009473383969200575,0.0009472153485575077,3
998,20221018_110054.mat,4560085,4.560085,0.003663281597947785,0.0009472153485575077,3
999,20221018_110054.mat,4560284,4.560284,0.002092992923864418,0.0009472153485575077,3
1000,20221018_110054.mat,4560483,4.560483,0.06398926132720002,0.0009472153485575077,3
1001,20221018_110054.mat,4560682,4.560682,0.01084960442154708,0.0009472153485575077,3
1002,20221018_110054.mat,4560881,4.560881,0.0027787339909379214,0.0009472153485575077,3
1003,20221018_110054.mat,4574811,4.574811,0.0009642332648585359,0.0009472153485575077,3
1004,20221018_110054.mat,4575010,4.57501,0.0014800512691980133,0.0009472153485575077,3
1005,20221018_110054.mat,4578194,4.578194,0.010897619693965703,0.0009472153485575077,3
1006,20221018_110054.mat,4578393,4.578393,0.0021338237162403574,0.0009472153485575077,3
1007,20221018_110054.mat,4578592,4.578592,0.0009931229179095077,0.0009472153485575077,3
1008,20221018_110054.mat,4668142,4.668142,0.020721270225390845,0.0009472153485575077,3
1009,20221018_110054.mat,4668341,4.668341,0.00618617857632316,0.0009472153485575077,3
1010,20221018_110054.mat,4668540,4.66854,0.0023364668526788947,0.0009472153485575077,3
1011,20221018_110054.mat,4681873,4.681873,0.007587020377780945,0.0009472153485575077,3
1012,20221018_110054.mat,4682072,4.682072,0.003355611986103252,0.0009472153485575077,3
1013,20221018_110054.mat,4682271,4.682271,0.001038995047565905,0.0009472153485575077,3
1014,20221018_110054.mat,4763662,4.763662,0.0012151579704302179,0.0009472153485575077,3
1015,20221018_110054.mat,4877291,4.877291,0.0009908112187064413,0.0009472153485575077,3
1016,20221018_110054.mat,4907340,4.90734,0.0010025364706780994,0.0009472153485575077,3
1017,20221018_110054.mat,4915300,4.9153,0.001030874988096554,0.0009472153485575077,3
1018,20221018_110054.mat,4993905,4.993905,0.002989092331316528,0.0009472153485575077,3
1019,20221018_110054.mat,4994104,4.994104,0.0016865684404645267,0.0009472153485575077,3
1020,20221018_110054.mat,4997089,4.997089,0.0009934091428309558,0.0009472153485575077,3
1021,20221018_110059.mat,45969,0.045969,0.013565804327881043,0.0009412312765017377,3
1022,20221018_110059.mat,46168,0.046168,0.002282040383063925,0.0009412312765017377,3
1023,20221018_110059.mat,46367,0.046367,0.0012082429624000436,0.0009412312765017377,3
1024,20221018_110059.mat,47959,0.047959,0.0036821048358190566,0.0009412312765017377,3
1025,20221018_110059.mat,48158,0.048158,0.0016664344666798025,0.0009412312765017377,3
1026,20221018_110059.mat,52138,0.052138,0.005745035486078644,0.0009412312765017377,3
1027,20221018_110059.mat,52337,0.052337,0.0022349360964945865,0.0009412312765017377,3
1028,20221018_110059.mat,60098,0.060098,0.0009755401299249365,0.0009412312765017377,3
1029,20221018_110059.mat,135718,0.135718,0.004655476686955397,0.0009412312765017377,3
1030,20221018_110059.mat,135917,0.135917,0.0025909661450252974,0.0009412312765017377,3
1031,20221018_110059.mat,139897,0.139897,0.0009634967640008909,0.0009412312765017377,3
1032,20221018_110059.mat,174523,0.174523,0.0050424091233724575,0.0009412312765017377,3
1033,20221018_110059.mat,174722,0.174722,0.0011596692420649602,0.0009412312765017377,3
1034,20221018_110059.mat,239198,0.239198,0.0011971513353696162,0.0009412312765017377,3
1035,20221018_110059.mat,309644,0.309644,0.0009633893937618631,0.0009412312765017377,3
1036,20221018_110059.mat,322181,0.322181,0.0025778003767617354,0.0009412312765017377,3
1037,20221018_110059.mat,322380,0.32238,0.0012810575639299899,0.0009412312765017377,3
1038,20221018_110059.mat,359593,0.359593,0.0009578400770276242,0.0009412312765017377,3
1039,20221018_110059.mat,370737,0.370737,0.0010563011655081401,0.0009412312765017377,3
1040,20221018_110059.mat,463073,0.463073,0.011481311910170221,0.0009412312765017377,3
1041,20221018_110059.mat,463272,0.463272,0.00693385988119834,0.0009412312765017377,3
1042,20221018_110059.mat,463471,0.463471,0.0011592770453022004,0.0009412312765017377,3
1043,20221018_110059.mat,495311,0.495311,0.0011927459351372056,0.0009412312765017377,3
1044,20221018_110059.mat,495510,0.49551,0.002049540617832933,0.0009412312765017377,3
1045,20221018_110059.mat,559190,0.55919,0.0009506751687966093,0.0009412312765017377,3
1046,20221018_110059.mat,604164,0.604164,0.001631040254565654,0.0009412312765017377,3
1047,20221018_110059.mat,604363,0.604363,0.0018476317903463328,0.0009412312765017377,3
1048,20221018_110059.mat,604960,0.60496,0.0010861232579850938,0.0009412312765017377,3
1049,20221018_110059.mat,615706,0.615706,0.0012468804991777388,0.0009412312765017377,3
1050,20221018_110059.mat,617099,0.617099,0.002192532299405878,0.0009412312765017377,3
1051,20221018_110059.mat,617298,0.617298,0.0010072194694371996,0.0009412312765017377,3
1052,20221018_110059.mat,713017,0.713017,0.0015551039878146837,0.0009412312765017377,3
1053,20221018_110059.mat,713216,0.713216,0.0027530376480742976,0.0009412312765017377,3
1054,20221018_110059.mat,778687,0.778687,0.0009807500723748766,0.0009412312765017377,3
1055,20221018_110059.mat,782070,0.78207,0.0012671230449965403,0.0009412312765017377,3
1056,20221018_110059.mat,797592,0.797592,0.0020818875984687873,0.0009412312765017377,3
1057,20221018_110059.mat,797791,0.797791,0.001334848139172346,0.0009412312765017377,3
1058,20221018_110059.mat,835800,0.8358,0.0013553536011166802,0.0009412312765017377,3
1059,20221018_110059.mat,869630,0.86963,0.001849611561415811,0.0009412312765017377,3
1060,20221018_110059.mat,880575,0.880575,0.0019376624815055804,0.0009412312765017377,3
1061,20221018_110059.mat,918783,0.918783,0.0011122055045524638,0.0009412312765017377,3
1062,20221018_110059.mat,921569,0.921569,0.0010864634596755038,0.0009412312765017377,3
1063,20221018_110059.mat,932315,0.932315,0.0036865568752579045,0.0009412312765017377,3
1064,20221018_110059.mat,932514,0.932514,0.0019263405942977832,0.0009412312765017377,3
1065,20221018_110059.mat,954802,0.954802,0.01036216908749566,0.0009412312765017377,3
1066,20221018_110059.mat,955001,0.955001,0.0010173953145074617,0.0009412312765017377,3
1067,20221018_110059.mat,963757,0.963757,0.002735512648942598,0.0009412312765017377,3
1068,20221018_110059.mat,986642,0.986642,0.001173344001241182,0.0009412312765017377,3
1069,20221018_110059.mat,986841,0.986841,0.0014512505950430082,0.0009412312765017377,3
1070,20221018_110059.mat,1071416,1.071416,0.004461876332662227,0.0009412312765017377,3
1071,20221018_110059.mat,1071615,1.071615,0.0036820154864678012,0.0009412312765017377,3
1072,20221018_110059.mat,1071814,1.071814,0.0009598274741178288,0.0009412312765017377,3
1073,20221018_110059.mat,1237780,1.23778,0.0009559953817054666,0.0009412312765017377,3
1074,20221018_110059.mat,1256287,1.256287,0.0049877216076918505,0.0009412312765017377,3
1075,20221018_110059.mat,1256486,1.256486,0.0020001301325891113,0.0009412312765017377,3
1076,20221018_110059.mat,1260267,1.260267,0.0011396216049916262,0.0009412312765017377,3
1077,20221018_110059.mat,1293699,1.293699,0.0030171633444184527,0.0009412312765017377,3
1078,20221018_110059.mat,1293898,1.293898,0.004744784395964522,0.0009412312765017377,3
1079,20221018_110059.mat,1294097,1.294097,0.0011000972040484474,0.0009412312765017377,3
1080,20221018_110059.mat,1327529,1.327529,0.0009478983872903369,0.0009412312765017377,3
1081,20221018_110059.mat,1333300,1.3333,0.0010556849924939055,0.0009412312765017377,3
1082,20221018_110059.mat,1374095,1.374095,0.00294925957046903,0.0009412312765017377,3
1083,20221018_110059.mat,1374294,1.374294,0.0014125974175143079,0.0009412312765017377,3
1084,20221018_110059.mat,1454690,1.45469,0.002663146360977401,0.0009412312765017377,3
1085,20221018_110059.mat,1454889,1.454889,0.03922267269427933,0.0009412312765017377,3
1086,20221018_110059.mat,1455088,1.455088,0.042425770980528764,0.0009412312765017377,3
1087,20221018_110059.mat,1455287,1.455287,0.003312326740859496,0.0009412312765017377,3
1088,20221018_110059.mat,1455486,1.455486,0.0009616264295576665,0.0009412312765017377,3
1089,20221018_110059.mat,1509813,1.509813,0.002375138546962835,0.0009412312765017377,3
1090,20221018_110059.mat,1510012,1.510012,0.010317934535596037,0.0009412312765017377,3
1091,20221018_110059.mat,1510211,1.510211,0.0014877182627572537,0.0009412312765017377,3
1092,20221018_110059.mat,1557175,1.557175,0.0009785407094113911,0.0009412312765017377,3
1093,20221018_110059.mat,1559165,1.559165,0.0012204140942650584,0.0009412312765017377,3
1094,20221018_110059.mat,1670207,1.670207,0.0011840233507088203,0.0009412312765017377,3
1095,20221018_110059.mat,1686923,1.686923,0.0009687046862771712,0.0009412312765017377,3
1096,20221018_110059.mat,1710206,1.710206,0.002846652875859852,0.0009412312765017377,3
1097,20221018_110059.mat,1710405,1.710405,0.002088442886086056,0.0009412312765017377,3
1098,20221018_110059.mat,1722146,1.722146,0.0073206134936389606,0.0009412312765017377,3
1099,20221018_110059.mat,1722345,1.722345,0.0017155608012692288,0.0009412312765017377,3
1100,20221018_110059.mat,1722544,1.722544,0.0010860041080712922,0.0009412312765017377,3
1101,20221018_110059.mat,1722743,1.722743,0.0011743532694578273,0.0009412312765017377,3
1102,20221018_110059.mat,1756772,1.756772,0.000953121739727477,0.0009412312765017377,3
1103,20221018_110059.mat,1973682,1.973682,0.0033392796039772377,0.0009412312765017377,3
1104,20221018_110059.mat,1976269,1.976269,0.0009937196189304437,0.0009412312765017377,3
1105,20221018_110059.mat,2069600,2.0696,0.06998519589438944,0.0009412312765017377,3
1106,20221018_110059.mat,2069799,2.069799,0.0719986089403183,0.0009412312765017377,3
1107,20221018_110059.mat,2069998,2.069998,0.015032178327792087,0.0009412312765017377,3
1108,20221018_110059.mat,2070197,2.070197,0.004916140034984419,0.0009412312765017377,3
1109,20221018_110059.mat,2070396,2.070396,0.0011971977538545227,0.0009412312765017377,3
1110,20221018_110059.mat,2247307,2.247307,0.001021534604077646,0.0009412312765017377,3
1111,20221018_110059.mat,2247506,2.247506,0.0012683318002256515,0.0009412312765017377,3
1112,20221018_110059.mat,2265814,2.265814,0.00094854565949085,0.0009412312765017377,3
1113,20221018_110059.mat,2345613,2.345613,0.0009558252102884317,0.0009412312765017377,3
1114,20221018_110059.mat,2502823,2.502823,0.001140911936744758,0.0009412312765017377,3
1115,20221018_110059.mat,2503022,2.503022,0.0074008051116597855,0.0009412312765017377,3
1116,20221018_110059.mat,2503221,2.503221,0.001186171107390194,0.0009412312765017377,3
1117,20221018_110059.mat,2505012,2.505012,0.001326736755812339,0.0009412312765017377,3
1118,20221018_110059.mat,2505211,2.505211,0.002216524707529097,0.0009412312765017377,3
1119,20221018_110059.mat,2545210,2.54521,0.0009617207042479289,0.0009412312765017377,3
1120,20221018_110059.mat,2641924,2.641924,0.0010794861992680488,0.0009412312765017377,3
1121,20221018_110059.mat,2734857,2.734857,0.0009487171366419923,0.0009412312765017377,3
1122,20221018_110059.mat,2953558,2.953558,0.0035727612928543226,0.0009412312765017377,3
1123,20221018_110059.mat,3008681,3.008681,0.0014114599012846122,0.0009412312765017377,3
1124,20221018_110059.mat,3144001,3.144001,0.0010874142113518987,0.0009412312765017377,3
1125,20221018_110059.mat,3188776,3.188776,0.0038235721492446174,0.0009412312765017377,3
1126,20221018_110059.mat,3188975,3.188975,0.0028373347777332714,0.0009412312765017377,3
1127,20221018_110059.mat,3203701,3.203701,0.005586564294015954,0.0009412312765017377,3
1128,20221018_110059.mat,3203900,3.2039,0.0014315625834493881,0.0009412312765017377,3
1129,20221018_110059.mat,3233949,3.233949,0.0012036862363797194,0.0009412312765017377,3
1130,20221018_110059.mat,3234148,3.234148,0.0010004820786755318,0.0009412312765017377,3
1131,20221018_110059.mat,3324096,3.324096,0.003174191961163931,0.0009412312765017377,3
1132,20221018_110059.mat,3509365,3.509365,0.0012439224323531678,0.0009412312765017377,3
1133,20221018_110059.mat,3511753,3.511753,0.004515642079425088,0.0009412312765017377,3
1134,20221018_110059.mat,3511952,3.511952,0.0019370900224810316,0.0009412312765017377,3
1135,20221018_110059.mat,3559513,3.559513,0.02953348868774153,0.0009412312765017377,3
1136,20221018_110059.mat,3559712,3.559712,0.007344968533573832,0.0009412312765017377,3
1137,20221018_110059.mat,3559911,3.559911,0.0017680946600189594,0.0009412312765017377,3
1138,20221018_110059.mat,3572050,3.57205,0.001493218373407322,0.0009412312765017377,3
1139,20221018_110059.mat,3572249,3.572249,0.0009826688362644172,0.0009412312765017377,3
1140,20221018_110059.mat,3682893,3.682893,0.0009669438584305682,0.0009412312765017377,3
1141,20221018_110059.mat,3684883,3.684883,0.044322039275808044,0.0009412312765017377,3
1142,20221018_110059.mat,3685082,3.685082,0.006819651173649697,0.0009412312765017377,3
1143,20221018_110059.mat,3685281,3.685281,0.0028575316176960193,0.0009412312765017377,3
1144,20221018_110059.mat,3695231,3.695231,0.0009925097322372848,0.0009412312765017377,3
1145,20221018_110059.mat,3697818,3.697818,0.006404832372359825,0.0009412312765017377,3
1146,20221018_110059.mat,3698017,3.698017,0.0014171045691594832,0.0009412312765017377,3
1147,20221018_110059.mat,3699410,3.69941,0.0009611401248126467,0.0009412312765017377,3
1148,20221018_110059.mat,3703987,3.703987,0.03007835850858867,0.0009412312765017377,3
1149,20221018_110059.mat,3704186,3.704186,0.0037267933364265775,0.0009412312765017377,3
1150,20221018_110059.mat,3704385,3.704385,0.020433791606653498,0.0009412312765017377,3
1151,20221018_110059.mat,3704584,3.704584,0.006744556775565419,0.0009412312765017377,3
1152,20221018_110059.mat,3704783,3.704783,0.0017527355907535772,0.0009412312765017377,3
1153,20221018_110059.mat,3704982,3.704982,0.006118313406132927,0.0009412312765017377,3
1154,20221018_110059.mat,3705181,3.705181,0.03476087756507391,0.0009412312765017377,3
1155,20221018_110059.mat,3705380,3.70538,0.3028681737417214,0.0009412312765017377,3
1156,20221018_110059.mat,3705579,3.705579,0.03682068829436134,0.0009412312765017377,3
1157,20221018_110059.mat,3705778,3.705778,0.013748268106990357,0.0009412312765017377,3
1158,20221018_110059.mat,3705977,3.705977,0.0018515692777160639,0.0009412312765017377,3
1159,20221018_110059.mat,3706375,3.706375,0.009958123198985556,0.0009412312765017377,3
1160,20221018_110059.mat,3706574,3.706574,0.00417428568951221,0.0009412312765017377,3
1161,20221018_110059.mat,3706773,3.706773,0.002087841917006489,0.0009412312765017377,3
1162,20221018_110059.mat,3722892,3.722892,0.0009552157835143851,0.0009412312765017377,3
1163,20221018_110059.mat,3734235,3.734235,0.0010468197637254861,0.0009412312765017377,3
1164,20221018_110059.mat,3734434,3.734434,0.003054915590267666,0.0009412312765017377,3
1165,20221018_110059.mat,3775428,3.775428,0.0010431583197902038,0.0009412312765017377,3
1166,20221018_110059.mat,3822591,3.822591,0.0010297597220157086,0.0009412312765017377,3
1167,20221018_110059.mat,3839904,3.839904,0.0010143385032012242,0.0009412312765017377,3
1168,20221018_110059.mat,4029352,4.029352,0.004533078300684822,0.0009412312765017377,3
1169,20221018_110059.mat,4029551,4.029551,0.0011414481637159765,0.0009412312765017377,3
1170,20221018_110059.mat,4030148,4.030148,0.003526948895696683,0.0009412312765017377,3
1171,20221018_110059.mat,4032934,4.032934,0.0019390470763608323,0.0009412312765017377,3
1172,20221018_110059.mat,4033133,4.033133,0.004728348294732346,0.0009412312765017377,3
1173,20221018_110059.mat,4034924,4.034924,0.002452105592434546,0.0009412312765017377,3
1174,20221018_110059.mat,4060794,4.060794,0.0029077612339942736,0.0009412312765017377,3
1175,20221018_110059.mat,4060993,4.060993,0.0020373119662707023,0.0009412312765017377,3
1176,20221018_110059.mat,4094425,4.094425,0.0009747934266041761,0.0009412312765017377,3
1177,20221018_110059.mat,4126862,4.126862,0.006539876756735403,0.0009412312765017377,3
1178,20221018_110059.mat,4127061,4.127061,0.0011085898659999077,0.0009412312765017377,3
1179,20221018_110059.mat,4166065,4.166065,0.010375815570978142,0.0009412312765017377,3
1180,20221018_110059.mat,4166264,4.166264,0.0037536049963075935,0.0009412312765017377,3
1181,20221018_110059.mat,4223974,4.223974,0.002355091686209297,0.0009412312765017377,3
1182,20221018_110059.mat,4233725,4.233725,0.004106285850492081,0.0009412312765017377,3
1183,20221018_110059.mat,4233924,4.233924,0.01972300238490183,0.0009412312765017377,3
1184,20221018_110059.mat,4234123,4.234123,0.0026686078605773116,0.0009412312765017377,3
1185,20221018_110059.mat,4234322,4.234322,0.0010560945378977982,0.0009412312765017377,3
1186,20221018_110059.mat,4240093,4.240093,0.001705601242274758,0.0009412312765017377,3
1187,20221018_110059.mat,4261784,4.261784,0.0009700776723877911,0.0009412312765017377,3
1188,20221018_110059.mat,4337802,4.337802,0.0025487281397971843,0.0009412312765017377,3
1189,20221018_110059.mat,4348548,4.348548,0.005416825213613834,0.0009412312765017377,3
1190,20221018_110059.mat,4348747,4.348747,0.004082360641449015,0.0009412312765017377,3
1191,20221018_110059.mat,4348946,4.348946,0.0010529535913883631,0.0009412312765017377,3
1192,20221018_110059.mat,4349543,4.349543,0.0012074839460074107,0.0009412312765017377,3
1193,20221018_110059.mat,4402477,4.402477,0.01314924378256444,0.0009412312765017377,3
1194,20221018_110059.mat,4402676,4.402676,0.013153346834444716,0.0009412312765017377,3
1195,20221018_110059.mat,4402875,4.402875,0.00197897939448453,0.0009412312765017377,3
1196,20221018_110059.mat,4461381,4.461381,0.00172212167181515,0.0009412312765017377,3
1197,20221018_110059.mat,4515509,4.515509,0.0010557829765648723,0.0009412312765017377,3
1198,20221018_110059.mat,4531230,4.53123,0.0009976310580345291,0.0009412312765017377,3
1199,20221018_110059.mat,4570035,4.570035,0.0010697732794305661,0.0009412312765017377,3
1200,20221018_110059.mat,4607447,4.607447,0.004174867030776683,0.0009412312765017377,3
1201,20221018_110059.mat,4607646,4.607646,0.0013505938457465953,0.0009412312765017377,3
1202,20221018_110059.mat,4658789,4.658789,0.00992925298414499,0.0009412312765017377,3
1203,20221018_110059.mat,4658988,4.658988,0.0030236875441212994,0.0009412312765017377,3
1204,20221018_110059.mat,4659187,4.659187,0.0009605629968958133,0.0009412312765017377,3
1205,20221018_110059.mat,4660978,4.660978,0.0009450198633986162,0.0009412312765017377,3
1206,20221018_110059.mat,4663366,4.663366,0.0010870487469969423,0.0009412312765017377,3
1207,20221018_110059.mat,4673913,4.673913,0.0036606432712280525,0.0009412312765017377,3
1208,20221018_110059.mat,4674112,4.674112,0.0018488738405965557,0.0009412312765017377,3
1209,20221018_110059.mat,4693017,4.693017,0.0028602742660574186,0.0009412312765017377,3
1210,20221018_110059.mat,4693216,4.693216,0.0012104576700141397,0.0009412312765017377,3
1211,20221018_110059.mat,4700977,4.700977,0.0029737092525121333,0.0009412312765017377,3
1212,20221018_110059.mat,4701176,4.701176,0.0021592946869331943,0.0009412312765017377,3
1213,20221018_110059.mat,4769632,4.769632,0.0031241630421816463,0.0009412312765017377,3
1214,20221018_110059.mat,4769831,4.769831,0.0019012969877787898,0.0009412312765017377,3
1215,20221018_110059.mat,4860376,4.860376,0.014452351640131608,0.0009412312765017377,3
1216,20221018_110059.mat,4860575,4.860575,0.0019743861240976352,0.0009412312765017377,3
1217,20221018_110059.mat,4870525,4.870525,0.0009505721139090013,0.0009412312765017377,3
1218,20221018_110059.mat,4968433,4.968433,0.003755616048759902,0.0009412312765017377,3
1219,20221018_110059.mat,4968632,4.968632,0.0022430636626671442,0.0009412312765017377,3
1220,20221018_110059.mat,4970423,4.970423,0.0009608708143907823,0.0009412312765017377,3
1221,20221018_110104.mat,25671,0.025671,0.004588088190863214,0.0009469410914674104,3
1222,20221018_110104.mat,25870,0.02587,0.001264870315844695,0.0009469410914674104,3
1223,20221018_110104.mat,75620,0.07562,0.0009698983223054657,0.0009469410914674104,3
1224,20221018_110104.mat,93132,0.093132,0.001161645348037142,0.0009469410914674104,3
1225,20221018_110104.mat,115818,0.115818,0.0010337908148400873,0.0009469410914674104,3
1226,20221018_110104.mat,128156,0.128156,0.004774839044292512,0.0009469410914674104,3
1227,20221018_110104.mat,172334,0.172334,0.003417698678236993,0.0009469410914674104,3
1228,20221018_110104.mat,172533,0.172533,0.001035245683906926,0.0009469410914674104,3
1229,20221018_110104.mat,199995,0.199995,0.003102483515505874,0.0009469410914674104,3
1230,20221018_110104.mat,200194,0.200194,0.01062579986251061,0.0009469410914674104,3
1231,20221018_110104.mat,200393,0.200393,0.0016384013109768348,0.0009469410914674104,3
1232,20221018_110104.mat,293326,0.293326,0.00102819650898794,0.0009469410914674104,3
1233,20221018_110104.mat,334718,0.334718,0.0012613215151878123,0.0009469410914674104,3
1234,20221018_110104.mat,353822,0.353822,0.0013625698269287298,0.0009469410914674104,3
1235,20221018_110104.mat,364966,0.364966,0.0009744010968090002,0.0009469410914674104,3
1236,20221018_110104.mat,387652,0.387652,0.01943053674577108,0.0009469410914674104,3
1237,20221018_110104.mat,387851,0.387851,0.02346623150371292,0.0009469410914674104,3
1238,20221018_110104.mat,388050,0.38805,0.0024739385745214805,0.0009469410914674104,3
1239,20221018_110104.mat,388249,0.388249,0.001006977941753094,0.0009469410914674104,3
1240,20221018_110104.mat,411134,0.411134,0.001016582378752553,0.0009469410914674104,3
1241,20221018_110104.mat,411333,0.411333,0.007702902205746402,0.0009469410914674104,3
1242,20221018_110104.mat,411532,0.411532,0.0013458673682653136,0.0009469410914674104,3
1243,20221018_110104.mat,424865,0.424865,0.0009544301091123858,0.0009469410914674104,3
1244,20221018_110104.mat,440586,0.440586,0.006601869881450442,0.0009469410914674104,3
1245,20221018_110104.mat,501679,0.501679,0.020156827295885988,0.0009469410914674104,3
1246,20221018_110104.mat,501878,0.501878,0.0025486729777743793,0.0009469410914674104,3
1247,20221018_110104.mat,502077,0.502077,0.0010505523662513213,0.0009469410914674104,3
1248,20221018_110104.mat,513818,0.513818,0.0020041154758070326,0.0009469410914674104,3
1249,20221018_110104.mat,514017,0.514017,0.009526226066577508,0.0009469410914674104,3
1250,20221018_110104.mat,514216,0.514216,0.0021036078459312534,0.0009469410914674104,3
1251,20221018_110104.mat,532524,0.532524,0.004655352966901741,0.0009469410914674104,3
1252,20221018_110104.mat,574513,0.574513,0.0009472452216060342,0.0009469410914674104,3
1253,20221018_110104.mat,580284,0.580284,0.000998266578867113,0.0009469410914674104,3
1254,20221018_110104.mat,654312,0.654312,0.0009527844748484613,0.0009469410914674104,3
1255,20221018_110104.mat,674411,0.674411,0.000959896618920423,0.0009469410914674104,3
1256,20221018_110104.mat,684361,0.684361,0.0009535353425394438,0.0009469410914674104,3
1257,20221018_110104.mat,734310,0.73431,0.0009671033311336443,0.0009469410914674104,3
1258,20221018_110104.mat,745852,0.745852,0.004255140804266272,0.0009469410914674104,3
1259,20221018_110104.mat,746051,0.746051,0.0018759418155715533,0.0009469410914674104,3
1260,20221018_110104.mat,796199,0.796199,0.0010527848241959114,0.0009469410914674104,3
1261,20221018_110104.mat,797990,0.79799,0.0011210516485120879,0.0009469410914674104,3
1262,20221018_110104.mat,798189,0.798189,0.0011466210752308283,0.0009469410914674104,3
1263,20221018_110104.mat,879182,0.879182,0.008152061570573193,0.0009469410914674104,3
1264,20221018_110104.mat,879381,0.879381,0.002381889864997296,0.0009469410914674104,3
1265,20221018_110104.mat,912216,0.912216,0.0012959828320968333,0.0009469410914674104,3
1266,20221018_110104.mat,914206,0.914206,0.004023133379790872,0.0009469410914674104,3
1267,20221018_110104.mat,914405,0.914405,0.008921273532203162,0.0009469410914674104,3
1268,20221018_110104.mat,914604,0.914604,0.0019399649978138096,0.0009469410914674104,3
1269,20221018_110104.mat,928534,0.928534,0.009546932467963275,0.0009469410914674104,3
1270,20221018_110104.mat,928733,0.928733,0.008813421277412971,0.0009469410914674104,3
1271,20221018_110104.mat,928932,0.928932,0.0010748072107720317,0.0009469410914674104,3
1272,20221018_110104.mat,942663,0.942663,0.0036531247669307305,0.0009469410914674104,3
1273,20221018_110104.mat,961767,0.961767,0.0019859614885219487,0.0009469410914674104,3
1274,20221018_110104.mat,987836,0.987836,0.008199290161191091,0.0009469410914674104,3
1275,20221018_110104.mat,988035,0.988035,0.009440968501203,0.0009469410914674104,3
1276,20221018_110104.mat,988234,0.988234,0.0013382020672472097,0.0009469410914674104,3
1277,20221018_110104.mat,1003756,1.003756,0.0010123306729554432,0.0009469410914674104,3
1278,20221018_110104.mat,1013706,1.013706,0.000982887673079127,0.0009469410914674104,3
1279,20221018_110104.mat,1018880,1.01888,0.015850386919358476,0.0009469410914674104,3
1280,20221018_110104.mat,1019079,1.019079,0.0023165321664685296,0.0009469410914674104,3
1281,20221018_110104.mat,1028631,1.028631,0.047427514371662226,0.0009469410914674104,3
1282,20221018_110104.mat,1028830,1.02883,0.006334046214492209,0.0009469410914674104,3
1283,20221018_110104.mat,1029029,1.029029,0.0015384602531642066,0.0009469410914674104,3
1284,20221018_110104.mat,1072013,1.072013,0.014159739717098625,0.0009469410914674104,3
1285,20221018_110104.mat,1072212,1.072212,0.0037650430848443664,0.0009469410914674104,3
1286,20221018_110104.mat,1113405,1.113405,0.0009702601804528665,0.0009469410914674104,3
1287,20221018_110104.mat,1254297,1.254297,0.03553711595663432,0.0009469410914674104,3
1288,20221018_110104.mat,1254496,1.254496,0.007825873683984514,0.0009469410914674104,3
1289,20221018_110104.mat,1254695,1.254695,0.002347238705119769,0.0009469410914674104,3
1290,20221018_110104.mat,1288127,1.288127,0.0009951011089137638,0.0009469410914674104,3
1291,20221018_110104.mat,1368722,1.368722,0.010849127691042385,0.0009469410914674104,3
1292,20221018_110104.mat,1368921,1.368921,0.026658454641111076,0.0009469410914674104,3
1293,20221018_110104.mat,1369120,1.36912,0.0032191528709600925,0.0009469410914674104,3
1294,20221018_110104.mat,1369319,1.369319,0.001266978504184377,0.0009469410914674104,3
1295,20221018_110104.mat,1377677,1.377677,0.006828280005360227,0.0009469410914674104,3
1296,20221018_110104.mat,1377876,1.377876,0.0018790160627269975,0.0009469410914674104,3
1297,20221018_110104.mat,1378473,1.378473,0.0014881823607366658,0.0009469410914674104,3
1298,20221018_110104.mat,1387428,1.387428,0.0011811053662266883,0.0009469410914674104,3
1299,20221018_110104.mat,1422850,1.42285,0.000974632381586672,0.0009469410914674104,3
1300,20221018_110104.mat,1435984,1.435984,0.0010015979828367544,0.0009469410914674104,3
1301,20221018_110104.mat,1436183,1.436183,0.0015196238152545647,0.0009469410914674104,3
1302,20221018_110104.mat,1470212,1.470212,0.0010092594199292832,0.0009469410914674104,3
1303,20221018_110104.mat,1509415,1.509415,0.006301791800157183,0.0009469410914674104,3
1304,20221018_110104.mat,1509614,1.509614,0.010195094530185017,0.0009469410914674104,3
1305,20221018_110104.mat,1509813,1.509813,0.0012615110051390857,0.0009469410914674104,3
1306,20221018_110104.mat,1522748,1.522748,0.000978426776303786,0.0009469410914674104,3
1307,20221018_110104.mat,1597572,1.597572,0.0010338383913380657,0.0009469410914674104,3
1308,20221018_110104.mat,1608318,1.608318,0.003971139242848783,0.0009469410914674104,3
1309,20221018_110104.mat,1608517,1.608517,0.0009615471319017459,0.0009469410914674104,3
1310,20221018_110104.mat,1661451,1.661451,0.005772626753176636,0.0009469410914674104,3
1311,20221018_110104.mat,1661650,1.66165,0.013092783763423049,0.0009469410914674104,3
1312,20221018_110104.mat,1661849,1.661849,0.0014332399578531683,0.0009469410914674104,3
1313,20221018_110104.mat,1678764,1.678764,0.0017779683295729492,0.0009469410914674104,3
1314,20221018_110104.mat,1682943,1.682943,0.0020823783666819224,0.0009469410914674104,3
1315,20221018_110104.mat,1816074,1.816074,0.01731462843657203,0.0009469410914674104,3
1316,20221018_110104.mat,1816273,1.816273,0.008914651020000209,0.0009469410914674104,3
1317,20221018_110104.mat,1816472,1.816472,0.001357211736858706,0.0009469410914674104,3
1318,20221018_110104.mat,1832193,1.832193,0.0009761557999125696,0.0009469410914674104,3
1319,20221018_110104.mat,1919355,1.919355,0.0012487807405575997,0.0009469410914674104,3
1320,20221018_110104.mat,2081739,2.081739,0.0012153158381066431,0.0009469410914674104,3
1321,20221018_110104.mat,2081938,2.081938,0.0010299974659714888,0.0009469410914674104,3
1322,20221018_110104.mat,2098654,2.098654,0.0028918746757082797,0.0009469410914674104,3
1323,20221018_110104.mat,2098853,2.098853,0.004106967785014507,0.0009469410914674104,3
1324,20221018_110104.mat,2102037,2.102037,0.0032376761739814014,0.0009469410914674104,3
1325,20221018_110104.mat,2102236,2.102236,0.0031141460066660045,0.0009469410914674104,3
1326,20221018_110104.mat,2211288,2.211288,0.0009553126544755245,0.0009469410914674104,3
1327,20221018_110104.mat,2262431,2.262431,0.00767824547770397,0.0009469410914674104,3
1328,20221018_110104.mat,2262630,2.26263,0.03190185475900857,0.0009469410914674104,3
1329,20221018_110104.mat,2262829,2.262829,0.004551479800057205,0.0009469410914674104,3
1330,20221018_110104.mat,2263028,2.263028,0.0015043361746334837,0.0009469410914674104,3
1331,20221018_110104.mat,2281336,2.281336,0.0009529192287114134,0.0009469410914674104,3
1332,20221018_110104.mat,2368299,2.368299,0.0023765460413381835,0.0009469410914674104,3
1333,20221018_110104.mat,2368498,2.368498,0.0010251993882547084,0.0009469410914674104,3
1334,20221018_110104.mat,2432974,2.432974,0.0009547992750396447,0.0009469410914674104,3
1335,20221018_110104.mat,2462824,2.462824,0.0010441822503489582,0.0009469410914674104,3
1336,20221018_110104.mat,2479341,2.479341,0.008736835625092934,0.0009469410914674104,3
1337,20221018_110104.mat,2479540,2.47954,0.009036363349052837,0.0009469410914674104,3
1338,20221018_110104.mat,2479739,2.479739,0.0012041636392524759,0.0009469410914674104,3
1339,20221018_110104.mat,2485709,2.485709,0.0009611478784952126,0.0009469410914674104,3
1340,20221018_110104.mat,2506405,2.506405,0.0019609894653341998,0.0009469410914674104,3
1341,20221018_110104.mat,2517947,2.517947,0.035642146918222394,0.0009469410914674104,3
1342,20221018_110104.mat,2518146,2.518146,0.014174968623605247,0.0009469410914674104,3
1343,20221018_110104.mat,2518345,2.518345,0.001905021334354998,0.0009469410914674104,3
1344,20221018_110104.mat,2535061,2.535061,0.0010342069142043847,0.0009469410914674104,3
1345,20221018_110104.mat,2579040,2.57904,0.0016463944850922199,0.0009469410914674104,3
1346,20221018_110104.mat,2579239,2.579239,0.0009669409250860966,0.0009469410914674104,3
1347,20221018_110104.mat,2622422,2.622422,0.0015405078304048894,0.0009469410914674104,3
1348,20221018_110104.mat,2622621,2.622621,0.0014139755098212168,0.0009469410914674104,3
1349,20221018_110104.mat,2628989,2.628989,0.001922547333130111,0.0009469410914674104,3
1350,20221018_110104.mat,2629188,2.629188,0.0011254107926512405,0.0009469410914674104,3
1351,20221018_110104.mat,2631775,2.631775,0.00787788378453365,0.0009469410914674104,3
1352,20221018_110104.mat,2631974,2.631974,0.0016065827629078067,0.0009469410914674104,3
1353,20221018_110104.mat,2650879,2.650879,0.0020150034114747905,0.0009469410914674104,3
1354,20221018_110104.mat,2651078,2.651078,0.001116973883646737,0.0009469410914674104,3
1355,20221018_110104.mat,2654660,2.65466,0.0009794327244794993,0.0009469410914674104,3
1356,20221018_110104.mat,2654859,2.654859,0.0010138514040660543,0.0009469410914674104,3
1357,20221018_110104.mat,2677346,2.677346,0.06106286224196631,0.0009469410914674104,3
1358,20221018_110104.mat,2677545,2.677545,0.011929473688738708,0.0009469410914674104,3
1359,20221018_110104.mat,2677744,2.677744,0.0014826877247843728,0.0009469410914674104,3
1360,20221018_110104.mat,2690480,2.69048,0.0009582646931669011,0.0009469410914674104,3
1361,20221018_110104.mat,2846695,2.846695,0.001057428040194877,0.0009469410914674104,3
1362,20221018_110104.mat,2850476,2.850476,0.010375662933734387,0.0009469410914674104,3
1363,20221018_110104.mat,2850675,2.850675,0.0024995146213236544,0.0009469410914674104,3
1364,20221018_110104.mat,2964702,2.964702,0.001573392146147901,0.0009469410914674104,3
1365,20221018_110104.mat,2971269,2.971269,0.0013712248291591473,0.0009469410914674104,3
1366,20221018_110104.mat,3002711,3.002711,0.0047552731387762665,0.0009469410914674104,3
1367,20221018_110104.mat,3002910,3.00291,0.0012265737580473524,0.0009469410914674104,3
1368,20221018_110104.mat,3003109,3.003109,0.03842927809474228,0.0009469410914674104,3
1369,20221018_110104.mat,3003308,3.003308,0.025618149531636006,0.0009469410914674104,3
1370,20221018_110104.mat,3003507,3.003507,0.003930584926378153,0.0009469410914674104,3
1371,20221018_110104.mat,3003706,3.003706,0.0010505991837008958,0.0009469410914674104,3
1372,20221018_110104.mat,3008681,3.008681,0.0016084774258263484,0.0009469410914674104,3
1373,20221018_110104.mat,3009875,3.009875,0.0009597173482960062,0.0009469410914674104,3
1374,20221018_110104.mat,3019427,3.019427,0.001711594541822034,0.0009469410914674104,3
1375,20221018_110104.mat,3033755,3.033755,0.0010263897026633407,0.0009469410914674104,3
1376,20221018_110104.mat,3048879,3.048879,0.001046819757788419,0.0009469410914674104,3
1377,20221018_110104.mat,3049078,3.049078,0.001454406561449312,0.0009469410914674104,3
1378,20221018_110104.mat,3049675,3.049675,0.0009952122725514667,0.0009469410914674104,3
1379,20221018_110104.mat,3060023,3.060023,0.002918478383864131,0.0009469410914674104,3
1380,20221018_110104.mat,3069774,3.069774,0.0010024171399970986,0.0009469410914674104,3
1381,20221018_110104.mat,3102410,3.10241,0.01623066782605252,0.0009469410914674104,3
1382,20221018_110104.mat,3102609,3.102609,0.001602560904359764,0.0009469410914674104,3
1383,20221018_110104.mat,3159523,3.159523,0.0016007121753578274,0.0009469410914674104,3
1384,20221018_110104.mat,3178030,3.17803,0.0010442881893517057,0.0009469410914674104,3
1385,20221018_110104.mat,3289271,3.289271,0.000976662192731564,0.0009469410914674104,3
1386,20221018_110104.mat,3299221,3.299221,0.000964249231273684,0.0009469410914674104,3
1387,20221018_110104.mat,3319320,3.31932,0.0009514705248374902,0.0009469410914674104,3
1388,20221018_110104.mat,3323499,3.323499,0.0009834697458507079,0.0009469410914674104,3
1389,20221018_110104.mat,3323698,3.323698,0.0009508545245646949,0.0009469410914674104,3
1390,20221018_110104.mat,3331658,3.331658,0.0013613032782519832,0.0009469410914674104,3
1391,20221018_110104.mat,3452451,3.452451,0.0013085346887019107,0.0009469410914674104,3
1392,20221018_110104.mat,3563095,3.563095,0.02391821601833021,0.0009469410914674104,3
1393,20221018_110104.mat,3563294,3.563294,0.029453932914286322,0.0009469410914674104,3
1394,20221018_110104.mat,3563493,3.563493,0.011433000740004225,0.0009469410914674104,3
1395,20221018_110104.mat,3563692,3.563692,0.0034800040438579013,0.0009469410914674104,3
1396,20221018_110104.mat,3563891,3.563891,0.04502610196894957,0.0009469410914674104,3
1397,20221018_110104.mat,3564090,3.56409,0.03107013384465761,0.0009469410914674104,3
1398,20221018_110104.mat,3564289,3.564289,0.014474117947555695,0.0009469410914674104,3
1399,20221018_110104.mat,3564488,3.564488,0.003222888517413111,0.0009469410914674104,3
1400,20221018_110104.mat,3564687,3.564687,0.0011109391628821143,0.0009469410914674104,3
1401,20221018_110104.mat,3565284,3.565284,0.006760153868763895,0.0009469410914674104,3
1402,20221018_110104.mat,3565483,3.565483,0.18107041015048977,0.0009469410914674104,3
1403,20221018_110104.mat,3565682,3.565682,0.05851197352464183,0.0009469410914674104,3
1404,20221018_110104.mat,3565881,3.565881,0.03052749269464567,0.0009469410914674104,3
1405,20221018_110104.mat,3566080,3.56608,0.02653540009759641,0.0009469410914674104,3
1406,20221018_110104.mat,3566279,3.566279,0.003972990516185508,0.0009469410914674104,3
1407,20221018_110104.mat,3566478,3.566478,0.0013239240726338193,0.0009469410914674104,3
1408,20221018_110104.mat,3571055,3.571055,0.002906238474978182,0.0009469410914674104,3
1409,20221018_110104.mat,3578219,3.578219,0.0013485053173520583,0.0009469410914674104,3
1410,20221018_110104.mat,3578418,3.578418,0.0014237525700110055,0.0009469410914674104,3
1411,20221018_110104.mat,3578617,3.578617,0.0018946252948487013,0.0009469410914674104,3
1412,20221018_110104.mat,3578816,3.578816,0.0009709468786577598,0.0009469410914674104,3
1413,20221018_110104.mat,3579612,3.579612,0.005055193949044407,0.0009469410914674104,3
1414,20221018_110104.mat,3579811,3.579811,0.0009572649874775559,0.0009469410914674104,3
1415,20221018_110104.mat,3598915,3.598915,0.002714710736496461,0.0009469410914674104,3
1416,20221018_110104.mat,3620407,3.620407,0.001159349205925263,0.0009469410914674104,3
1417,20221018_110104.mat,3624785,3.624785,0.0018618630366184197,0.0009469410914674104,3
1418,20221018_110104.mat,3630954,3.630954,0.0016026904515523488,0.0009469410914674104,3
1419,20221018_110104.mat,3632745,3.632745,0.004120365795215591,0.0009469410914674104,3
1420,20221018_110104.mat,3632944,3.632944,0.005551611336149996,0.0009469410914674104,3
1421,20221018_110104.mat,3633143,3.633143,0.002054476660969708,0.0009469410914674104,3
1422,20221018_110104.mat,3633342,3.633342,0.0018697986468405158,0.0009469410914674104,3
1423,20221018_110104.mat,3685281,3.685281,0.003404804950516141,0.0009469410914674104,3
1424,20221018_110104.mat,3685480,3.68548,0.004109614724076639,0.0009469410914674104,3
1425,20221018_110104.mat,3685679,3.685679,0.010056213724739329,0.0009469410914674104,3
1426,20221018_110104.mat,3685878,3.685878,0.0010008204060018577,0.0009469410914674104,3
1427,20221018_110104.mat,3693042,3.693042,0.002524704460244175,0.0009469410914674104,3
1428,20221018_110104.mat,3693241,3.693241,0.008783000580437815,0.0009469410914674104,3
1429,20221018_110104.mat,3693440,3.69344,0.0010915783110778444,0.0009469410914674104,3
1430,20221018_110104.mat,3695231,3.695231,0.001263795509606131,0.0009469410914674104,3
1431,20221018_110104.mat,3695430,3.69543,0.005133580233521772,0.0009469410914674104,3
1432,20221018_110104.mat,3700007,3.700007,0.0012097988814676489,0.0009469410914674104,3
1433,20221018_110104.mat,3700206,3.700206,0.002478535258242424,0.0009469410914674104,3
1434,20221018_110104.mat,3704584,3.704584,0.002300783379961825,0.0009469410914674104,3
1435,20221018_110104.mat,3712345,3.712345,0.0034964187314391088,0.0009469410914674104,3
1436,20221018_110104.mat,3712544,3.712544,0.0014418856118792608,0.0009469410914674104,3
1437,20221018_110104.mat,3713141,3.713141,0.0017952085844965505,0.0009469410914674104,3
1438,20221018_110104.mat,3726872,3.726872,0.015473220769440658,0.0009469410914674104,3
1439,20221018_110104.mat,3727071,3.727071,0.002971699332588187,0.0009469410914674104,3
1440,20221018_110104.mat,3788363,3.788363,0.007312802562033982,0.0009469410914674104,3
1441,20221018_110104.mat,3788562,3.788562,0.001888978204164636,0.0009469410914674104,3
1442,20221018_110104.mat,3990149,3.990149,0.0011311992946472595,0.0009469410914674104,3
1443,20221018_110104.mat,3990348,3.990348,0.0013099023284793181,0.0009469410914674104,3
1444,20221018_110104.mat,4007860,4.00786,0.0010093067853721507,0.0009469410914674104,3
1445,20221018_110104.mat,4015422,4.015422,0.0012648887332342758,0.0009469410914674104,3
1446,20221018_110104.mat,4047859,4.047859,0.0014901514765632486,0.0009469410914674104,3
1447,20221018_110104.mat,4087858,4.087858,0.0009582945902581309,0.0009469410914674104,3
1448,20221018_110104.mat,4094823,4.094823,0.004596083792474539,0.0009469410914674104,3
1449,20221018_110104.mat,4095022,4.095022,0.0011370988775112887,0.0009469410914674104,3
1450,20221018_110104.mat,4105768,4.105768,0.0042003405924580205,0.0009469410914674104,3
1451,20221018_110104.mat,4105967,4.105967,0.0020731790441585888,0.0009469410914674104,3
1452,20221018_110104.mat,4107758,4.107758,0.0009745665081303867,0.0009469410914674104,3
1453,20221018_110104.mat,4124076,4.124076,0.008911705895058804,0.0009469410914674104,3
1454,20221018_110104.mat,4124275,4.124275,0.008928719025787629,0.0009469410914674104,3
1455,20221018_110104.mat,4124474,4.124474,0.0011478925112378328,0.0009469410914674104,3
1456,20221018_110104.mat,4169846,4.169846,0.0012102199207250522,0.0009469410914674104,3
1457,20221018_110104.mat,4170045,4.170045,0.0010818493922999247,0.0009469410914674104,3
1458,20221018_110104.mat,4225964,4.225964,0.0032775636551134924,0.0009469410914674104,3
1459,20221018_110104.mat,4226163,4.226163,0.0040479899508557545,0.0009469410914674104,3
1460,20221018_110104.mat,4226959,4.226959,0.0020743862468615296,0.0009469410914674104,3
1461,20221018_110104.mat,4252829,4.252829,0.0009822427066969001,0.0009469410914674104,3
1462,20221018_110104.mat,4268550,4.26855,0.003270635649618878,0.0009469410914674104,3
1463,20221018_110104.mat,4268749,4.268749,0.00124949144148397,0.0009469410914674104,3
1464,20221018_110104.mat,4269147,4.269147,0.0014955036416841603,0.0009469410914674104,3
1465,20221018_110104.mat,4293425,4.293425,0.0014272534794097487,0.0009469410914674104,3
1466,20221018_110104.mat,4295813,4.295813,0.0012381352523270436,0.0009469410914674104,3
1467,20221018_110104.mat,4309345,4.309345,0.00226326593945949,0.0009469410914674104,3
1468,20221018_110104.mat,4309544,4.309544,0.005097291050851399,0.0009469410914674104,3
1469,20221018_110104.mat,4349145,4.349145,0.004681048143639841,0.0009469410914674104,3
1470,20221018_110104.mat,4349344,4.349344,0.0015211563368864348,0.0009469410914674104,3
1471,20221018_110104.mat,4361881,4.361881,0.004446492105324356,0.0009469410914674104,3
1472,20221018_110104.mat,4362080,4.36208,0.0025597144871896405,0.0009469410914674104,3
1473,20221018_110104.mat,4442078,4.442078,0.0015368748027339378,0.0009469410914674104,3
1474,20221018_110104.mat,4459590,4.45959,0.024829369694885837,0.0009469410914674104,3
1475,20221018_110104.mat,4459789,4.459789,0.014244849000673323,0.0009469410914674104,3
1476,20221018_110104.mat,4459988,4.459988,0.0014970280001037927,0.0009469410914674104,3
1477,20221018_110104.mat,4460187,4.460187,0.0011040540911732373,0.0009469410914674104,3
1478,20221018_110104.mat,4467550,4.46755,0.0052094518715091,0.0009469410914674104,3
1479,20221018_110104.mat,4467749,4.467749,0.005883771704285175,0.0009469410914674104,3
1480,20221018_110104.mat,4468346,4.468346,0.002083886354365298,0.0009469410914674104,3
1481,20221018_110104.mat,4468545,4.468545,0.0012918937479085484,0.0009469410914674104,3
1482,20221018_110104.mat,4469938,4.469938,0.0012491897458678726,0.0009469410914674104,3
1483,20221018_110104.mat,4472127,4.472127,0.0012661902523852862,0.0009469410914674104,3
1484,20221018_110104.mat,4485062,4.485062,0.0017366931297431334,0.0009469410914674104,3
1485,20221018_110104.mat,4485261,4.485261,0.2209891969128884,0.0009469410914674104,3
1486,20221018_110104.mat,4485460,4.48546,0.07753904193640532,0.0009469410914674104,3
1487,20221018_110104.mat,4485659,4.485659,0.024523063351330938,0.0009469410914674104,3
1488,20221018_110104.mat,4485858,4.485858,0.006152503696842419,0.0009469410914674104,3
1489,20221018_110104.mat,4486057,4.486057,0.000956921117633223,0.0009469410914674104,3
1490,20221018_110104.mat,4499589,4.499589,0.0015758702374046507,0.0009469410914674104,3
1491,20221018_110104.mat,4499788,4.499788,0.0039600316894517484,0.0009469410914674104,3
1492,20221018_110104.mat,4506554,4.506554,0.003966463203678342,0.0009469410914674104,3
1493,20221018_110104.mat,4506753,4.506753,0.0009618794773427939,0.0009469410914674104,3
1494,20221018_110104.mat,4516902,4.516902,0.0009476834769503921,0.0009469410914674104,3
1495,20221018_110104.mat,4526852,4.526852,0.0010030369166832563,0.0009469410914674104,3
1496,20221018_110104.mat,4547747,4.547747,0.001151931990252297,0.0009469410914674104,3
1497,20221018_110104.mat,4576204,4.576204,0.0011244419672197512,0.0009469410914674104,3
1498,20221018_110104.mat,4583169,4.583169,0.008468566796291134,0.0009469410914674104,3
1499,20221018_110104.mat,4583368,4.583368,0.0014000079310562904,0.0009469410914674104,3
1500,20221018_110104.mat,4637695,4.637695,0.029840047373995565,0.0009469410914674104,3
1501,20221018_110104.mat,4637894,4.637894,0.0026494534132012783,0.0009469410914674104,3
1502,20221018_110104.mat,4638093,4.638093,0.0010640474915950867,0.0009469410914674104,3
1503,20221018_110104.mat,4641874,4.641874,0.008122165413996681,0.0009469410914674104,3
1504,20221018_110104.mat,4642073,4.642073,0.002097479646225197,0.0009469410914674104,3
1505,20221018_110104.mat,4642272,4.642272,0.001044683092856307,0.0009469410914674104,3
1506,20221018_110104.mat,4643068,4.643068,0.004772130651705243,0.0009469410914674104,3
1507,20221018_110104.mat,4643267,4.643267,0.0011430348988960865,0.0009469410914674104,3
1508,20221018_110104.mat,4732021,4.732021,0.004014468247705427,0.0009469410914674104,3
1509,20221018_110104.mat,4746946,4.746946,0.004505303451484524,0.0009469410914674104,3
1510,20221018_110104.mat,4747145,4.747145,0.022315946751220395,0.0009469410914674104,3
1511,20221018_110104.mat,4747344,4.747344,0.003635356854126157,0.0009469410914674104,3
1512,20221018_110104.mat,4747543,4.747543,0.0013108112321722105,0.0009469410914674104,3
1513,20221018_110104.mat,4763662,4.763662,0.0023104840187189693,0.0009469410914674104,3
1514,20221018_110104.mat,4911718,4.911718,0.0028377714006578426,0.0009469410914674104,3
1515,20221018_110104.mat,4912514,4.912514,0.06470651304685106,0.0009469410914674104,3
1516,20221018_110104.mat,4912713,4.912713,0.00710851334686498,0.0009469410914674104,3
1517,20221018_110104.mat,4912912,4.912912,0.0038057594294340466,0.0009469410914674104,3
1518,20221018_110109.mat,398,0.000398,0.0009525142908999643,0.0009435993654913233,3
1519,20221018_110109.mat,14129,0.014129,0.000945036196313064,0.0009435993654913233,3
1520,20221018_110109.mat,70247,0.070247,0.0009646849850602355,0.0009435993654913233,3
1521,20221018_110109.mat,99500,0.0995,0.003935364966192892,0.0009435993654913233,3
1522,20221018_110109.mat,99699,0.099699,0.0025443889954167753,0.0009435993654913233,3
1523,20221018_110109.mat,100097,0.100097,0.0009530735269993581,0.0009435993654913233,3
1524,20221018_110109.mat,169946,0.169946,0.0009732639709748904,0.0009435993654913233,3
1525,20221018_110109.mat,419691,0.419691,0.0011286550588769924,0.0009435993654913233,3
1526,20221018_110109.mat,476605,0.476605,0.010585417730434246,0.0009435993654913233,3
1527,20221018_110109.mat,476804,0.476804,0.020381479477622987,0.0009435993654913233,3
1528,20221018_110109.mat,477003,0.477003,0.0028995180153415343,0.0009435993654913233,3
1529,20221018_110109.mat,477202,0.477202,0.0011009032276704978,0.0009435993654913233,3
1530,20221018_110109.mat,479391,0.479391,0.0009546796548165594,0.0009435993654913233,3
1531,20221018_110109.mat,492923,0.492923,0.0032443014624343705,0.0009435993654913233,3
1532,20221018_110109.mat,493122,0.493122,0.0020664720387099343,0.0009435993654913233,3
1533,20221018_110109.mat,499291,0.499291,0.0010471181407525603,0.0009435993654913233,3
1534,20221018_110109.mat,559190,0.55919,0.0009476903333189623,0.0009435993654913233,3
1535,20221018_110109.mat,594214,0.594214,0.0025740335663990773,0.0009435993654913233,3
1536,20221018_110109.mat,594413,0.594413,0.0011506934969854007,0.0009435993654913233,3
1537,20221018_110109.mat,607945,0.607945,0.0045883252250698775,0.0009435993654913233,3
1538,20221018_110109.mat,608144,0.608144,0.0015928131748098125,0.0009435993654913233,3
1539,20221018_110109.mat,634412,0.634412,0.044574218649508106,0.0009435993654913233,3
1540,20221018_110109.mat,634611,0.634611,0.31048520747134806,0.0009435993654913233,3
1541,20221018_110109.mat,634810,0.63481,0.025345351453777105,0.0009435993654913233,3
1542,20221018_110109.mat,635009,0.635009,0.009309138151150101,0.0009435993654913233,3
1543,20221018_110109.mat,635208,0.635208,0.002492254154156561,0.0009435993654913233,3
1544,20221018_110109.mat,635407,0.635407,0.001041384611154059,0.0009435993654913233,3
1545,20221018_110109.mat,659088,0.659088,0.0009725349112345487,0.0009435993654913233,3
1546,20221018_110109.mat,660879,0.660879,0.0029512634586668653,0.0009435993654913233,3
1547,20221018_110109.mat,661078,0.661078,0.0011704250549927054,0.0009435993654913233,3
1548,20221018_110109.mat,661277,0.661277,0.005245588617609953,0.0009435993654913233,3
1549,20221018_110109.mat,661476,0.661476,0.0013151674059247707,0.0009435993654913233,3
1550,20221018_110109.mat,679983,0.679983,0.0010582059285395525,0.0009435993654913233,3
1551,20221018_110109.mat,691326,0.691326,0.004009465325480545,0.0009435993654913233,3
1552,20221018_110109.mat,691525,0.691525,0.0012305867967349713,0.0009435993654913233,3
1553,20221018_110109.mat,699087,0.699087,0.0009491247935132445,0.0009435993654913233,3
1554,20221018_110109.mat,717793,0.717793,0.011266293886671436,0.0009435993654913233,3
1555,20221018_110109.mat,717992,0.717992,0.00390733963422936,0.0009435993654913233,3
1556,20221018_110109.mat,718191,0.718191,0.0009519989619510408,0.0009435993654913233,3
1557,20221018_110109.mat,728937,0.728937,0.0010011731983068735,0.0009435993654913233,3
1558,20221018_110109.mat,769931,0.769931,0.001105465742882306,0.0009435993654913233,3
1559,20221018_110109.mat,770130,0.77013,0.003266861850360224,0.0009435993654913233,3
1560,20221018_110109.mat,770329,0.770329,0.001264084564138345,0.0009435993654913233,3
1561,20221018_110109.mat,792816,0.792816,0.00329976849092985,0.0009435993654913233,3
1562,20221018_110109.mat,859282,0.859282,0.027487590835496952,0.0009435993654913233,3
1563,20221018_110109.mat,859481,0.859481,0.004546642667004506,0.0009435993654913233,3
1564,20221018_110109.mat,859680,0.85968,0.0011648132475931643,0.0009435993654913233,3
1565,20221018_110109.mat,877391,0.877391,0.0012067140148548702,0.0009435993654913233,3
1566,20221018_110109.mat,906445,0.906445,0.0011719848393247389,0.0009435993654913233,3
1567,20221018_110109.mat,947041,0.947041,0.0038059300986031793,0.0009435993654913233,3
1568,20221018_110109.mat,947240,0.94724,0.023383934908693248,0.0009435993654913233,3
1569,20221018_110109.mat,947439,0.947439,0.002253181569314158,0.0009435993654913233,3
1570,20221018_110109.mat,947638,0.947638,0.001698104016854958,0.0009435993654913233,3
1571,20221018_110109.mat,972513,0.972513,0.001219062223462585,0.0009435993654913233,3
1572,20221018_110109.mat,972712,0.972712,0.008885732612726436,0.0009435993654913233,3
1573,20221018_110109.mat,972911,0.972911,0.0017167401702451476,0.0009435993654913233,3
1574,20221018_110109.mat,1073605,1.073605,0.005741109068692086,0.0009435993654913233,3
1575,20221018_110109.mat,1073804,1.073804,0.001498375976312759,0.0009435993654913233,3
1576,20221018_110109.mat,1081764,1.081764,0.00263966626478613,0.0009435993654913233,3
1577,20221018_110109.mat,1093505,1.093505,0.0034565817629043506,0.0009435993654913233,3
1578,20221018_110109.mat,1106042,1.106042,0.03880481153634301,0.0009435993654913233,3
1579,20221018_110109.mat,1106241,1.106241,0.013615974096516277,0.0009435993654913233,3
1580,20221018_110109.mat,1106440,1.10644,0.004289643530001496,0.0009435993654913233,3
1581,20221018_110109.mat,1106639,1.106639,0.0015751488721228234,0.0009435993654913233,3
1582,20221018_110109.mat,1120370,1.12037,0.000980693616526361,0.0009435993654913233,3
1583,20221018_110109.mat,1124748,1.124748,0.005102900292458216,0.0009435993654913233,3
1584,20221018_110109.mat,1124947,1.124947,0.002872680584538818,0.0009435993654913233,3
1585,20221018_110109.mat,1125146,1.125146,0.000957477910510708,0.0009435993654913233,3
1586,20221018_110109.mat,1143056,1.143056,0.0025228787344903003,0.0009435993654913233,3
1587,20221018_110109.mat,1143255,1.143255,0.0016340525302806763,0.0009435993654913233,3
1588,20221018_110109.mat,1151613,1.151613,0.0038761235372687395,0.0009435993654913233,3
1589,20221018_110109.mat,1151812,1.151812,0.003474075758535086,0.0009435993654913233,3
1590,20221018_110109.mat,1174498,1.174498,0.0014464366719487021,0.0009435993654913233,3
1591,20221018_110109.mat,1231611,1.231611,0.0011339458949695496,0.0009435993654913233,3
1592,20221018_110109.mat,1347827,1.347827,0.0009646009402575987,0.0009435993654913233,3
1593,20221018_110109.mat,1367727,1.367727,0.0009864482557632157,0.0009435993654913233,3
1594,20221018_110109.mat,1419865,1.419865,0.0027096679579400843,0.0009435993654913233,3
1595,20221018_110109.mat,1420064,1.420064,0.0010333649353085467,0.0009435993654913233,3
1596,20221018_110109.mat,1437576,1.437576,0.0009938917547897823,0.0009435993654913233,3
1597,20221018_110109.mat,1440959,1.440959,0.00443823045030757,0.0009435993654913233,3
1598,20221018_110109.mat,1470610,1.47061,0.0009954498661522294,0.0009435993654913233,3
1599,20221018_110109.mat,1504639,1.504639,0.0010755593426738817,0.0009435993654913233,3
1600,20221018_110109.mat,1513793,1.513793,0.0014580278234875151,0.0009435993654913233,3
1601,20221018_110109.mat,1663441,1.663441,0.0017591041907752357,0.0009435993654913233,3
1602,20221018_110109.mat,1756971,1.756971,0.012942919353660405,0.0009435993654913233,3
1603,20221018_110109.mat,1757170,1.75717,0.005535144517188414,0.0009435993654913233,3
1604,20221018_110109.mat,1757369,1.757369,0.0010387078775220416,0.0009435993654913233,3
1605,20221018_110109.mat,1763936,1.763936,0.02980813870482037,0.0009435993654913233,3
1606,20221018_110109.mat,1764135,1.764135,0.004865842228904036,0.0009435993654913233,3
1607,20221018_110109.mat,1764334,1.764334,0.00191424255729806,0.0009435993654913233,3
1608,20221018_110109.mat,1777070,1.77707,0.0009841915375304279,0.0009435993654913233,3
1609,20221018_110109.mat,1852292,1.852292,0.0033627627770236278,0.0009435993654913233,3
1610,20221018_110109.mat,1852491,1.852491,0.0014788630556416278,0.0009435993654913233,3
1611,20221018_110109.mat,1886719,1.886719,0.0011269145658289188,0.0009435993654913233,3
1612,20221018_110109.mat,1960747,1.960747,0.01908261233384086,0.0009435993654913233,3
1613,20221018_110109.mat,1960946,1.960946,0.007713369648331414,0.0009435993654913233,3
1614,20221018_110109.mat,1961145,1.961145,0.001831699043886712,0.0009435993654913233,3
1615,20221018_110109.mat,2006517,2.006517,0.000970769769801643,0.0009435993654913233,3
1616,20221018_110109.mat,2046118,2.046118,0.024307506663895202,0.0009435993654913233,3
1617,20221018_110109.mat,2046317,2.046317,0.02116001540732943,0.0009435993654913233,3
1618,20221018_110109.mat,2046516,2.046516,0.0036820440692735485,0.0009435993654913233,3
1619,20221018_110109.mat,2046715,2.046715,0.0014614349055088074,0.0009435993654913233,3
1620,20221018_110109.mat,2117957,2.117957,0.001024359797107175,0.0009435993654913233,3
1621,20221018_110109.mat,2118355,2.118355,0.010012481862623065,0.0009435993654913233,3
1622,20221018_110109.mat,2118554,2.118554,0.0019556442506816507,0.0009435993654913233,3
1623,20221018_110109.mat,2141240,2.14124,0.0011685403683602737,0.0009435993654913233,3
1624,20221018_110109.mat,2141439,2.141439,0.002942954158249741,0.0009435993654913233,3
1625,20221018_110109.mat,2141638,2.141638,0.0038711513116784406,0.0009435993654913233,3
1626,20221018_110109.mat,2141837,2.141837,0.0022785716764051516,0.0009435993654913233,3
1627,20221018_110109.mat,2226213,2.226213,0.0009495273438650981,0.0009435993654913233,3
1628,20221018_110109.mat,2227009,2.227009,0.0015596201695619331,0.0009435993654913233,3
1629,20221018_110109.mat,2289296,2.289296,0.009204282258130223,0.0009435993654913233,3
1630,20221018_110109.mat,2289495,2.289495,0.009668866253173014,0.0009435993654913233,3
1631,20221018_110109.mat,2289694,2.289694,0.0016828390254570362,0.0009435993654913233,3
1632,20221018_110109.mat,2307803,2.307803,0.012679423602931136,0.0009435993654913233,3
1633,20221018_110109.mat,2308002,2.308002,0.0034082534029642856,0.0009435993654913233,3
1634,20221018_110109.mat,2333275,2.333275,0.0011994381551835495,0.0009435993654913233,3
1635,20221018_110109.mat,2334469,2.334469,0.0010257359123077004,0.0009435993654913233,3
1636,20221018_110109.mat,2350787,2.350787,0.0018080161019266925,0.0009435993654913233,3
1637,20221018_110109.mat,2405910,2.40591,0.0010025471348411134,0.0009435993654913233,3
1638,20221018_110109.mat,2468396,2.468396,0.0009825199440468089,0.0009435993654913233,3
1639,20221018_110109.mat,2549389,2.549389,0.004731407032476586,0.0009435993654913233,3
1640,20221018_110109.mat,2549588,2.549588,0.006596560882277113,0.0009435993654913233,3
1641,20221018_110109.mat,2549787,2.549787,0.0010973241411749934,0.0009435993654913233,3
1642,20221018_110109.mat,2565110,2.56511,0.0023208290572162777,0.0009435993654913233,3
1643,20221018_110109.mat,2565309,2.565309,0.0040333416979358595,0.0009435993654913233,3
1644,20221018_110109.mat,2565508,2.565508,0.0011090009885890816,0.0009435993654913233,3
1645,20221018_110109.mat,2665406,2.665406,0.000957169990292888,0.0009435993654913233,3
1646,20221018_110109.mat,2680729,2.680729,0.0020577561291948345,0.0009435993654913233,3
1647,20221018_110109.mat,2735255,2.735255,0.000944264712265261,0.0009435993654913233,3
1648,20221018_110109.mat,2876943,2.876943,0.0009631862588483403,0.0009435993654913233,3
1649,20221018_110109.mat,2907390,2.90739,0.0009684998853948418,0.0009435993654913233,3
1650,20221018_110109.mat,2930673,2.930673,0.0029401231809821843,0.0009435993654913233,3
1651,20221018_110109.mat,2962911,2.962911,0.0032051596625241327,0.0009435993654913233,3
1652,20221018_110109.mat,2984801,2.984801,0.0009605934280639421,0.0009435993654913233,3
1653,20221018_110109.mat,2989378,2.989378,0.002127058784306805,0.0009435993654913233,3
1654,20221018_110109.mat,3009676,3.009676,0.005770473423970844,0.0009435993654913233,3
1655,20221018_110109.mat,3009875,3.009875,0.001371181551739271,0.0009435993654913233,3
1656,20221018_110109.mat,3066988,3.066988,0.0009861772679248158,0.0009435993654913233,3
1657,20221018_110109.mat,3107385,3.107385,0.0009795715589995132,0.0009435993654913233,3
1658,20221018_110109.mat,3131464,3.131464,0.0012114301994483303,0.0009435993654913233,3
1659,20221018_110109.mat,3144200,3.1442,0.020903292888528907,0.0009435993654913233,3
1660,20221018_110109.mat,3144399,3.144399,0.006547148970495915,0.0009435993654913233,3
1661,20221018_110109.mat,3144598,3.144598,0.0015269328584355257,0.0009435993654913233,3
1662,20221018_110109.mat,3174647,3.174647,0.016434930420929195,0.0009435993654913233,3
1663,20221018_110109.mat,3174846,3.174846,0.01368049902563302,0.0009435993654913233,3
1664,20221018_110109.mat,3175045,3.175045,0.0015169932737923815,0.0009435993654913233,3
1665,20221018_110109.mat,3200716,3.200716,0.003450681271105668,0.0009435993654913233,3
1666,20221018_110109.mat,3200915,3.200915,0.004353593282992254,0.0009435993654913233,3
1667,20221018_110109.mat,3201114,3.201114,0.0009993224786823606,0.0009435993654913233,3
1668,20221018_110109.mat,3203104,3.203104,0.006935609667990391,0.0009435993654913233,3
1669,20221018_110109.mat,3203303,3.203303,0.0017349559271410324,0.0009435993654913233,3
1670,20221018_110109.mat,3301410,3.30141,0.0035078613565512166,0.0009435993654913233,3
1671,20221018_110109.mat,3301609,3.301609,0.0011082676489946076,0.0009435993654913233,3
1672,20221018_110109.mat,3316335,3.316335,0.007733948226095608,0.0009435993654913233,3
1673,20221018_110109.mat,3316534,3.316534,0.00562273940522177,0.0009435993654913233,3
1674,20221018_110109.mat,3350563,3.350563,0.0009532875113356558,0.0009435993654913233,3
1675,20221018_110109.mat,3374642,3.374642,0.002105263864964594,0.0009435993654913233,3
1676,20221018_110109.mat,3387975,3.387975,0.016018777321078353,0.0009435993654913233,3
1677,20221018_110109.mat,3388174,3.388174,0.007193448994154829,0.0009435993654913233,3
1678,20221018_110109.mat,3388373,3.388373,0.001951617058606644,0.0009435993654913233,3
1679,20221018_110109.mat,3403497,3.403497,0.001163825635308324,0.0009435993654913233,3
1680,20221018_110109.mat,3417228,3.417228,0.001971980063489272,0.0009435993654913233,3
1681,20221018_110109.mat,3417427,3.417427,0.006967950240898271,0.0009435993654913233,3
1682,20221018_110109.mat,3417626,3.417626,0.001149443062906643,0.0009435993654913233,3
1683,20221018_110109.mat,3442302,3.442302,0.005139786584231615,0.0009435993654913233,3
1684,20221018_110109.mat,3442501,3.442501,0.005422550386279651,0.0009435993654913233,3
1685,20221018_110109.mat,3446083,3.446083,0.001379040434440519,0.0009435993654913233,3
1686,20221018_110109.mat,3474142,3.474142,0.0010100370615507704,0.0009435993654913233,3
1687,20221018_110109.mat,3481306,3.481306,0.07739560287823358,0.0009435993654913233,3
1688,20221018_110109.mat,3481505,3.481505,0.01773057861125058,0.0009435993654913233,3
1689,20221018_110109.mat,3481704,3.481704,0.005418774027222364,0.0009435993654913233,3
1690,20221018_110109.mat,3481903,3.481903,0.0016102404871285625,0.0009435993654913233,3
1691,20221018_110109.mat,3485485,3.485485,0.0033408199616278265,0.0009435993654913233,3
1692,20221018_110109.mat,3485684,3.485684,0.0010714633937668684,0.0009435993654913233,3
1693,20221018_110109.mat,3490261,3.490261,0.004202905941301187,0.0009435993654913233,3
1694,20221018_110109.mat,3490460,3.49046,0.0035176311109218874,0.0009435993654913233,3
1695,20221018_110109.mat,3496231,3.496231,0.006171276141909281,0.0009435993654913233,3
1696,20221018_110109.mat,3496430,3.49643,0.0029292899754968633,0.0009435993654913233,3
1697,20221018_110109.mat,3539215,3.539215,0.026685815775225694,0.0009435993654913233,3
1698,20221018_110109.mat,3539414,3.539414,0.009871078524545386,0.0009435993654913233,3
1699,20221018_110109.mat,3539613,3.539613,0.002063786868968437,0.0009435993654913233,3
1700,20221018_110109.mat,3562896,3.562896,0.0038033863375142407,0.0009435993654913233,3
1701,20221018_110109.mat,3563095,3.563095,0.001014355370284995,0.0009435993654913233,3
1702,20221018_110109.mat,3563891,3.563891,0.0009673035698552551,0.0009435993654913233,3
1703,20221018_110109.mat,3571254,3.571254,0.0014244862665035033,0.0009435993654913233,3
1704,20221018_110109.mat,3575035,3.575035,0.0009663236921069624,0.0009435993654913233,3
1705,20221018_110109.mat,3575234,3.575234,0.001094838874126474,0.0009435993654913233,3
1706,20221018_110109.mat,3595930,3.59593,0.000976095235294252,0.0009435993654913233,3
1707,20221018_110109.mat,3633740,3.63374,0.0009510304227234092,0.0009435993654913233,3
1708,20221018_110109.mat,3652247,3.652247,0.0009706880245788751,0.0009435993654913233,3
1709,20221018_110109.mat,3883485,3.883485,0.002596919001970125,0.0009435993654913233,3
1710,20221018_110109.mat,3883684,3.883684,0.0026332336078076484,0.0009435993654913233,3
1711,20221018_110109.mat,3903385,3.903385,0.0009543945438459236,0.0009435993654913233,3
1712,20221018_110109.mat,3903783,3.903783,0.0010180336787659566,0.0009435993654913233,3
1713,20221018_110109.mat,3943384,3.943384,0.0009483052796633842,0.0009435993654913233,3
1714,20221018_110109.mat,3968856,3.968856,0.40145841054066755,0.0009435993654913233,3
1715,20221018_110109.mat,3969055,3.969055,0.12707823092722287,0.0009435993654913233,3
1716,20221018_110109.mat,3969254,3.969254,0.021889142853940786,0.0009435993654913233,3
1717,20221018_110109.mat,3969453,3.969453,0.005659907524741246,0.0009435993654913233,3
1718,20221018_110109.mat,3969652,3.969652,0.002273776168578853,0.0009435993654913233,3
1719,20221018_110109.mat,3969851,3.969851,0.0009952204792231484,0.0009435993654913233,3
1720,20221018_110109.mat,3992338,3.992338,0.0017096001728064381,0.0009435993654913233,3
1721,20221018_110109.mat,3992537,3.992537,0.002612299365844448,0.0009435993654913233,3
1722,20221018_110109.mat,3999104,3.999104,0.0012272963021701063,0.0009435993654913233,3
1723,20221018_110109.mat,4005273,4.005273,0.0010726976404203607,0.0009435993654913233,3
1724,20221018_110109.mat,4026765,4.026765,0.0027341722719814365,0.0009435993654913233,3
1725,20221018_110109.mat,4026964,4.026964,0.0014065445261334719,0.0009435993654913233,3
1726,20221018_110109.mat,4043083,4.043083,0.0009607991817277452,0.0009435993654913233,3
1727,20221018_110109.mat,4086067,4.086067,0.028807392197369858,0.0009435993654913233,3
1728,20221018_110109.mat,4086266,4.086266,0.005060323043943672,0.0009435993654913233,3
1729,20221018_110109.mat,4086465,4.086465,0.0012579392362838016,0.0009435993654913233,3
1730,20221018_110109.mat,4096813,4.096813,0.018253019493665264,0.0009435993654913233,3
1731,20221018_110109.mat,4097012,4.097012,0.008662182610227668,0.0009435993654913233,3
1732,20221018_110109.mat,4097211,4.097211,0.0017690411148071092,0.0009435993654913233,3
1733,20221018_110109.mat,4118703,4.118703,0.0010905229882524489,0.0009435993654913233,3
1734,20221018_110109.mat,4172234,4.172234,0.004112600793089921,0.0009435993654913233,3
1735,20221018_110109.mat,4173826,4.173826,0.0014715373815672866,0.0009435993654913233,3
1736,20221018_110109.mat,4235914,4.235914,0.01568047469909515,0.0009435993654913233,3
1737,20221018_110109.mat,4236113,4.236113,0.002189635622336062,0.0009435993654913233,3
1738,20221018_110109.mat,4236312,4.236312,0.0013974872787490818,0.0009435993654913233,3
1739,20221018_110109.mat,4236909,4.236909,0.017775499034964105,0.0009435993654913233,3
1740,20221018_110109.mat,4237108,4.237108,0.0025055669975212504,0.0009435993654913233,3
1741,20221018_110109.mat,4237307,4.237307,0.0016603163984560154,0.0009435993654913233,3
1742,20221018_110109.mat,4376408,4.376408,0.0009941963681412075,0.0009435993654913233,3
1743,20221018_110109.mat,4403472,4.403472,0.02343559655910215,0.0009435993654913233,3
1744,20221018_110109.mat,4403671,4.403671,0.0043550821068429795,0.0009435993654913233,3
1745,20221018_110109.mat,4403870,4.40387,0.001498459139547303,0.0009435993654913233,3
1746,20221018_110109.mat,4457998,4.457998,0.0034728709788290424,0.0009435993654913233,3
1747,20221018_110109.mat,4458197,4.458197,0.0010466493920507915,0.0009435993654913233,3
1748,20221018_110109.mat,4514912,4.514912,0.0016217553653736503,0.0009435993654913233,3
1749,20221018_110109.mat,4522474,4.522474,0.0009495068271807467,0.0009435993654913233,3
1750,20221018_110109.mat,4573020,4.57302,0.0011626896092142493,0.0009435993654913233,3
1751,20221018_110109.mat,4581179,4.581179,0.0010818273795166655,0.0009435993654913233,3
1752,20221018_110109.mat,4581378,4.581378,0.001495576090982007,0.0009435993654913233,3
1753,20221018_110109.mat,4608442,4.608442,0.010164011698644032,0.0009435993654913233,3
1754,20221018_110109.mat,4608641,4.608641,0.00742727015772496,0.0009435993654913233,3
1755,20221018_110109.mat,4608840,4.60884,0.001455702215953099,0.0009435993654913233,3
1756,20221018_110109.mat,4611825,4.611825,0.0018550586584136569,0.0009435993654913233,3
1757,20221018_110109.mat,4612024,4.612024,0.0018576427387960762,0.0009435993654913233,3
1758,20221018_110109.mat,4612223,4.612223,0.0009998409215893852,0.0009435993654913233,3
1759,20221018_110109.mat,4642272,4.642272,0.0009445938197991906,0.0009435993654913233,3
1760,20221018_110109.mat,4702171,4.702171,0.0010107214992292552,0.0009435993654913233,3
1761,20221018_110109.mat,4766647,4.766647,0.0012250059826149637,0.0009435993654913233,3
1762,20221018_110109.mat,4766846,4.766846,0.0009772177626041578,0.0009435993654913233,3
1763,20221018_110109.mat,4772020,4.77202,0.0014549099113851664,0.0009435993654913233,3
1764,20221018_110109.mat,4861769,4.861769,0.011609350275805919,0.0009435993654913233,3
1765,20221018_110109.mat,4861968,4.861968,0.0033976134394976265,0.0009435993654913233,3
1766,20221018_110109.mat,4862167,4.862167,0.0009520106941938539,0.0009435993654913233,3
1767,20221018_110109.mat,4993507,4.993507,0.002083572867372939,0.0009435993654913233,3
1768,20221018_110109.mat,4993706,4.993706,0.006554473851313203,0.0009435993654913233,3
1769,20221018_110109.mat,4993905,4.993905,0.0012531073078303275,0.0009435993654913233,3
1770,20221018_110114.mat,123380,0.12338,0.0009681271274128362,0.0009494952931091927,3
1771,20221018_110114.mat,350041,0.350041,0.0032338339177175475,0.0009494952931091927,3
1772,20221018_110114.mat,359593,0.359593,0.0026869635534369535,0.0009494952931091927,3
1773,20221018_110114.mat,362379,0.362379,0.001223966094908788,0.0009494952931091927,3
1774,20221018_110114.mat,410139,0.410139,0.0020806236019763158,0.0009494952931091927,3
1775,20221018_110114.mat,461481,0.461481,0.007172911217836103,0.0009494952931091927,3
1776,20221018_110114.mat,461680,0.46168,0.0018161934263902977,0.0009494952931091927,3
1777,20221018_110114.mat,461879,0.461879,0.0009594320377489189,0.0009494952931091927,3
1778,20221018_110114.mat,462078,0.462078,0.0053750825008231,0.0009494952931091927,3
1779,20221018_110114.mat,462277,0.462277,0.0013272695303952376,0.0009494952931091927,3
1780,20221018_110114.mat,473023,0.473023,0.0009649270545847039,0.0009494952931091927,3
1781,20221018_110114.mat,532922,0.532922,0.0009665586012570577,0.0009494952931091927,3
1782,20221018_110114.mat,553817,0.553817,0.0010761177888489672,0.0009494952931091927,3
1783,20221018_110114.mat,562772,0.562772,0.013501813602678783,0.0009494952931091927,3
1784,20221018_110114.mat,562971,0.562971,0.0034516676302748244,0.0009494952931091927,3
1785,20221018_110114.mat,563170,0.56317,0.0012392151075947097,0.0009494952931091927,3
1786,20221018_110114.mat,569538,0.569538,0.02337168373105581,0.0009494952931091927,3
1787,20221018_110114.mat,569737,0.569737,0.009052483349970648,0.0009494952931091927,3
1788,20221018_110114.mat,569936,0.569936,0.0029518894342388724,0.0009494952931091927,3
1789,20221018_110114.mat,588841,0.588841,0.0017462887555802023,0.0009494952931091927,3
1790,20221018_110114.mat,589040,0.58904,0.0011255171974073228,0.0009494952931091927,3
1791,20221018_110114.mat,641775,0.641775,0.0012405346990257053,0.0009494952931091927,3
1792,20221018_110114.mat,641974,0.641974,0.00553570355574824,0.0009494952931091927,3
1793,20221018_110114.mat,642173,0.642173,0.001032006387434646,0.0009494952931091927,3
1794,20221018_110114.mat,676202,0.676202,0.0022829796196172127,0.0009494952931091927,3
1795,20221018_110114.mat,700878,0.700878,0.0015803097055270513,0.0009494952931091927,3
1796,20221018_110114.mat,701077,0.701077,0.0009980273028854264,0.0009494952931091927,3
1797,20221018_110114.mat,821870,0.82187,0.001007931320294315,0.0009494952931091927,3
1798,20221018_110114.mat,826049,0.826049,0.0011963580060822805,0.0009494952931091927,3
1799,20221018_110114.mat,932315,0.932315,0.0009594829033887035,0.0009494952931091927,3
1800,20221018_110114.mat,948434,0.948434,0.0009665070102901916,0.0009494952931091927,3
1801,20221018_110114.mat,982264,0.982264,0.0009546125245102389,0.0009494952931091927,3
1802,20221018_110114.mat,1017288,1.017288,0.0024102827913425845,0.0009494952931091927,3
1803,20221018_110114.mat,1017487,1.017487,0.004432313884305216,0.0009494952931091927,3
1804,20221018_110114.mat,1052113,1.052113,0.0009890469205228805,0.0009494952931091927,3
1805,20221018_110114.mat,1061864,1.061864,0.0009942065040421243,0.0009494952931091927,3
1806,20221018_110114.mat,1062063,1.062063,0.0009654481329198398,0.0009494952931091927,3
1807,20221018_110114.mat,1062859,1.062859,0.016574511721316052,0.0009494952931091927,3
1808,20221018_110114.mat,1063058,1.063058,0.005226779352686979,0.0009494952931091927,3
1809,20221018_110114.mat,1063257,1.063257,0.016266975099545115,0.0009494952931091927,3
1810,20221018_110114.mat,1063456,1.063456,0.010103936706466253,0.0009494952931091927,3
1811,20221018_110114.mat,1063655,1.063655,0.001936642395630942,0.0009494952931091927,3
1812,20221018_110114.mat,1106241,1.106241,0.007964994554027337,0.0009494952931091927,3
1813,20221018_110114.mat,1106440,1.10644,0.0021629829012249505,0.0009494952931091927,3
1814,20221018_110114.mat,1186438,1.186438,0.016770823434470693,0.0009494952931091927,3
1815,20221018_110114.mat,1186637,1.186637,0.0037548183799181907,0.0009494952931091927,3
1816,20221018_110114.mat,1205343,1.205343,0.002737687416263566,0.0009494952931091927,3
1817,20221018_110114.mat,1205542,1.205542,0.0012158432282900983,0.0009494952931091927,3
1818,20221018_110114.mat,1247730,1.24773,0.001668200145767155,0.0009494952931091927,3
1819,20221018_110114.mat,1247929,1.247929,0.00632307690262444,0.0009494952931091927,3
1820,20221018_110114.mat,1248128,1.248128,0.0013272791224789532,0.0009494952931091927,3
1821,20221018_110114.mat,1270217,1.270217,0.0009735621713920859,0.0009494952931091927,3
1822,20221018_110114.mat,1305639,1.305639,0.0009512978507011493,0.0009494952931091927,3
1823,20221018_110114.mat,1315191,1.315191,0.021111951833718882,0.0009494952931091927,3
1824,20221018_110114.mat,1315390,1.31539,0.003125245374098198,0.0009494952931091927,3
1825,20221018_110114.mat,1315589,1.315589,0.0011905560527010611,0.0009494952931091927,3
1826,20221018_110114.mat,1316385,1.316385,0.0021934820736656388,0.0009494952931091927,3
1827,20221018_110114.mat,1316584,1.316584,0.0031140067893979614,0.0009494952931091927,3
1828,20221018_110114.mat,1325141,1.325141,0.0010325100535097402,0.0009494952931091927,3
1829,20221018_110114.mat,1331708,1.331708,0.0009686552465265767,0.0009494952931091927,3
1830,20221018_110114.mat,1333897,1.333897,0.002155720899160272,0.0009494952931091927,3
1831,20221018_110114.mat,1334096,1.334096,0.002207500201581182,0.0009494952931091927,3
1832,20221018_110114.mat,1433198,1.433198,0.0010663485727911712,0.0009494952931091927,3
1833,20221018_110114.mat,1442352,1.442352,0.0018453615694658742,0.0009494952931091927,3
1834,20221018_110114.mat,1442551,1.442551,0.005196960781257473,0.0009494952931091927,3
1835,20221018_110114.mat,1442750,1.44275,0.0011857954335294772,0.0009494952931091927,3
1836,20221018_110114.mat,1484739,1.484739,0.0009794730684267948,0.0009494952931091927,3
1837,20221018_110114.mat,1501455,1.501455,0.0010073637610307708,0.0009494952931091927,3
1838,20221018_110114.mat,1510609,1.510609,0.001003202037716088,0.0009494952931091927,3
1839,20221018_110114.mat,1534091,1.534091,0.0011115651936680331,0.0009494952931091927,3
1840,20221018_110114.mat,1558369,1.558369,0.0013193886211861241,0.0009494952931091927,3
1841,20221018_110114.mat,1558568,1.558568,0.003049001507395019,0.0009494952931091927,3
1842,20221018_110114.mat,1630208,1.630208,0.0016612553674008681,0.0009494952931091927,3
1843,20221018_110114.mat,1701848,1.701848,0.0009616777217110721,0.0009494952931091927,3
1844,20221018_110114.mat,1753389,1.753389,0.02218653015569203,0.0009494952931091927,3
1845,20221018_110114.mat,1753588,1.753588,0.013801865920529026,0.0009494952931091927,3
1846,20221018_110114.mat,1753787,1.753787,0.0013615668360567909,0.0009494952931091927,3
1847,20221018_110114.mat,1792791,1.792791,0.011426592172692217,0.0009494952931091927,3
1848,20221018_110114.mat,1792990,1.79299,0.008001299960999957,0.0009494952931091927,3
1849,20221018_110114.mat,1793189,1.793189,0.001608180872845791,0.0009494952931091927,3
1850,20221018_110114.mat,1800950,1.80095,0.0009741145725991817,0.0009494952931091927,3
1851,20221018_110114.mat,1822243,1.822243,0.0010239129999827401,0.0009494952931091927,3
1852,20221018_110114.mat,1822442,1.822442,0.0010104787924172817,0.0009494952931091927,3
1853,20221018_110114.mat,1822641,1.822641,0.0014515802717586731,0.0009494952931091927,3
1854,20221018_110114.mat,1822840,1.82284,0.0016120570356770634,0.0009494952931091927,3
1855,20221018_110114.mat,1894082,1.894082,0.0018345813910652438,0.0009494952931091927,3
1856,20221018_110114.mat,1894281,1.894281,0.000984266784408455,0.0009494952931091927,3
1857,20221018_110114.mat,1899057,1.899057,0.007908311675100248,0.0009494952931091927,3
1858,20221018_110114.mat,1899256,1.899256,0.002111623985869137,0.0009494952931091927,3
1859,20221018_110114.mat,1933484,1.933484,0.004347601132333203,0.0009494952931091927,3
1860,20221018_110114.mat,1933683,1.933683,0.0018637088403557832,0.0009494952931091927,3
1861,20221018_110114.mat,1933882,1.933882,0.0016072087211826183,0.0009494952931091927,3
1862,20221018_110114.mat,1934081,1.934081,0.0032748316664994413,0.0009494952931091927,3
1863,20221018_110114.mat,1936469,1.936469,0.001224885516356121,0.0009494952931091927,3
1864,20221018_110114.mat,1960747,1.960747,0.0010416046778519263,0.0009494952931091927,3
1865,20221018_110114.mat,1980846,1.980846,0.0009911987536203692,0.0009494952931091927,3
1866,20221018_110114.mat,1983831,1.983831,0.003106820595975567,0.0009494952931091927,3
1867,20221018_110114.mat,1984030,1.98403,0.012505772051529702,0.0009494952931091927,3
1868,20221018_110114.mat,1984229,1.984229,0.002086963014279123,0.0009494952931091927,3
1869,20221018_110114.mat,1984428,1.984428,0.003680378362094728,0.0009494952931091927,3
1870,20221018_110114.mat,1984627,1.984627,0.0011765816876555869,0.0009494952931091927,3
1871,20221018_110114.mat,1991990,1.99199,0.004160709756081492,0.0009494952931091927,3
1872,20221018_110114.mat,1992189,1.992189,0.0016859731922662473,0.0009494952931091927,3
1873,20221018_110114.mat,2009502,2.009502,0.0009985672326773578,0.0009494952931091927,3
1874,20221018_110114.mat,2025223,2.025223,0.002331091637604468,0.0009494952931091927,3
1875,20221018_110114.mat,2025422,2.025422,0.0009595315549558002,0.0009494952931091927,3
1876,20221018_110114.mat,2031790,2.03179,0.004298466415794953,0.0009494952931091927,3
1877,20221018_110114.mat,2067013,2.067013,0.0013402343726082854,0.0009494952931091927,3
1878,20221018_110114.mat,2075371,2.075371,0.009755079911710514,0.0009494952931091927,3
1879,20221018_110114.mat,2075570,2.07557,0.003830789430037762,0.0009494952931091927,3
1880,20221018_110114.mat,2075769,2.075769,0.000973046528571228,0.0009494952931091927,3
1881,20221018_110114.mat,2077162,2.077162,0.001214578921532431,0.0009494952931091927,3
1882,20221018_110114.mat,2077361,2.077361,0.003219260309044595,0.0009494952931091927,3
1883,20221018_110114.mat,2093679,2.093679,0.002148937049957732,0.0009494952931091927,3
1884,20221018_110114.mat,2093878,2.093878,0.00460515614244519,0.0009494952931091927,3
1885,20221018_110114.mat,2118355,2.118355,0.005705928582594367,0.0009494952931091927,3
1886,20221018_110114.mat,2118554,2.118554,0.007056674472748163,0.0009494952931091927,3
1887,20221018_110114.mat,2118753,2.118753,0.0011176595321421387,0.0009494952931091927,3
1888,20221018_110114.mat,2136066,2.136066,0.004959112828023806,0.0009494952931091927,3
1889,20221018_110114.mat,2136265,2.136265,0.00807457286093622,0.0009494952931091927,3
1890,20221018_110114.mat,2136464,2.136464,0.001179154438787709,0.0009494952931091927,3
1891,20221018_110114.mat,2138255,2.138255,0.0011412310510944114,0.0009494952931091927,3
1892,20221018_110114.mat,2141439,2.141439,0.0018122052816835783,0.0009494952931091927,3
1893,20221018_110114.mat,2153379,2.153379,0.018118347584965264,0.0009494952931091927,3
1894,20221018_110114.mat,2153578,2.153578,0.008661556679188031,0.0009494952931091927,3
1895,20221018_110114.mat,2153777,2.153777,0.0017974030979539183,0.0009494952931091927,3
1896,20221018_110114.mat,2155369,2.155369,0.006553986241859857,0.0009494952931091927,3
1897,20221018_110114.mat,2155568,2.155568,0.021112677849450177,0.0009494952931091927,3
1898,20221018_110114.mat,2155767,2.155767,0.00377232258318353,0.0009494952931091927,3
1899,20221018_110114.mat,2156364,2.156364,0.001337572442636655,0.0009494952931091927,3
1900,20221018_110114.mat,2156563,2.156563,0.000980560080191315,0.0009494952931091927,3
1901,20221018_110114.mat,2164523,2.164523,0.006570649631826733,0.0009494952931091927,3
1902,20221018_110114.mat,2164722,2.164722,0.002498759827217899,0.0009494952931091927,3
1903,20221018_110114.mat,2165916,2.165916,0.00851980023287397,0.0009494952931091927,3
1904,20221018_110114.mat,2166115,2.166115,0.005113065191022649,0.0009494952931091927,3
1905,20221018_110114.mat,2166314,2.166314,0.0010545720527254563,0.0009494952931091927,3
1906,20221018_110114.mat,2167906,2.167906,0.0009943217469993734,0.0009494952931091927,3
1907,20221018_110114.mat,2181040,2.18104,0.0014352567925970364,0.0009494952931091927,3
1908,20221018_110114.mat,2181637,2.181637,0.004465254687727041,0.0009494952931091927,3
1909,20221018_110114.mat,2181836,2.181836,0.0029892347993390315,0.0009494952931091927,3
1910,20221018_110114.mat,2187607,2.187607,0.004074944530067555,0.0009494952931091927,3
1911,20221018_110114.mat,2187806,2.187806,0.0009496769524683953,0.0009494952931091927,3
1912,20221018_110114.mat,2240740,2.24074,0.0021224957785970482,0.0009494952931091927,3
1913,20221018_110114.mat,2288699,2.288699,0.0009984971074499303,0.0009494952931091927,3
1914,20221018_110114.mat,2311186,2.311186,0.0015656409904510184,0.0009494952931091927,3
1915,20221018_110114.mat,2320340,2.32034,0.0009726037006109657,0.0009494952931091927,3
1916,20221018_110114.mat,2352180,2.35218,0.020841161112201183,0.0009494952931091927,3
1917,20221018_110114.mat,2352379,2.352379,0.007918689382596395,0.0009494952931091927,3
1918,20221018_110114.mat,2370886,2.370886,0.003012252755433277,0.0009494952931091927,3
1919,20221018_110114.mat,2372279,2.372279,0.0010115566086159303,0.0009494952931091927,3
1920,20221018_110114.mat,2388796,2.388796,0.006666897236120171,0.0009494952931091927,3
1921,20221018_110114.mat,2388995,2.388995,0.0014886084406935361,0.0009494952931091927,3
1922,20221018_110114.mat,2407701,2.407701,0.005788295406949428,0.0009494952931091927,3
1923,20221018_110114.mat,2407900,2.4079,0.0022983390625561126,0.0009494952931091927,3
1924,20221018_110114.mat,2470585,2.470585,0.0017941894627419755,0.0009494952931091927,3
1925,20221018_110114.mat,2470784,2.470784,0.0010446033895128077,0.0009494952931091927,3
1926,20221018_110114.mat,2500037,2.500037,0.0009496657807735488,0.0009494952931091927,3
1927,20221018_110114.mat,2528693,2.528693,0.0010820195416420166,0.0009494952931091927,3
1928,20221018_110114.mat,2597149,2.597149,0.0011385325414861145,0.0009494952931091927,3
1929,20221018_110114.mat,2607696,2.607696,0.004678837262624761,0.0009494952931091927,3
1930,20221018_110114.mat,2607895,2.607895,0.0017615331572059488,0.0009494952931091927,3
1931,20221018_110114.mat,2617248,2.617248,0.015670263641758143,0.0009494952931091927,3
1932,20221018_110114.mat,2617447,2.617447,0.005059572657244016,0.0009494952931091927,3
1933,20221018_110114.mat,2617646,2.617646,0.0009622711249641838,0.0009494952931091927,3
1934,20221018_110114.mat,2629785,2.629785,0.0009567808141412187,0.0009494952931091927,3
1935,20221018_110114.mat,2674958,2.674958,0.0016026470046260357,0.0009494952931091927,3
1936,20221018_110114.mat,2675157,2.675157,0.0012210481160066194,0.0009494952931091927,3
1937,20221018_110114.mat,2708788,2.708788,0.0011526883530021776,0.0009494952931091927,3
1938,20221018_110114.mat,2708987,2.708987,0.0011800871967357622,0.0009494952931091927,3
1939,20221018_110114.mat,2745006,2.745006,0.0009752282273953054,0.0009494952931091927,3
1940,20221018_110114.mat,2745205,2.745205,0.0010300253114393738,0.0009494952931091927,3
1941,20221018_110114.mat,2770080,2.77008,0.004608588113785006,0.0009494952931091927,3
1942,20221018_110114.mat,2770279,2.770279,0.036844419263777614,0.0009494952931091927,3
1943,20221018_110114.mat,2770478,2.770478,0.003540698966276898,0.0009494952931091927,3
1944,20221018_110114.mat,2770677,2.770677,0.001060084366759404,0.0009494952931091927,3
1945,20221018_110114.mat,2868784,2.868784,0.007039980916986129,0.0009494952931091927,3
1946,20221018_110114.mat,2868983,2.868983,0.013483872785785687,0.0009494952931091927,3
1947,20221018_110114.mat,2869182,2.869182,0.0021158175347087407,0.0009494952931091927,3
1948,20221018_110114.mat,2869381,2.869381,0.0010600423318728764,0.0009494952931091927,3
1949,20221018_110114.mat,2879331,2.879331,0.002617959074430776,0.0009494952931091927,3
1950,20221018_110114.mat,2879530,2.87953,0.0010630010086890988,0.0009494952931091927,3
1951,20221018_110114.mat,2905002,2.905002,0.0024982986411219424,0.0009494952931091927,3
1952,20221018_110114.mat,2908584,2.908584,0.010292392113423119,0.0009494952931091927,3
1953,20221018_110114.mat,2908783,2.908783,0.0012354505569268225,0.0009494952931091927,3
1954,20221018_110114.mat,2959329,2.959329,0.0009621939439623591,0.0009494952931091927,3
1955,20221018_110114.mat,2990174,2.990174,0.013256170116667115,0.0009494952931091927,3
1956,20221018_110114.mat,2990373,2.990373,0.009146627789796566,0.0009494952931091927,3
1957,20221018_110114.mat,2990572,2.990572,0.0016068535079281554,0.0009494952931091927,3
1958,20221018_110114.mat,3002114,3.002114,0.0010325049158042645,0.0009494952931091927,3
1959,20221018_110114.mat,3007288,3.007288,0.0011617545795579542,0.0009494952931091927,3
1960,20221018_110114.mat,3009278,3.009278,0.014657733345415126,0.0009494952931091927,3
1961,20221018_110114.mat,3009477,3.009477,0.0028058402411626263,0.0009494952931091927,3
1962,20221018_110114.mat,3009676,3.009676,0.001360377132510601,0.0009494952931091927,3
1963,20221018_110114.mat,3041118,3.041118,0.001848482225277633,0.0009494952931091927,3
1964,20221018_110114.mat,3041317,3.041317,0.0017713325219259957,0.0009494952931091927,3
1965,20221018_110114.mat,3045894,3.045894,0.004599353213765513,0.0009494952931091927,3
1966,20221018_110114.mat,3046093,3.046093,0.0021586381665449723,0.0009494952931091927,3
1967,20221018_110114.mat,3091266,3.091266,0.002449490530368266,0.0009494952931091927,3
1968,20221018_110114.mat,3105196,3.105196,0.0011148487773415096,0.0009494952931091927,3
1969,20221018_110114.mat,3120320,3.12032,0.0009725480667644394,0.0009494952931091927,3
1970,20221018_110114.mat,3131265,3.131265,0.0015226583089637182,0.0009494952931091927,3
1971,20221018_110114.mat,3150767,3.150767,0.003029218002189378,0.0009494952931091927,3
1972,20221018_110114.mat,3161314,3.161314,0.002424154605674724,0.0009494952931091927,3
1973,20221018_110114.mat,3161513,3.161513,0.01063419189304335,0.0009494952931091927,3
1974,20221018_110114.mat,3161712,3.161712,0.0014443586963346381,0.0009494952931091927,3
1975,20221018_110114.mat,3254247,3.254247,0.0035933570725748694,0.0009494952931091927,3
1976,20221018_110114.mat,3254446,3.254446,0.0031806786063954752,0.0009494952931091927,3
1977,20221018_110114.mat,3265988,3.265988,0.0018428207044365599,0.0009494952931091927,3
1978,20221018_110114.mat,3281311,3.281311,0.0014850774290132388,0.0009494952931091927,3
1979,20221018_110114.mat,3283301,3.283301,0.0011950464522088229,0.0009494952931091927,3
1980,20221018_110114.mat,3283500,3.2835,0.004470629337913016,0.0009494952931091927,3
1981,20221018_110114.mat,3283699,3.283699,0.0010100702320602884,0.0009494952931091927,3
1982,20221018_110114.mat,3289470,3.28947,0.029581356132417032,0.0009494952931091927,3
1983,20221018_110114.mat,3289669,3.289669,0.018832342923093683,0.0009494952931091927,3
1984,20221018_110114.mat,3289868,3.289868,0.0026869852700237068,0.0009494952931091927,3
1985,20221018_110114.mat,3318126,3.318126,0.010240895483021163,0.0009494952931091927,3
1986,20221018_110114.mat,3318325,3.318325,0.011920656968792846,0.0009494952931091927,3
1987,20221018_110114.mat,3318524,3.318524,0.0015240388167490108,0.0009494952931091927,3
1988,20221018_110114.mat,3332653,3.332653,0.0012623064095870365,0.0009494952931091927,3
1989,20221018_110114.mat,3332852,3.332852,0.001071262639136044,0.0009494952931091927,3
1990,20221018_110114.mat,3357926,3.357926,0.0018601049698472134,0.0009494952931091927,3
1991,20221018_110114.mat,3358125,3.358125,0.005316884694007212,0.0009494952931091927,3
1992,20221018_110114.mat,3376831,3.376831,0.001297078154681957,0.0009494952931091927,3
1993,20221018_110114.mat,3377030,3.37703,0.0018957385463647418,0.0009494952931091927,3
1994,20221018_110114.mat,3397129,3.397129,0.001169791351511619,0.0009494952931091927,3
1995,20221018_110114.mat,3400910,3.40091,0.0031069729125645924,0.0009494952931091927,3
1996,20221018_110114.mat,3407875,3.407875,0.0015679644833725196,0.0009494952931091927,3
1997,20221018_110114.mat,3412850,3.41285,0.0016556258850630244,0.0009494952931091927,3
1998,20221018_110114.mat,3413049,3.413049,0.0026826815394361465,0.0009494952931091927,3
1999,20221018_110114.mat,3415636,3.415636,0.011365355847717336,0.0009494952931091927,3
2000,20221018_110114.mat,3415835,3.415835,0.012889882551483468,0.0009494952931091927,3
2001,20221018_110114.mat,3416034,3.416034,0.0013018760211769562,0.0009494952931091927,3
2002,20221018_110114.mat,3421606,3.421606,0.003036293968349824,0.0009494952931091927,3
2003,20221018_110114.mat,3421805,3.421805,0.002124470485959342,0.0009494952931091927,3
2004,20221018_110114.mat,3451456,3.451456,0.0013745856543918497,0.0009494952931091927,3
2005,20221018_110114.mat,3515136,3.515136,0.004377574959494129,0.0009494952931091927,3
2006,20221018_110114.mat,3515335,3.515335,0.0035610251897113124,0.0009494952931091927,3
2007,20221018_110114.mat,3568468,3.568468,0.0009601494894561649,0.0009494952931091927,3
2008,20221018_110114.mat,3580209,3.580209,0.0010269737031052568,0.0009494952931091927,3
2009,20221018_110114.mat,3586179,3.586179,0.013123789512419088,0.0009494952931091927,3
2010,20221018_110114.mat,3586378,3.586378,0.002549528707715024,0.0009494952931091927,3
2011,20221018_110114.mat,3586577,3.586577,0.0009879875019432308,0.0009494952931091927,3
2012,20221018_110114.mat,3609860,3.60986,0.0011403269852539822,0.0009494952931091927,3
2013,20221018_110114.mat,3648267,3.648267,0.0009627704996447102,0.0009494952931091927,3
2014,20221018_110114.mat,3649262,3.649262,0.00652814340538842,0.0009494952931091927,3
2015,20221018_110114.mat,3649461,3.649461,0.0010047587644899133,0.0009494952931091927,3
2016,20221018_110114.mat,3662396,3.662396,0.020205216212676236,0.0009494952931091927,3
2017,20221018_110114.mat,3662595,3.662595,0.010562827635514464,0.0009494952931091927,3
2018,20221018_110114.mat,3662794,3.662794,0.001567965836647323,0.0009494952931091927,3
2019,20221018_110114.mat,3738215,3.738215,0.0009730454382385128,0.0009494952931091927,3
2020,20221018_110114.mat,3828163,3.828163,0.0009524114501628569,0.0009494952931091927,3
2021,20221018_110114.mat,3840302,3.840302,0.0038539248481487616,0.0009494952931091927,3
2022,20221018_110114.mat,3840501,3.840501,0.003917201068569885,0.0009494952931091927,3
2023,20221018_110114.mat,3840700,3.8407,0.0010068369784964433,0.0009494952931091927,3
2024,20221018_110114.mat,3845476,3.845476,0.001599333287259013,0.0009494952931091927,3
2025,20221018_110114.mat,3845675,3.845675,0.0010698383913591324,0.0009494952931091927,3
2026,20221018_110114.mat,3855824,3.855824,0.0185129818817216,0.0009494952931091927,3
2027,20221018_110114.mat,3856023,3.856023,0.006949502480682414,0.0009494952931091927,3
2028,20221018_110114.mat,3856222,3.856222,0.0019943738168846687,0.0009494952931091927,3
2029,20221018_110114.mat,3897216,3.897216,0.002156723275713347,0.0009494952931091927,3
2030,20221018_110114.mat,3897415,3.897415,0.0010011459508413153,0.0009494952931091927,3
2031,20221018_110114.mat,3926071,3.926071,0.011058889355916068,0.0009494952931091927,3
2032,20221018_110114.mat,3926270,3.92627,0.00973998887572742,0.0009494952931091927,3
2033,20221018_110114.mat,3926469,3.926469,0.0018954295693167473,0.0009494952931091927,3
2034,20221018_110114.mat,3976418,3.976418,0.01430514762436076,0.0009494952931091927,3
2035,20221018_110114.mat,3976617,3.976617,0.003156223074828015,0.0009494952931091927,3
2036,20221018_110114.mat,3976816,3.976816,0.0010490651592321282,0.0009494952931091927,3
2037,20221018_110114.mat,3978010,3.97801,0.001023346010418539,0.0009494952931091927,3
2038,20221018_110114.mat,3978209,3.978209,0.0013919823355961873,0.0009494952931091927,3
2039,20221018_110114.mat,3989950,3.98995,0.004619094777596037,0.0009494952931091927,3
2040,20221018_110114.mat,3990149,3.990149,0.0016989399309495226,0.0009494952931091927,3
2041,20221018_110114.mat,4035919,4.035919,0.000980520046209313,0.0009494952931091927,3
2042,20221018_110114.mat,4098803,4.098803,0.003420178896998755,0.0009494952931091927,3
2043,20221018_110114.mat,4099002,4.099002,0.003508637876638164,0.0009494952931091927,3
2044,20221018_110114.mat,4105967,4.105967,0.006244151181386285,0.0009494952931091927,3
2045,20221018_110114.mat,4106166,4.106166,0.011042078207504405,0.0009494952931091927,3
2046,20221018_110114.mat,4106365,4.106365,0.0015626209232120851,0.0009494952931091927,3
2047,20221018_110114.mat,4106564,4.106564,0.0009687187703934261,0.0009494952931091927,3
2048,20221018_110114.mat,4118703,4.118703,0.002274744013034377,0.0009494952931091927,3
2049,20221018_110114.mat,4162881,4.162881,0.007098209994384837,0.0009494952931091927,3
2050,20221018_110114.mat,4163080,4.16308,0.001980702451033892,0.0009494952931091927,3
2051,20221018_110114.mat,4233725,4.233725,0.003868303658027191,0.0009494952931091927,3
2052,20221018_110114.mat,4233924,4.233924,0.002044903928484966,0.0009494952931091927,3
2053,20221018_110114.mat,4239894,4.239894,0.004119113770768888,0.0009494952931091927,3
2054,20221018_110114.mat,4240093,4.240093,0.0012132818178494803,0.0009494952931091927,3
2055,20221018_110114.mat,4240292,4.240292,0.0034842889135453365,0.0009494952931091927,3
2056,20221018_110114.mat,4240491,4.240491,0.005832322689125867,0.0009494952931091927,3
2057,20221018_110114.mat,4242680,4.24268,0.004728573803987083,0.0009494952931091927,3
2058,20221018_110114.mat,4242879,4.242879,0.010093218935118909,0.0009494952931091927,3
2059,20221018_110114.mat,4243078,4.243078,0.001752033890298722,0.0009494952931091927,3
2060,20221018_110114.mat,4283873,4.283873,0.0012660061887463585,0.0009494952931091927,3
2061,20221018_110114.mat,4284072,4.284072,0.0012358455602830395,0.0009494952931091927,3
2062,20221018_110114.mat,4294022,4.294022,0.002446910508752869,0.0009494952931091927,3
2063,20221018_110114.mat,4294221,4.294221,0.004090430042677443,0.0009494952931091927,3
2064,20221018_110114.mat,4302778,4.302778,0.0012982302511030817,0.0009494952931091927,3
2065,20221018_110114.mat,4302977,4.302977,0.0013596406425342442,0.0009494952931091927,3
2066,20221018_110114.mat,4307355,4.307355,0.002806169222456376,0.0009494952931091927,3
2067,20221018_110114.mat,4319693,4.319693,0.008766430691095372,0.0009494952931091927,3
2068,20221018_110114.mat,4319892,4.319892,0.01241075266668308,0.0009494952931091927,3
2069,20221018_110114.mat,4320091,4.320091,0.001486819008441615,0.0009494952931091927,3
2070,20221018_110114.mat,4325464,4.325464,0.01393397120538022,0.0009494952931091927,3
2071,20221018_110114.mat,4325663,4.325663,0.003333551000862453,0.0009494952931091927,3
2072,20221018_110114.mat,4325862,4.325862,0.001061454735988188,0.0009494952931091927,3
2073,20221018_110114.mat,4333623,4.333623,0.0011661966734143252,0.0009494952931091927,3
2074,20221018_110114.mat,4351931,4.351931,0.0013949610971823294,0.0009494952931091927,3
2075,20221018_110114.mat,4353125,4.353125,0.010264296880157283,0.0009494952931091927,3
2076,20221018_110114.mat,4353324,4.353324,0.0020056664243131737,0.0009494952931091927,3
2077,20221018_110114.mat,4416407,4.416407,0.07470693234176101,0.0009494952931091927,3
2078,20221018_110114.mat,4416606,4.416606,0.0165262047950592,0.0009494952931091927,3
2079,20221018_110114.mat,4416805,4.416805,0.003865871288815504,0.0009494952931091927,3
2080,20221018_110114.mat,4417004,4.417004,0.0013277762556407379,0.0009494952931091927,3
2081,20221018_110114.mat,4420387,4.420387,0.005190221353839212,0.0009494952931091927,3
2082,20221018_110114.mat,4420586,4.420586,0.004338571293708634,0.0009494952931091927,3
2083,20221018_110114.mat,4420785,4.420785,0.0010988387891714812,0.0009494952931091927,3
2084,20221018_110114.mat,4447451,4.447451,0.0018926677803249416,0.0009494952931091927,3
2085,20221018_110114.mat,4462177,4.462177,0.006919834889159238,0.0009494952931091927,3
2086,20221018_110114.mat,4462376,4.462376,0.0160109954322234,0.0009494952931091927,3
2087,20221018_110114.mat,4462575,4.462575,0.0029081703876062703,0.0009494952931091927,3
2088,20221018_110114.mat,4462774,4.462774,0.0009757405426312111,0.0009494952931091927,3
2089,20221018_110114.mat,4467550,4.46755,0.020779502249798354,0.0009494952931091927,3
2090,20221018_110114.mat,4467749,4.467749,0.0049797562799560584,0.0009494952931091927,3
2091,20221018_110114.mat,4467948,4.467948,0.001423154877706507,0.0009494952931091927,3
2092,20221018_110114.mat,4476505,4.476505,0.0010565542979959115,0.0009494952931091927,3
2093,20221018_110114.mat,4476704,4.476704,0.014627410768068007,0.0009494952931091927,3
2094,20221018_110114.mat,4476903,4.476903,0.0028269887452414197,0.0009494952931091927,3
2095,20221018_110114.mat,4477102,4.477102,0.0011153426190983569,0.0009494952931091927,3
2096,20221018_110114.mat,4519489,4.519489,0.0011662503472494555,0.0009494952931091927,3
2097,20221018_110114.mat,4519688,4.519688,0.0028739707088211905,0.0009494952931091927,3
2098,20221018_110114.mat,4528842,4.528842,0.004006991545296672,0.0009494952931091927,3
2099,20221018_110114.mat,4529041,4.529041,0.001901508123859793,0.0009494952931091927,3
2100,20221018_110114.mat,4543767,4.543767,0.0015301490221368889,0.0009494952931091927,3
2101,20221018_110114.mat,4543966,4.543966,0.001420245708434956,0.0009494952931091927,3
2102,20221018_110114.mat,4570831,4.570831,0.006194369693968317,0.0009494952931091927,3
2103,20221018_110114.mat,4571030,4.57103,0.0017267821310907548,0.0009494952931091927,3
2104,20221018_110114.mat,4574015,4.574015,0.016557528773274627,0.0009494952931091927,3
2105,20221018_110114.mat,4574214,4.574214,0.003965793910572572,0.0009494952931091927,3
2106,20221018_110114.mat,4574413,4.574413,0.0012111399591803818,0.0009494952931091927,3
2107,20221018_110114.mat,4582174,4.582174,0.012743884206542894,0.0009494952931091927,3
2108,20221018_110114.mat,4582373,4.582373,0.004933414587659882,0.0009494952931091927,3
2109,20221018_110114.mat,4582572,4.582572,0.0012565091864140897,0.0009494952931091927,3
2110,20221018_110114.mat,4591129,4.591129,0.0033604401973983413,0.0009494952931091927,3
2111,20221018_110114.mat,4591328,4.591328,0.0014039063144715585,0.0009494952931091927,3
2112,20221018_110114.mat,4601278,4.601278,0.001476595997347147,0.0009494952931091927,3
2113,20221018_110114.mat,4604462,4.604462,0.017116290566664978,0.0009494952931091927,3
2114,20221018_110114.mat,4604661,4.604661,0.005038441265558684,0.0009494952931091927,3
2115,20221018_110114.mat,4604860,4.60486,0.0011096754832939852,0.0009494952931091927,3
2116,20221018_110114.mat,4612422,4.612422,0.03595507599733881,0.0009494952931091927,3
2117,20221018_110114.mat,4612621,4.612621,0.013575381181952804,0.0009494952931091927,3
2118,20221018_110114.mat,4612820,4.61282,0.0019584344283592966,0.0009494952931091927,3
2119,20221018_110114.mat,4614014,4.614014,0.013812368561121724,0.0009494952931091927,3
2120,20221018_110114.mat,4614213,4.614213,0.007205222306803565,0.0009494952931091927,3
2121,20221018_110114.mat,4614412,4.614412,0.0009622887654668528,0.0009494952931091927,3
2122,20221018_110114.mat,4619984,4.619984,0.0011858079594132254,0.0009494952931091927,3
2123,20221018_110114.mat,4638889,4.638889,0.0009665498200103586,0.0009494952931091927,3
2124,20221018_110114.mat,4639088,4.639088,0.0017848550889967313,0.0009494952931091927,3
2125,20221018_110114.mat,4665356,4.665356,0.010812734784970244,0.0009494952931091927,3
2126,20221018_110114.mat,4665555,4.665555,0.0025460350317521047,0.0009494952931091927,3
2127,20221018_110114.mat,4682072,4.682072,0.0012422168176932202,0.0009494952931091927,3
2128,20221018_110114.mat,4697395,4.697395,0.014114431906249246,0.0009494952931091927,3
2129,20221018_110114.mat,4697594,4.697594,0.005690960568320689,0.0009494952931091927,3
2130,20221018_110114.mat,4697793,4.697793,0.001715826491532408,0.0009494952931091927,3
2131,20221018_110114.mat,4712121,4.712121,0.004139009714066553,0.0009494952931091927,3
2132,20221018_110114.mat,4712320,4.71232,0.016025558646397587,0.0009494952931091927,3
2133,20221018_110114.mat,4712519,4.712519,0.0026731278105873364,0.0009494952931091927,3
2134,20221018_110114.mat,4716698,4.716698,0.003472365308396922,0.0009494952931091927,3
2135,20221018_110114.mat,4716897,4.716897,0.028296058309347807,0.0009494952931091927,3
2136,20221018_110114.mat,4717096,4.717096,0.006264486824742506,0.0009494952931091927,3
2137,20221018_110114.mat,4717295,4.717295,0.0018196708471645774,0.0009494952931091927,3
2138,20221018_110114.mat,4724061,4.724061,0.004457041061291871,0.0009494952931091927,3
2139,20221018_110114.mat,4724260,4.72426,0.002656035300418099,0.0009494952931091927,3
2140,20221018_110114.mat,4726051,4.726051,0.0009534725655297146,0.0009494952931091927,3
2141,20221018_110114.mat,4729434,4.729434,0.01618631983107113,0.0009494952931091927,3
2142,20221018_110114.mat,4729633,4.729633,0.0033728891232941514,0.0009494952931091927,3
2143,20221018_110114.mat,4729832,4.729832,0.0011106111876447002,0.0009494952931091927,3
2144,20221018_110114.mat,4732419,4.732419,0.04170697446651073,0.0009494952931091927,3
2145,20221018_110114.mat,4732618,4.732618,0.020712529641599395,0.0009494952931091927,3
2146,20221018_110114.mat,4732817,4.732817,0.003745049783490513,0.0009494952931091927,3
2147,20221018_110114.mat,4733016,4.733016,0.0011508965895734911,0.0009494952931091927,3
2148,20221018_110114.mat,4736996,4.736996,0.005822442506941203,0.0009494952931091927,3
2149,20221018_110114.mat,4737195,4.737195,0.003325718782980309,0.0009494952931091927,3
2150,20221018_110114.mat,4740180,4.74018,0.016117270611838465,0.0009494952931091927,3
2151,20221018_110114.mat,4740379,4.740379,0.009238632469299268,0.0009494952931091927,3
2152,20221018_110114.mat,4740578,4.740578,0.0015250646816404312,0.0009494952931091927,3
2153,20221018_110114.mat,4740777,4.740777,0.022444054897841185,0.0009494952931091927,3
2154,20221018_110114.mat,4740976,4.740976,0.01962034626065946,0.0009494952931091927,3
2155,20221018_110114.mat,4741175,4.741175,0.002712180388201778,0.0009494952931091927,3
2156,20221018_110114.mat,4741374,4.741374,0.0010785740554091709,0.0009494952931091927,3
2157,20221018_110114.mat,4750926,4.750926,0.01965436167481518,0.0009494952931091927,3
2158,20221018_110114.mat,4751125,4.751125,0.00464573493993401,0.0009494952931091927,3
2159,20221018_110114.mat,4751324,4.751324,0.001312229545527868,0.0009494952931091927,3
2160,20221018_110114.mat,4752518,4.752518,0.009896538736782926,0.0009494952931091927,3
2161,20221018_110114.mat,4752717,4.752717,0.0028434238616197437,0.0009494952931091927,3
2162,20221018_110114.mat,4752916,4.752916,0.0010248638584120138,0.0009494952931091927,3
2163,20221018_110114.mat,4753513,4.753513,0.0010314253318744948,0.0009494952931091927,3
2164,20221018_110114.mat,4753712,4.753712,0.0015602983125234907,0.0009494952931091927,3
2165,20221018_110114.mat,4790527,4.790527,0.008177755334606117,0.0009494952931091927,3
2166,20221018_110114.mat,4790726,4.790726,0.0018566472804208605,0.0009494952931091927,3
2167,20221018_110114.mat,4855003,4.855003,0.020677876625620536,0.0009494952931091927,3
2168,20221018_110114.mat,4855202,4.855202,0.005410696679126015,0.0009494952931091927,3
2169,20221018_110114.mat,4855401,4.855401,0.001996740965372158,0.0009494952931091927,3
2170,20221018_110114.mat,4865948,4.865948,0.020220669550725462,0.0009494952931091927,3
2171,20221018_110114.mat,4866147,4.866147,0.027588445765014617,0.0009494952931091927,3
2172,20221018_110114.mat,4866346,4.866346,0.0032808865000623472,0.0009494952931091927,3
2173,20221018_110114.mat,4874903,4.874903,0.020781891823799987,0.0009494952931091927,3
2174,20221018_110114.mat,4875102,4.875102,0.005871555193285137,0.0009494952931091927,3
2175,20221018_110114.mat,4875301,4.875301,0.0018737485234272024,0.0009494952931091927,3
2176,20221018_110114.mat,4876694,4.876694,0.011070331999489784,0.0009494952931091927,3
2177,20221018_110114.mat,4876893,4.876893,0.02054397022970931,0.0009494952931091927,3
2178,20221018_110114.mat,4877092,4.877092,0.003312160213381977,0.0009494952931091927,3
2179,20221018_110114.mat,4877291,4.877291,0.0009953893459265337,0.0009494952931091927,3
2180,20221018_110114.mat,4880475,4.880475,0.0009703526885668858,0.0009494952931091927,3
2181,20221018_110114.mat,4896594,4.896594,0.0012102083416731296,0.0009494952931091927,3
2182,20221018_110114.mat,4926444,4.926444,0.0009606300875830709,0.0009494952931091927,3
2183,20221018_110114.mat,4957687,4.957687,0.004370159532985257,0.0009494952931091927,3
2184,20221018_110114.mat,4957886,4.957886,0.0011223158766729328,0.0009494952931091927,3
2185,20221018_110114.mat,4958682,4.958682,0.010898113640270242,0.0009494952931091927,3
2186,20221018_110114.mat,4958881,4.958881,0.007581970735842477,0.0009494952931091927,3
2187,20221018_110114.mat,4959080,4.95908,0.001557923208168363,0.0009494952931091927,3
2188,20221018_110114.mat,4974204,4.974204,0.001596400886485982,0.0009494952931091927,3
2189,20221018_110119.mat,117211,0.117211,0.004652599756098951,0.0009533920116193699,3
2190,20221018_110119.mat,117410,0.11741,0.0046163254364014975,0.0009533920116193699,3
2191,20221018_110119.mat,220691,0.220691,0.0010919723431220588,0.0009533920116193699,3
2192,20221018_110119.mat,222084,0.222084,0.0009746404941396726,0.0009533920116193699,3
2193,20221018_110119.mat,254521,0.254521,0.0010856499206184406,0.0009533920116193699,3
2194,20221018_110119.mat,318400,0.3184,0.003415987044294633,0.0009533920116193699,3
2195,20221018_110119.mat,318599,0.318599,0.0014413126287041327,0.0009533920116193699,3
2196,20221018_110119.mat,321385,0.321385,0.0012745349299181567,0.0009533920116193699,3
2197,20221018_110119.mat,358399,0.358399,0.001607660852722268,0.0009533920116193699,3
2198,20221018_110119.mat,380886,0.380886,0.008400569916451892,0.0009533920116193699,3
2199,20221018_110119.mat,381085,0.381085,0.00984883701520594,0.0009533920116193699,3
2200,20221018_110119.mat,381284,0.381284,0.002008989456858083,0.0009533920116193699,3
2201,20221018_110119.mat,381682,0.381682,0.0010132789007992963,0.0009533920116193699,3
2202,20221018_110119.mat,539290,0.53929,0.001540086725223919,0.0009533920116193699,3
2203,20221018_110119.mat,539489,0.539489,0.0014597190655097543,0.0009533920116193699,3
2204,20221018_110119.mat,554016,0.554016,0.001003615588862269,0.0009533920116193699,3
2205,20221018_110119.mat,607348,0.607348,0.0016749398014675814,0.0009533920116193699,3
2206,20221018_110119.mat,607547,0.607547,0.004088731516903074,0.0009533920116193699,3
2207,20221018_110119.mat,614910,0.61491,0.0011951345379205103,0.0009533920116193699,3
2208,20221018_110119.mat,648342,0.648342,0.002142908760265165,0.0009533920116193699,3
2209,20221018_110119.mat,648541,0.648541,0.0033814991766750874,0.0009533920116193699,3
2210,20221018_110119.mat,723763,0.723763,0.0011412733387271062,0.0009533920116193699,3
2211,20221018_110119.mat,723962,0.723962,0.0010658296639272156,0.0009533920116193699,3
2212,20221018_110119.mat,729136,0.729136,0.0016001518324430958,0.0009533920116193699,3
2213,20221018_110119.mat,729335,0.729335,0.0010304393435120707,0.0009533920116193699,3
2214,20221018_110119.mat,730529,0.730529,0.0012916446515890455,0.0009533920116193699,3
2215,20221018_110119.mat,940474,0.940474,0.03842112062023521,0.0009533920116193699,3
2216,20221018_110119.mat,940673,0.940673,0.015945710912206958,0.0009533920116193699,3
2217,20221018_110119.mat,940872,0.940872,0.001816090723141127,0.0009533920116193699,3
2218,20221018_110119.mat,946842,0.946842,0.0012761919502957424,0.0009533920116193699,3
2219,20221018_110119.mat,947041,0.947041,0.0016852789801982504,0.0009533920116193699,3
2220,20221018_110119.mat,972911,0.972911,0.004588478190677787,0.0009533920116193699,3
2221,20221018_110119.mat,1010721,1.010721,0.0009596258220855254,0.0009533920116193699,3
2222,20221018_110119.mat,1049327,1.049327,0.01639101196657449,0.0009533920116193699,3
2223,20221018_110119.mat,1049526,1.049526,0.004249098762244184,0.0009533920116193699,3
2224,20221018_110119.mat,1049725,1.049725,0.0010150339676064492,0.0009533920116193699,3
2225,20221018_110119.mat,1097883,1.097883,0.0014069570633923143,0.0009533920116193699,3
2226,20221018_110119.mat,1123753,1.123753,0.0009886021850288086,0.0009533920116193699,3
2227,20221018_110119.mat,1123952,1.123952,0.0014879856270220036,0.0009533920116193699,3
2228,20221018_110119.mat,1269819,1.269819,0.022011098475480096,0.0009533920116193699,3
2229,20221018_110119.mat,1270018,1.270018,0.023508446010178482,0.0009533920116193699,3
2230,20221018_110119.mat,1270217,1.270217,0.0016875453857736766,0.0009533920116193699,3
2231,20221018_110119.mat,1270416,1.270416,0.0010466991644160878,0.0009533920116193699,3
2232,20221018_110119.mat,1420064,1.420064,0.0009599165204000319,0.0009533920116193699,3
2233,20221018_110119.mat,1422651,1.422651,0.0011009629395167906,0.0009533920116193699,3
2234,20221018_110119.mat,1424840,1.42484,0.029170378365032057,0.0009533920116193699,3
2235,20221018_110119.mat,1425039,1.425039,0.009605905460709233,0.0009533920116193699,3
2236,20221018_110119.mat,1425238,1.425238,0.0019543331875606787,0.0009533920116193699,3
2237,20221018_110119.mat,1431009,1.431009,0.016701402482776937,0.0009533920116193699,3
2238,20221018_110119.mat,1431208,1.431208,0.004326344736178022,0.0009533920116193699,3
2239,20221018_110119.mat,1431407,1.431407,0.0011582332296833898,0.0009533920116193699,3
2240,20221018_110119.mat,1519962,1.519962,0.0009761406684149965,0.0009533920116193699,3
2241,20221018_110119.mat,1643541,1.643541,0.00282240159400173,0.0009533920116193699,3
2242,20221018_110119.mat,1702445,1.702445,0.0010511634841262683,0.0009533920116193699,3
2243,20221018_110119.mat,1883535,1.883535,0.0010529402129020482,0.0009533920116193699,3
2244,20221018_110119.mat,1916967,1.916967,0.0018344285183039375,0.0009533920116193699,3
2245,20221018_110119.mat,1917166,1.917166,0.002147820387332301,0.0009533920116193699,3
2246,20221018_110119.mat,1919753,1.919753,0.0010690978807512844,0.0009533920116193699,3
2247,20221018_110119.mat,1919952,1.919952,0.0013403525237017657,0.0009533920116193699,3
2248,20221018_110119.mat,1959354,1.959354,0.0009609796604590304,0.0009533920116193699,3
2249,20221018_110119.mat,1960946,1.960946,0.0011649221464988884,0.0009533920116193699,3
2250,20221018_110119.mat,1983632,1.983632,0.002011529156180009,0.0009533920116193699,3
2251,20221018_110119.mat,1983831,1.983831,0.0023255350460110193,0.0009533920116193699,3
2252,20221018_110119.mat,1994776,1.994776,0.004847972696476794,0.0009533920116193699,3
2253,20221018_110119.mat,1994975,1.994975,0.0013320531757954836,0.0009533920116193699,3
2254,20221018_110119.mat,2000945,2.000945,0.0011190989748938432,0.0009533920116193699,3
2255,20221018_110119.mat,2001343,2.001343,0.001673472536624247,0.0009533920116193699,3
2256,20221018_110119.mat,2002935,2.002935,0.001773330007224837,0.0009533920116193699,3
2257,20221018_110119.mat,2003930,2.00393,0.11294306669987507,0.0009533920116193699,3
2258,20221018_110119.mat,2004129,2.004129,0.031431615185991135,0.0009533920116193699,3
2259,20221018_110119.mat,2004328,2.004328,0.005822000602496646,0.0009533920116193699,3
2260,20221018_110119.mat,2004527,2.004527,0.0018270406652861843,0.0009533920116193699,3
2261,20221018_110119.mat,2004726,2.004726,0.001645594817320094,0.0009533920116193699,3
2262,20221018_110119.mat,2010099,2.010099,0.002747902747019857,0.0009533920116193699,3
2263,20221018_110119.mat,2012288,2.012288,0.08206258056465907,0.0009533920116193699,3
2264,20221018_110119.mat,2012487,2.012487,0.029658713476381035,0.0009533920116193699,3
2265,20221018_110119.mat,2012686,2.012686,0.024050242514189413,0.0009533920116193699,3
2266,20221018_110119.mat,2012885,2.012885,0.01820336444601987,0.0009533920116193699,3
2267,20221018_110119.mat,2013084,2.013084,0.012210103275078649,0.0009533920116193699,3
2268,20221018_110119.mat,2013283,2.013283,0.0032594177990642975,0.0009533920116193699,3
2269,20221018_110119.mat,2013482,2.013482,0.019166227254622168,0.0009533920116193699,3
2270,20221018_110119.mat,2013681,2.013681,0.0015678769148896204,0.0009533920116193699,3
2271,20221018_110119.mat,2014875,2.014875,0.0011237337332562103,0.0009533920116193699,3
2272,20221018_110119.mat,2016069,2.016069,0.0021404897654805554,0.0009533920116193699,3
2273,20221018_110119.mat,2016268,2.016268,0.0038924404245146062,0.0009533920116193699,3
2274,20221018_110119.mat,2016467,2.016467,0.07900282104258553,0.0009533920116193699,3
2275,20221018_110119.mat,2016666,2.016666,0.022460241193879002,0.0009533920116193699,3
2276,20221018_110119.mat,2016865,2.016865,0.012853946090543151,0.0009533920116193699,3
2277,20221018_110119.mat,2017064,2.017064,0.00469499068870584,0.0009533920116193699,3
2278,20221018_110119.mat,2017263,2.017263,0.0013692028615714797,0.0009533920116193699,3
2279,20221018_110119.mat,2019054,2.019054,0.07014991757821142,0.0009533920116193699,3
2280,20221018_110119.mat,2019253,2.019253,0.019336002428755984,0.0009533920116193699,3
2281,20221018_110119.mat,2019452,2.019452,0.0038320613613468334,0.0009533920116193699,3
2282,20221018_110119.mat,2019651,2.019651,0.0011890825943372543,0.0009533920116193699,3
2283,20221018_110119.mat,2046914,2.046914,0.0294545088576376,0.0009533920116193699,3
2284,20221018_110119.mat,2047113,2.047113,0.006500507645847289,0.0009533920116193699,3
2285,20221018_110119.mat,2047312,2.047312,0.0013003843531667017,0.0009533920116193699,3
2286,20221018_110119.mat,2069202,2.069202,0.0010101187227872792,0.0009533920116193699,3
2287,20221018_110119.mat,2077958,2.077958,0.0028241931133708253,0.0009533920116193699,3
2288,20221018_110119.mat,2078157,2.078157,0.013568127054327967,0.0009533920116193699,3
2289,20221018_110119.mat,2078356,2.078356,0.0011651532069513351,0.0009533920116193699,3
2290,20221018_110119.mat,2094873,2.094873,0.0011219335880942101,0.0009533920116193699,3
2291,20221018_110119.mat,2095072,2.095072,0.0016806515088207546,0.0009533920116193699,3
2292,20221018_110119.mat,2108803,2.108803,0.0013200558273517623,0.0009533920116193699,3
2293,20221018_110119.mat,2114176,2.114176,0.04855458752577901,0.0009533920116193699,3
2294,20221018_110119.mat,2114375,2.114375,0.007763400635786968,0.0009533920116193699,3
2295,20221018_110119.mat,2114574,2.114574,0.0026711714147557002,0.0009533920116193699,3
2296,20221018_110119.mat,2115370,2.11537,0.0012902582927191589,0.0009533920116193699,3
2297,20221018_110119.mat,2123131,2.123131,0.0013718369189452376,0.0009533920116193699,3
2298,20221018_110119.mat,2123330,2.12333,0.0010961441328798728,0.0009533920116193699,3
2299,20221018_110119.mat,2130096,2.130096,0.08038205615397101,0.0009533920116193699,3
2300,20221018_110119.mat,2130295,2.130295,0.011408577937049908,0.0009533920116193699,3
2301,20221018_110119.mat,2130494,2.130494,0.0034221561570978594,0.0009533920116193699,3
2302,20221018_110119.mat,2130693,2.130693,0.0011111205492283253,0.0009533920116193699,3
2303,20221018_110119.mat,2131688,2.131688,0.030550692961815767,0.0009533920116193699,3
2304,20221018_110119.mat,2131887,2.131887,0.011750370525112974,0.0009533920116193699,3
2305,20221018_110119.mat,2132086,2.132086,0.0018111528739023373,0.0009533920116193699,3
2306,20221018_110119.mat,2132882,2.132882,0.0023305795281029374,0.0009533920116193699,3
2307,20221018_110119.mat,2133081,2.133081,0.0011472577136480962,0.0009533920116193699,3
2308,20221018_110119.mat,2136066,2.136066,0.0017112616571675313,0.0009533920116193699,3
2309,20221018_110119.mat,2136265,2.136265,0.00211944838362337,0.0009533920116193699,3
2310,20221018_110119.mat,2138852,2.138852,0.003306492745492734,0.0009533920116193699,3
2311,20221018_110119.mat,2139051,2.139051,0.0026503605276206863,0.0009533920116193699,3
2312,20221018_110119.mat,2140046,2.140046,0.047282887200808456,0.0009533920116193699,3
2313,20221018_110119.mat,2140245,2.140245,0.012356389676525656,0.0009533920116193699,3
2314,20221018_110119.mat,2140444,2.140444,0.0030450936039549013,0.0009533920116193699,3
2315,20221018_110119.mat,2140643,2.140643,0.001213516106459219,0.0009533920116193699,3
2316,20221018_110119.mat,2145817,2.145817,0.005728049595387707,0.0009533920116193699,3
2317,20221018_110119.mat,2146016,2.146016,0.010758752151882774,0.0009533920116193699,3
2318,20221018_110119.mat,2146215,2.146215,0.0012244935139447332,0.0009533920116193699,3
2319,20221018_110119.mat,2151389,2.151389,0.001035450815883082,0.0009533920116193699,3
2320,20221018_110119.mat,2169896,2.169896,0.00871437321250754,0.0009533920116193699,3
2321,20221018_110119.mat,2170095,2.170095,0.009497791048490585,0.0009533920116193699,3
2322,20221018_110119.mat,2170294,2.170294,0.0010319206102880933,0.0009533920116193699,3
2323,20221018_110119.mat,2227208,2.227208,0.0037831220651097274,0.0009533920116193699,3
2324,20221018_110119.mat,2227407,2.227407,0.001423305244268286,0.0009533920116193699,3
2325,20221018_110119.mat,2239745,2.239745,0.0013706925091037478,0.0009533920116193699,3
2326,20221018_110119.mat,2239944,2.239944,0.0025532812320340948,0.0009533920116193699,3
2327,20221018_110119.mat,2252282,2.252282,0.00543359182084447,0.0009533920116193699,3
2328,20221018_110119.mat,2252481,2.252481,0.06804760868484795,0.0009533920116193699,3
2329,20221018_110119.mat,2252680,2.25268,0.009220399816606184,0.0009533920116193699,3
2330,20221018_110119.mat,2252879,2.252879,0.004953690805733485,0.0009533920116193699,3
2331,20221018_110119.mat,2253078,2.253078,0.0011113565646027927,0.0009533920116193699,3
2332,20221018_110119.mat,2268003,2.268003,0.002167423217320098,0.0009533920116193699,3
2333,20221018_110119.mat,2268202,2.268202,0.13857874988767688,0.0009533920116193699,3
2334,20221018_110119.mat,2268401,2.268401,0.010384138433912036,0.0009533920116193699,3
2335,20221018_110119.mat,2268600,2.2686,0.0033526854891533582,0.0009533920116193699,3
2336,20221018_110119.mat,2268799,2.268799,0.0010107482090657971,0.0009533920116193699,3
2337,20221018_110119.mat,2272978,2.272978,0.0014494059957865285,0.0009533920116193699,3
2338,20221018_110119.mat,2277953,2.277953,0.02620942217615806,0.0009533920116193699,3
2339,20221018_110119.mat,2278152,2.278152,0.025548032413199116,0.0009533920116193699,3
2340,20221018_110119.mat,2278351,2.278351,0.0032074797544092187,0.0009533920116193699,3
2341,20221018_110119.mat,2278550,2.27855,0.3434102251378163,0.0009533920116193699,3
2342,20221018_110119.mat,2278749,2.278749,0.07108494688903194,0.0009533920116193699,3
2343,20221018_110119.mat,2278948,2.278948,0.015440740344347633,0.0009533920116193699,3
2344,20221018_110119.mat,2279147,2.279147,0.016056990081396817,0.0009533920116193699,3
2345,20221018_110119.mat,2279346,2.279346,0.0013480608017378344,0.0009533920116193699,3
2346,20221018_110119.mat,2279545,2.279545,0.007324341931153345,0.0009533920116193699,3
2347,20221018_110119.mat,2279744,2.279744,0.0032191663215478178,0.0009533920116193699,3
2348,20221018_110119.mat,2281336,2.281336,0.0013406397582752898,0.0009533920116193699,3
2349,20221018_110119.mat,2290092,2.290092,0.0031974287515603565,0.0009533920116193699,3
2350,20221018_110119.mat,2290291,2.290291,0.0019709396202140742,0.0009533920116193699,3
2351,20221018_110119.mat,2291087,2.291087,0.0017834022999799314,0.0009533920116193699,3
2352,20221018_110119.mat,2291286,2.291286,0.001176234512586063,0.0009533920116193699,3
2353,20221018_110119.mat,2338250,2.33825,0.0010367419576080665,0.0009533920116193699,3
2354,20221018_110119.mat,2338648,2.338648,0.0009605847627151724,0.0009533920116193699,3
2355,20221018_110119.mat,2340837,2.340837,0.004753648502657022,0.0009533920116193699,3
2356,20221018_110119.mat,2341036,2.341036,0.011705363162596053,0.0009533920116193699,3
2357,20221018_110119.mat,2341235,2.341235,0.0012635451703759716,0.0009533920116193699,3
2358,20221018_110119.mat,2344419,2.344419,0.10276140402963493,0.0009533920116193699,3
2359,20221018_110119.mat,2344618,2.344618,0.02543521932019266,0.0009533920116193699,3
2360,20221018_110119.mat,2344817,2.344817,0.011589830811576027,0.0009533920116193699,3
2361,20221018_110119.mat,2345016,2.345016,0.002994548195712214,0.0009533920116193699,3
2362,20221018_110119.mat,2350190,2.35019,0.002307239675177033,0.0009533920116193699,3
2363,20221018_110119.mat,2351981,2.351981,0.0013797817949779674,0.0009533920116193699,3
2364,20221018_110119.mat,2370488,2.370488,0.002324573317600634,0.0009533920116193699,3
2365,20221018_110119.mat,2370687,2.370687,0.0022664701870606543,0.0009533920116193699,3
2366,20221018_110119.mat,2386209,2.386209,0.002158337972081055,0.0009533920116193699,3
2367,20221018_110119.mat,2388199,2.388199,0.001141022776489851,0.0009533920116193699,3
2368,20221018_110119.mat,2388398,2.388398,0.001024294151997634,0.0009533920116193699,3
2369,20221018_110119.mat,2396159,2.396159,0.014931872244781099,0.0009533920116193699,3
2370,20221018_110119.mat,2396358,2.396358,0.006117266753362997,0.0009533920116193699,3
2371,20221018_110119.mat,2396557,2.396557,0.001145985216766357,0.0009533920116193699,3
2372,20221018_110119.mat,2397950,2.39795,0.02021889533792822,0.0009533920116193699,3
2373,20221018_110119.mat,2398149,2.398149,0.0038126180957504725,0.0009533920116193699,3
2374,20221018_110119.mat,2398348,2.398348,0.0012549224103702726,0.0009533920116193699,3
2375,20221018_110119.mat,2398547,2.398547,0.0010692870480236147,0.0009533920116193699,3
2376,20221018_110119.mat,2403920,2.40392,0.00503976092931254,0.0009533920116193699,3
2377,20221018_110119.mat,2404119,2.404119,0.001439986110935813,0.0009533920116193699,3
2378,20221018_110119.mat,2404318,2.404318,0.0035292580598072186,0.0009533920116193699,3
2379,20221018_110119.mat,2404517,2.404517,0.002225808765023363,0.0009533920116193699,3
2380,20221018_110119.mat,2406308,2.406308,0.007858980649281864,0.0009533920116193699,3
2381,20221018_110119.mat,2406507,2.406507,0.02544869376271664,0.0009533920116193699,3
2382,20221018_110119.mat,2406706,2.406706,0.0026444012185961796,0.0009533920116193699,3
2383,20221018_110119.mat,2406905,2.406905,0.0012220178572945103,0.0009533920116193699,3
2384,20221018_110119.mat,2415661,2.415661,0.015435212417865716,0.0009533920116193699,3
2385,20221018_110119.mat,2415860,2.41586,0.002399303489326646,0.0009533920116193699,3
2386,20221018_110119.mat,2416059,2.416059,0.001058928440568771,0.0009533920116193699,3
2387,20221018_110119.mat,2423820,2.42382,0.0013943078541437408,0.0009533920116193699,3
2388,20221018_110119.mat,2424019,2.424019,0.0021050709517551574,0.0009533920116193699,3
2389,20221018_110119.mat,2424218,2.424218,0.00101378263037229,0.0009533920116193699,3
2390,20221018_110119.mat,2439541,2.439541,0.0015857423885956195,0.0009533920116193699,3
2391,20221018_110119.mat,2446506,2.446506,0.0011002620822159511,0.0009533920116193699,3
2392,20221018_110119.mat,2448496,2.448496,0.001021562701474932,0.0009533920116193699,3
2393,20221018_110119.mat,2455461,2.455461,0.0011089465381981134,0.0009533920116193699,3
2394,20221018_110119.mat,2457252,2.457252,0.0012187442364279234,0.0009533920116193699,3
2395,20221018_110119.mat,2458048,2.458048,0.0019177729285932044,0.0009533920116193699,3
2396,20221018_110119.mat,2460635,2.460635,0.003006248648904397,0.0009533920116193699,3
2397,20221018_110119.mat,2460834,2.460834,0.011790746137396361,0.0009533920116193699,3
2398,20221018_110119.mat,2461033,2.461033,0.011950612246103146,0.0009533920116193699,3
2399,20221018_110119.mat,2461232,2.461232,0.0017159780878515617,0.0009533920116193699,3
2400,20221018_110119.mat,2461630,2.46163,0.0009839575445032887,0.0009533920116193699,3
2401,20221018_110119.mat,2462227,2.462227,0.0016128377352856232,0.0009533920116193699,3
2402,20221018_110119.mat,2463620,2.46362,0.17501222448475698,0.0009533920116193699,3
2403,20221018_110119.mat,2463819,2.463819,0.1426532013071419,0.0009533920116193699,3
2404,20221018_110119.mat,2464018,2.464018,0.023178483183955684,0.0009533920116193699,3
2405,20221018_110119.mat,2464217,2.464217,0.006782781163026245,0.0009533920116193699,3
2406,20221018_110119.mat,2464416,2.464416,0.002470690413136729,0.0009533920116193699,3
2407,20221018_110119.mat,2476157,2.476157,0.0013800446203846935,0.0009533920116193699,3
2408,20221018_110119.mat,2487898,2.487898,0.0010660233356686916,0.0009533920116193699,3
2409,20221018_110119.mat,2488097,2.488097,0.0013473279784126846,0.0009533920116193699,3
2410,20221018_110119.mat,2499042,2.499042,0.0012803169498011083,0.0009533920116193699,3
2411,20221018_110119.mat,2499241,2.499241,0.0010984348975313309,0.0009533920116193699,3
2412,20221018_110119.mat,2501430,2.50143,0.0012639049922105294,0.0009533920116193699,3
2413,20221018_110119.mat,2501629,2.501629,0.0013888778665693755,0.0009533920116193699,3
2414,20221018_110119.mat,2502624,2.502624,0.0046183314097427985,0.0009533920116193699,3
2415,20221018_110119.mat,2502823,2.502823,0.0014948992797999892,0.0009533920116193699,3
2416,20221018_110119.mat,2554961,2.554961,0.005611264815039704,0.0009533920116193699,3
2417,20221018_110119.mat,2555160,2.55516,0.001427395021280584,0.0009533920116193699,3
2418,20221018_110119.mat,2562921,2.562921,0.0022990742028320007,0.0009533920116193699,3
2419,20221018_110119.mat,2624611,2.624611,0.00137556871030516,0.0009533920116193699,3
2420,20221018_110119.mat,2705206,2.705206,0.0010955012967773722,0.0009533920116193699,3
2421,20221018_110119.mat,2705405,2.705405,0.0013660869080728566,0.0009533920116193699,3
2422,20221018_110119.mat,2729285,2.729285,0.0010603580743356,0.0009533920116193699,3
2423,20221018_110119.mat,2729484,2.729484,0.00114311382782798,0.0009533920116193699,3
2424,20221018_110119.mat,2733066,2.733066,0.001917104371227132,0.0009533920116193699,3
2425,20221018_110119.mat,2745802,2.745802,0.0009933150095002014,0.0009533920116193699,3
2426,20221018_110119.mat,2750976,2.750976,0.027169125429329685,0.0009533920116193699,3
2427,20221018_110119.mat,2751175,2.751175,0.022683931680557108,0.0009533920116193699,3
2428,20221018_110119.mat,2751374,2.751374,0.0027160176550046337,0.0009533920116193699,3
2429,20221018_110119.mat,2751573,2.751573,0.0009717365296802095,0.0009533920116193699,3
2430,20221018_110119.mat,2765702,2.765702,0.0013189151614945666,0.0009533920116193699,3
2431,20221018_110119.mat,2783015,2.783015,0.006446703075173929,0.0009533920116193699,3
2432,20221018_110119.mat,2783214,2.783214,0.002424661537785884,0.0009533920116193699,3
2433,20221018_110119.mat,2783612,2.783612,0.0012683339836541037,0.0009533920116193699,3
2434,20221018_110119.mat,2783811,2.783811,0.001950389975876711,0.0009533920116193699,3
2435,20221018_110119.mat,2784010,2.78401,0.0015142455535329192,0.0009533920116193699,3
2436,20221018_110119.mat,2787791,2.787791,0.00567405006928765,0.0009533920116193699,3
2437,20221018_110119.mat,2787990,2.78799,0.0017217781251378473,0.0009533920116193699,3
2438,20221018_110119.mat,2792169,2.792169,0.0015105497957938524,0.0009533920116193699,3
2439,20221018_110119.mat,2796348,2.796348,0.0009896175993622388,0.0009533920116193699,3
2440,20221018_110119.mat,2800726,2.800726,0.0021216783498075134,0.0009533920116193699,3
2441,20221018_110119.mat,2800925,2.800925,0.026549084056051397,0.0009533920116193699,3
2442,20221018_110119.mat,2801124,2.801124,0.005278731619287818,0.0009533920116193699,3
2443,20221018_110119.mat,2801323,2.801323,0.0020149547131097924,0.0009533920116193699,3
2444,20221018_110119.mat,2802318,2.802318,0.000965376535415043,0.0009533920116193699,3
2445,20221018_110119.mat,2810079,2.810079,0.0016666451813612164,0.0009533920116193699,3
2446,20221018_110119.mat,2810278,2.810278,0.006008915299370978,0.0009533920116193699,3
2447,20221018_110119.mat,2810477,2.810477,0.001980377457722924,0.0009533920116193699,3
2448,20221018_110119.mat,2810676,2.810676,0.0009796696920411024,0.0009533920116193699,3
2449,20221018_110119.mat,2871172,2.871172,0.003321453996876777,0.0009533920116193699,3
2450,20221018_110119.mat,2872963,2.872963,0.02373242717920734,0.0009533920116193699,3
2451,20221018_110119.mat,2873162,2.873162,0.03187818230136183,0.0009533920116193699,3
2452,20221018_110119.mat,2873361,2.873361,0.002340886775584292,0.0009533920116193699,3
2453,20221018_110119.mat,2873958,2.873958,0.001355083023836221,0.0009533920116193699,3
2454,20221018_110119.mat,2874157,2.874157,0.0216468843402841,0.0009533920116193699,3
2455,20221018_110119.mat,2874356,2.874356,0.004562773350029743,0.0009533920116193699,3
2456,20221018_110119.mat,2874555,2.874555,0.02066057125520829,0.0009533920116193699,3
2457,20221018_110119.mat,2874754,2.874754,0.03902038925193677,0.0009533920116193699,3
2458,20221018_110119.mat,2874953,2.874953,0.003888887386297124,0.0009533920116193699,3
2459,20221018_110119.mat,2875152,2.875152,0.0010726878333184886,0.0009533920116193699,3
2460,20221018_110119.mat,2875351,2.875351,0.0016446926627427278,0.0009533920116193699,3
2461,20221018_110119.mat,2876147,2.876147,0.0022743871848185365,0.0009533920116193699,3
2462,20221018_110119.mat,2876346,2.876346,0.0018504308100091278,0.0009533920116193699,3
2463,20221018_110119.mat,2879928,2.879928,0.0017688430152085523,0.0009533920116193699,3
2464,20221018_110119.mat,2880127,2.880127,0.007989611997744539,0.0009533920116193699,3
2465,20221018_110119.mat,2880326,2.880326,0.002553006962052848,0.0009533920116193699,3
2466,20221018_110119.mat,2893062,2.893062,0.0016209696534240084,0.0009533920116193699,3
2467,20221018_110119.mat,2893261,2.893261,0.0010576736581533633,0.0009533920116193699,3
2468,20221018_110119.mat,3020820,3.02082,0.0009551761971837315,0.0009533920116193699,3
2469,20221018_110119.mat,3032959,3.032959,0.010663604230216818,0.0009533920116193699,3
2470,20221018_110119.mat,3033158,3.033158,0.006763225887685733,0.0009533920116193699,3
2471,20221018_110119.mat,3033357,3.033357,0.0012911250811145885,0.0009533920116193699,3
2472,20221018_110119.mat,3100022,3.100022,0.0010464859254433513,0.0009533920116193699,3
2473,20221018_110119.mat,3105992,3.105992,0.006469760164887643,0.0009533920116193699,3
2474,20221018_110119.mat,3106191,3.106191,0.016341407502903117,0.0009533920116193699,3
2475,20221018_110119.mat,3106390,3.10639,0.003928868939356644,0.0009533920116193699,3
2476,20221018_110119.mat,3142409,3.142409,0.004334372769218807,0.0009533920116193699,3
2477,20221018_110119.mat,3142608,3.142608,0.0013041612039493813,0.0009533920116193699,3
2478,20221018_110119.mat,3147384,3.147384,0.000954230870206456,0.0009533920116193699,3
2479,20221018_110119.mat,3186587,3.186587,0.002505242703963552,0.0009533920116193699,3
2480,20221018_110119.mat,3186786,3.186786,0.0010214220390926268,0.0009533920116193699,3
2481,20221018_110119.mat,3186985,3.186985,0.0026130858760578224,0.0009533920116193699,3
2482,20221018_110119.mat,3187184,3.187184,0.001104479624629942,0.0009533920116193699,3
2483,20221018_110119.mat,3217233,3.217233,0.0009759034385725434,0.0009533920116193699,3
2484,20221018_110119.mat,3228377,3.228377,0.0016568414471576217,0.0009533920116193699,3
2485,20221018_110119.mat,3235143,3.235143,0.020515120872659266,0.0009533920116193699,3
2486,20221018_110119.mat,3235342,3.235342,0.032052232483336766,0.0009533920116193699,3
2487,20221018_110119.mat,3235541,3.235541,0.005893649379342301,0.0009533920116193699,3
2488,20221018_110119.mat,3235740,3.23574,0.0017677141422529365,0.0009533920116193699,3
2489,20221018_110119.mat,3236138,3.236138,0.001362902439613363,0.0009533920116193699,3
2490,20221018_110119.mat,3236337,3.236337,0.0010853851887406654,0.0009533920116193699,3
2491,20221018_110119.mat,3238526,3.238526,0.0010524790755828048,0.0009533920116193699,3
2492,20221018_110119.mat,3238725,3.238725,0.002019024699384237,0.0009533920116193699,3
2493,20221018_110119.mat,3239919,3.239919,0.0011472467737189684,0.0009533920116193699,3
2494,20221018_110119.mat,3243700,3.2437,0.0013728025804960974,0.0009533920116193699,3
2495,20221018_110119.mat,3247481,3.247481,0.0014394028255700424,0.0009533920116193699,3
2496,20221018_110119.mat,3257829,3.257829,0.0011831895461843751,0.0009533920116193699,3
2497,20221018_110119.mat,3262804,3.262804,0.0013744243638206296,0.0009533920116193699,3
2498,20221018_110119.mat,3270167,3.270167,0.0010973219285933982,0.0009533920116193699,3
2499,20221018_110119.mat,3270366,3.270366,0.0012720535743636343,0.0009533920116193699,3
2500,20221018_110119.mat,3330862,3.330862,0.00331074630078211,0.0009533920116193699,3
2501,20221018_110119.mat,3331061,3.331061,0.0012535533255677855,0.0009533920116193699,3
2502,20221018_110119.mat,3360712,3.360712,0.001015827998685458,0.0009533920116193699,3
2503,20221018_110119.mat,3361508,3.361508,0.0032401696349937375,0.0009533920116193699,3
2504,20221018_110119.mat,3361707,3.361707,0.006442002932169026,0.0009533920116193699,3
2505,20221018_110119.mat,3403497,3.403497,0.0024129169763458026,0.0009533920116193699,3
2506,20221018_110119.mat,3425586,3.425586,0.04340090422909134,0.0009533920116193699,3
2507,20221018_110119.mat,3425785,3.425785,0.01419219094732003,0.0009533920116193699,3
2508,20221018_110119.mat,3425984,3.425984,0.0025168113962048735,0.0009533920116193699,3
2509,20221018_110119.mat,3449466,3.449466,0.003395404146349096,0.0009533920116193699,3
2510,20221018_110119.mat,3449665,3.449665,0.0032626943756067124,0.0009533920116193699,3
2511,20221018_110119.mat,3466182,3.466182,0.01104987544867701,0.0009533920116193699,3
2512,20221018_110119.mat,3466381,3.466381,0.00452994059969989,0.0009533920116193699,3
2513,20221018_110119.mat,3466580,3.46658,0.001037457498223661,0.0009533920116193699,3
2514,20221018_110119.mat,3467973,3.467973,0.0026060149050018727,0.0009533920116193699,3
2515,20221018_110119.mat,3468172,3.468172,0.0010236838469704344,0.0009533920116193699,3
2516,20221018_110119.mat,3553145,3.553145,0.013209745679424043,0.0009533920116193699,3
2517,20221018_110119.mat,3553344,3.553344,0.002728384003282964,0.0009533920116193699,3
2518,20221018_110119.mat,3586378,3.586378,0.0010485073990239816,0.0009533920116193699,3
2519,20221018_110119.mat,3634536,3.634536,0.0052830324407272845,0.0009533920116193699,3
2520,20221018_110119.mat,3634735,3.634735,0.00229903718116314,0.0009533920116193699,3
2521,20221018_110119.mat,3634934,3.634934,0.06947004784583821,0.0009533920116193699,3
2522,20221018_110119.mat,3635133,3.635133,0.046923180919250136,0.0009533920116193699,3
2523,20221018_110119.mat,3635332,3.635332,0.008291830500755252,0.0009533920116193699,3
2524,20221018_110119.mat,3635531,3.635531,0.00225794046104098,0.0009533920116193699,3
2525,20221018_110119.mat,3635730,3.63573,0.0014433977205240282,0.0009533920116193699,3
2526,20221018_110119.mat,3636327,3.636327,0.0016366981856315369,0.0009533920116193699,3
2527,20221018_110119.mat,3636526,3.636526,0.00244468237753295,0.0009533920116193699,3
2528,20221018_110119.mat,3636725,3.636725,0.0015184266250460436,0.0009533920116193699,3
2529,20221018_110119.mat,3637123,3.637123,0.0016636016822871586,0.0009533920116193699,3
2530,20221018_110119.mat,3637521,3.637521,0.0010814904736512424,0.0009533920116193699,3
2531,20221018_110119.mat,3638715,3.638715,0.0016552410082366236,0.0009533920116193699,3
2532,20221018_110119.mat,3638914,3.638914,0.002150287558644288,0.0009533920116193699,3
2533,20221018_110119.mat,3643690,3.64369,0.0011580139938930781,0.0009533920116193699,3
2534,20221018_110119.mat,3645083,3.645083,0.0014089553882983415,0.0009533920116193699,3
2535,20221018_110119.mat,3645282,3.645282,0.0015338561911557543,0.0009533920116193699,3
2536,20221018_110119.mat,3647471,3.647471,0.0009562752323558407,0.0009533920116193699,3
2537,20221018_110119.mat,3647670,3.64767,0.0021597483633118745,0.0009533920116193699,3
2538,20221018_110119.mat,3647869,3.647869,0.0019070389597004263,0.0009533920116193699,3
2539,20221018_110119.mat,3677321,3.677321,0.001103156476554505,0.0009533920116193699,3
2540,20221018_110119.mat,3678913,3.678913,0.0011164833068313374,0.0009533920116193699,3
2541,20221018_110119.mat,3690057,3.690057,0.0015317649245199319,0.0009533920116193699,3
2542,20221018_110119.mat,3690256,3.690256,0.0013289267572487622,0.0009533920116193699,3
2543,20221018_110119.mat,3699808,3.699808,0.0016138467335446822,0.0009533920116193699,3
2544,20221018_110119.mat,3705579,3.705579,0.0012808735672312568,0.0009533920116193699,3
2545,20221018_110119.mat,3714534,3.714534,0.0012255957579729426,0.0009533920116193699,3
2546,20221018_110119.mat,3725280,3.72528,0.004011950369309255,0.0009533920116193699,3
2547,20221018_110119.mat,3742792,3.742792,0.001608193518131454,0.0009533920116193699,3
2548,20221018_110119.mat,3742991,3.742991,0.0014526677793146585,0.0009533920116193699,3
2549,20221018_110119.mat,3782791,3.782791,0.0035364607794332726,0.0009533920116193699,3
2550,20221018_110119.mat,3792741,3.792741,0.004057610917676558,0.0009533920116193699,3
2551,20221018_110119.mat,3792940,3.79294,0.0010131742519694468,0.0009533920116193699,3
2552,20221018_110119.mat,3823984,3.823984,0.001241517597037729,0.0009533920116193699,3
2553,20221018_110119.mat,3900201,3.900201,0.0009712008921007174,0.0009533920116193699,3
2554,20221018_110119.mat,3927464,3.927464,0.0018484569379552615,0.0009533920116193699,3
2555,20221018_110119.mat,3927663,3.927663,0.0010717419724763902,0.0009533920116193699,3
2556,20221018_110119.mat,3950150,3.95015,0.0010138569090080856,0.0009533920116193699,3
2557,20221018_110119.mat,3984378,3.984378,0.002045113410334665,0.0009533920116193699,3
2558,20221018_110119.mat,4023780,4.02378,0.0015864688380337435,0.0009533920116193699,3
2559,20221018_110119.mat,4027760,4.02776,0.0021353574628542324,0.0009533920116193699,3
2560,20221018_110119.mat,4027959,4.027959,0.0011696961354427198,0.0009533920116193699,3
2561,20221018_110119.mat,4069351,4.069351,0.002517439827175864,0.0009533920116193699,3
2562,20221018_110119.mat,4069550,4.06955,0.0011717824329956896,0.0009533920116193699,3
2563,20221018_110119.mat,4075520,4.07552,0.0011352144660671754,0.0009533920116193699,3
2564,20221018_110119.mat,4075719,4.075719,0.0010849918257178715,0.0009533920116193699,3
2565,20221018_110119.mat,4111937,4.111937,0.006760432664908422,0.0009533920116193699,3
2566,20221018_110119.mat,4112136,4.112136,0.004709608268082776,0.0009533920116193699,3
2567,20221018_110119.mat,4112335,4.112335,0.000961922704309545,0.0009533920116193699,3
2568,20221018_110119.mat,4122285,4.122285,0.0017678979993403737,0.0009533920116193699,3
2569,20221018_110119.mat,4122484,4.122484,0.0014216263825136018,0.0009533920116193699,3
2570,20221018_110119.mat,4146762,4.146762,0.0015233088361016071,0.0009533920116193699,3
2571,20221018_110119.mat,4175816,4.175816,0.0009708446267412965,0.0009533920116193699,3
2572,20221018_110119.mat,4194124,4.194124,0.004563334301520808,0.0009533920116193699,3
2573,20221018_110119.mat,4194323,4.194323,0.0012193015128340392,0.0009533920116193699,3
2574,20221018_110119.mat,4201288,4.201288,0.0014614314600979092,0.0009533920116193699,3
2575,20221018_110119.mat,4214024,4.214024,0.0034148495999470323,0.0009533920116193699,3
2576,20221018_110119.mat,4269744,4.269744,0.06162113506100661,0.0009533920116193699,3
2577,20221018_110119.mat,4269943,4.269943,0.10663884907141019,0.0009533920116193699,3
2578,20221018_110119.mat,4270142,4.270142,0.25761427159468864,0.0009533920116193699,3
2579,20221018_110119.mat,4270341,4.270341,1.3553983731384671,0.0009533920116193699,3
2580,20221018_110119.mat,4270540,4.27054,0.7178012207326053,0.0009533920116193699,3
2581,20221018_110119.mat,4270739,4.270739,0.08246230612367164,0.0009533920116193699,3
2582,20221018_110119.mat,4270938,4.270938,0.024793847719929103,0.0009533920116193699,3
2583,20221018_110119.mat,4271137,4.271137,0.006322417426719079,0.0009533920116193699,3
2584,20221018_110119.mat,4271336,4.271336,0.0022072505198227348,0.0009533920116193699,3
2585,20221018_110119.mat,4271535,4.271535,0.0009996186202794169,0.0009533920116193699,3
2586,20221018_110119.mat,4273525,4.273525,0.0012065266460896842,0.0009533920116193699,3
2587,20221018_110119.mat,4273724,4.273724,0.0010590562208251117,0.0009533920116193699,3
2588,20221018_110119.mat,4276510,4.27651,0.01514386709804445,0.0009533920116193699,3
2589,20221018_110119.mat,4276709,4.276709,0.008198758343197799,0.0009533920116193699,3
2590,20221018_110119.mat,4276908,4.276908,0.0013269855570054584,0.0009533920116193699,3
2591,20221018_110119.mat,4277306,4.277306,0.0019777385277064915,0.0009533920116193699,3
2592,20221018_110119.mat,4277505,4.277505,0.006903025140790878,0.0009533920116193699,3
2593,20221018_110119.mat,4277704,4.277704,0.003040272985947908,0.0009533920116193699,3
2594,20221018_110119.mat,4277903,4.277903,0.008910134605955857,0.0009533920116193699,3
2595,20221018_110119.mat,4278102,4.278102,0.021134123553397707,0.0009533920116193699,3
2596,20221018_110119.mat,4278301,4.278301,0.0025740440533186747,0.0009533920116193699,3
2597,20221018_110119.mat,4278500,4.2785,0.0013083685996206715,0.0009533920116193699,3
2598,20221018_110119.mat,4282679,4.282679,0.0030402326052751533,0.0009533920116193699,3
2599,20221018_110119.mat,4282878,4.282878,0.0011062652682693607,0.0009533920116193699,3
2600,20221018_110119.mat,4283077,4.283077,0.9611044672399198,0.0009533920116193699,3
2601,20221018_110119.mat,4283276,4.283276,1.3134842989016386,0.0009533920116193699,3
2602,20221018_110119.mat,4283475,4.283475,0.20620906242148337,0.0009533920116193699,3
2603,20221018_110119.mat,4283674,4.283674,0.060078636771282355,0.0009533920116193699,3
2604,20221018_110119.mat,4283873,4.283873,0.013708121654211916,0.0009533920116193699,3
2605,20221018_110119.mat,4284072,4.284072,0.0039024450133861677,0.0009533920116193699,3
2606,20221018_110119.mat,4284271,4.284271,0.0011213092680107035,0.0009533920116193699,3
2607,20221018_110119.mat,4285266,4.285266,0.004326014239741822,0.0009533920116193699,3
2608,20221018_110119.mat,4285465,4.285465,0.0013954198708127723,0.0009533920116193699,3
2609,20221018_110119.mat,4285664,4.285664,0.0009574385520494019,0.0009533920116193699,3
2610,20221018_110119.mat,4286062,4.286062,0.0009746018611039959,0.0009533920116193699,3
2611,20221018_110119.mat,4286261,4.286261,0.0009575929820596488,0.0009533920116193699,3
2612,20221018_110119.mat,4286460,4.28646,0.0010899969354714084,0.0009533920116193699,3
2613,20221018_110119.mat,4293624,4.293624,0.001098677445896542,0.0009533920116193699,3
2614,20221018_110119.mat,4306559,4.306559,0.0018317057298595431,0.0009533920116193699,3
2615,20221018_110119.mat,4306758,4.306758,0.003750412101875654,0.0009533920116193699,3
2616,20221018_110119.mat,4308151,4.308151,0.001941996890084119,0.0009533920116193699,3
2617,20221018_110119.mat,4319494,4.319494,0.0028389081474823985,0.0009533920116193699,3
2618,20221018_110119.mat,4319693,4.319693,0.004455833631337739,0.0009533920116193699,3
2619,20221018_110119.mat,4322877,4.322877,0.001524136414307426,0.0009533920116193699,3
2620,20221018_110119.mat,4337006,4.337006,0.0016246863876393826,0.0009533920116193699,3
2621,20221018_110119.mat,4337205,4.337205,0.0009609041470278831,0.0009533920116193699,3
2622,20221018_110119.mat,4338996,4.338996,0.0018661755391378542,0.0009533920116193699,3
2623,20221018_110119.mat,4339195,4.339195,0.0025500438265196254,0.0009533920116193699,3
2624,20221018_110119.mat,4354319,4.354319,0.0010667676494870563,0.0009533920116193699,3
2625,20221018_110119.mat,4380189,4.380189,0.002529355882127678,0.0009533920116193699,3
2626,20221018_110119.mat,4446655,4.446655,0.0015025239533732963,0.0009533920116193699,3
2627,20221018_110119.mat,4461779,4.461779,0.0016964483332006202,0.0009533920116193699,3
2628,20221018_110119.mat,4481281,4.481281,0.0023284154315714534,0.0009533920116193699,3
2629,20221018_110119.mat,4483669,4.483669,0.0015541404353166485,0.0009533920116193699,3
2630,20221018_110119.mat,4494813,4.494813,0.0010949268618194168,0.0009533920116193699,3
2631,20221018_110119.mat,4502375,4.502375,0.0012284662412909637,0.0009533920116193699,3
2632,20221018_110119.mat,4528643,4.528643,0.0015915551240051576,0.0009533920116193699,3
2633,20221018_110119.mat,4565060,4.56506,0.0009645279601416785,0.0009533920116193699,3
2634,20221018_110119.mat,4580781,4.580781,0.0009927587546179532,0.0009533920116193699,3
2635,20221018_110119.mat,4613815,4.613815,0.0010281978682495372,0.0009533920116193699,3
2636,20221018_110119.mat,4657794,4.657794,0.0014457306865616345,0.0009533920116193699,3
2637,20221018_110119.mat,4657993,4.657993,0.004588642651372803,0.0009533920116193699,3
2638,20221018_110119.mat,4695007,4.695007,0.0010348713467274748,0.0009533920116193699,3
2639,20221018_110119.mat,4709335,4.709335,0.002126708541338103,0.0009533920116193699,3
2640,20221018_110119.mat,4731822,4.731822,0.002191989949036544,0.0009533920116193699,3
2641,20221018_110119.mat,4732021,4.732021,0.0017589173341265303,0.0009533920116193699,3
2642,20221018_110119.mat,4760876,4.760876,0.001571265622935615,0.0009533920116193699,3
2643,20221018_110119.mat,4761075,4.761075,0.0010119191895220695,0.0009533920116193699,3
2644,20221018_110119.mat,4771423,4.771423,0.0033588716087586804,0.0009533920116193699,3
2645,20221018_110119.mat,4775005,4.775005,0.0009824891291417448,0.0009533920116193699,3
2646,20221018_110119.mat,4775204,4.775204,0.0012501591922755545,0.0009533920116193699,3
2647,20221018_110119.mat,4776995,4.776995,0.0018230876130989184,0.0009533920116193699,3
2648,20221018_110119.mat,4777194,4.777194,0.0017493771445109528,0.0009533920116193699,3
2649,20221018_110119.mat,4791323,4.791323,0.0009679206295419631,0.0009533920116193699,3
2650,20221018_110119.mat,4797890,4.79789,0.0020531603897092857,0.0009533920116193699,3
2651,20221018_110119.mat,4874704,4.874704,0.0009561774708611975,0.0009533920116193699,3
2652,20221018_110119.mat,4889231,4.889231,0.0009965158819916161,0.0009533920116193699,3
2653,20221018_110119.mat,4889430,4.88943,0.0011194977502813743,0.0009533920116193699,3
2654,20221018_110119.mat,4930225,4.930225,0.0011254317892486435,0.0009533920116193699,3
2655,20221018_110119.mat,4972413,4.972413,0.012353333796787928,0.0009533920116193699,3
2656,20221018_110119.mat,4972612,4.972612,0.0032649599580178395,0.0009533920116193699,3
2657,20221018_110119.mat,4972811,4.972811,0.0009541372839686599,0.0009533920116193699,3
2658,20221018_110119.mat,4996293,4.996293,0.001352895840471198,0.0009533920116193699,3
2659,20221018_110124.mat,5373,0.005373,0.0017072707901962904,0.0009448409544887595,3
2660,20221018_110124.mat,5572,0.005572,0.0016355507576181834,0.0009448409544887595,3
2661,20221018_110124.mat,11542,0.011542,0.0010737663691457741,0.0009448409544887595,3
2662,20221018_110124.mat,52735,0.052735,0.0010589817948482726,0.0009448409544887595,3
2663,20221018_110124.mat,190244,0.190244,0.0010901684566231645,0.0009448409544887595,3
2664,20221018_110124.mat,190642,0.190642,0.0015185566744553795,0.0009448409544887595,3
2665,20221018_110124.mat,274023,0.274023,0.0029552581191119205,0.0009448409544887595,3
2666,20221018_110124.mat,392428,0.392428,0.0010126234179423821,0.0009448409544887595,3
2667,20221018_110124.mat,440785,0.440785,0.002864206993048535,0.0009448409544887595,3
2668,20221018_110124.mat,517798,0.517798,0.0009698090862373231,0.0009448409544887595,3
2669,20221018_110124.mat,614711,0.614711,0.001073331638533185,0.0009448409544887595,3
2670,20221018_110124.mat,1074003,1.074003,0.0010162999044370877,0.0009448409544887595,3
2671,20221018_110124.mat,1074202,1.074202,0.0009649022915029564,0.0009448409544887595,3
2672,20221018_110124.mat,1161961,1.161961,0.001245391770706657,0.0009448409544887595,3
2673,20221018_110124.mat,1178279,1.178279,0.0017979504459700638,0.0009448409544887595,3
2674,20221018_110124.mat,1179871,1.179871,0.0011920206913859821,0.0009448409544887595,3
2675,20221018_110124.mat,1286734,1.286734,0.0009627308172081216,0.0009448409544887595,3
2676,20221018_110124.mat,1355986,1.355986,0.16202169980313288,0.0009448409544887595,3
2677,20221018_110124.mat,1356185,1.356185,0.023165123488785005,0.0009448409544887595,3
2678,20221018_110124.mat,1356384,1.356384,0.007111746986621664,0.0009448409544887595,3
2679,20221018_110124.mat,1356583,1.356583,0.001928048862581776,0.0009448409544887595,3
2680,20221018_110124.mat,1446531,1.446531,0.0009528945844981697,0.0009448409544887595,3
2681,20221018_110124.mat,1715579,1.715579,0.0012838117913856544,0.0009448409544887595,3
2682,20221018_110124.mat,1753588,1.753588,0.0010075283797446957,0.0009448409544887595,3
2683,20221018_110124.mat,1825825,1.825825,0.0009837274007450567,0.0009448409544887595,3
2684,20221018_110124.mat,1975672,1.975672,0.0009679576560097643,0.0009448409544887595,3
2685,20221018_110124.mat,2055670,2.05567,0.0009831724599411852,0.0009448409544887595,3
2686,20221018_110124.mat,2125519,2.125519,0.0009629823328503327,0.0009448409544887595,3
2687,20221018_110124.mat,2155369,2.155369,0.0009719238138117521,0.0009448409544887595,3
2688,20221018_110124.mat,2175468,2.175468,0.0009531603110714287,0.0009448409544887595,3
2689,20221018_110124.mat,2177657,2.177657,0.01428547871242205,0.0009448409544887595,3
2690,20221018_110124.mat,2177856,2.177856,0.004101666488252801,0.0009448409544887595,3
2691,20221018_110124.mat,2178055,2.178055,0.0013636815854761724,0.0009448409544887595,3
2692,20221018_110124.mat,2194970,2.19497,0.008295955078065465,0.0009448409544887595,3
2693,20221018_110124.mat,2195169,2.195169,0.007184658129960996,0.0009448409544887595,3
2694,20221018_110124.mat,2195368,2.195368,0.001432744653055961,0.0009448409544887595,3
2695,20221018_110124.mat,2225417,2.225417,0.0014540059079884854,0.0009448409544887595,3
2696,20221018_110124.mat,2328101,2.328101,0.0013404602831676878,0.0009448409544887595,3
2697,20221018_110124.mat,2330887,2.330887,0.001605177750486113,0.0009448409544887595,3
2698,20221018_110124.mat,2331086,2.331086,0.0010591358199221015,0.0009448409544887595,3
2699,20221018_110124.mat,2418049,2.418049,0.0012064010252958752,0.0009448409544887595,3
2700,20221018_110124.mat,2418248,2.418248,0.0019208120479637316,0.0009448409544887595,3
2701,20221018_110124.mat,2444914,2.444914,0.0009499921748991416,0.0009448409544887595,3
2702,20221018_110124.mat,2504017,2.504017,0.009471076144174695,0.0009448409544887595,3
2703,20221018_110124.mat,2504216,2.504216,0.026224697295203905,0.0009448409544887595,3
2704,20221018_110124.mat,2504415,2.504415,0.002348004086366908,0.0009448409544887595,3
2705,20221018_110124.mat,2504614,2.504614,0.001191893127728541,0.0009448409544887595,3
2706,20221018_110124.mat,2584811,2.584811,0.0009704935932885217,0.0009448409544887595,3
2707,20221018_110124.mat,2630183,2.630183,0.0011057265148927042,0.0009448409544887595,3
2708,20221018_110124.mat,2742021,2.742021,0.0009483032699572159,0.0009448409544887595,3
2709,20221018_110124.mat,2742220,2.74222,0.0009620183086332648,0.0009448409544887595,3
2710,20221018_110124.mat,2746598,2.746598,0.0009507025958160666,0.0009448409544887595,3
2711,20221018_110124.mat,2763314,2.763314,0.0010904829040129193,0.0009448409544887595,3
2712,20221018_110124.mat,2763513,2.763513,0.0013726683966811119,0.0009448409544887595,3
2713,20221018_110124.mat,2798338,2.798338,0.003227487106101029,0.0009448409544887595,3
2714,20221018_110124.mat,2798537,2.798537,0.0022398717662796925,0.0009448409544887595,3
2715,20221018_110124.mat,2808885,2.808885,0.002187525131318594,0.0009448409544887595,3
2716,20221018_110124.mat,2809681,2.809681,0.001372152253416758,0.0009448409544887595,3
2717,20221018_110124.mat,2889679,2.889679,0.0024659120900897657,0.0009448409544887595,3
2718,20221018_110124.mat,2889878,2.889878,0.0010836065720158357,0.0009448409544887595,3
2719,20221018_110124.mat,2890077,2.890077,0.0018017412771610395,0.0009448409544887595,3
2720,20221018_110124.mat,2890276,2.890276,0.000968927731588774,0.0009448409544887595,3
2721,20221018_110124.mat,2923509,2.923509,0.004248276030661055,0.0009448409544887595,3
2722,20221018_110124.mat,2923708,2.923708,0.0009776542021808117,0.0009448409544887595,3
2723,20221018_110124.mat,3039327,3.039327,0.002205914465548824,0.0009448409544887595,3
2724,20221018_110124.mat,3144001,3.144001,0.0009593539551010367,0.0009448409544887595,3
2725,20221018_110124.mat,3198726,3.198726,0.0009552233454653128,0.0009448409544887595,3
2726,20221018_110124.mat,3219621,3.219621,0.0010352014698701024,0.0009448409544887595,3
2727,20221018_110124.mat,3255043,3.255043,0.000986958659306616,0.0009448409544887595,3
2728,20221018_110124.mat,3486281,3.486281,0.002177776301598515,0.0009448409544887595,3
2729,20221018_110124.mat,3486480,3.48648,0.0009785282260976985,0.0009448409544887595,3
2730,20221018_110124.mat,3492052,3.492052,0.0010870944116827465,0.0009448409544887595,3
2731,20221018_110124.mat,3503594,3.503594,0.0010073274833195265,0.0009448409544887595,3
2732,20221018_110124.mat,3702196,3.702196,0.002709521597085626,0.0009448409544887595,3
2733,20221018_110124.mat,3702395,3.702395,0.004838098869141754,0.0009448409544887595,3
2734,20221018_110124.mat,3833138,3.833138,0.000977147329027869,0.0009448409544887595,3
2735,20221018_110124.mat,3860202,3.860202,0.0014994800996572524,0.0009448409544887595,3
2736,20221018_110124.mat,3862988,3.862988,0.000960409271566762,0.0009448409544887595,3
2737,20221018_110124.mat,3905375,3.905375,0.0010189808757707602,0.0009448409544887595,3
2738,20221018_110124.mat,3933036,3.933036,0.0009506491011912139,0.0009448409544887595,3
2739,20221018_110124.mat,3942986,3.942986,0.0009456066748830833,0.0009448409544887595,3
2740,20221018_110124.mat,3979403,3.979403,0.001046614277929106,0.0009448409544887595,3
2741,20221018_110124.mat,4082684,4.082684,0.0009835109123450087,0.0009448409544887595,3
2742,20221018_110124.mat,4186363,4.186363,0.012594557402516712,0.0009448409544887595,3
2743,20221018_110124.mat,4186562,4.186562,0.01684716442121496,0.0009448409544887595,3
2744,20221018_110124.mat,4186761,4.186761,0.002663485832438868,0.0009448409544887595,3
2745,20221018_110124.mat,4186960,4.18696,0.0011531861014847178,0.0009448409544887595,3
2746,20221018_110124.mat,4200293,4.200293,0.002821484676484115,0.0009448409544887595,3
2747,20221018_110124.mat,4200492,4.200492,0.0009486472359394437,0.0009448409544887595,3
2748,20221018_110124.mat,4392328,4.392328,0.0009580988934256639,0.0009448409544887595,3
2749,20221018_110124.mat,4402278,4.402278,0.0010259561813677923,0.0009448409544887595,3
2750,20221018_110124.mat,4442277,4.442277,0.000967411370640119,0.0009448409544887595,3
2751,20221018_110124.mat,4447053,4.447053,0.0012430865801903615,0.0009448409544887595,3
2752,20221018_110124.mat,4479092,4.479092,0.004873081289520797,0.0009448409544887595,3
2753,20221018_110124.mat,4502176,4.502176,0.0009834935004848753,0.0009448409544887595,3
2754,20221018_110124.mat,4514514,4.514514,0.006934610182320445,0.0009448409544887595,3
2755,20221018_110124.mat,4514713,4.514713,0.0027586427742513813,0.0009448409544887595,3
2756,20221018_110124.mat,4537399,4.537399,0.0022298171606439563,0.0009448409544887595,3
2757,20221018_110124.mat,4537598,4.537598,0.004988398690104117,0.0009448409544887595,3
2758,20221018_110124.mat,4539588,4.539588,0.0010485044996864994,0.0009448409544887595,3
2759,20221018_110124.mat,4557697,4.557697,0.0015340749877666084,0.0009448409544887595,3
2760,20221018_110124.mat,4632123,4.632123,0.0009768541271970147,0.0009448409544887595,3
2761,20221018_110124.mat,4862764,4.862764,0.005434940273955092,0.0009448409544887595,3
2762,20221018_110124.mat,4862963,4.862963,0.004192785231458246,0.0009448409544887595,3
2763,20221018_110124.mat,4943359,4.943359,0.0014180576138379678,0.0009448409544887595,3
2764,20221018_110129.mat,77212,0.077212,0.0011662637888037648,0.0009412292248065911,3
2765,20221018_110129.mat,77411,0.077411,0.001273032074032766,0.0009412292248065911,3
2766,20221018_110129.mat,78406,0.078406,0.0012012691586644599,0.0009412292248065911,3
2767,20221018_110129.mat,78605,0.078605,0.0014355484380664594,0.0009412292248065911,3
2768,20221018_110129.mat,150444,0.150444,0.0014692364868121011,0.0009412292248065911,3
2769,20221018_110129.mat,154225,0.154225,0.0016836042633572724,0.0009412292248065911,3
2770,20221018_110129.mat,154424,0.154424,0.001995190624502308,0.0009412292248065911,3
2771,20221018_110129.mat,186264,0.186264,0.0028918392047851313,0.0009412292248065911,3
2772,20221018_110129.mat,186463,0.186463,0.005666594221417827,0.0009412292248065911,3
2773,20221018_110129.mat,186662,0.186662,0.0009518253860471212,0.0009412292248065911,3
2774,20221018_110129.mat,191637,0.191637,0.00528112810184921,0.0009412292248065911,3
2775,20221018_110129.mat,191836,0.191836,0.0011847321674262222,0.0009412292248065911,3
2776,20221018_110129.mat,292928,0.292928,0.0027998541746330043,0.0009412292248065911,3
2777,20221018_110129.mat,293127,0.293127,0.0020175025236940864,0.0009412292248065911,3
2778,20221018_110129.mat,304470,0.30447,0.002103460074720722,0.0009412292248065911,3
2779,20221018_110129.mat,304669,0.304669,0.0017273883296881696,0.0009412292248065911,3
2780,20221018_110129.mat,316211,0.316211,0.0009455348795906899,0.0009412292248065911,3
2781,20221018_110129.mat,378697,0.378697,0.0009658564710379328,0.0009412292248065911,3
2782,20221018_110129.mat,484366,0.484366,0.0010326621912137767,0.0009412292248065911,3
2783,20221018_110129.mat,484565,0.484565,0.018038021738941555,0.0009412292248065911,3
2784,20221018_110129.mat,484764,0.484764,0.057482674148038156,0.0009412292248065911,3
2785,20221018_110129.mat,484963,0.484963,0.009165242386476237,0.0009412292248065911,3
2786,20221018_110129.mat,485162,0.485162,0.0026778107738766144,0.0009412292248065911,3
2787,20221018_110129.mat,496107,0.496107,0.0009592104581916905,0.0009412292248065911,3
2788,20221018_110129.mat,566155,0.566155,0.0014274546601520488,0.0009412292248065911,3
2789,20221018_110129.mat,612721,0.612721,0.021472439261204,0.0009412292248065911,3
2790,20221018_110129.mat,612920,0.61292,0.00346961215698841,0.0009412292248065911,3
2791,20221018_110129.mat,613119,0.613119,0.0021113269590875487,0.0009412292248065911,3
2792,20221018_110129.mat,695704,0.695704,0.000980300131254195,0.0009412292248065911,3
2793,20221018_110129.mat,765752,0.765752,0.0009589573186457583,0.0009412292248065911,3
2794,20221018_110129.mat,774110,0.77411,0.0015182335893345806,0.0009412292248065911,3
2795,20221018_110129.mat,800577,0.800577,0.0013323269062945836,0.0009412292248065911,3
2796,20221018_110129.mat,845551,0.845551,0.0009623221000974571,0.0009412292248065911,3
2797,20221018_110129.mat,855103,0.855103,0.003922469412193349,0.0009412292248065911,3
2798,20221018_110129.mat,855302,0.855302,0.01143691830719746,0.0009412292248065911,3
2799,20221018_110129.mat,855501,0.855501,0.001615527645910181,0.0009412292248065911,3
2800,20221018_110129.mat,917788,0.917788,0.0047053825889841385,0.0009412292248065911,3
2801,20221018_110129.mat,917987,0.917987,0.010246615735200535,0.0009412292248065911,3
2802,20221018_110129.mat,927340,0.92734,0.005356066676752236,0.0009412292248065911,3
2803,20221018_110129.mat,927539,0.927539,0.0014811176799841498,0.0009412292248065911,3
2804,20221018_110129.mat,945449,0.945449,0.0009431636066793379,0.0009412292248065911,3
2805,20221018_110129.mat,955399,0.955399,0.0010087117945391845,0.0009412292248065911,3
2806,20221018_110129.mat,961568,0.961568,0.16524622123261534,0.0009412292248065911,3
2807,20221018_110129.mat,961767,0.961767,0.053632549906439196,0.0009412292248065911,3
2808,20221018_110129.mat,961966,0.961966,0.009562673352128657,0.0009412292248065911,3
2809,20221018_110129.mat,962165,0.962165,0.0019816540094491257,0.0009412292248065911,3
2810,20221018_110129.mat,974105,0.974105,0.0011442654404708445,0.0009412292248065911,3
2811,20221018_110129.mat,975498,0.975498,0.0009472613108172844,0.0009412292248065911,3
2812,20221018_110129.mat,1000373,1.000373,0.005615450996822884,0.0009412292248065911,3
2813,20221018_110129.mat,1000572,1.000572,0.003350006426130223,0.0009412292248065911,3
2814,20221018_110129.mat,1032611,1.032611,0.0026536015605132727,0.0009412292248065911,3
2815,20221018_110129.mat,1035397,1.035397,0.0009456946797974625,0.0009412292248065911,3
2816,20221018_110129.mat,1035596,1.035596,0.006552936571738075,0.0009412292248065911,3
2817,20221018_110129.mat,1035795,1.035795,0.0022784308535670757,0.0009412292248065911,3
2818,20221018_110129.mat,1050919,1.050919,0.0017244154372740754,0.0009412292248065911,3
2819,20221018_110129.mat,1103853,1.103853,0.003516406479782648,0.0009412292248065911,3
2820,20221018_110129.mat,1115196,1.115196,0.0009525990746189247,0.0009412292248065911,3
2821,20221018_110129.mat,1197980,1.19798,0.0013105772468233014,0.0009412292248065911,3
2822,20221018_110129.mat,1221064,1.221064,0.0024820763334409825,0.0009412292248065911,3
2823,20221018_110129.mat,1234994,1.234994,0.0022667841104689447,0.0009412292248065911,3
2824,20221018_110129.mat,1235193,1.235193,0.001451595613317941,0.0009412292248065911,3
2825,20221018_110129.mat,1264645,1.264645,0.0009501050459316755,0.0009412292248065911,3
2826,20221018_110129.mat,1345041,1.345041,0.0011139050401401183,0.0009412292248065911,3
2827,20221018_110129.mat,1345240,1.34524,0.0014588521430495289,0.0009412292248065911,3
2828,20221018_110129.mat,1350414,1.350414,0.0011072225806536408,0.0009412292248065911,3
2829,20221018_110129.mat,1350613,1.350613,0.001114212765541642,0.0009412292248065911,3
2830,20221018_110129.mat,1558966,1.558966,0.0009783700376319098,0.0009412292248065911,3
2831,20221018_110129.mat,1614686,1.614686,0.0009446704808017644,0.0009412292248065911,3
2832,20221018_110129.mat,1664635,1.664635,0.0009698926844905096,0.0009412292248065911,3
2833,20221018_110129.mat,1743439,1.743439,0.001344431366589686,0.0009412292248065911,3
2834,20221018_110129.mat,1743638,1.743638,0.0034955501059210237,0.0009412292248065911,3
2835,20221018_110129.mat,1775080,1.77508,0.0059663441414066895,0.0009412292248065911,3
2836,20221018_110129.mat,1775279,1.775279,0.0009764115523954069,0.0009412292248065911,3
2837,20221018_110129.mat,1784433,1.784433,0.005260731553694228,0.0009412292248065911,3
2838,20221018_110129.mat,1784632,1.784632,0.002783777881451714,0.0009412292248065911,3
2839,20221018_110129.mat,1869008,1.869008,0.002504648574589224,0.0009412292248065911,3
2840,20221018_110129.mat,1869207,1.869207,0.001285227181544505,0.0009412292248065911,3
2841,20221018_110129.mat,1870600,1.8706,0.001810473725301994,0.0009412292248065911,3
2842,20221018_110129.mat,1870799,1.870799,0.0010942276271358807,0.0009412292248065911,3
2843,20221018_110129.mat,1874978,1.874978,0.00095199615012905,0.0009412292248065911,3
2844,20221018_110129.mat,1925325,1.925325,0.01767502604537241,0.0009412292248065911,3
2845,20221018_110129.mat,1925524,1.925524,0.006185750489676788,0.0009412292248065911,3
2846,20221018_110129.mat,1925723,1.925723,0.001101332476284863,0.0009412292248065911,3
2847,20221018_110129.mat,1968906,1.968906,0.0009724045493718628,0.0009412292248065911,3
2848,20221018_110129.mat,2037561,2.037561,0.0285078569138295,0.0009412292248065911,3
2849,20221018_110129.mat,2037760,2.03776,0.01526631713373494,0.0009412292248065911,3
2850,20221018_110129.mat,2037959,2.037959,0.0020040214445497203,0.0009412292248065911,3
2851,20221018_110129.mat,2061839,2.061839,0.0054217309194176016,0.0009412292248065911,3
2852,20221018_110129.mat,2062038,2.062038,0.0012382647070750886,0.0009412292248065911,3
2853,20221018_110129.mat,2064227,2.064227,0.000947683664666987,0.0009412292248065911,3
2854,20221018_110129.mat,2065819,2.065819,0.0016186606225991917,0.0009412292248065911,3
2855,20221018_110129.mat,2123330,2.12333,0.006625058952054653,0.0009412292248065911,3
2856,20221018_110129.mat,2123529,2.123529,0.008828810430005553,0.0009412292248065911,3
2857,20221018_110129.mat,2123728,2.123728,0.001122472803040122,0.0009412292248065911,3
2858,20221018_110129.mat,2170095,2.170095,0.0037849367333940426,0.0009412292248065911,3
2859,20221018_110129.mat,2189796,2.189796,0.0016133492775502667,0.0009412292248065911,3
2860,20221018_110129.mat,2209696,2.209696,0.0010769586794741916,0.0009412292248065911,3
2861,20221018_110129.mat,2209895,2.209895,0.0018987167968307975,0.0009412292248065911,3
2862,20221018_110129.mat,2211288,2.211288,0.0026146110880284146,0.0009412292248065911,3
2863,20221018_110129.mat,2266610,2.26661,0.0016215292500960578,0.0009412292248065911,3
2864,20221018_110129.mat,2274371,2.274371,0.032706913204280395,0.0009412292248065911,3
2865,20221018_110129.mat,2274570,2.27457,0.004506487718248711,0.0009412292248065911,3
2866,20221018_110129.mat,2274769,2.274769,0.0016779383925932933,0.0009412292248065911,3
2867,20221018_110129.mat,2302032,2.302032,0.0012103731322666324,0.0009412292248065911,3
2868,20221018_110129.mat,2302231,2.302231,0.0014056327743074048,0.0009412292248065911,3
2869,20221018_110129.mat,2331086,2.331086,0.023427867509433258,0.0009412292248065911,3
2870,20221018_110129.mat,2331285,2.331285,0.041867478793272433,0.0009412292248065911,3
2871,20221018_110129.mat,2331484,2.331484,0.004450705421822339,0.0009412292248065911,3
2872,20221018_110129.mat,2331683,2.331683,0.001715474958024883,0.0009412292248065911,3
2873,20221018_110129.mat,2350787,2.350787,0.0029857569243165174,0.0009412292248065911,3
2874,20221018_110129.mat,2435362,2.435362,0.0020015183319371764,0.0009412292248065911,3
2875,20221018_110129.mat,2485510,2.48551,0.028734676629528656,0.0009412292248065911,3
2876,20221018_110129.mat,2485709,2.485709,0.0027244037343615276,0.0009412292248065911,3
2877,20221018_110129.mat,2493470,2.49347,0.0012205920536999227,0.0009412292248065911,3
2878,20221018_110129.mat,2493669,2.493669,0.0011354289764621836,0.0009412292248065911,3
2879,20221018_110129.mat,2499042,2.499042,0.0009959025379633214,0.0009412292248065911,3
2880,20221018_110129.mat,2499639,2.499639,0.001118141223637124,0.0009412292248065911,3
2881,20221018_110129.mat,2527499,2.527499,0.006558409697533542,0.0009412292248065911,3
2882,20221018_110129.mat,2527698,2.527698,0.0015878494266682872,0.0009412292248065911,3
2883,20221018_110129.mat,2564314,2.564314,0.007931048177776163,0.0009412292248065911,3
2884,20221018_110129.mat,2564513,2.564513,0.003505550489375391,0.0009412292248065911,3
2885,20221018_110129.mat,2592771,2.592771,0.001237273840168834,0.0009412292248065911,3
2886,20221018_110129.mat,2629387,2.629387,0.0031960240729359195,0.0009412292248065911,3
2887,20221018_110129.mat,2629586,2.629586,0.022029440741676842,0.0009412292248065911,3
2888,20221018_110129.mat,2629785,2.629785,0.002745152568124924,0.0009412292248065911,3
2889,20221018_110129.mat,2629984,2.629984,0.001208374172355294,0.0009412292248065911,3
2890,20221018_110129.mat,2648292,2.648292,0.0015618692736088095,0.0009412292248065911,3
2891,20221018_110129.mat,2648491,2.648491,0.0020990350983333024,0.0009412292248065911,3
2892,20221018_110129.mat,2674361,2.674361,0.0014689272398403762,0.0009412292248065911,3
2893,20221018_110129.mat,2674560,2.67456,0.0009506083371311519,0.0009412292248065911,3
2894,20221018_110129.mat,2764110,2.76411,0.0010175549849740383,0.0009412292248065911,3
2895,20221018_110129.mat,2764309,2.764309,0.001131166376946925,0.0009412292248065911,3
2896,20221018_110129.mat,2783214,2.783214,0.0009438616134754146,0.0009412292248065911,3
2897,20221018_110129.mat,2832765,2.832765,0.0021606892685822397,0.0009412292248065911,3
2898,20221018_110129.mat,2832964,2.832964,0.0010478480002889458,0.0009412292248065911,3
2899,20221018_110129.mat,2849282,2.849282,0.0012883181920839847,0.0009412292248065911,3
2900,20221018_110129.mat,2938235,2.938235,0.001136267493016643,0.0009412292248065911,3
2901,20221018_110129.mat,2999328,2.999328,0.024982804835208608,0.0009412292248065911,3
2902,20221018_110129.mat,2999527,2.999527,0.0025729583841693007,0.0009412292248065911,3
2903,20221018_110129.mat,3000920,3.00092,0.0009989708431404878,0.0009412292248065911,3
2904,20221018_110129.mat,3001119,3.001119,0.003863075635372194,0.0009412292248065911,3
2905,20221018_110129.mat,3008681,3.008681,0.014627627884306566,0.0009412292248065911,3
2906,20221018_110129.mat,3008880,3.00888,0.005087145619710564,0.0009412292248065911,3
2907,20221018_110129.mat,3009079,3.009079,0.001349103874853573,0.0009412292248065911,3
2908,20221018_110129.mat,3017636,3.017636,0.002156468695225774,0.0009412292248065911,3
2909,20221018_110129.mat,3017835,3.017835,0.0009464194230308236,0.0009412292248065911,3
2910,20221018_110129.mat,3020621,3.020621,0.0018162884147850968,0.0009412292248065911,3
2911,20221018_110129.mat,3020820,3.02082,0.0019009677430879494,0.0009412292248065911,3
2912,20221018_110129.mat,3070371,3.070371,0.0013207956603203696,0.0009412292248065911,3
2913,20221018_110129.mat,3167483,3.167483,0.004622436588191048,0.0009412292248065911,3
2914,20221018_110129.mat,3167682,3.167682,0.003594531309170837,0.0009412292248065911,3
2915,20221018_110129.mat,3167881,3.167881,0.0011049361494779805,0.0009412292248065911,3
2916,20221018_110129.mat,3202706,3.202706,0.0009756364403132326,0.0009412292248065911,3
2917,20221018_110129.mat,3257232,3.257232,0.0044897539276389994,0.0009412292248065911,3
2918,20221018_110129.mat,3257431,3.257431,0.0023110063945059787,0.0009412292248065911,3
2919,20221018_110129.mat,3287082,3.287082,0.008542376824548958,0.0009412292248065911,3
2920,20221018_110129.mat,3287281,3.287281,0.002686364663942992,0.0009412292248065911,3
2921,20221018_110129.mat,3303997,3.303997,0.0017809564443924991,0.0009412292248065911,3
2922,20221018_110129.mat,3304196,3.304196,0.0010349653805337429,0.0009412292248065911,3
2923,20221018_110129.mat,3316534,3.316534,0.001351685036710788,0.0009412292248065911,3
2924,20221018_110129.mat,3353548,3.353548,0.0013820273819635564,0.0009412292248065911,3
2925,20221018_110129.mat,3353747,3.353747,0.0014469415418269355,0.0009412292248065911,3
2926,20221018_110129.mat,3404492,3.404492,0.005335438865322539,0.0009412292248065911,3
2927,20221018_110129.mat,3404691,3.404691,0.0012648680087236559,0.0009412292248065911,3
2928,20221018_110129.mat,3460411,3.460411,0.0011259930838577081,0.0009412292248065911,3
2929,20221018_110129.mat,3460610,3.46061,0.0010072324368225398,0.0009412292248065911,3
2930,20221018_110129.mat,3471754,3.471754,0.0009663493934359533,0.0009412292248065911,3
2931,20221018_110129.mat,3471953,3.471953,0.0010119441015044332,0.0009412292248065911,3
2932,20221018_110129.mat,3497027,3.497027,0.0012707971473129335,0.0009412292248065911,3
2933,20221018_110129.mat,3497425,3.497425,0.009245883246014419,0.0009412292248065911,3
2934,20221018_110129.mat,3497624,3.497624,0.0020914677771885558,0.0009412292248065911,3
2935,20221018_110129.mat,3497823,3.497823,0.0010607018847856146,0.0009412292248065911,3
2936,20221018_110129.mat,3518917,3.518917,0.0011468051533300378,0.0009412292248065911,3
2937,20221018_110129.mat,3533842,3.533842,0.0030564555064752923,0.0009412292248065911,3
2938,20221018_110129.mat,3534041,3.534041,0.0010273844342787183,0.0009412292248065911,3
2939,20221018_110129.mat,3587373,3.587373,0.0022336094268268812,0.0009412292248065911,3
2940,20221018_110129.mat,3590358,3.590358,0.2104357932740898,0.0009412292248065911,3
2941,20221018_110129.mat,3590557,3.590557,0.021326953838612127,0.0009412292248065911,3
2942,20221018_110129.mat,3590756,3.590756,0.0039691026730593795,0.0009412292248065911,3
2943,20221018_110129.mat,3657023,3.657023,0.0061117880448187676,0.0009412292248065911,3
2944,20221018_110129.mat,3657222,3.657222,0.002587049926401679,0.0009412292248065911,3
2945,20221018_110129.mat,3678913,3.678913,0.004648086931814679,0.0009412292248065911,3
2946,20221018_110129.mat,3679112,3.679112,0.016980280337642432,0.0009412292248065911,3
2947,20221018_110129.mat,3679311,3.679311,0.0020030535648444233,0.0009412292248065911,3
2948,20221018_110129.mat,3688664,3.688664,0.00200399909430557,0.0009412292248065911,3
2949,20221018_110129.mat,3698216,3.698216,0.0011426296889184542,0.0009412292248065911,3
2950,20221018_110129.mat,3698415,3.698415,0.0011644522546961872,0.0009412292248065911,3
2951,20221018_110129.mat,3702196,3.702196,0.0009579723497934682,0.0009412292248065911,3
2952,20221018_110129.mat,3740205,3.740205,0.0016528090210570477,0.0009412292248065911,3
2953,20221018_110129.mat,3750354,3.750354,0.0011136851842236566,0.0009412292248065911,3
2954,20221018_110129.mat,3768463,3.768463,0.0009829868358377637,0.0009412292248065911,3
2955,20221018_110129.mat,3792144,3.792144,0.0009499010390366101,0.0009412292248065911,3
2956,20221018_110129.mat,3836123,3.836123,0.0015779452715772874,0.0009412292248065911,3
2957,20221018_110129.mat,3836322,3.836322,0.0016862264733632317,0.0009412292248065911,3
2958,20221018_110129.mat,3842093,3.842093,0.0009513129098847744,0.0009412292248065911,3
2959,20221018_110129.mat,3852043,3.852043,0.001086948879387553,0.0009412292248065911,3
2960,20221018_110129.mat,3927265,3.927265,0.021209203005246792,0.0009412292248065911,3
2961,20221018_110129.mat,3927464,3.927464,0.006270400236567991,0.0009412292248065911,3
2962,20221018_110129.mat,3927663,3.927663,0.001476572163406363,0.0009412292248065911,3
2963,20221018_110129.mat,3931842,3.931842,0.000978672475333009,0.0009412292248065911,3
2964,20221018_110129.mat,3994129,3.994129,0.0011253802728243207,0.0009412292248065911,3
2965,20221018_110129.mat,4016417,4.016417,0.0009623492106245728,0.0009412292248065911,3
2966,20221018_110129.mat,4016616,4.016616,0.01484298128293679,0.0009412292248065911,3
2967,20221018_110129.mat,4016815,4.016815,0.0029129107324372076,0.0009412292248065911,3
2968,20221018_110129.mat,4048456,4.048456,0.0034749808930606475,0.0009412292248065911,3
2969,20221018_110129.mat,4058804,4.058804,0.0013193203063172384,0.0009412292248065911,3
2970,20221018_110129.mat,4059003,4.059003,0.0010646692156914474,0.0009412292248065911,3
2971,20221018_110129.mat,4094027,4.094027,0.014360500555553048,0.0009412292248065911,3
2972,20221018_110129.mat,4094226,4.094226,0.00171431984506244,0.0009412292248065911,3
2973,20221018_110129.mat,4094425,4.094425,0.0009556482922148809,0.0009412292248065911,3
2974,20221018_110129.mat,4107559,4.107559,0.0013405830741475015,0.0009412292248065911,3
2975,20221018_110129.mat,4179796,4.179796,0.00508430376540526,0.0009412292248065911,3
2976,20221018_110129.mat,4179995,4.179995,0.004253370653281857,0.0009412292248065911,3
2977,20221018_110129.mat,4222382,4.222382,0.0018389310771386549,0.0009412292248065911,3
2978,20221018_110129.mat,4223377,4.223377,0.0020783817756976184,0.0009412292248065911,3
2979,20221018_110129.mat,4223576,4.223576,0.001161481980122523,0.0009412292248065911,3
2980,20221018_110129.mat,4391333,4.391333,0.0009448326417641946,0.0009412292248065911,3
2981,20221018_110129.mat,4519489,4.519489,0.017277167678618664,0.0009412292248065911,3
2982,20221018_110129.mat,4519688,4.519688,0.01477990808634532,0.0009412292248065911,3
2983,20221018_110129.mat,4519887,4.519887,0.0026130678942705788,0.0009412292248065911,3
2984,20221018_110129.mat,4520086,4.520086,0.0009567653070834751,0.0009412292248065911,3
2985,20221018_110129.mat,4521678,4.521678,0.0033336159130300845,0.0009412292248065911,3
2986,20221018_110129.mat,4521877,4.521877,0.0012047434585234472,0.0009412292248065911,3
2987,20221018_110129.mat,4557697,4.557697,0.002253138441541802,0.0009412292248065911,3
2988,20221018_110129.mat,4557896,4.557896,0.001149017376823158,0.0009412292248065911,3
2989,20221018_110129.mat,4589736,4.589736,0.0034984562830346873,0.0009412292248065911,3
2990,20221018_110129.mat,4589935,4.589935,0.004202951452903932,0.0009412292248065911,3
2991,20221018_110129.mat,4597298,4.597298,0.026012511468721217,0.0009412292248065911,3
2992,20221018_110129.mat,4597497,4.597497,0.00518260166821203,0.0009412292248065911,3
2993,20221018_110129.mat,4597696,4.597696,0.0019485576066469335,0.0009412292248065911,3
2994,20221018_110129.mat,4621178,4.621178,0.038474891747383236,0.0009412292248065911,3
2995,20221018_110129.mat,4621377,4.621377,0.029304330945798436,0.0009412292248065911,3
2996,20221018_110129.mat,4621576,4.621576,0.003947077175806527,0.0009412292248065911,3
2997,20221018_110129.mat,4621775,4.621775,0.001585687589828665,0.0009412292248065911,3
2998,20221018_110129.mat,4681077,4.681077,0.000982592433690772,0.0009412292248065911,3
2999,20221018_110129.mat,4726449,4.726449,0.010674713152035244,0.0009412292248065911,3
3000,20221018_110129.mat,4726648,4.726648,0.02055188860487071,0.0009412292248065911,3
3001,20221018_110129.mat,4726847,4.726847,0.0012933570210286417,0.0009412292248065911,3
3002,20221018_110129.mat,4729036,4.729036,0.010201312279968719,0.0009412292248065911,3
3003,20221018_110129.mat,4729235,4.729235,0.009939632901403962,0.0009412292248065911,3
3004,20221018_110129.mat,4729434,4.729434,0.0015410280947882814,0.0009412292248065911,3
3005,20221018_110129.mat,4815800,4.8158,0.0022353707731889256,0.0009412292248065911,3
3006,20221018_110129.mat,4815999,4.815999,0.012316279604021714,0.0009412292248065911,3
3007,20221018_110129.mat,4816198,4.816198,0.001319325064179298,0.0009412292248065911,3
3008,20221018_110129.mat,4993905,4.993905,0.11744845701574648,0.0009412292248065911,3
3009,20221018_110129.mat,4994104,4.994104,0.08511855095404205,0.0009412292248065911,3
3010,20221018_110129.mat,4994303,4.994303,0.008817833968490795,0.0009412292248065911,3
3011,20221018_110129.mat,4994502,4.994502,0.001618135230799145,0.0009412292248065911,3
3012,20221018_110134.mat,26666,0.026666,0.0017789839958248612,0.0009513286445296897,3
3013,20221018_110134.mat,26865,0.026865,0.0018994739175626422,0.0009513286445296897,3
3014,20221018_110134.mat,50745,0.050745,0.010880023373829316,0.0009513286445296897,3
3015,20221018_110134.mat,50944,0.050944,0.025119223162887394,0.0009513286445296897,3
3016,20221018_110134.mat,51143,0.051143,0.004087952647640784,0.0009513286445296897,3
3017,20221018_110134.mat,52536,0.052536,0.0009945837958580971,0.0009513286445296897,3
3018,20221018_110134.mat,107261,0.107261,0.0037747989285434685,0.0009513286445296897,3
3019,20221018_110134.mat,206363,0.206363,0.0027867910609328194,0.0009513286445296897,3
3020,20221018_110134.mat,302082,0.302082,0.0010029092487045704,0.0009513286445296897,3
3021,20221018_110134.mat,343474,0.343474,0.010492622942512532,0.0009513286445296897,3
3022,20221018_110134.mat,343673,0.343673,0.015556824386703005,0.0009513286445296897,3
3023,20221018_110134.mat,343872,0.343872,0.003047790480520547,0.0009513286445296897,3
3024,20221018_110134.mat,344071,0.344071,0.001833569591181788,0.0009513286445296897,3
3025,20221018_110134.mat,373125,0.373125,0.0012994638744000845,0.0009513286445296897,3
3026,20221018_110134.mat,373324,0.373324,0.0011727949771055141,0.0009513286445296897,3
3027,20221018_110134.mat,373722,0.373722,0.0013192590389823134,0.0009513286445296897,3
3028,20221018_110134.mat,389045,0.389045,0.043970366059905494,0.0009513286445296897,3
3029,20221018_110134.mat,389244,0.389244,0.01649825628782628,0.0009513286445296897,3
3030,20221018_110134.mat,389443,0.389443,0.001974479979096597,0.0009513286445296897,3
3031,20221018_110134.mat,389642,0.389642,0.0014683137662462448,0.0009513286445296897,3
3032,20221018_110134.mat,393821,0.393821,0.001579456810670766,0.0009513286445296897,3
3033,20221018_110134.mat,394020,0.39402,0.005322763184282511,0.0009513286445296897,3
3034,20221018_110134.mat,401980,0.40198,0.0013316301705673314,0.0009513286445296897,3
3035,20221018_110134.mat,404766,0.404766,0.016549963309658328,0.0009513286445296897,3
3036,20221018_110134.mat,404965,0.404965,0.005775651038027071,0.0009513286445296897,3
3037,20221018_110134.mat,405164,0.405164,0.001194009754296949,0.0009513286445296897,3
3038,20221018_110134.mat,439989,0.439989,0.025497645380962945,0.0009513286445296897,3
3039,20221018_110134.mat,440188,0.440188,0.008886525489633042,0.0009513286445296897,3
3040,20221018_110134.mat,440387,0.440387,0.0017826990836876098,0.0009513286445296897,3
3041,20221018_110134.mat,451531,0.451531,0.011996092003453664,0.0009513286445296897,3
3042,20221018_110134.mat,451730,0.45173,0.00664013530548603,0.0009513286445296897,3
3043,20221018_110134.mat,451929,0.451929,0.0013966950034632415,0.0009513286445296897,3
3044,20221018_110134.mat,503868,0.503868,0.003693176307202745,0.0009513286445296897,3
3045,20221018_110134.mat,504067,0.504067,0.004309315181344877,0.0009513286445296897,3
3046,20221018_110134.mat,587448,0.587448,0.0009943954855483343,0.0009513286445296897,3
3047,20221018_110134.mat,630830,0.63083,0.004678592663142291,0.0009513286445296897,3
3048,20221018_110134.mat,631029,0.631029,0.0012012496855684281,0.0009513286445296897,3
3049,20221018_110134.mat,661476,0.661476,0.001086766912027963,0.0009513286445296897,3
3050,20221018_110134.mat,666252,0.666252,0.0012145866335859642,0.0009513286445296897,3
3051,20221018_110134.mat,729534,0.729534,0.0012347219923535548,0.0009513286445296897,3
3052,20221018_110134.mat,740479,0.740479,0.004041439294267248,0.0009513286445296897,3
3053,20221018_110134.mat,740678,0.740678,0.0028438548451749433,0.0009513286445296897,3
3054,20221018_110134.mat,753812,0.753812,0.0015594418394670687,0.0009513286445296897,3
3055,20221018_110134.mat,754011,0.754011,0.0010210333631390362,0.0009513286445296897,3
3056,20221018_110134.mat,789433,0.789433,0.04879657848301717,0.0009513286445296897,3
3057,20221018_110134.mat,789632,0.789632,0.006631057402235726,0.0009513286445296897,3
3058,20221018_110134.mat,789831,0.789831,0.001661104299662853,0.0009513286445296897,3
3059,20221018_110134.mat,795801,0.795801,0.01234656164663048,0.0009513286445296897,3
3060,20221018_110134.mat,796000,0.796,0.030305851813914514,0.0009513286445296897,3
3061,20221018_110134.mat,796199,0.796199,0.013536043575746438,0.0009513286445296897,3
3062,20221018_110134.mat,796398,0.796398,0.0029542622040544184,0.0009513286445296897,3
3063,20221018_110134.mat,796597,0.796597,0.0020897652488168217,0.0009513286445296897,3
3064,20221018_110134.mat,805552,0.805552,0.010562909965349353,0.0009513286445296897,3
3065,20221018_110134.mat,805751,0.805751,0.0010650671318743988,0.0009513286445296897,3
3066,20221018_110134.mat,807343,0.807343,0.02978398774220239,0.0009513286445296897,3
3067,20221018_110134.mat,807542,0.807542,0.010055228456823143,0.0009513286445296897,3
3068,20221018_110134.mat,807741,0.807741,0.0022193941511119736,0.0009513286445296897,3
3069,20221018_110134.mat,812517,0.812517,0.001497266952758526,0.0009513286445296897,3
3070,20221018_110134.mat,812716,0.812716,0.002363038252873731,0.0009513286445296897,3
3071,20221018_110134.mat,830228,0.830228,0.001004032771240514,0.0009513286445296897,3
3072,20221018_110134.mat,836596,0.836596,0.025696881343137832,0.0009513286445296897,3
3073,20221018_110134.mat,836795,0.836795,0.0036094065853999363,0.0009513286445296897,3
3074,20221018_110134.mat,836994,0.836994,0.001388418838753706,0.0009513286445296897,3
3075,20221018_110134.mat,854307,0.854307,0.0009719832499768126,0.0009513286445296897,3
3076,20221018_110134.mat,872615,0.872615,0.004610682270339951,0.0009513286445296897,3
3077,20221018_110134.mat,872814,0.872814,0.006197082747492499,0.0009513286445296897,3
3078,20221018_110134.mat,873013,0.873013,0.002317002275797765,0.0009513286445296897,3
3079,20221018_110134.mat,887142,0.887142,0.011909884250519148,0.0009513286445296897,3
3080,20221018_110134.mat,887341,0.887341,0.0037229873488457527,0.0009513286445296897,3
3081,20221018_110134.mat,895301,0.895301,0.0010320825733765864,0.0009513286445296897,3
3082,20221018_110134.mat,911221,0.911221,0.0016455111537656362,0.0009513286445296897,3
3083,20221018_110134.mat,911420,0.91142,0.002357592996687647,0.0009513286445296897,3
3084,20221018_110134.mat,959976,0.959976,0.0014229062017122962,0.0009513286445296897,3
3085,20221018_110134.mat,1006343,1.006343,0.011898963740039757,0.0009513286445296897,3
3086,20221018_110134.mat,1006542,1.006542,0.010668877154866254,0.0009513286445296897,3
3087,20221018_110134.mat,1006741,1.006741,0.0022459106005456664,0.0009513286445296897,3
3088,20221018_110134.mat,1011318,1.011318,0.0009566156697667547,0.0009513286445296897,3
3089,20221018_110134.mat,1016890,1.01689,0.000988427713397059,0.0009513286445296897,3
3090,20221018_110134.mat,1054899,1.054899,0.001533549347299423,0.0009513286445296897,3
3091,20221018_110134.mat,1084948,1.084948,0.018605626429139988,0.0009513286445296897,3
3092,20221018_110134.mat,1085147,1.085147,0.0017925042188104193,0.0009513286445296897,3
3093,20221018_110134.mat,1085346,1.085346,0.0028951365093230546,0.0009513286445296897,3
3094,20221018_110134.mat,1085545,1.085545,0.0009991732389458274,0.0009513286445296897,3
3095,20221018_110134.mat,1123355,1.123355,0.0040564504158514154,0.0009513286445296897,3
3096,20221018_110134.mat,1123554,1.123554,0.0016095989200705589,0.0009513286445296897,3
3097,20221018_110134.mat,1159573,1.159573,0.0010145437262197453,0.0009513286445296897,3
3098,20221018_110134.mat,1159772,1.159772,0.0011361737235613836,0.0009513286445296897,3
3099,20221018_110134.mat,1188229,1.188229,0.001578983171801371,0.0009513286445296897,3
3100,20221018_110134.mat,1188428,1.188428,0.0017618177686883618,0.0009513286445296897,3
3101,20221018_110134.mat,1220865,1.220865,0.0010348731351368682,0.0009513286445296897,3
3102,20221018_110134.mat,1221064,1.221064,0.0011538463126379228,0.0009513286445296897,3
3103,20221018_110134.mat,1223054,1.223054,0.014054975278234945,0.0009513286445296897,3
3104,20221018_110134.mat,1223253,1.223253,0.0024192960804645387,0.0009513286445296897,3
3105,20221018_110134.mat,1223452,1.223452,0.0009843277423793935,0.0009513286445296897,3
3106,20221018_110134.mat,1234198,1.234198,0.03290194479080938,0.0009513286445296897,3
3107,20221018_110134.mat,1234397,1.234397,0.005169757220692784,0.0009513286445296897,3
3108,20221018_110134.mat,1234596,1.234596,0.001743041811926432,0.0009513286445296897,3
3109,20221018_110134.mat,1409517,1.409517,0.01404020323043704,0.0009513286445296897,3
3110,20221018_110134.mat,1409716,1.409716,0.012831106021292645,0.0009513286445296897,3
3111,20221018_110134.mat,1409915,1.409915,0.0015710657855798167,0.0009513286445296897,3
3112,20221018_110134.mat,1417477,1.417477,0.0016213765640669703,0.0009513286445296897,3
3113,20221018_110134.mat,1442949,1.442949,0.005619461138558475,0.0009513286445296897,3
3114,20221018_110134.mat,1443148,1.443148,0.001270584947881691,0.0009513286445296897,3
3115,20221018_110134.mat,1494490,1.49449,0.0009895627292712949,0.0009513286445296897,3
3116,20221018_110134.mat,1613293,1.613293,0.014033642344086144,0.0009513286445296897,3
3117,20221018_110134.mat,1613492,1.613492,0.008905194748773588,0.0009513286445296897,3
3118,20221018_110134.mat,1613691,1.613691,0.0014753941634460211,0.0009513286445296897,3
3119,20221018_110134.mat,1615880,1.61588,0.014165170253616837,0.0009513286445296897,3
3120,20221018_110134.mat,1616079,1.616079,0.0023457554529491887,0.0009513286445296897,3
3121,20221018_110134.mat,1616278,1.616278,0.0009947660312735968,0.0009513286445296897,3
3122,20221018_110134.mat,1674187,1.674187,0.026590188244093378,0.0009513286445296897,3
3123,20221018_110134.mat,1674386,1.674386,0.006648601228287344,0.0009513286445296897,3
3124,20221018_110134.mat,1674585,1.674585,0.001200937848712019,0.0009513286445296897,3
3125,20221018_110134.mat,1716574,1.716574,0.001764879171108839,0.0009513286445296897,3
3126,20221018_110134.mat,1716773,1.716773,0.0074682534619282355,0.0009513286445296897,3
3127,20221018_110134.mat,1731499,1.731499,0.002416909970075479,0.0009513286445296897,3
3128,20221018_110134.mat,1731698,1.731698,0.0010516040602418586,0.0009513286445296897,3
3129,20221018_110134.mat,1769508,1.769508,0.0019339473498949256,0.0009513286445296897,3
3130,20221018_110134.mat,1773289,1.773289,0.0063628206213526784,0.0009513286445296897,3
3131,20221018_110134.mat,1773488,1.773488,0.0037766797437679155,0.0009513286445296897,3
3132,20221018_110134.mat,1795577,1.795577,0.001626965203563447,0.0009513286445296897,3
3133,20221018_110134.mat,1831397,1.831397,0.04426445067232819,0.0009513286445296897,3
3134,20221018_110134.mat,1831596,1.831596,0.011043239489325597,0.0009513286445296897,3
3135,20221018_110134.mat,1831795,1.831795,0.002598827077629986,0.0009513286445296897,3
3136,20221018_110134.mat,1840352,1.840352,0.0009661160302295538,0.0009513286445296897,3
3137,20221018_110134.mat,1870799,1.870799,0.0010397278415004325,0.0009513286445296897,3
3138,20221018_110134.mat,1896072,1.896072,0.0010501805462074143,0.0009513286445296897,3
3139,20221018_110134.mat,1896271,1.896271,0.0011102453186654716,0.0009513286445296897,3
3140,20221018_110134.mat,1910201,1.910201,0.001383919719807454,0.0009513286445296897,3
3141,20221018_110134.mat,1910400,1.9104,0.0010870585804313147,0.0009513286445296897,3
3142,20221018_110134.mat,1924927,1.924927,0.002313056566656491,0.0009513286445296897,3
3143,20221018_110134.mat,1974876,1.974876,0.000962900955764496,0.0009513286445296897,3
3144,20221018_110134.mat,1981244,1.981244,0.0016895531532728017,0.0009513286445296897,3
3145,20221018_110134.mat,2003532,2.003532,0.0011388822726905313,0.0009513286445296897,3
3146,20221018_110134.mat,2139847,2.139847,0.0042820778741479056,0.0009513286445296897,3
3147,20221018_110134.mat,2140046,2.140046,0.0032817432939357305,0.0009513286445296897,3
3148,20221018_110134.mat,2151588,2.151588,0.0010899192108923786,0.0009513286445296897,3
3149,20221018_110134.mat,2248899,2.248899,0.002007921004353927,0.0009513286445296897,3
3150,20221018_110134.mat,2270988,2.270988,0.011388091278654588,0.0009513286445296897,3
3151,20221018_110134.mat,2271187,2.271187,0.04080019453038213,0.0009513286445296897,3
3152,20221018_110134.mat,2271386,2.271386,0.0033584585449719213,0.0009513286445296897,3
3153,20221018_110134.mat,2271585,2.271585,0.0012619764392567652,0.0009513286445296897,3
3154,20221018_110134.mat,2301833,2.301833,0.003085610839473324,0.0009513286445296897,3
3155,20221018_110134.mat,2386806,2.386806,0.0010495633807478023,0.0009513286445296897,3
3156,20221018_110134.mat,2426805,2.426805,0.0028055867584124636,0.0009513286445296897,3
3157,20221018_110134.mat,2427004,2.427004,0.0010116863127980756,0.0009513286445296897,3
3158,20221018_110134.mat,2445312,2.445312,0.010171522026021946,0.0009513286445296897,3
3159,20221018_110134.mat,2445511,2.445511,0.005250422660931556,0.0009513286445296897,3
3160,20221018_110134.mat,2445710,2.44571,0.0011546093589143316,0.0009513286445296897,3
3161,20221018_110134.mat,2515360,2.51536,0.008160945546997578,0.0009513286445296897,3
3162,20221018_110134.mat,2515559,2.515559,0.0017357164490419872,0.0009513286445296897,3
3163,20221018_110134.mat,2517350,2.51735,0.00798210302642793,0.0009513286445296897,3
3164,20221018_110134.mat,2517549,2.517549,0.012270124208407967,0.0009513286445296897,3
3165,20221018_110134.mat,2517748,2.517748,0.0015246620620631701,0.0009513286445296897,3
3166,20221018_110134.mat,2517947,2.517947,0.0009731710624718068,0.0009513286445296897,3
3167,20221018_110134.mat,2536255,2.536255,0.009849668218713307,0.0009513286445296897,3
3168,20221018_110134.mat,2536454,2.536454,0.0029279680905274284,0.0009513286445296897,3
3169,20221018_110134.mat,2536653,2.536653,0.001014492943950559,0.0009513286445296897,3
3170,20221018_110134.mat,2577846,2.577846,0.02251571170564584,0.0009513286445296897,3
3171,20221018_110134.mat,2578045,2.578045,0.025761846940047912,0.0009513286445296897,3
3172,20221018_110134.mat,2578244,2.578244,0.005736280122268564,0.0009513286445296897,3
3173,20221018_110134.mat,2578443,2.578443,0.001683747461686754,0.0009513286445296897,3
3174,20221018_110134.mat,2581030,2.58103,0.001512295704201004,0.0009513286445296897,3
3175,20221018_110134.mat,2619835,2.619835,0.002122733357383742,0.0009513286445296897,3
3176,20221018_110134.mat,2625009,2.625009,0.011646795636703008,0.0009513286445296897,3
3177,20221018_110134.mat,2625208,2.625208,0.024728408984959788,0.0009513286445296897,3
3178,20221018_110134.mat,2625407,2.625407,0.005182924838168281,0.0009513286445296897,3
3179,20221018_110134.mat,2625606,2.625606,0.0013345374543620205,0.0009513286445296897,3
3180,20221018_110134.mat,2640332,2.640332,0.08454651086071621,0.0009513286445296897,3
3181,20221018_110134.mat,2640531,2.640531,0.10241826357086978,0.0009513286445296897,3
3182,20221018_110134.mat,2640730,2.64073,0.021543160234013804,0.0009513286445296897,3
3183,20221018_110134.mat,2640929,2.640929,0.004002519742671422,0.0009513286445296897,3
3184,20221018_110134.mat,2641128,2.641128,0.004158530344182003,0.0009513286445296897,3
3185,20221018_110134.mat,2641327,2.641327,0.02183497197971243,0.0009513286445296897,3
3186,20221018_110134.mat,2641526,2.641526,0.005992238601954477,0.0009513286445296897,3
3187,20221018_110134.mat,2641725,2.641725,0.0016719534858291682,0.0009513286445296897,3
3188,20221018_110134.mat,2644511,2.644511,0.0027226172603024654,0.0009513286445296897,3
3189,20221018_110134.mat,2644710,2.64471,0.004194594696377732,0.0009513286445296897,3
3190,20221018_110134.mat,2644909,2.644909,0.001204979903040812,0.0009513286445296897,3
3191,20221018_110134.mat,2651078,2.651078,0.0029086270613786405,0.0009513286445296897,3
3192,20221018_110134.mat,2651277,2.651277,0.002775619010687324,0.0009513286445296897,3
3193,20221018_110134.mat,2661824,2.661824,0.010887899573588423,0.0009513286445296897,3
3194,20221018_110134.mat,2662023,2.662023,0.00276363908534995,0.0009513286445296897,3
3195,20221018_110134.mat,2662222,2.662222,0.0010325892846740415,0.0009513286445296897,3
3196,20221018_110134.mat,2694858,2.694858,0.023846997042629034,0.0009513286445296897,3
3197,20221018_110134.mat,2695057,2.695057,0.010143303516386828,0.0009513286445296897,3
3198,20221018_110134.mat,2695256,2.695256,0.0021175085818124174,0.0009513286445296897,3
3199,20221018_110134.mat,2699236,2.699236,0.0009616500094030708,0.0009513286445296897,3
3200,20221018_110134.mat,2706599,2.706599,0.01963015316430164,0.0009513286445296897,3
3201,20221018_110134.mat,2706798,2.706798,0.038252111389729095,0.0009513286445296897,3
3202,20221018_110134.mat,2706997,2.706997,0.004996055758113579,0.0009513286445296897,3
3203,20221018_110134.mat,2707196,2.707196,0.002129615571203708,0.0009513286445296897,3
3204,20221018_110134.mat,2707793,2.707793,0.01604275940272386,0.0009513286445296897,3
3205,20221018_110134.mat,2707992,2.707992,0.027041960090469806,0.0009513286445296897,3
3206,20221018_110134.mat,2708191,2.708191,0.0053905528114178295,0.0009513286445296897,3
3207,20221018_110134.mat,2708390,2.70839,0.0019965513936237088,0.0009513286445296897,3
3208,20221018_110134.mat,2717942,2.717942,0.0013893397086374858,0.0009513286445296897,3
3209,20221018_110134.mat,2725305,2.725305,0.0013400906652357289,0.0009513286445296897,3
3210,20221018_110134.mat,2725504,2.725504,0.0010771974480881148,0.0009513286445296897,3
3211,20221018_110134.mat,2765105,2.765105,0.0011508260056534952,0.0009513286445296897,3
3212,20221018_110134.mat,2765304,2.765304,0.0015982180673407738,0.0009513286445296897,3
3213,20221018_110134.mat,2766100,2.7661,0.0014615068352691865,0.0009513286445296897,3
3214,20221018_110134.mat,2771871,2.771871,0.0014954376201731575,0.0009513286445296897,3
3215,20221018_110134.mat,2772070,2.77207,0.0055661845177371145,0.0009513286445296897,3
3216,20221018_110134.mat,2773264,2.773264,0.001388256858229009,0.0009513286445296897,3
3217,20221018_110134.mat,2774657,2.774657,0.0029032267575068668,0.0009513286445296897,3
3218,20221018_110134.mat,2774856,2.774856,0.002435113495894037,0.0009513286445296897,3
3219,20221018_110134.mat,2775851,2.775851,0.001923063647889541,0.0009513286445296897,3
3220,20221018_110134.mat,2776050,2.77605,0.0030434654134343384,0.0009513286445296897,3
3221,20221018_110134.mat,2776647,2.776647,0.0014689027099396156,0.0009513286445296897,3
3222,20221018_110134.mat,2778239,2.778239,0.03383906134388743,0.0009513286445296897,3
3223,20221018_110134.mat,2778438,2.778438,0.00916531963833312,0.0009513286445296897,3
3224,20221018_110134.mat,2778637,2.778637,0.002721143497493062,0.0009513286445296897,3
3225,20221018_110134.mat,2778836,2.778836,0.0016371632963507973,0.0009513286445296897,3
3226,20221018_110134.mat,2779433,2.779433,0.0032204283028371356,0.0009513286445296897,3
3227,20221018_110134.mat,2779632,2.779632,0.003326953886105607,0.0009513286445296897,3
3228,20221018_110134.mat,2783015,2.783015,0.0010886304401457078,0.0009513286445296897,3
3229,20221018_110134.mat,2784209,2.784209,0.007943417788172476,0.0009513286445296897,3
3230,20221018_110134.mat,2784408,2.784408,0.0035701584499220063,0.0009513286445296897,3
3231,20221018_110134.mat,2784607,2.784607,0.001034396265297474,0.0009513286445296897,3
3232,20221018_110134.mat,2789184,2.789184,0.0011066066314519664,0.0009513286445296897,3
3233,20221018_110134.mat,2789383,2.789383,0.0011405304218805284,0.0009513286445296897,3
3234,20221018_110134.mat,2791174,2.791174,0.0015509648451693882,0.0009513286445296897,3
3235,20221018_110134.mat,2791373,2.791373,0.0012826524356358696,0.0009513286445296897,3
3236,20221018_110134.mat,2792169,2.792169,0.002083291160047099,0.0009513286445296897,3
3237,20221018_110134.mat,2794159,2.794159,0.001076800086409685,0.0009513286445296897,3
3238,20221018_110134.mat,2799930,2.79993,0.0010545637183955413,0.0009513286445296897,3
3239,20221018_110134.mat,2800129,2.800129,0.0013728791553947579,0.0009513286445296897,3
3240,20221018_110134.mat,2823014,2.823014,0.0009739972843378105,0.0009513286445296897,3
3241,20221018_110134.mat,2829183,2.829183,0.02038666344589135,0.0009513286445296897,3
3242,20221018_110134.mat,2829382,2.829382,0.02594916597379806,0.0009513286445296897,3
3243,20221018_110134.mat,2829581,2.829581,0.001999038369684989,0.0009513286445296897,3
3244,20221018_110134.mat,2829780,2.82978,0.004649857645751006,0.0009513286445296897,3
3245,20221018_110134.mat,2829979,2.829979,0.008147186252563143,0.0009513286445296897,3
3246,20221018_110134.mat,2830178,2.830178,0.0009531492235675244,0.0009513286445296897,3
3247,20221018_110134.mat,2865401,2.865401,0.022247838190136,0.0009513286445296897,3
3248,20221018_110134.mat,2865600,2.8656,0.0021123581181223135,0.0009513286445296897,3
3249,20221018_110134.mat,2865799,2.865799,0.0011359731313146805,0.0009513286445296897,3
3250,20221018_110134.mat,2869182,2.869182,0.0009926713938158375,0.0009513286445296897,3
3251,20221018_110134.mat,2875948,2.875948,0.0014670467323854722,0.0009513286445296897,3
3252,20221018_110134.mat,2876744,2.876744,0.005638069855530409,0.0009513286445296897,3
3253,20221018_110134.mat,2876943,2.876943,0.003699131324131922,0.0009513286445296897,3
3254,20221018_110134.mat,2936842,2.936842,0.011570175397456814,0.0009513286445296897,3
3255,20221018_110134.mat,2937041,2.937041,0.006717485181409942,0.0009513286445296897,3
3256,20221018_110134.mat,2940026,2.940026,0.001023430097669338,0.0009513286445296897,3
3257,20221018_110134.mat,2973060,2.97306,0.00975745354038296,0.0009513286445296897,3
3258,20221018_110134.mat,2973259,2.973259,0.004353000105695607,0.0009513286445296897,3
3259,20221018_110134.mat,2973458,2.973458,0.0011712708973426846,0.0009513286445296897,3
3260,20221018_110134.mat,3009079,3.009079,0.0027944802954109377,0.0009513286445296897,3
3261,20221018_110134.mat,3009278,3.009278,0.009216802296690198,0.0009513286445296897,3
3262,20221018_110134.mat,3009477,3.009477,0.0016857938499682758,0.0009513286445296897,3
3263,20221018_110134.mat,3009676,3.009676,0.0009882081657815727,0.0009513286445296897,3
3264,20221018_110134.mat,3042113,3.042113,0.035473861439585336,0.0009513286445296897,3
3265,20221018_110134.mat,3042312,3.042312,0.004259006007794847,0.0009513286445296897,3
3266,20221018_110134.mat,3042511,3.042511,0.0032931495539554882,0.0009513286445296897,3
3267,20221018_110134.mat,3042710,3.04271,0.0009701468458587255,0.0009513286445296897,3
3268,20221018_110134.mat,3052262,3.052262,0.0015794568106707605,0.0009513286445296897,3
3269,20221018_110134.mat,3114549,3.114549,0.007338568706245259,0.0009513286445296897,3
3270,20221018_110134.mat,3114748,3.114748,0.0016722598009830314,0.0009513286445296897,3
3271,20221018_110134.mat,3128877,3.128877,0.0009864892785648959,0.0009513286445296897,3
3272,20221018_110134.mat,3192955,3.192955,0.022715778343213207,0.0009513286445296897,3
3273,20221018_110134.mat,3193154,3.193154,0.00649686195306336,0.0009513286445296897,3
3274,20221018_110134.mat,3206487,3.206487,0.0012267696806818704,0.0009513286445296897,3
3275,20221018_110134.mat,3206686,3.206686,0.0012545989661214823,0.0009513286445296897,3
3276,20221018_110134.mat,3223004,3.223004,0.011808323174260487,0.0009513286445296897,3
3277,20221018_110134.mat,3223203,3.223203,0.006164861435237926,0.0009513286445296897,3
3278,20221018_110134.mat,3223402,3.223402,0.001114348730295906,0.0009513286445296897,3
3279,20221018_110134.mat,3230765,3.230765,0.03211717486046936,0.0009513286445296897,3
3280,20221018_110134.mat,3230964,3.230964,0.005384708161186769,0.0009513286445296897,3
3281,20221018_110134.mat,3231163,3.231163,0.0010590597747786995,0.0009513286445296897,3
3282,20221018_110134.mat,3252456,3.252456,0.013700173482012946,0.0009513286445296897,3
3283,20221018_110134.mat,3252655,3.252655,0.0021584254539169273,0.0009513286445296897,3
3284,20221018_110134.mat,3252854,3.252854,0.0011130882452221175,0.0009513286445296897,3
3285,20221018_110134.mat,3326882,3.326882,0.03061131226891517,0.0009513286445296897,3
3286,20221018_110134.mat,3327081,3.327081,0.006646861607061573,0.0009513286445296897,3
3287,20221018_110134.mat,3327280,3.32728,0.004284761994224503,0.0009513286445296897,3
3288,20221018_110134.mat,3327479,3.327479,0.001602739283779675,0.0009513286445296897,3
3289,20221018_110134.mat,3345389,3.345389,0.0026894526211676648,0.0009513286445296897,3
3290,20221018_110134.mat,3354742,3.354742,0.002930314710088042,0.0009513286445296897,3
3291,20221018_110134.mat,3354941,3.354941,0.0012798664741193867,0.0009513286445296897,3
3292,20221018_110134.mat,3355737,3.355737,0.0011771592524851074,0.0009513286445296897,3
3293,20221018_110134.mat,3365488,3.365488,0.015249033956393312,0.0009513286445296897,3
3294,20221018_110134.mat,3365687,3.365687,0.0032464233440240805,0.0009513286445296897,3
3295,20221018_110134.mat,3365886,3.365886,0.0010029932344084,0.0009513286445296897,3
3296,20221018_110134.mat,3368473,3.368473,0.0009682455918025433,0.0009513286445296897,3
3297,20221018_110134.mat,3420810,3.42081,0.008900416224796913,0.0009513286445296897,3
3298,20221018_110134.mat,3421009,3.421009,0.001558400213767279,0.0009513286445296897,3
3299,20221018_110134.mat,3430760,3.43076,0.0010846845700898586,0.0009513286445296897,3
3300,20221018_110134.mat,3436133,3.436133,0.001308523910352858,0.0009513286445296897,3
3301,20221018_110134.mat,3459416,3.459416,0.001282787589175459,0.0009513286445296897,3
3302,20221018_110134.mat,3502400,3.5024,0.002621729435459504,0.0009513286445296897,3
3303,20221018_110134.mat,3502599,3.502599,0.010664080501649196,0.0009513286445296897,3
3304,20221018_110134.mat,3502798,3.502798,0.0012047102260831519,0.0009513286445296897,3
3305,20221018_110134.mat,3521305,3.521305,0.0017558064013668314,0.0009513286445296897,3
3306,20221018_110134.mat,3524887,3.524887,0.001335008799776222,0.0009513286445296897,3
3307,20221018_110134.mat,3551951,3.551951,0.001054273403484208,0.0009513286445296897,3
3308,20221018_110134.mat,3552150,3.55215,0.0011077278406190086,0.0009513286445296897,3
3309,20221018_110134.mat,3585184,3.585184,0.004532716150762455,0.0009513286445296897,3
3310,20221018_110134.mat,3585383,3.585383,0.0017237481396551882,0.0009513286445296897,3
3311,20221018_110134.mat,3608268,3.608268,0.0009744477591546847,0.0009513286445296897,3
3312,20221018_110134.mat,3612845,3.612845,0.005291098600569475,0.0009513286445296897,3
3313,20221018_110134.mat,3613044,3.613044,0.07574798118471647,0.0009513286445296897,3
3314,20221018_110134.mat,3613243,3.613243,0.013766751911501833,0.0009513286445296897,3
3315,20221018_110134.mat,3613442,3.613442,0.0038727912088884525,0.0009513286445296897,3
3316,20221018_110134.mat,3613641,3.613641,0.0010853365131587008,0.0009513286445296897,3
3317,20221018_110134.mat,3740802,3.740802,0.0031974308551678114,0.0009513286445296897,3
3318,20221018_110134.mat,3741001,3.741001,0.002653897192186144,0.0009513286445296897,3
3319,20221018_110134.mat,3755528,3.755528,0.0017133345330656495,0.0009513286445296897,3
3320,20221018_110134.mat,3803686,3.803686,0.003271300746356659,0.0009513286445296897,3
3321,20221018_110134.mat,3803885,3.803885,0.010559829682674217,0.0009513286445296897,3
3322,20221018_110134.mat,3804084,3.804084,0.0014516785770911761,0.0009513286445296897,3
3323,20221018_110134.mat,3808263,3.808263,0.0018750671449797535,0.0009513286445296897,3
3324,20221018_110134.mat,3808462,3.808462,0.0028241191558908735,0.0009513286445296897,3
3325,20221018_110134.mat,3811447,3.811447,0.001352215606372412,0.0009513286445296897,3
3326,20221018_110134.mat,3811646,3.811646,0.0009716713534058586,0.0009513286445296897,3
3327,20221018_110134.mat,3812243,3.812243,0.0055725410940648335,0.0009513286445296897,3
3328,20221018_110134.mat,3812442,3.812442,0.010412841293879538,0.0009513286445296897,3
3329,20221018_110134.mat,3812641,3.812641,0.0016160322648699065,0.0009513286445296897,3
3330,20221018_110134.mat,3835128,3.835128,0.0023028823395759733,0.0009513286445296897,3
3331,20221018_110134.mat,3835327,3.835327,0.0021451471287977017,0.0009513286445296897,3
3332,20221018_110134.mat,3840103,3.840103,0.0017791850166155808,0.0009513286445296897,3
3333,20221018_110134.mat,3840302,3.840302,0.0021302635346587178,0.0009513286445296897,3
3334,20221018_110134.mat,3857814,3.857814,0.0009771373603900506,0.0009513286445296897,3
3335,20221018_110134.mat,3859207,3.859207,0.0009754436817521301,0.0009513286445296897,3
3336,20221018_110134.mat,3860003,3.860003,0.004453387298642103,0.0009513286445296897,3
3337,20221018_110134.mat,3860202,3.860202,0.00306839138554965,0.0009513286445296897,3
3338,20221018_110134.mat,3865177,3.865177,0.0066118960259043385,0.0009513286445296897,3
3339,20221018_110134.mat,3865376,3.865376,0.0030354525948097393,0.0009513286445296897,3
3340,20221018_110134.mat,3868560,3.86856,0.007031038409559477,0.0009513286445296897,3
3341,20221018_110134.mat,3868759,3.868759,0.00106991171606845,0.0009513286445296897,3
3342,20221018_110134.mat,3872938,3.872938,0.0009516211180089323,0.0009513286445296897,3
3343,20221018_110134.mat,3873734,3.873734,0.003940488702596517,0.0009513286445296897,3
3344,20221018_110134.mat,3873933,3.873933,0.001061794319771679,0.0009513286445296897,3
3345,20221018_110134.mat,3891047,3.891047,0.0027672262360705574,0.0009513286445296897,3
3346,20221018_110134.mat,3891246,3.891246,0.001006268201429442,0.0009513286445296897,3
3347,20221018_110134.mat,3900400,3.9004,0.0027735519438823585,0.0009513286445296897,3
3348,20221018_110134.mat,3900599,3.900599,0.0015783461918912986,0.0009513286445296897,3
3349,20221018_110134.mat,3904579,3.904579,0.0010346529035312033,0.0009513286445296897,3
3350,20221018_110134.mat,3909156,3.909156,0.002698161895570114,0.0009513286445296897,3
3351,20221018_110134.mat,3909355,3.909355,0.0033561819167983262,0.0009513286445296897,3
3352,20221018_110134.mat,3909554,3.909554,0.0011943731513828415,0.0009513286445296897,3
3353,20221018_110134.mat,3910549,3.910549,0.0012282402060847636,0.0009513286445296897,3
3354,20221018_110134.mat,3910748,3.910748,0.0012438418220530694,0.0009513286445296897,3
3355,20221018_110134.mat,3912738,3.912738,0.0009664553944314083,0.0009513286445296897,3
3356,20221018_110134.mat,3913932,3.913932,0.00113120568474916,0.0009513286445296897,3
3357,20221018_110134.mat,3914330,3.91433,0.0010826961706462753,0.0009513286445296897,3
3358,20221018_110134.mat,3917912,3.917912,0.0009621887232267508,0.0009513286445296897,3
3359,20221018_110134.mat,3944976,3.944976,0.0012388529512206154,0.0009513286445296897,3
3360,20221018_110134.mat,3945175,3.945175,0.0013460479176653373,0.0009513286445296897,3
3361,20221018_110134.mat,3945573,3.945573,0.001158555651138977,0.0009513286445296897,3
3362,20221018_110134.mat,3947762,3.947762,0.00096101940780252,0.0009513286445296897,3
3363,20221018_110134.mat,3947961,3.947961,0.0010426357273094552,0.0009513286445296897,3
3364,20221018_110134.mat,3958110,3.95811,0.0010633197046297051,0.0009513286445296897,3
3365,20221018_110134.mat,3998706,3.998706,0.0011222421797781699,0.0009513286445296897,3
3366,20221018_110134.mat,4002686,4.002686,0.08896660779240424,0.0009513286445296897,3
3367,20221018_110134.mat,4002885,4.002885,0.005950646021804806,0.0009513286445296897,3
3368,20221018_110134.mat,4003084,4.003084,0.0015362098975263486,0.0009513286445296897,3
3369,20221018_110134.mat,4023780,4.02378,0.0009621547230353431,0.0009513286445296897,3
3370,20221018_110134.mat,4038705,4.038705,0.00472661455680303,0.0009513286445296897,3
3371,20221018_110134.mat,4038904,4.038904,0.0011145771756535233,0.0009513286445296897,3
3372,20221018_110134.mat,4059600,4.0596,0.0026601460415299778,0.0009513286445296897,3
3373,20221018_110134.mat,4061988,4.061988,0.0025141296059790308,0.0009513286445296897,3
3374,20221018_110134.mat,4062784,4.062784,0.0015724032755359042,0.0009513286445296897,3
3375,20221018_110134.mat,4062983,4.062983,0.0030295347457755754,0.0009513286445296897,3
3376,20221018_110134.mat,4070346,4.070346,0.00309520185002719,0.0009513286445296897,3
3377,20221018_110134.mat,4070545,4.070545,0.0013245853260306548,0.0009513286445296897,3
3378,20221018_110134.mat,4073132,4.073132,0.00163157132831596,0.0009513286445296897,3
3379,20221018_110134.mat,4075520,4.07552,0.0010276159678948653,0.0009513286445296897,3
3380,20221018_110134.mat,4075719,4.075719,0.0014758916221959714,0.0009513286445296897,3
3381,20221018_110134.mat,4086067,4.086067,0.001344681900749326,0.0009513286445296897,3
3382,20221018_110134.mat,4105171,4.105171,0.0010675552352271713,0.0009513286445296897,3
3383,20221018_110134.mat,4107758,4.107758,0.006026154031462187,0.0009513286445296897,3
3384,20221018_110134.mat,4107957,4.107957,0.0065312083523289596,0.0009513286445296897,3
3385,20221018_110134.mat,4108156,4.108156,0.0013855345066098406,0.0009513286445296897,3
3386,20221018_110134.mat,4113330,4.11333,0.0024928582216243236,0.0009513286445296897,3
3387,20221018_110134.mat,4113529,4.113529,0.003986977839825646,0.0009513286445296897,3
3388,20221018_110134.mat,4121091,4.121091,0.0010371251355661465,0.0009513286445296897,3
3389,20221018_110134.mat,4155518,4.155518,0.001087638920807041,0.0009513286445296897,3
3390,20221018_110134.mat,4155717,4.155717,0.0009751155482318261,0.0009513286445296897,3
3391,20221018_110134.mat,4184572,4.184572,0.005043949976649996,0.0009513286445296897,3
3392,20221018_110134.mat,4184771,4.184771,0.0022556232884750073,0.0009513286445296897,3
3393,20221018_110134.mat,4187557,4.187557,0.001110255140482176,0.0009513286445296897,3
3394,20221018_110134.mat,4208253,4.208253,0.002054257574505562,0.0009513286445296897,3
3395,20221018_110134.mat,4220392,4.220392,0.0009761289172628944,0.0009513286445296897,3
3396,20221018_110134.mat,4221984,4.221984,0.0010287837867324807,0.0009513286445296897,3
3397,20221018_110134.mat,4228153,4.228153,0.0018296258689795035,0.0009513286445296897,3
3398,20221018_110134.mat,4228352,4.228352,0.005409967457505917,0.0009513286445296897,3
3399,20221018_110134.mat,4234123,4.234123,0.0013574206162663034,0.0009513286445296897,3
3400,20221018_110134.mat,4234322,4.234322,0.0011265886501689866,0.0009513286445296897,3
3401,20221018_110134.mat,4237506,4.237506,0.0021415190790595616,0.0009513286445296897,3
3402,20221018_110134.mat,4237705,4.237705,0.005000713609852945,0.0009513286445296897,3
3403,20221018_110134.mat,4277505,4.277505,0.001009124197240431,0.0009513286445296897,3
3404,20221018_110134.mat,4280092,4.280092,0.003447408379776951,0.0009513286445296897,3
3405,20221018_110134.mat,4280291,4.280291,0.009224463885997288,0.0009513286445296897,3
3406,20221018_110134.mat,4280490,4.28049,0.001460695837795177,0.0009513286445296897,3
3407,20221018_110134.mat,4280689,4.280689,0.0009849605918463536,0.0009513286445296897,3
3408,20221018_110134.mat,4284470,4.28447,0.0013394857903967282,0.0009513286445296897,3
3409,20221018_110134.mat,4284669,4.284669,0.0009607337206950234,0.0009513286445296897,3
3410,20221018_110134.mat,4289246,4.289246,0.0010623119987972739,0.0009513286445296897,3
3411,20221018_110134.mat,4289445,4.289445,0.005694494816906213,0.0009513286445296897,3
3412,20221018_110134.mat,4289644,4.289644,0.0016957164528496199,0.0009513286445296897,3
3413,20221018_110134.mat,4296012,4.296012,0.0019164363381616028,0.0009513286445296897,3
3414,20221018_110134.mat,4310539,4.310539,0.0015710361095689076,0.0009513286445296897,3
3415,20221018_110134.mat,4367453,4.367453,0.0009788634635614535,0.0009513286445296897,3
3416,20221018_110134.mat,4399293,4.399293,0.054680865542219396,0.0009513286445296897,3
3417,20221018_110134.mat,4399492,4.399492,0.04656053702442134,0.0009513286445296897,3
3418,20221018_110134.mat,4399691,4.399691,0.0072201512563627454,0.0009513286445296897,3
3419,20221018_110134.mat,4399890,4.39989,0.0028280548691537615,0.0009513286445296897,3
3420,20221018_110134.mat,4407253,4.407253,0.0015783581065457303,0.0009513286445296897,3
3421,20221018_110134.mat,4407452,4.407452,0.0009727362411224823,0.0009513286445296897,3
3422,20221018_110134.mat,4458197,4.458197,0.0013329686593731424,0.0009513286445296897,3
3423,20221018_110134.mat,4463371,4.463371,0.011113082114008072,0.0009513286445296897,3
3424,20221018_110134.mat,4463570,4.46357,0.006031863314219898,0.0009513286445296897,3
3425,20221018_110134.mat,4517101,4.517101,0.0009780432882090114,0.0009513286445296897,3
3426,20221018_110134.mat,4537399,4.537399,0.0040768053526456845,0.0009513286445296897,3
3427,20221018_110134.mat,4537598,4.537598,0.005159826859892012,0.0009513286445296897,3
3428,20221018_110134.mat,4537797,4.537797,0.0010539876547988334,0.0009513286445296897,3
3429,20221018_110134.mat,4553717,4.553717,0.01413702583375211,0.0009513286445296897,3
3430,20221018_110134.mat,4553916,4.553916,0.004303306903403226,0.0009513286445296897,3
3431,20221018_110134.mat,4554115,4.554115,0.0010365136151551455,0.0009513286445296897,3
3432,20221018_110134.mat,4584164,4.584164,0.0009692692424783585,0.0009513286445296897,3
3433,20221018_110134.mat,4609039,4.609039,0.005124286065655854,0.0009513286445296897,3
3434,20221018_110134.mat,4680480,4.68048,0.013827394812496079,0.0009513286445296897,3
3435,20221018_110134.mat,4680679,4.680679,0.001875188084419514,0.0009513286445296897,3
3436,20221018_110134.mat,4680878,4.680878,0.0010312259558928267,0.0009513286445296897,3
3437,20221018_110134.mat,4702768,4.702768,0.016085022311295636,0.0009513286445296897,3
3438,20221018_110134.mat,4702967,4.702967,0.0038692959813530214,0.0009513286445296897,3
3439,20221018_110134.mat,4703166,4.703166,0.0015457904566931293,0.0009513286445296897,3
3440,20221018_110134.mat,4745951,4.745951,0.001842774575874974,0.0009513286445296897,3
3441,20221018_110134.mat,4773811,4.773811,0.002062332335645333,0.0009513286445296897,3
3442,20221018_110134.mat,4791721,4.791721,0.0015453013862573425,0.0009513286445296897,3
3443,20221018_110134.mat,4791920,4.79192,0.0009773005332881796,0.0009513286445296897,3
3444,20221018_110134.mat,4792517,4.792517,0.0035657671274527125,0.0009513286445296897,3
3445,20221018_110134.mat,4792716,4.792716,0.0027263379759879702,0.0009513286445296897,3
3446,20221018_110134.mat,4799681,4.799681,0.01619094578933334,0.0009513286445296897,3
3447,20221018_110134.mat,4799880,4.79988,0.0025371354475303962,0.0009513286445296897,3
3448,20221018_110134.mat,4800079,4.800079,0.0009867202601375608,0.0009513286445296897,3
3449,20221018_110134.mat,4804059,4.804059,0.012414556038466844,0.0009513286445296897,3
3450,20221018_110134.mat,4804258,4.804258,0.015149420556239033,0.0009513286445296897,3
3451,20221018_110134.mat,4804457,4.804457,0.002043952577931358,0.0009513286445296897,3
3452,20221018_110134.mat,4804656,4.804656,0.0009773644053270108,0.0009513286445296897,3
3453,20221018_110134.mat,4819581,4.819581,0.0012173527069867906,0.0009513286445296897,3
3454,20221018_110134.mat,4862764,4.862764,0.004293768408342014,0.0009513286445296897,3
3455,20221018_110134.mat,4862963,4.862963,0.0011888709349392125,0.0009513286445296897,3
3456,20221018_110134.mat,4881868,4.881868,0.002249120500983117,0.0009513286445296897,3
3457,20221018_110134.mat,4882067,4.882067,0.00133279175797879,0.0009513286445296897,3
3458,20221018_110134.mat,4925250,4.92525,0.001479682766332506,0.0009513286445296897,3
3459,20221018_110134.mat,4928235,4.928235,0.002652344551964628,0.0009513286445296897,3
3460,20221018_110134.mat,4928434,4.928434,0.0017540224529455277,0.0009513286445296897,3
3461,20221018_110134.mat,4990323,4.990323,0.0011913665770935341,0.0009513286445296897,3
3462,20221018_110139.mat,24477,0.024477,0.001114529925455629,0.0009554617257109565,3
3463,20221018_110139.mat,24676,0.024676,0.0013911565179577298,0.0009554617257109565,3
3464,20221018_110139.mat,58904,0.058904,0.001199531355064729,0.0009554617257109565,3
3465,20221018_110139.mat,59103,0.059103,0.012707256840777012,0.0009554617257109565,3
3466,20221018_110139.mat,59302,0.059302,0.0015265579802149715,0.0009554617257109565,3
3467,20221018_110139.mat,78605,0.078605,0.016131671081575722,0.0009554617257109565,3
3468,20221018_110139.mat,78804,0.078804,0.007102392642670341,0.0009554617257109565,3
3469,20221018_110139.mat,79003,0.079003,0.0016014763187460013,0.0009554617257109565,3
3470,20221018_110139.mat,213527,0.213527,0.0015647432735845996,0.0009554617257109565,3
3471,20221018_110139.mat,218701,0.218701,0.010092845124438499,0.0009554617257109565,3
3472,20221018_110139.mat,218900,0.2189,0.004225609340247221,0.0009554617257109565,3
3473,20221018_110139.mat,220691,0.220691,0.03066115696466403,0.0009554617257109565,3
3474,20221018_110139.mat,220890,0.22089,0.0027751157261959327,0.0009554617257109565,3
3475,20221018_110139.mat,221089,0.221089,0.0017295654343988923,0.0009554617257109565,3
3476,20221018_110139.mat,248750,0.24875,0.010993473808055633,0.0009554617257109565,3
3477,20221018_110139.mat,248949,0.248949,0.004078109506270644,0.0009554617257109565,3
3478,20221018_110139.mat,249148,0.249148,0.001095413746410777,0.0009554617257109565,3
3479,20221018_110139.mat,334519,0.334519,0.0010128142027049935,0.0009554617257109565,3
3480,20221018_110139.mat,343275,0.343275,0.0023111621154040377,0.0009554617257109565,3
3481,20221018_110139.mat,345066,0.345066,0.0021288728948459508,0.0009554617257109565,3
3482,20221018_110139.mat,345265,0.345265,0.00885387058624898,0.0009554617257109565,3
3483,20221018_110139.mat,345464,0.345464,0.001504737304748181,0.0009554617257109565,3
3484,20221018_110139.mat,354220,0.35422,0.009252221143415618,0.0009554617257109565,3
3485,20221018_110139.mat,354419,0.354419,0.049628912761110866,0.0009554617257109565,3
3486,20221018_110139.mat,354618,0.354618,0.8786357898334237,0.0009554617257109565,3
3487,20221018_110139.mat,354817,0.354817,0.3131496958488809,0.0009554617257109565,3
3488,20221018_110139.mat,355016,0.355016,0.04786430827394549,0.0009554617257109565,3
3489,20221018_110139.mat,355215,0.355215,0.01512122310602858,0.0009554617257109565,3
3490,20221018_110139.mat,355414,0.355414,0.004477346735125186,0.0009554617257109565,3
3491,20221018_110139.mat,355613,0.355613,0.01109652354460166,0.0009554617257109565,3
3492,20221018_110139.mat,355812,0.355812,0.00174733964111132,0.0009554617257109565,3
3493,20221018_110139.mat,356807,0.356807,0.0010182479471719998,0.0009554617257109565,3
3494,20221018_110139.mat,357802,0.357802,0.0012295291347539801,0.0009554617257109565,3
3495,20221018_110139.mat,358001,0.358001,0.0010177633524418113,0.0009554617257109565,3
3496,20221018_110139.mat,359991,0.359991,0.0010924711481719435,0.0009554617257109565,3
3497,20221018_110139.mat,380090,0.38009,0.005032144706259223,0.0009554617257109565,3
3498,20221018_110139.mat,380289,0.380289,0.002223508461430293,0.0009554617257109565,3
3499,20221018_110139.mat,385861,0.385861,0.011532407657519119,0.0009554617257109565,3
3500,20221018_110139.mat,386060,0.38606,0.002003805526272093,0.0009554617257109565,3
3501,20221018_110139.mat,412527,0.412527,0.0013354669379848831,0.0009554617257109565,3
3502,20221018_110139.mat,413920,0.41392,0.020379500503842244,0.0009554617257109565,3
3503,20221018_110139.mat,414119,0.414119,0.01337531065224288,0.0009554617257109565,3
3504,20221018_110139.mat,414318,0.414318,0.0014182829266664299,0.0009554617257109565,3
3505,20221018_110139.mat,414517,0.414517,0.0010486745904377793,0.0009554617257109565,3
3506,20221018_110139.mat,424666,0.424666,0.0025621967018043695,0.0009554617257109565,3
3507,20221018_110139.mat,425860,0.42586,0.001285217919782527,0.0009554617257109565,3
3508,20221018_110139.mat,426059,0.426059,0.001853450217978306,0.0009554617257109565,3
3509,20221018_110139.mat,458098,0.458098,0.007526742377167738,0.0009554617257109565,3
3510,20221018_110139.mat,458297,0.458297,0.009367406471373761,0.0009554617257109565,3
3511,20221018_110139.mat,458496,0.458496,0.0012417582357221887,0.0009554617257109565,3
3512,20221018_110139.mat,458695,0.458695,0.0014437166860925073,0.0009554617257109565,3
3513,20221018_110139.mat,469640,0.46964,0.0028587990373538505,0.0009554617257109565,3
3514,20221018_110139.mat,473421,0.473421,0.010145168657353269,0.0009554617257109565,3
3515,20221018_110139.mat,473620,0.47362,0.016491818784743408,0.0009554617257109565,3
3516,20221018_110139.mat,473819,0.473819,0.0026613014530274125,0.0009554617257109565,3
3517,20221018_110139.mat,511430,0.51143,0.0012386929210950809,0.0009554617257109565,3
3518,20221018_110139.mat,514813,0.514813,0.020638266994339367,0.0009554617257109565,3
3519,20221018_110139.mat,515012,0.515012,0.004481869746430584,0.0009554617257109565,3
3520,20221018_110139.mat,525360,0.52536,0.0012786309631437494,0.0009554617257109565,3
3521,20221018_110139.mat,525559,0.525559,0.001675815320131639,0.0009554617257109565,3
3522,20221018_110139.mat,527947,0.527947,0.001000091750503324,0.0009554617257109565,3
3523,20221018_110139.mat,528146,0.528146,0.0009798034272439544,0.0009554617257109565,3
3524,20221018_110139.mat,557399,0.557399,0.001337297026729811,0.0009554617257109565,3
3525,20221018_110139.mat,608542,0.608542,0.0013996048968905458,0.0009554617257109565,3
3526,20221018_110139.mat,608741,0.608741,0.0010104183819455764,0.0009554617257109565,3
3527,20221018_110139.mat,610532,0.610532,0.032097991147553975,0.0009554617257109565,3
3528,20221018_110139.mat,610731,0.610731,0.011076384353848575,0.0009554617257109565,3
3529,20221018_110139.mat,610930,0.61093,0.004192887018059387,0.0009554617257109565,3
3530,20221018_110139.mat,611129,0.611129,0.0013516598229688923,0.0009554617257109565,3
3531,20221018_110139.mat,612522,0.612522,0.009439400580227833,0.0009554617257109565,3
3532,20221018_110139.mat,612721,0.612721,0.001538164801616632,0.0009554617257109565,3
3533,20221018_110139.mat,616502,0.616502,0.0031262118290475557,0.0009554617257109565,3
3534,20221018_110139.mat,616701,0.616701,0.02177491471164346,0.0009554617257109565,3
3535,20221018_110139.mat,616900,0.6169,0.0030188565660737867,0.0009554617257109565,3
3536,20221018_110139.mat,617099,0.617099,0.0014468215772802683,0.0009554617257109565,3
3537,20221018_110139.mat,621477,0.621477,0.0027196782957846573,0.0009554617257109565,3
3538,20221018_110139.mat,621676,0.621676,0.0021480530062415455,0.0009554617257109565,3
3539,20221018_110139.mat,628442,0.628442,0.0009968003206162197,0.0009554617257109565,3
3540,20221018_110139.mat,638193,0.638193,0.002796869302063121,0.0009554617257109565,3
3541,20221018_110139.mat,638392,0.638392,0.0014366675333677195,0.0009554617257109565,3
3542,20221018_110139.mat,657894,0.657894,0.011353443751751643,0.0009554617257109565,3
3543,20221018_110139.mat,658093,0.658093,0.011884366687696102,0.0009554617257109565,3
3544,20221018_110139.mat,658292,0.658292,0.0015482669624515366,0.0009554617257109565,3
3545,20221018_110139.mat,670232,0.670232,0.0040066241132561,0.0009554617257109565,3
3546,20221018_110139.mat,670431,0.670431,0.012469715740779912,0.0009554617257109565,3
3547,20221018_110139.mat,670630,0.67063,0.0019107433033890195,0.0009554617257109565,3
3548,20221018_110139.mat,692321,0.692321,0.0009754100432534954,0.0009554617257109565,3
3549,20221018_110139.mat,703863,0.703863,0.001758766552696245,0.0009554617257109565,3
3550,20221018_110139.mat,704062,0.704062,0.020691062149098084,0.0009554617257109565,3
3551,20221018_110139.mat,704261,0.704261,0.0022661058726675246,0.0009554617257109565,3
3552,20221018_110139.mat,704460,0.70446,0.0013851379543803302,0.0009554617257109565,3
3553,20221018_110139.mat,718390,0.71839,0.0009798411222060684,0.0009554617257109565,3
3554,20221018_110139.mat,815502,0.815502,0.002555614698517981,0.0009554617257109565,3
3555,20221018_110139.mat,833810,0.83381,0.011695314177887535,0.0009554617257109565,3
3556,20221018_110139.mat,834009,0.834009,0.0024659823414956345,0.0009554617257109565,3
3557,20221018_110139.mat,853909,0.853909,0.007529081525536774,0.0009554617257109565,3
3558,20221018_110139.mat,854108,0.854108,0.0013677960210649342,0.0009554617257109565,3
3559,20221018_110139.mat,896694,0.896694,0.021536567240077655,0.0009554617257109565,3
3560,20221018_110139.mat,896893,0.896893,0.05778337794984012,0.0009554617257109565,3
3561,20221018_110139.mat,897092,0.897092,0.0038922106739090424,0.0009554617257109565,3
3562,20221018_110139.mat,897291,0.897291,0.001308780041030951,0.0009554617257109565,3
3563,20221018_110139.mat,919579,0.919579,0.004885062710184881,0.0009554617257109565,3
3564,20221018_110139.mat,919778,0.919778,0.003232221867009268,0.0009554617257109565,3
3565,20221018_110139.mat,935897,0.935897,0.0011136378933593904,0.0009554617257109565,3
3566,20221018_110139.mat,951220,0.95122,0.01599275364093173,0.0009554617257109565,3
3567,20221018_110139.mat,951419,0.951419,0.0021890498433002484,0.0009554617257109565,3
3568,20221018_110139.mat,954603,0.954603,0.006132002257632964,0.0009554617257109565,3
3569,20221018_110139.mat,954802,0.954802,0.009750693744155095,0.0009554617257109565,3
3570,20221018_110139.mat,955001,0.955001,0.0015029886095662658,0.0009554617257109565,3
3571,20221018_110139.mat,981070,0.98107,0.0059441923794965905,0.0009554617257109565,3
3572,20221018_110139.mat,981269,0.981269,0.009869289675464028,0.0009554617257109565,3
3573,20221018_110139.mat,981468,0.981468,0.0013300274373563353,0.0009554617257109565,3
3574,20221018_110139.mat,1017686,1.017686,0.007361640760824914,0.0009554617257109565,3
3575,20221018_110139.mat,1017885,1.017885,0.0025832679782553675,0.0009554617257109565,3
3576,20221018_110139.mat,1088729,1.088729,0.02914012417969151,0.0009554617257109565,3
3577,20221018_110139.mat,1088928,1.088928,0.005654718140471856,0.0009554617257109565,3
3578,20221018_110139.mat,1089127,1.089127,0.001126313966406483,0.0009554617257109565,3
3579,20221018_110139.mat,1140469,1.140469,0.0015027039811407526,0.0009554617257109565,3
3580,20221018_110139.mat,1140668,1.140668,0.0012265896584223483,0.0009554617257109565,3
3581,20221018_110139.mat,1141464,1.141464,0.0021514900762504593,0.0009554617257109565,3
3582,20221018_110139.mat,1157981,1.157981,0.0012196743810106085,0.0009554617257109565,3
3583,20221018_110139.mat,1170518,1.170518,0.002285107670835062,0.0009554617257109565,3
3584,20221018_110139.mat,1240168,1.240168,0.04257145508994752,0.0009554617257109565,3
3585,20221018_110139.mat,1240367,1.240367,0.007234831785446792,0.0009554617257109565,3
3586,20221018_110139.mat,1240566,1.240566,0.00370687102918398,0.0009554617257109565,3
3587,20221018_110139.mat,1240765,1.240765,0.0010184725871615992,0.0009554617257109565,3
3588,20221018_110139.mat,1249123,1.249123,0.29165575770657437,0.0009554617257109565,3
3589,20221018_110139.mat,1249322,1.249322,0.4345846176589188,0.0009554617257109565,3
3590,20221018_110139.mat,1249521,1.249521,0.04227377781027498,0.0009554617257109565,3
3591,20221018_110139.mat,1249720,1.24972,0.020273136270110254,0.0009554617257109565,3
3592,20221018_110139.mat,1249919,1.249919,0.005510454881868968,0.0009554617257109565,3
3593,20221018_110139.mat,1250118,1.250118,0.0012640331965647286,0.0009554617257109565,3
3594,20221018_110139.mat,1258277,1.258277,0.0022214764921557532,0.0009554617257109565,3
3595,20221018_110139.mat,1258476,1.258476,0.0012168623969860454,0.0009554617257109565,3
3596,20221018_110139.mat,1261660,1.26166,0.0061164351499561126,0.0009554617257109565,3
3597,20221018_110139.mat,1261859,1.261859,0.001292397507087248,0.0009554617257109565,3
3598,20221018_110139.mat,1306634,1.306634,0.001360325944461477,0.0009554617257109565,3
3599,20221018_110139.mat,1374692,1.374692,0.0011215877903181315,0.0009554617257109565,3
3600,20221018_110139.mat,1404343,1.404343,0.002450448296124527,0.0009554617257109565,3
3601,20221018_110139.mat,1404542,1.404542,0.0015738002947862846,0.0009554617257109565,3
3602,20221018_110139.mat,1428024,1.428024,0.06453157149903195,0.0009554617257109565,3
3603,20221018_110139.mat,1428223,1.428223,0.03245195455294465,0.0009554617257109565,3
3604,20221018_110139.mat,1428422,1.428422,0.00863225406903113,0.0009554617257109565,3
3605,20221018_110139.mat,1428621,1.428621,0.0032992904394176853,0.0009554617257109565,3
3606,20221018_110139.mat,1430611,1.430611,0.002081950322841045,0.0009554617257109565,3
3607,20221018_110139.mat,1430810,1.43081,0.0010157200635285163,0.0009554617257109565,3
3608,20221018_110139.mat,1502649,1.502649,0.0019377251438979482,0.0009554617257109565,3
3609,20221018_110139.mat,1502848,1.502848,0.007892471647365439,0.0009554617257109565,3
3610,20221018_110139.mat,1503047,1.503047,0.0012970070112440755,0.0009554617257109565,3
3611,20221018_110139.mat,1519365,1.519365,0.020359350406466158,0.0009554617257109565,3
3612,20221018_110139.mat,1519564,1.519564,0.005520915243034457,0.0009554617257109565,3
3613,20221018_110139.mat,1519763,1.519763,0.0014753868898642936,0.0009554617257109565,3
3614,20221018_110139.mat,1583045,1.583045,0.06855071643774834,0.0009554617257109565,3
3615,20221018_110139.mat,1583244,1.583244,0.029395659264230215,0.0009554617257109565,3
3616,20221018_110139.mat,1583443,1.583443,0.009067080869568322,0.0009554617257109565,3
3617,20221018_110139.mat,1583642,1.583642,0.003130156748254986,0.0009554617257109565,3
3618,20221018_110139.mat,1588418,1.588418,0.0010497069355152931,0.0009554617257109565,3
3619,20221018_110139.mat,1588617,1.588617,0.0011548070692810998,0.0009554617257109565,3
3620,20221018_110139.mat,1591005,1.591005,0.0011070816157430624,0.0009554617257109565,3
3621,20221018_110139.mat,1596577,1.596577,0.006213856532093563,0.0009554617257109565,3
3622,20221018_110139.mat,1596776,1.596776,0.001961393418295865,0.0009554617257109565,3
3623,20221018_110139.mat,1596975,1.596975,0.0012324021266960732,0.0009554617257109565,3
3624,20221018_110139.mat,1597174,1.597174,0.0011820656292393173,0.0009554617257109565,3
3625,20221018_110139.mat,1630009,1.630009,0.0012074046721008023,0.0009554617257109565,3
3626,20221018_110139.mat,1642745,1.642745,0.0012361565424472002,0.0009554617257109565,3
3627,20221018_110139.mat,1657869,1.657869,0.10198552060316897,0.0009554617257109565,3
3628,20221018_110139.mat,1658068,1.658068,0.046460859952534794,0.0009554617257109565,3
3629,20221018_110139.mat,1658267,1.658267,0.012690714554578991,0.0009554617257109565,3
3630,20221018_110139.mat,1658466,1.658466,0.0047081031599360505,0.0009554617257109565,3
3631,20221018_110139.mat,1658665,1.658665,0.001088579674525834,0.0009554617257109565,3
3632,20221018_110139.mat,1696077,1.696077,0.0011173098873701625,0.0009554617257109565,3
3633,20221018_110139.mat,1712992,1.712992,0.001956354018774923,0.0009554617257109565,3
3634,20221018_110139.mat,1713191,1.713191,0.0010747667898414694,0.0009554617257109565,3
3635,20221018_110139.mat,1729708,1.729708,0.00126756609674789,0.0009554617257109565,3
3636,20221018_110139.mat,1750006,1.750006,0.07607828892976562,0.0009554617257109565,3
3637,20221018_110139.mat,1750205,1.750205,0.01345658471441115,0.0009554617257109565,3
3638,20221018_110139.mat,1750404,1.750404,0.00730878073061571,0.0009554617257109565,3
3639,20221018_110139.mat,1750603,1.750603,0.0014849882303522217,0.0009554617257109565,3
3640,20221018_110139.mat,1758165,1.758165,0.0010496791135052963,0.0009554617257109565,3
3641,20221018_110139.mat,1760354,1.760354,0.10720035856041824,0.0009554617257109565,3
3642,20221018_110139.mat,1760553,1.760553,0.06322150549250578,0.0009554617257109565,3
3643,20221018_110139.mat,1760752,1.760752,0.014553436592776334,0.0009554617257109565,3
3644,20221018_110139.mat,1760951,1.760951,0.006515082071831565,0.0009554617257109565,3
3645,20221018_110139.mat,1761150,1.76115,0.0010179009072077512,0.0009554617257109565,3
3646,20221018_110139.mat,1795179,1.795179,0.0010074244755493961,0.0009554617257109565,3
3647,20221018_110139.mat,1823437,1.823437,0.007181123491734194,0.0009554617257109565,3
3648,20221018_110139.mat,1823636,1.823636,0.0017604334103003222,0.0009554617257109565,3
3649,20221018_110139.mat,1962737,1.962737,0.0009609440546494102,0.0009554617257109565,3
3650,20221018_110139.mat,1962936,1.962936,0.001770661473328563,0.0009554617257109565,3
3651,20221018_110139.mat,2057063,2.057063,0.0009595704127003462,0.0009554617257109565,3
3652,20221018_110139.mat,2082933,2.082933,0.001372012034535205,0.0009554617257109565,3
3653,20221018_110139.mat,2116962,2.116962,0.0027764694256822596,0.0009554617257109565,3
3654,20221018_110139.mat,2117161,2.117161,0.0009887563494560502,0.0009554617257109565,3
3655,20221018_110139.mat,2144822,2.144822,0.0011066299698284155,0.0009554617257109565,3
3656,20221018_110139.mat,2204920,2.20492,0.007704433378813843,0.0009554617257109565,3
3657,20221018_110139.mat,2205119,2.205119,0.001907494309637099,0.0009554617257109565,3
3658,20221018_110139.mat,2217656,2.217656,0.004343455018210749,0.0009554617257109565,3
3659,20221018_110139.mat,2217855,2.217855,0.007868039035316781,0.0009554617257109565,3
3660,20221018_110139.mat,2218054,2.218054,0.002365394468482065,0.0009554617257109565,3
3661,20221018_110139.mat,2273973,2.273973,0.0009688321124834302,0.0009554617257109565,3
3662,20221018_110139.mat,2274172,2.274172,0.0013138372873528446,0.0009554617257109565,3
3663,20221018_110139.mat,2318350,2.31835,0.0014918345978762809,0.0009554617257109565,3
3664,20221018_110139.mat,2318549,2.318549,0.005317436526438385,0.0009554617257109565,3
3665,20221018_110139.mat,2318748,2.318748,0.0010789676477934867,0.0009554617257109565,3
3666,20221018_110139.mat,2335265,2.335265,0.0010367694698805309,0.0009554617257109565,3
3667,20221018_110139.mat,2337852,2.337852,0.009312857434399562,0.0009554617257109565,3
3668,20221018_110139.mat,2338051,2.338051,0.006194556108188864,0.0009554617257109565,3
3669,20221018_110139.mat,2344817,2.344817,0.07311743470368895,0.0009554617257109565,3
3670,20221018_110139.mat,2345016,2.345016,0.016085019465008343,0.0009554617257109565,3
3671,20221018_110139.mat,2345215,2.345215,0.0014928518155955157,0.0009554617257109565,3
3672,20221018_110139.mat,2358349,2.358349,0.0013168118267363142,0.0009554617257109565,3
3673,20221018_110139.mat,2358548,2.358548,0.0010856591669569497,0.0009554617257109565,3
3674,20221018_110139.mat,2376458,2.376458,0.0009704965575217542,0.0009554617257109565,3
3675,20221018_110139.mat,2424616,2.424616,0.005514397839584016,0.0009554617257109565,3
3676,20221018_110139.mat,2508594,2.508594,0.004011435500503643,0.0009554617257109565,3
3677,20221018_110139.mat,2508793,2.508793,0.012630396426021142,0.0009554617257109565,3
3678,20221018_110139.mat,2508992,2.508992,0.0012121491357469662,0.0009554617257109565,3
3679,20221018_110139.mat,2510186,2.510186,0.0016176577843485891,0.0009554617257109565,3
3680,20221018_110139.mat,2526305,2.526305,0.000960023540855646,0.0009554617257109565,3
3681,20221018_110139.mat,2553369,2.553369,0.00925122015801615,0.0009554617257109565,3
3682,20221018_110139.mat,2553568,2.553568,0.0038571553960887683,0.0009554617257109565,3
3683,20221018_110139.mat,2596154,2.596154,0.001013076505900536,0.0009554617257109565,3
3684,20221018_110139.mat,2597945,2.597945,0.006332764114669,0.0009554617257109565,3
3685,20221018_110139.mat,2598144,2.598144,0.0036100068925498784,0.0009554617257109565,3
3686,20221018_110139.mat,2598343,2.598343,0.0011492377157962922,0.0009554617257109565,3
3687,20221018_110139.mat,2620034,2.620034,0.0010855779365429028,0.0009554617257109565,3
3688,20221018_110139.mat,2639934,2.639934,0.00895300542986273,0.0009554617257109565,3
3689,20221018_110139.mat,2640133,2.640133,0.007302186373781804,0.0009554617257109565,3
3690,20221018_110139.mat,2640332,2.640332,0.0009908563966836135,0.0009554617257109565,3
3691,20221018_110139.mat,2676152,2.676152,0.010080507609514188,0.0009554617257109565,3
3692,20221018_110139.mat,2676351,2.676351,0.0015247045551886583,0.0009554617257109565,3
3693,20221018_110139.mat,2715753,2.715753,0.001274221937948686,0.0009554617257109565,3
3694,20221018_110139.mat,2787592,2.787592,0.0015509820640997726,0.0009554617257109565,3
3695,20221018_110139.mat,2787791,2.787791,0.0012097215996360892,0.0009554617257109565,3
3696,20221018_110139.mat,2793761,2.793761,0.0022301225227914904,0.0009554617257109565,3
3697,20221018_110139.mat,2793960,2.79396,0.0016819112924195492,0.0009554617257109565,3
3698,20221018_110139.mat,2833561,2.833561,0.003463540166571215,0.0009554617257109565,3
3699,20221018_110139.mat,2833760,2.83376,0.001011082080761831,0.0009554617257109565,3
3700,20221018_110139.mat,2934653,2.934653,0.00182235087362395,0.0009554617257109565,3
3701,20221018_110139.mat,2934852,2.934852,0.0016494272440516224,0.0009554617257109565,3
3702,20221018_110139.mat,2936444,2.936444,0.023392474394977745,0.0009554617257109565,3
3703,20221018_110139.mat,2936643,2.936643,0.0027542873979387894,0.0009554617257109565,3
3704,20221018_110139.mat,2977438,2.977438,0.018562581203228144,0.0009554617257109565,3
3705,20221018_110139.mat,2977637,2.977637,0.010543539921726509,0.0009554617257109565,3
3706,20221018_110139.mat,2977836,2.977836,0.0012797836432935,0.0009554617257109565,3
3707,20221018_110139.mat,3036740,3.03674,0.0020674334791938526,0.0009554617257109565,3
3708,20221018_110139.mat,3036939,3.036939,0.0025718173720252315,0.0009554617257109565,3
3709,20221018_110139.mat,3058829,3.058829,0.007526287295395232,0.0009554617257109565,3
3710,20221018_110139.mat,3059028,3.059028,0.000963119019846503,0.0009554617257109565,3
3711,20221018_110139.mat,3066590,3.06659,0.002340161382186514,0.0009554617257109565,3
3712,20221018_110139.mat,3066789,3.066789,0.0010727770957089059,0.0009554617257109565,3
3713,20221018_110139.mat,3068580,3.06858,0.0027977625380014924,0.0009554617257109565,3
3714,20221018_110139.mat,3068779,3.068779,0.0021257075810464294,0.0009554617257109565,3
3715,20221018_110139.mat,3076938,3.076938,0.010497785583154323,0.0009554617257109565,3
3716,20221018_110139.mat,3077137,3.077137,0.0029311042552971006,0.0009554617257109565,3
3717,20221018_110139.mat,3077336,3.077336,0.0011220742398072073,0.0009554617257109565,3
3718,20221018_110139.mat,3179622,3.179622,0.002039252753791082,0.0009554617257109565,3
3719,20221018_110139.mat,3179821,3.179821,0.002351806619039532,0.0009554617257109565,3
3720,20221018_110139.mat,3261610,3.26161,0.002310591314889492,0.0009554617257109565,3
3721,20221018_110139.mat,3295241,3.295241,0.000979420256269571,0.0009554617257109565,3
3722,20221018_110139.mat,3305191,3.305191,0.0009732098851192755,0.0009554617257109565,3
3723,20221018_110139.mat,3337628,3.337628,0.0011186416098025505,0.0009554617257109565,3
3724,20221018_110139.mat,3365289,3.365289,0.0010508091096065133,0.0009554617257109565,3
3725,20221018_110139.mat,3374841,3.374841,0.011381148997140666,0.0009554617257109565,3
3726,20221018_110139.mat,3375040,3.37504,0.01456372746826495,0.0009554617257109565,3
3727,20221018_110139.mat,3375239,3.375239,0.002667575583382019,0.0009554617257109565,3
3728,20221018_110139.mat,3376433,3.376433,0.0029749151485740978,0.0009554617257109565,3
3729,20221018_110139.mat,3376632,3.376632,0.0020376984777681975,0.0009554617257109565,3
3730,20221018_110139.mat,3417626,3.417626,0.0010781208182185952,0.0009554617257109565,3
3731,20221018_110139.mat,3418621,3.418621,0.00438999657415312,0.0009554617257109565,3
3732,20221018_110139.mat,3418820,3.41882,0.0020776992985241235,0.0009554617257109565,3
3733,20221018_110139.mat,3423994,3.423994,0.0009605223611705071,0.0009554617257109565,3
3734,20221018_110139.mat,3474739,3.474739,0.0020581504358128644,0.0009554617257109565,3
3735,20221018_110139.mat,3485087,3.485087,0.0009704885927068791,0.0009554617257109565,3
3736,20221018_110139.mat,3494241,3.494241,0.01761922209919418,0.0009554617257109565,3
3737,20221018_110139.mat,3494440,3.49444,0.04910810363038875,0.0009554617257109565,3
3738,20221018_110139.mat,3494639,3.494639,0.0027656882569636328,0.0009554617257109565,3
3739,20221018_110139.mat,3494838,3.494838,0.0009767687383579198,0.0009554617257109565,3
3740,20221018_110139.mat,3511355,3.511355,0.003721710339159555,0.0009554617257109565,3
3741,20221018_110139.mat,3522101,3.522101,0.0010020129017075752,0.0009554617257109565,3
3742,20221018_110139.mat,3542001,3.542001,0.016601959059449556,0.0009554617257109565,3
3743,20221018_110139.mat,3542200,3.5422,0.06257401692328489,0.0009554617257109565,3
3744,20221018_110139.mat,3542399,3.542399,0.005818521994331161,0.0009554617257109565,3
3745,20221018_110139.mat,3542598,3.542598,0.0015181229994716532,0.0009554617257109565,3
3746,20221018_110139.mat,3560707,3.560707,0.0013296286981887926,0.0009554617257109565,3
3747,20221018_110139.mat,3577622,3.577622,0.0031435047174800377,0.0009554617257109565,3
3748,20221018_110139.mat,3577821,3.577821,0.001871402107742749,0.0009554617257109565,3
3749,20221018_110139.mat,3627770,3.62777,0.006000506709050293,0.0009554617257109565,3
3750,20221018_110139.mat,3627969,3.627969,0.01602664227248471,0.0009554617257109565,3
3751,20221018_110139.mat,3628168,3.628168,0.0037032938409104713,0.0009554617257109565,3
3752,20221018_110139.mat,3628367,3.628367,0.001017951816996373,0.0009554617257109565,3
3753,20221018_110139.mat,3671550,3.67155,0.004663049549474192,0.0009554617257109565,3
3754,20221018_110139.mat,3671749,3.671749,0.002010009716859375,0.0009554617257109565,3
3755,20221018_110139.mat,3676724,3.676724,0.004219614425937353,0.0009554617257109565,3
3756,20221018_110139.mat,3676923,3.676923,0.010755783437353693,0.0009554617257109565,3
3757,20221018_110139.mat,3677122,3.677122,0.0014182005582832492,0.0009554617257109565,3
3758,20221018_110139.mat,3734633,3.734633,0.0009756445466251721,0.0009554617257109565,3
3759,20221018_110139.mat,3804482,3.804482,0.055866638134735504,0.0009554617257109565,3
3760,20221018_110139.mat,3804681,3.804681,0.003524318292592199,0.0009554617257109565,3
3761,20221018_110139.mat,3804880,3.80488,0.0009799918875552974,0.0009554617257109565,3
3762,20221018_110139.mat,3813835,3.813835,0.0009841408318991462,0.0009554617257109565,3
3763,20221018_110139.mat,3824979,3.824979,0.0034062883749811953,0.0009554617257109565,3
3764,20221018_110139.mat,3865376,3.865376,0.001552923784117977,0.0009554617257109565,3
3765,20221018_110139.mat,3873137,3.873137,0.0015765273592610496,0.0009554617257109565,3
3766,20221018_110139.mat,3873336,3.873336,0.0010107320148991436,0.0009554617257109565,3
3767,20221018_110139.mat,3874928,3.874928,0.0014829683713448798,0.0009554617257109565,3
3768,20221018_110139.mat,3890649,3.890649,0.001395355706878597,0.0009554617257109565,3
3769,20221018_110139.mat,3944777,3.944777,0.0017917193211374454,0.0009554617257109565,3
3770,20221018_110139.mat,3944976,3.944976,0.022954290102750442,0.0009554617257109565,3
3771,20221018_110139.mat,3945175,3.945175,0.004202324750446701,0.0009554617257109565,3
3772,20221018_110139.mat,3945374,3.945374,0.000986354052926275,0.0009554617257109565,3
3773,20221018_110139.mat,3956319,3.956319,0.01176732100193823,0.0009554617257109565,3
3774,20221018_110139.mat,3956518,3.956518,0.0024279521044494163,0.0009554617257109565,3
3775,20221018_110139.mat,4001492,4.001492,0.004075454864487126,0.0009554617257109565,3
3776,20221018_110139.mat,4001691,4.001691,0.0030854916735086123,0.0009554617257109565,3
3777,20221018_110139.mat,4053829,4.053829,0.01515364006802374,0.0009554617257109565,3
3778,20221018_110139.mat,4054028,4.054028,0.0017144199732244672,0.0009554617257109565,3
3779,20221018_110139.mat,4054227,4.054227,0.0010796162566341898,0.0009554617257109565,3
3780,20221018_110139.mat,4096216,4.096216,0.002010471752438358,0.0009554617257109565,3
3781,20221018_110139.mat,4112335,4.112335,0.0011115655525415662,0.0009554617257109565,3
3782,20221018_110139.mat,4112534,4.112534,0.001815230128125255,0.0009554617257109565,3
3783,20221018_110139.mat,4148155,4.148155,0.0036293900099919948,0.0009554617257109565,3
3784,20221018_110139.mat,4328847,4.328847,0.0018071387395072862,0.0009554617257109565,3
3785,20221018_110139.mat,4329046,4.329046,0.0014581278883923408,0.0009554617257109565,3
3786,20221018_110139.mat,4340588,4.340588,0.002556076234048294,0.0009554617257109565,3
3787,20221018_110139.mat,4375811,4.375811,0.01309080124405494,0.0009554617257109565,3
3788,20221018_110139.mat,4376010,4.37601,0.0018166943669776013,0.0009554617257109565,3
3789,20221018_110139.mat,4392527,4.392527,0.0020647445135840727,0.0009554617257109565,3
3790,20221018_110139.mat,4448446,4.448446,0.010886540053962597,0.0009554617257109565,3
3791,20221018_110139.mat,4448645,4.448645,0.0026427159137755157,0.0009554617257109565,3
3792,20221018_110139.mat,4455212,4.455212,0.0015206204287133037,0.0009554617257109565,3
3793,20221018_110139.mat,4456804,4.456804,0.00817907450442596,0.0009554617257109565,3
3794,20221018_110139.mat,4457003,4.457003,0.001515019092813915,0.0009554617257109565,3
3795,20221018_110139.mat,4459391,4.459391,0.005096916816929648,0.0009554617257109565,3
3796,20221018_110139.mat,4459590,4.45959,0.0044351677958717846,0.0009554617257109565,3
3797,20221018_110139.mat,4484266,4.484266,0.0015450755542060555,0.0009554617257109565,3
3798,20221018_110139.mat,4513718,4.513718,0.0009648155792299389,0.0009554617257109565,3
3799,20221018_110139.mat,4536006,4.536006,0.0015024791343261443,0.0009554617257109565,3
3800,20221018_110139.mat,4536205,4.536205,0.0011889089876209117,0.0009554617257109565,3
3801,20221018_110139.mat,4563468,4.563468,0.03321570210444335,0.0009554617257109565,3
3802,20221018_110139.mat,4563667,4.563667,0.0020262553561773296,0.0009554617257109565,3
3803,20221018_110139.mat,4636103,4.636103,0.0012302005332865975,0.0009554617257109565,3
3804,20221018_110139.mat,4636302,4.636302,0.0016119090979514843,0.0009554617257109565,3
3805,20221018_110139.mat,4769831,4.769831,0.001395356116476596,0.0009554617257109565,3
3806,20221018_110139.mat,4770030,4.77003,0.0010467274785289878,0.0009554617257109565,3
3807,20221018_110139.mat,4807044,4.807044,0.0010383388043859543,0.0009554617257109565,3
3808,20221018_110139.mat,4865948,4.865948,0.012865486454807505,0.0009554617257109565,3
3809,20221018_110139.mat,4866147,4.866147,0.003084989990125603,0.0009554617257109565,3
3810,20221018_110139.mat,4866346,4.866346,0.0010115044915952557,0.0009554617257109565,3
3811,20221018_110139.mat,4880077,4.880077,0.001227280163039661,0.0009554617257109565,3
3812,20221018_110139.mat,4914902,4.914902,0.006676759155746162,0.0009554617257109565,3
3813,20221018_110139.mat,4915101,4.915101,0.0022326088532455745,0.0009554617257109565,3
3814,20221018_110139.mat,4928235,4.928235,0.010111929105279074,0.0009554617257109565,3
3815,20221018_110139.mat,4928434,4.928434,0.012049002863927991,0.0009554617257109565,3
3816,20221018_110139.mat,4928633,4.928633,0.00105193054368974,0.0009554617257109565,3
3817,20221018_110139.mat,4973607,4.973607,0.0014294239914574567,0.0009554617257109565,3
3818,20221018_110139.mat,4976393,4.976393,0.005372690517528618,0.0009554617257109565,3
3819,20221018_110139.mat,4993109,4.993109,0.0009586796399061151,0.0009554617257109565,3
3820,20221018_110144.mat,18706,0.018706,0.005765817287761147,0.0009525572659263145,3
3821,20221018_110144.mat,18905,0.018905,0.004629506179376202,0.0009525572659263145,3
3822,20221018_110144.mat,43382,0.043382,0.004469652053159229,0.0009525572659263145,3
3823,20221018_110144.mat,43581,0.043581,0.00419121695395816,0.0009525572659263145,3
3824,20221018_110144.mat,44775,0.044775,0.003158120599521503,0.0009525572659263145,3
3825,20221018_110144.mat,44974,0.044974,0.0031985738369304873,0.0009525572659263145,3
3826,20221018_110144.mat,66267,0.066267,0.0013884096341620668,0.0009525572659263145,3
3827,20221018_110144.mat,66466,0.066466,0.0010033908729898044,0.0009525572659263145,3
3828,20221018_110144.mat,104674,0.104674,0.001074957596546387,0.0009525572659263145,3
3829,20221018_110144.mat,136514,0.136514,0.005374052860016153,0.0009525572659263145,3
3830,20221018_110144.mat,136713,0.136713,0.001208441278354637,0.0009525572659263145,3
3831,20221018_110144.mat,167558,0.167558,0.0014111263628136615,0.0009525572659263145,3
3832,20221018_110144.mat,167757,0.167757,0.1831513313065194,0.0009525572659263145,3
3833,20221018_110144.mat,167956,0.167956,0.035182858837817674,0.0009525572659263145,3
3834,20221018_110144.mat,168155,0.168155,0.0067603346750428955,0.0009525572659263145,3
3835,20221018_110144.mat,168354,0.168354,0.0025899678609370607,0.0009525572659263145,3
3836,20221018_110144.mat,171339,0.171339,0.01351118765103165,0.0009525572659263145,3
3837,20221018_110144.mat,171538,0.171538,0.00646941314037995,0.0009525572659263145,3
3838,20221018_110144.mat,171737,0.171737,0.0010236014466298048,0.0009525572659263145,3
3839,20221018_110144.mat,173727,0.173727,0.0010226231760236452,0.0009525572659263145,3
3840,20221018_110144.mat,199995,0.199995,0.013290134000877994,0.0009525572659263145,3
3841,20221018_110144.mat,200194,0.200194,0.004583728043472095,0.0009525572659263145,3
3842,20221018_110144.mat,200393,0.200393,0.0014734983946573564,0.0009525572659263145,3
3843,20221018_110144.mat,224273,0.224273,0.0014011670249336628,0.0009525572659263145,3
3844,20221018_110144.mat,243775,0.243775,0.001399140089559169,0.0009525572659263145,3
3845,20221018_110144.mat,247556,0.247556,0.0012719351510412805,0.0009525572659263145,3
3846,20221018_110144.mat,260292,0.260292,0.009637090920452023,0.0009525572659263145,3
3847,20221018_110144.mat,260491,0.260491,0.004493340659989692,0.0009525572659263145,3
3848,20221018_110144.mat,263675,0.263675,0.0010009372829074418,0.0009525572659263145,3
3849,20221018_110144.mat,268650,0.26865,0.0017411669106128487,0.0009525572659263145,3
3850,20221018_110144.mat,268849,0.268849,0.0010182113011168933,0.0009525572659263145,3
3851,20221018_110144.mat,274620,0.27462,0.0010788934938880698,0.0009525572659263145,3
3852,20221018_110144.mat,338101,0.338101,0.0040036200484381895,0.0009525572659263145,3
3853,20221018_110144.mat,338300,0.3383,0.0015987233871932777,0.0009525572659263145,3
3854,20221018_110144.mat,338897,0.338897,0.0009838333621149322,0.0009525572659263145,3
3855,20221018_110144.mat,376110,0.37611,0.02580624218896274,0.0009525572659263145,3
3856,20221018_110144.mat,376309,0.376309,0.0045738888698877225,0.0009525572659263145,3
3857,20221018_110144.mat,376508,0.376508,0.0012062374296718172,0.0009525572659263145,3
3858,20221018_110144.mat,380090,0.38009,0.0011459224998705102,0.0009525572659263145,3
3859,20221018_110144.mat,387254,0.387254,0.013943697205250407,0.0009525572659263145,3
3860,20221018_110144.mat,387453,0.387453,0.0026162511817331164,0.0009525572659263145,3
3861,20221018_110144.mat,387652,0.387652,0.0011615837396485365,0.0009525572659263145,3
3862,20221018_110144.mat,393622,0.393622,0.0009615340965766431,0.0009525572659263145,3
3863,20221018_110144.mat,417303,0.417303,0.0010129510298021195,0.0009525572659263145,3
3864,20221018_110144.mat,466655,0.466655,0.010015582916163421,0.0009525572659263145,3
3865,20221018_110144.mat,466854,0.466854,0.004677247709721149,0.0009525572659263145,3
3866,20221018_110144.mat,467053,0.467053,0.001006264353457714,0.0009525572659263145,3
3867,20221018_110144.mat,481182,0.481182,0.0017259608211738302,0.0009525572659263145,3
3868,20221018_110144.mat,481381,0.481381,0.0015696792079258144,0.0009525572659263145,3
3869,20221018_110144.mat,486754,0.486754,0.004120609030642066,0.0009525572659263145,3
3870,20221018_110144.mat,486953,0.486953,0.0038564776970428562,0.0009525572659263145,3
3871,20221018_110144.mat,520783,0.520783,0.005693658318692108,0.0009525572659263145,3
3872,20221018_110144.mat,520982,0.520982,0.003616819025589281,0.0009525572659263145,3
3873,20221018_110144.mat,522773,0.522773,0.0020466660209399637,0.0009525572659263145,3
3874,20221018_110144.mat,522972,0.522972,0.014235201712492582,0.0009525572659263145,3
3875,20221018_110144.mat,523171,0.523171,0.002728263727560636,0.0009525572659263145,3
3876,20221018_110144.mat,523370,0.52337,0.0012515322823742979,0.0009525572659263145,3
3877,20221018_110144.mat,562971,0.562971,0.00737257275951118,0.0009525572659263145,3
3878,20221018_110144.mat,563170,0.56317,0.001766702867888518,0.0009525572659263145,3
3879,20221018_110144.mat,563369,0.563369,0.0009823917431426123,0.0009525572659263145,3
3880,20221018_110144.mat,573916,0.573916,0.002401979774628949,0.0009525572659263145,3
3881,20221018_110144.mat,574115,0.574115,0.001403860021091477,0.0009525572659263145,3
3882,20221018_110144.mat,595209,0.595209,0.0031003849108708365,0.0009525572659263145,3
3883,20221018_110144.mat,595408,0.595408,0.0012854962119279681,0.0009525572659263145,3
3884,20221018_110144.mat,613517,0.613517,0.0013505317969642347,0.0009525572659263145,3
3885,20221018_110144.mat,613716,0.613716,0.029531742447454705,0.0009525572659263145,3
3886,20221018_110144.mat,613915,0.613915,0.006801715166586913,0.0009525572659263145,3
3887,20221018_110144.mat,614114,0.614114,0.001844133462477503,0.0009525572659263145,3
3888,20221018_110144.mat,633616,0.633616,0.006927386374359308,0.0009525572659263145,3
3889,20221018_110144.mat,633815,0.633815,0.00117330818260748,0.0009525572659263145,3
3890,20221018_110144.mat,656899,0.656899,0.0012298140607631075,0.0009525572659263145,3
3891,20221018_110144.mat,672819,0.672819,0.0017338728241491285,0.0009525572659263145,3
3892,20221018_110144.mat,673018,0.673018,0.002405639795143487,0.0009525572659263145,3
3893,20221018_110144.mat,683963,0.683963,0.007062722619077516,0.0009525572659263145,3
3894,20221018_110144.mat,684162,0.684162,0.0010275894972166786,0.0009525572659263145,3
3895,20221018_110144.mat,688938,0.688938,0.0022959359429401615,0.0009525572659263145,3
3896,20221018_110144.mat,722370,0.72237,0.04807347660457669,0.0009525572659263145,3
3897,20221018_110144.mat,722569,0.722569,0.01225736470571768,0.0009525572659263145,3
3898,20221018_110144.mat,722768,0.722768,0.0039652403219529566,0.0009525572659263145,3
3899,20221018_110144.mat,722967,0.722967,0.0011227268522726423,0.0009525572659263145,3
3900,20221018_110144.mat,791821,0.791821,0.0020675496382282746,0.0009525572659263145,3
3901,20221018_110144.mat,792020,0.79202,0.0012518484524389997,0.0009525572659263145,3
3902,20221018_110144.mat,851322,0.851322,0.0012541230835788814,0.0009525572659263145,3
3903,20221018_110144.mat,851521,0.851521,0.0010911623083509098,0.0009525572659263145,3
3904,20221018_110144.mat,890724,0.890724,0.0017148448297107067,0.0009525572659263145,3
3905,20221018_110144.mat,934504,0.934504,0.0011032650560363708,0.0009525572659263145,3
3906,20221018_110144.mat,935300,0.9353,0.0039511402670905065,0.0009525572659263145,3
3907,20221018_110144.mat,935499,0.935499,0.001043301896527329,0.0009525572659263145,3
3908,20221018_110144.mat,939877,0.939877,0.005093394745517503,0.0009525572659263145,3
3909,20221018_110144.mat,940076,0.940076,0.0010830619175989343,0.0009525572659263145,3
3910,20221018_110144.mat,955200,0.9552,0.0009777015615081968,0.0009525572659263145,3
3911,20221018_110144.mat,959180,0.95918,0.0027613683833480904,0.0009525572659263145,3
3912,20221018_110144.mat,959379,0.959379,0.0037171426151294614,0.0009525572659263145,3
3913,20221018_110144.mat,965548,0.965548,0.006249443797182439,0.0009525572659263145,3
3914,20221018_110144.mat,965747,0.965747,0.0011876378299648925,0.0009525572659263145,3
3915,20221018_110144.mat,970324,0.970324,0.0027399689779704396,0.0009525572659263145,3
3916,20221018_110144.mat,970523,0.970523,0.006619021111181989,0.0009525572659263145,3
3917,20221018_110144.mat,975498,0.975498,0.002128499407586549,0.0009525572659263145,3
3918,20221018_110144.mat,1027238,1.027238,0.0014100223946808001,0.0009525572659263145,3
3919,20221018_110144.mat,1078381,1.078381,0.03375106703656984,0.0009525572659263145,3
3920,20221018_110144.mat,1078580,1.07858,0.023246709244070744,0.0009525572659263145,3
3921,20221018_110144.mat,1078779,1.078779,0.0016967253182147328,0.0009525572659263145,3
3922,20221018_110144.mat,1078978,1.078978,0.0011457392850659147,0.0009525572659263145,3
3923,20221018_110144.mat,1086341,1.086341,0.0009801419221752016,0.0009525572659263145,3
3924,20221018_110144.mat,1086938,1.086938,0.002012961008751991,0.0009525572659263145,3
3925,20221018_110144.mat,1142459,1.142459,0.0009916644762043498,0.0009525572659263145,3
3926,20221018_110144.mat,1142658,1.142658,0.001021740537377266,0.0009525572659263145,3
3927,20221018_110144.mat,1183851,1.183851,0.21866733366245708,0.0009525572659263145,3
3928,20221018_110144.mat,1184050,1.18405,0.04339852263342632,0.0009525572659263145,3
3929,20221018_110144.mat,1184249,1.184249,0.006329034728863211,0.0009525572659263145,3
3930,20221018_110144.mat,1184448,1.184448,0.002387401057133897,0.0009525572659263145,3
3931,20221018_110144.mat,1184647,1.184647,0.0034243982146219204,0.0009525572659263145,3
3932,20221018_110144.mat,1202557,1.202557,0.0010617067504985025,0.0009525572659263145,3
3933,20221018_110144.mat,1202756,1.202756,0.0009865173180012086,0.0009525572659263145,3
3934,20221018_110144.mat,1218477,1.218477,0.002425113929300928,0.0009525572659263145,3
3935,20221018_110144.mat,1244745,1.244745,0.026158817263547744,0.0009525572659263145,3
3936,20221018_110144.mat,1244944,1.244944,0.02495507382188348,0.0009525572659263145,3
3937,20221018_110144.mat,1245143,1.245143,0.0045169760249321395,0.0009525572659263145,3
3938,20221018_110144.mat,1245342,1.245342,0.002523162120183403,0.0009525572659263145,3
3939,20221018_110144.mat,1245740,1.24574,0.0013435939208178284,0.0009525572659263145,3
3940,20221018_110144.mat,1245939,1.245939,0.0011499447209729018,0.0009525572659263145,3
3941,20221018_110144.mat,1255093,1.255093,0.001072986361704305,0.0009525572659263145,3
3942,20221018_110144.mat,1291709,1.291709,0.02226219397170463,0.0009525572659263145,3
3943,20221018_110144.mat,1291908,1.291908,0.030965366099556833,0.0009525572659263145,3
3944,20221018_110144.mat,1292107,1.292107,0.004235731521759025,0.0009525572659263145,3
3945,20221018_110144.mat,1292306,1.292306,0.0014265064372957887,0.0009525572659263145,3
3946,20221018_110144.mat,1332504,1.332504,0.0011612720988628488,0.0009525572659263145,3
3947,20221018_110144.mat,1366135,1.366135,0.0010224257299851554,0.0009525572659263145,3
3948,20221018_110144.mat,1374095,1.374095,0.002563540364652944,0.0009525572659263145,3
3949,20221018_110144.mat,1374294,1.374294,0.0010199251376693662,0.0009525572659263145,3
3950,20221018_110144.mat,1412502,1.412502,0.0009528074255417482,0.0009525572659263145,3
3951,20221018_110144.mat,1415089,1.415089,0.032500291284395695,0.0009525572659263145,3
3952,20221018_110144.mat,1415288,1.415288,0.007415847551582491,0.0009525572659263145,3
3953,20221018_110144.mat,1415487,1.415487,0.0013869675131350711,0.0009525572659263145,3
3954,20221018_110144.mat,1415686,1.415686,0.0009650875239477118,0.0009525572659263145,3
3955,20221018_110144.mat,1467824,1.467824,0.0010724377451556651,0.0009525572659263145,3
3956,20221018_110144.mat,1472401,1.472401,0.0010049907292190442,0.0009525572659263145,3
3957,20221018_110144.mat,1512599,1.512599,0.0014634234305277672,0.0009525572659263145,3
3958,20221018_110144.mat,1519564,1.519564,0.001056674960199561,0.0009525572659263145,3
3959,20221018_110144.mat,1535683,1.535683,0.055488247642451756,0.0009525572659263145,3
3960,20221018_110144.mat,1535882,1.535882,0.004172287041536294,0.0009525572659263145,3
3961,20221018_110144.mat,1536081,1.536081,0.0015778136289352803,0.0009525572659263145,3
3962,20221018_110144.mat,1562548,1.562548,0.024786698623410496,0.0009525572659263145,3
3963,20221018_110144.mat,1562747,1.562747,0.007992009508499652,0.0009525572659263145,3
3964,20221018_110144.mat,1562946,1.562946,0.0012090377425092419,0.0009525572659263145,3
3965,20221018_110144.mat,1567523,1.567523,0.0011951505029616967,0.0009525572659263145,3
3966,20221018_110144.mat,1567722,1.567722,0.001989320142019879,0.0009525572659263145,3
3967,20221018_110144.mat,1577473,1.577473,0.0009902724489558173,0.0009525572659263145,3
3968,20221018_110144.mat,1591602,1.591602,0.003839526971016508,0.0009525572659263145,3
3969,20221018_110144.mat,1591801,1.591801,0.004645671462351793,0.0009525572659263145,3
3970,20221018_110144.mat,1602348,1.602348,0.03142732989939814,0.0009525572659263145,3
3971,20221018_110144.mat,1602547,1.602547,0.0032063463599741365,0.0009525572659263145,3
3972,20221018_110144.mat,1602746,1.602746,0.0013319835022453641,0.0009525572659263145,3
3973,20221018_110144.mat,1728713,1.728713,0.00816297928676679,0.0009525572659263145,3
3974,20221018_110144.mat,1728912,1.728912,0.002089332683130981,0.0009525572659263145,3
3975,20221018_110144.mat,1750802,1.750802,0.0010072465393834553,0.0009525572659263145,3
3976,20221018_110144.mat,1753190,1.75319,0.02155479087535471,0.0009525572659263145,3
3977,20221018_110144.mat,1753389,1.753389,0.0015475072522581298,0.0009525572659263145,3
3978,20221018_110144.mat,1775279,1.775279,0.0022853180230881,0.0009525572659263145,3
3979,20221018_110144.mat,1775478,1.775478,0.002344176991847224,0.0009525572659263145,3
3980,20221018_110144.mat,1792990,1.79299,0.06869779043632523,0.0009525572659263145,3
3981,20221018_110144.mat,1793189,1.793189,0.00766060789887725,0.0009525572659263145,3
3982,20221018_110144.mat,1793388,1.793388,0.002853238627190877,0.0009525572659263145,3
3983,20221018_110144.mat,1856471,1.856471,0.02839335892211359,0.0009525572659263145,3
3984,20221018_110144.mat,1856670,1.85667,0.007583726984756352,0.0009525572659263145,3
3985,20221018_110144.mat,1856869,1.856869,0.0014785605494452255,0.0009525572659263145,3
3986,20221018_110144.mat,1870998,1.870998,0.07545927217561407,0.0009525572659263145,3
3987,20221018_110144.mat,1871197,1.871197,0.014015649733529504,0.0009525572659263145,3
3988,20221018_110144.mat,1871396,1.871396,0.003401816922103923,0.0009525572659263145,3
3989,20221018_110144.mat,1871595,1.871595,0.0011727708212661723,0.0009525572659263145,3
3990,20221018_110144.mat,1895077,1.895077,0.0010056097545347433,0.0009525572659263145,3
3991,20221018_110144.mat,1903435,1.903435,0.0010243699413775816,0.0009525572659263145,3
3992,20221018_110144.mat,1954777,1.954777,0.002877166540163746,0.0009525572659263145,3
3993,20221018_110144.mat,1976070,1.97607,0.0025096521076496403,0.0009525572659263145,3
3994,20221018_110144.mat,1976269,1.976269,0.0029636841121810356,0.0009525572659263145,3
3995,20221018_110144.mat,1982239,1.982239,0.0011277782350598785,0.0009525572659263145,3
3996,20221018_110144.mat,1999751,1.999751,0.0033160435600421627,0.0009525572659263145,3
3997,20221018_110144.mat,1999950,1.99995,0.005309994813878501,0.0009525572659263145,3
3998,20221018_110144.mat,2018258,2.018258,0.009616556157983958,0.0009525572659263145,3
3999,20221018_110144.mat,2018457,2.018457,0.004441809285185317,0.0009525572659263145,3
4000,20221018_110144.mat,2061839,2.061839,0.0010387199999996007,0.0009525572659263145,3
4001,20221018_110144.mat,2075371,2.075371,0.004684047374782977,0.0009525572659263145,3
4002,20221018_110144.mat,2075570,2.07557,0.0009634172342666504,0.0009525572659263145,3
4003,20221018_110144.mat,2091291,2.091291,0.0010813187197651823,0.0009525572659263145,3
4004,20221018_110144.mat,2124723,2.124723,0.010032380194686982,0.0009525572659263145,3
4005,20221018_110144.mat,2124922,2.124922,0.002138156922348239,0.0009525572659263145,3
4006,20221018_110144.mat,2183627,2.183627,0.0012180354636927594,0.0009525572659263145,3
4007,20221018_110144.mat,2268202,2.268202,0.0016210489581968198,0.0009525572659263145,3
4008,20221018_110144.mat,2312977,2.312977,0.002217345549442483,0.0009525572659263145,3
4009,20221018_110144.mat,2313176,2.313176,0.0069993453825929995,0.0009525572659263145,3
4010,20221018_110144.mat,2313375,2.313375,0.0013569668062348966,0.0009525572659263145,3
4011,20221018_110144.mat,2321136,2.321136,0.0010089829847961904,0.0009525572659263145,3
4012,20221018_110144.mat,2348001,2.348001,0.037164907233541496,0.0009525572659263145,3
4013,20221018_110144.mat,2348200,2.3482,0.013403553422689654,0.0009525572659263145,3
4014,20221018_110144.mat,2348399,2.348399,0.0016016783365356353,0.0009525572659263145,3
4015,20221018_110144.mat,2365712,2.365712,0.0012782601283712722,0.0009525572659263145,3
4016,20221018_110144.mat,2370687,2.370687,0.0013423395498997862,0.0009525572659263145,3
4017,20221018_110144.mat,2377055,2.377055,0.013627113330645944,0.0009525572659263145,3
4018,20221018_110144.mat,2377254,2.377254,0.0019271127827842607,0.0009525572659263145,3
4019,20221018_110144.mat,2418646,2.418646,0.0014541454694205187,0.0009525572659263145,3
4020,20221018_110144.mat,2418845,2.418845,0.0011046979559782896,0.0009525572659263145,3
4021,20221018_110144.mat,2422427,2.422427,0.0030493827717386272,0.0009525572659263145,3
4022,20221018_110144.mat,2422626,2.422626,0.0011556331973636897,0.0009525572659263145,3
4023,20221018_110144.mat,2462824,2.462824,0.005861221564531609,0.0009525572659263145,3
4024,20221018_110144.mat,2463023,2.463023,0.004185444446109206,0.0009525572659263145,3
4025,20221018_110144.mat,2467401,2.467401,0.0012972021398896417,0.0009525572659263145,3
4026,20221018_110144.mat,2486107,2.486107,0.0035308093106191894,0.0009525572659263145,3
4027,20221018_110144.mat,2524116,2.524116,0.000971107636789856,0.0009525572659263145,3
4028,20221018_110144.mat,2566304,2.566304,0.0028045676105379544,0.0009525572659263145,3
4029,20221018_110144.mat,2566503,2.566503,0.004784986091856251,0.0009525572659263145,3
4030,20221018_110144.mat,2566702,2.566702,0.0009853310991122344,0.0009525572659263145,3
4031,20221018_110144.mat,2670580,2.67058,0.008085854324022885,0.0009525572659263145,3
4032,20221018_110144.mat,2670779,2.670779,0.00849071021937281,0.0009525572659263145,3
4033,20221018_110144.mat,2670978,2.670978,0.0009900980764266539,0.0009525572659263145,3
4034,20221018_110144.mat,2779831,2.779831,0.004886035453191294,0.0009525572659263145,3
4035,20221018_110144.mat,2780030,2.78003,0.0010737579669498206,0.0009525572659263145,3
4036,20221018_110144.mat,2780229,2.780229,0.003147087475052228,0.0009525572659263145,3
4037,20221018_110144.mat,2780428,2.780428,0.007101751154666791,0.0009525572659263145,3
4038,20221018_110144.mat,2780627,2.780627,0.023198659028249337,0.0009525572659263145,3
4039,20221018_110144.mat,2780826,2.780826,0.006419481437309256,0.0009525572659263145,3
4040,20221018_110144.mat,2781025,2.781025,0.0011042539529895427,0.0009525572659263145,3
4041,20221018_110144.mat,2782418,2.782418,0.001025238020566437,0.0009525572659263145,3
4042,20221018_110144.mat,2783015,2.783015,0.0018089941144555923,0.0009525572659263145,3
4043,20221018_110144.mat,2783214,2.783214,0.0018529749022139035,0.0009525572659263145,3
4044,20221018_110144.mat,2784010,2.78401,0.03140303062419214,0.0009525572659263145,3
4045,20221018_110144.mat,2784209,2.784209,0.017565701957427782,0.0009525572659263145,3
4046,20221018_110144.mat,2784408,2.784408,0.00215547424948927,0.0009525572659263145,3
4047,20221018_110144.mat,2896644,2.896644,0.0011219306230852246,0.0009525572659263145,3
4048,20221018_110144.mat,2909380,2.90938,0.02481239965135723,0.0009525572659263145,3
4049,20221018_110144.mat,2909579,2.909579,0.0044449035778010544,0.0009525572659263145,3
4050,20221018_110144.mat,2909778,2.909778,0.0013573826614882206,0.0009525572659263145,3
4051,20221018_110144.mat,2909977,2.909977,0.0013461055346252187,0.0009525572659263145,3
4052,20221018_110144.mat,2910375,2.910375,0.006174903224844028,0.0009525572659263145,3
4053,20221018_110144.mat,2910574,2.910574,0.0013641356373787505,0.0009525572659263145,3
4054,20221018_110144.mat,2945797,2.945797,0.009295133227561122,0.0009525572659263145,3
4055,20221018_110144.mat,2945996,2.945996,0.002408463262627354,0.0009525572659263145,3
4056,20221018_110144.mat,2967687,2.967687,0.012297625795349208,0.0009525572659263145,3
4057,20221018_110144.mat,2967886,2.967886,0.011384126407058942,0.0009525572659263145,3
4058,20221018_110144.mat,2968085,2.968085,0.0023809469287559724,0.0009525572659263145,3
4059,20221018_110144.mat,2968284,2.968284,0.001157032984839961,0.0009525572659263145,3
4060,20221018_110144.mat,3030770,3.03077,0.020147280711490433,0.0009525572659263145,3
4061,20221018_110144.mat,3030969,3.030969,0.007394013171802905,0.0009525572659263145,3
4062,20221018_110144.mat,3031168,3.031168,0.002267094195579787,0.0009525572659263145,3
4063,20221018_110144.mat,3044302,3.044302,0.004190580137534076,0.0009525572659263145,3
4064,20221018_110144.mat,3044501,3.044501,0.0011827237807671889,0.0009525572659263145,3
4065,20221018_110144.mat,3046292,3.046292,0.006994498875266582,0.0009525572659263145,3
4066,20221018_110144.mat,3046491,3.046491,0.0016969754479796266,0.0009525572659263145,3
4067,20221018_110144.mat,3062809,3.062809,0.0020457522112455207,0.0009525572659263145,3
4068,20221018_110144.mat,3076739,3.076739,0.002734689071158913,0.0009525572659263145,3
4069,20221018_110144.mat,3076938,3.076938,0.0019546878423266456,0.0009525572659263145,3
4070,20221018_110144.mat,3148976,3.148976,0.00743147705612438,0.0009525572659263145,3
4071,20221018_110144.mat,3149175,3.149175,0.002129136068835816,0.0009525572659263145,3
4072,20221018_110144.mat,3150568,3.150568,0.0009800330510053962,0.0009525572659263145,3
4073,20221018_110144.mat,3153354,3.153354,0.001046168271332233,0.0009525572659263145,3
4074,20221018_110144.mat,3207482,3.207482,0.002004994018182498,0.0009525572659263145,3
4075,20221018_110144.mat,3211661,3.211661,0.01350820713962371,0.0009525572659263145,3
4076,20221018_110144.mat,3211860,3.21186,0.010277297546340904,0.0009525572659263145,3
4077,20221018_110144.mat,3212059,3.212059,0.0011554192643079603,0.0009525572659263145,3
4078,20221018_110144.mat,3291858,3.291858,0.0030164854353218126,0.0009525572659263145,3
4079,20221018_110144.mat,3292057,3.292057,0.0012088778468604291,0.0009525572659263145,3
4080,20221018_110144.mat,3295042,3.295042,0.001039291335224398,0.0009525572659263145,3
4081,20221018_110144.mat,3300614,3.300614,0.006375278790555236,0.0009525572659263145,3
4082,20221018_110144.mat,3300813,3.300813,0.0033873645818884883,0.0009525572659263145,3
4083,20221018_110144.mat,3317927,3.317927,0.011294008700466486,0.0009525572659263145,3
4084,20221018_110144.mat,3318126,3.318126,0.004632696477001245,0.0009525572659263145,3
4085,20221018_110144.mat,3318325,3.318325,0.001355879649067726,0.0009525572659263145,3
4086,20221018_110144.mat,3320514,3.320514,0.0009901473483135894,0.0009525572659263145,3
4087,20221018_110144.mat,3343598,3.343598,0.001197257867090025,0.0009525572659263145,3
4088,20221018_110144.mat,3380413,3.380413,0.0011040783873661987,0.0009525572659263145,3
4089,20221018_110144.mat,3397328,3.397328,0.002842234644399386,0.0009525572659263145,3
4090,20221018_110144.mat,3448272,3.448272,0.0009617356841270633,0.0009525572659263145,3
4091,20221018_110144.mat,3461605,3.461605,0.004859597723815271,0.0009525572659263145,3
4092,20221018_110144.mat,3461804,3.461804,0.017229546258879007,0.0009525572659263145,3
4093,20221018_110144.mat,3462003,3.462003,0.002976334681014026,0.0009525572659263145,3
4094,20221018_110144.mat,3463993,3.463993,0.03386011420673277,0.0009525572659263145,3
4095,20221018_110144.mat,3464192,3.464192,0.03422873659487902,0.0009525572659263145,3
4096,20221018_110144.mat,3464391,3.464391,0.003597395803317677,0.0009525572659263145,3
4097,20221018_110144.mat,3464590,3.46459,0.0016214476791292286,0.0009525572659263145,3
4098,20221018_110144.mat,3467973,3.467973,0.0010581162154842496,0.0009525572659263145,3
4099,20221018_110144.mat,3488470,3.48847,0.0016762617066490113,0.0009525572659263145,3
4100,20221018_110144.mat,3502599,3.502599,0.0015964288524973845,0.0009525572659263145,3
4101,20221018_110144.mat,3502798,3.502798,0.004968288023975758,0.0009525572659263145,3
4102,20221018_110144.mat,3502997,3.502997,0.0014994754019329079,0.0009525572659263145,3
4103,20221018_110144.mat,3515335,3.515335,0.0011991243143328802,0.0009525572659263145,3
4104,20221018_110144.mat,3515534,3.515534,0.002204457411040808,0.0009525572659263145,3
4105,20221018_110144.mat,3606676,3.606676,0.003078080104359463,0.0009525572659263145,3
4106,20221018_110144.mat,3641700,3.6417,0.05236300706392062,0.0009525572659263145,3
4107,20221018_110144.mat,3641899,3.641899,0.018738988521591556,0.0009525572659263145,3
4108,20221018_110144.mat,3642098,3.642098,0.004837593208182072,0.0009525572659263145,3
4109,20221018_110144.mat,3642297,3.642297,0.001925511159538062,0.0009525572659263145,3
4110,20221018_110144.mat,3660207,3.660207,0.015302439170474223,0.0009525572659263145,3
4111,20221018_110144.mat,3660406,3.660406,0.01356397670230008,0.0009525572659263145,3
4112,20221018_110144.mat,3660605,3.660605,0.0015789172706443852,0.0009525572659263145,3
4113,20221018_110144.mat,3660804,3.660804,0.001012837207853137,0.0009525572659263145,3
4114,20221018_110144.mat,3665182,3.665182,0.007421947323819183,0.0009525572659263145,3
4115,20221018_110144.mat,3665381,3.665381,0.001938964066307214,0.0009525572659263145,3
4116,20221018_110144.mat,3666177,3.666177,0.015869550637080336,0.0009525572659263145,3
4117,20221018_110144.mat,3666376,3.666376,0.01480567615136983,0.0009525572659263145,3
4118,20221018_110144.mat,3666575,3.666575,0.003019528704305356,0.0009525572659263145,3
4119,20221018_110144.mat,3666774,3.666774,0.0011715337982710066,0.0009525572659263145,3
4120,20221018_110144.mat,3678316,3.678316,0.0047590541380585,0.0009525572659263145,3
4121,20221018_110144.mat,3678515,3.678515,0.0014639606890934531,0.0009525572659263145,3
4122,20221018_110144.mat,3697818,3.697818,0.006191465405310696,0.0009525572659263145,3
4123,20221018_110144.mat,3698017,3.698017,0.001945792126346412,0.0009525572659263145,3
4124,20221018_110144.mat,3703987,3.703987,0.009059228154707099,0.0009525572659263145,3
4125,20221018_110144.mat,3704186,3.704186,0.0060835352875125365,0.0009525572659263145,3
4126,20221018_110144.mat,3704385,3.704385,0.0016647246797601518,0.0009525572659263145,3
4127,20221018_110144.mat,3739011,3.739011,0.006014233675463875,0.0009525572659263145,3
4128,20221018_110144.mat,3768264,3.768264,0.004785331185166063,0.0009525572659263145,3
4129,20221018_110144.mat,3768463,3.768463,0.004477719264978165,0.0009525572659263145,3
4130,20221018_110144.mat,3768662,3.768662,0.0010006988590091116,0.0009525572659263145,3
4131,20221018_110144.mat,3791945,3.791945,0.7713359414301093,0.0009525572659263145,3
4132,20221018_110144.mat,3792144,3.792144,0.9840427866439883,0.0009525572659263145,3
4133,20221018_110144.mat,3792343,3.792343,0.059990711974670596,0.0009525572659263145,3
4134,20221018_110144.mat,3792542,3.792542,0.03596941179620889,0.0009525572659263145,3
4135,20221018_110144.mat,3792741,3.792741,0.007112441435611375,0.0009525572659263145,3
4136,20221018_110144.mat,3792940,3.79294,0.0019377401937269816,0.0009525572659263145,3
4137,20221018_110144.mat,3795328,3.795328,0.0010683739238059218,0.0009525572659263145,3
4138,20221018_110144.mat,3796323,3.796323,0.0025978771351887965,0.0009525572659263145,3
4139,20221018_110144.mat,3824979,3.824979,0.0028734434182672015,0.0009525572659263145,3
4140,20221018_110144.mat,3825974,3.825974,0.0016568480333819802,0.0009525572659263145,3
4141,20221018_110144.mat,3830750,3.83075,0.0010380063101522652,0.0009525572659263145,3
4142,20221018_110144.mat,3835327,3.835327,0.026968637461433263,0.0009525572659263145,3
4143,20221018_110144.mat,3835526,3.835526,0.01879868465195381,0.0009525572659263145,3
4144,20221018_110144.mat,3835725,3.835725,0.001487157198786307,0.0009525572659263145,3
4145,20221018_110144.mat,3884082,3.884082,0.0014091927155867614,0.0009525572659263145,3
4146,20221018_110144.mat,3925275,3.925275,0.0016606347449618182,0.0009525572659263145,3
4147,20221018_110144.mat,3928459,3.928459,0.001191954803473325,0.0009525572659263145,3
4148,20221018_110144.mat,3941195,3.941195,0.0019873190266244357,0.0009525572659263145,3
4149,20221018_110144.mat,3977612,3.977612,0.0009667674021287314,0.0009525572659263145,3
4150,20221018_110144.mat,3996119,3.996119,0.000980041254552096,0.0009525572659263145,3
4151,20221018_110144.mat,4028954,4.028954,0.002568955679194738,0.0009525572659263145,3
4152,20221018_110144.mat,4034128,4.034128,0.0013031893201604183,0.0009525572659263145,3
4153,20221018_110144.mat,4054028,4.054028,0.002442882369210929,0.0009525572659263145,3
4154,20221018_110144.mat,4059003,4.059003,0.003950746264310023,0.0009525572659263145,3
4155,20221018_110144.mat,4059202,4.059202,0.0013328087404564234,0.0009525572659263145,3
4156,20221018_110144.mat,4072137,4.072137,0.0019196626401460956,0.0009525572659263145,3
4157,20221018_110144.mat,4072336,4.072336,0.004033953104557771,0.0009525572659263145,3
4158,20221018_110144.mat,4072535,4.072535,0.0011689115623564534,0.0009525572659263145,3
4159,20221018_110144.mat,4074724,4.074724,0.002299938321152005,0.0009525572659263145,3
4160,20221018_110144.mat,4083082,4.083082,0.003949731757926256,0.0009525572659263145,3
4161,20221018_110144.mat,4083281,4.083281,0.0015059850518750544,0.0009525572659263145,3
4162,20221018_110144.mat,4088455,4.088455,0.0014216474575196865,0.0009525572659263145,3
4163,20221018_110144.mat,4099599,4.099599,0.0014639187533393707,0.0009525572659263145,3
4164,20221018_110144.mat,4129847,4.129847,0.04347168434045495,0.0009525572659263145,3
4165,20221018_110144.mat,4130046,4.130046,0.012079172386724114,0.0009525572659263145,3
4166,20221018_110144.mat,4130245,4.130245,0.002543313989477252,0.0009525572659263145,3
4167,20221018_110144.mat,4130444,4.130444,0.0009949489135077298,0.0009525572659263145,3
4168,20221018_110144.mat,4139598,4.139598,0.0009611444791795264,0.0009525572659263145,3
4169,20221018_110144.mat,4157110,4.15711,0.00944101034303679,0.0009525572659263145,3
4170,20221018_110144.mat,4157309,4.157309,0.006893768824735589,0.0009525572659263145,3
4171,20221018_110144.mat,4163279,4.163279,0.02310391161110435,0.0009525572659263145,3
4172,20221018_110144.mat,4163478,4.163478,0.004996974200001314,0.0009525572659263145,3
4173,20221018_110144.mat,4163677,4.163677,0.0026638373950002795,0.0009525572659263145,3
4174,20221018_110144.mat,4163876,4.163876,0.0009703099501602227,0.0009525572659263145,3
4175,20221018_110144.mat,4168652,4.168652,0.011248937652369976,0.0009525572659263145,3
4176,20221018_110144.mat,4168851,4.168851,0.0023763321134549777,0.0009525572659263145,3
4177,20221018_110144.mat,4180393,4.180393,0.055964432571153785,0.0009525572659263145,3
4178,20221018_110144.mat,4180592,4.180592,0.011948811867106472,0.0009525572659263145,3
4179,20221018_110144.mat,4180791,4.180791,0.0043489624468845064,0.0009525572659263145,3
4180,20221018_110144.mat,4180990,4.18099,0.001501117024241456,0.0009525572659263145,3
4181,20221018_110144.mat,4199497,4.199497,0.0009759646854269015,0.0009525572659263145,3
4182,20221018_110144.mat,4283475,4.283475,0.001219120403391806,0.0009525572659263145,3
4183,20221018_110144.mat,4351135,4.351135,0.002802378468786326,0.0009525572659263145,3
4184,20221018_110144.mat,4351334,4.351334,0.0037853286860930215,0.0009525572659263145,3
4185,20221018_110144.mat,4351533,4.351533,0.0011124815435302811,0.0009525572659263145,3
4186,20221018_110144.mat,4354319,4.354319,0.0012757799296594231,0.0009525572659263145,3
4187,20221018_110144.mat,4369443,4.369443,0.0010039000533985315,0.0009525572659263145,3
4188,20221018_110144.mat,4375214,4.375214,0.0013653397416286905,0.0009525572659263145,3
4189,20221018_110144.mat,4397502,4.397502,0.001006383456266853,0.0009525572659263145,3
4190,20221018_110144.mat,4402079,4.402079,0.0012342270359201758,0.0009525572659263145,3
4191,20221018_110144.mat,4443272,4.443272,0.0060353086491265265,0.0009525572659263145,3
4192,20221018_110144.mat,4443471,4.443471,0.002592735060347795,0.0009525572659263145,3
4193,20221018_110144.mat,4453819,4.453819,0.005512299523087871,0.0009525572659263145,3
4194,20221018_110144.mat,4454018,4.454018,0.004045110057519715,0.0009525572659263145,3
4195,20221018_110144.mat,4468147,4.468147,0.0010761334761422519,0.0009525572659263145,3
4196,20221018_110144.mat,4481878,4.481878,0.00801268996897371,0.0009525572659263145,3
4197,20221018_110144.mat,4482077,4.482077,0.013902455477924782,0.0009525572659263145,3
4198,20221018_110144.mat,4482276,4.482276,0.003897495452799986,0.0009525572659263145,3
4199,20221018_110144.mat,4482873,4.482873,0.010665218018196327,0.0009525572659263145,3
4200,20221018_110144.mat,4483072,4.483072,0.0047247257144803,0.0009525572659263145,3
4201,20221018_110144.mat,4484465,4.484465,0.0025808696417778817,0.0009525572659263145,3
4202,20221018_110144.mat,4550931,4.550931,0.00141920889674655,0.0009525572659263145,3
4203,20221018_110144.mat,4569239,4.569239,0.0009533219662931689,0.0009525572659263145,3
4204,20221018_110144.mat,4703962,4.703962,0.00546118170131642,0.0009525572659263145,3
4205,20221018_110144.mat,4704161,4.704161,0.0021252983661846263,0.0009525572659263145,3
4206,20221018_110144.mat,4704360,4.70436,0.0013356460003749531,0.0009525572659263145,3
4207,20221018_110144.mat,4736598,4.736598,0.0047460872292242745,0.0009525572659263145,3
4208,20221018_110144.mat,4736797,4.736797,0.0010163286567630642,0.0009525572659263145,3
4209,20221018_110144.mat,4760876,4.760876,0.00664844919913572,0.0009525572659263145,3
4210,20221018_110144.mat,4761075,4.761075,0.0023438256041701656,0.0009525572659263145,3
4211,20221018_110144.mat,4789134,4.789134,0.009598389426048176,0.0009525572659263145,3
4212,20221018_110144.mat,4789333,4.789333,0.017524407758185253,0.0009525572659263145,3
4213,20221018_110144.mat,4789532,4.789532,0.003564058103251556,0.0009525572659263145,3
4214,20221018_110144.mat,4789731,4.789731,0.0012070569078554453,0.0009525572659263145,3
4215,20221018_110144.mat,4840476,4.840476,0.0024281776716826974,0.0009525572659263145,3
4216,20221018_110144.mat,4850426,4.850426,0.0011538748599909947,0.0009525572659263145,3
4217,20221018_110144.mat,4876296,4.876296,0.000996231340569608,0.0009525572659263145,3
4218,20221018_110144.mat,4920275,4.920275,0.012434466601750295,0.0009525572659263145,3
4219,20221018_110144.mat,4920474,4.920474,0.00208679784822223,0.0009525572659263145,3
4220,20221018_110144.mat,4920673,4.920673,0.0010103208412613575,0.0009525572659263145,3
4221,20221018_110144.mat,4965846,4.965846,0.0014044878430498813,0.0009525572659263145,3
4222,20221018_110144.mat,4966045,4.966045,0.0010700460072939379,0.0009525572659263145,3
4223,20221018_110149.mat,20298,0.020298,0.0029596447849975075,0.0009570467754402703,3
4224,20221018_110149.mat,20696,0.020696,0.0016909807262576123,0.0009570467754402703,3
4225,20221018_110149.mat,20895,0.020895,0.0014414950675056925,0.0009570467754402703,3
4226,20221018_110149.mat,70048,0.070048,0.0009784103737637759,0.0009570467754402703,3
4227,20221018_110149.mat,127957,0.127957,0.001436790107985715,0.0009570467754402703,3
4228,20221018_110149.mat,128156,0.128156,0.0011634573084959494,0.0009570467754402703,3
4229,20221018_110149.mat,136514,0.136514,0.03250744231163747,0.0009570467754402703,3
4230,20221018_110149.mat,136713,0.136713,0.002649421736943533,0.0009570467754402703,3
4231,20221018_110149.mat,137907,0.137907,0.006643880343226296,0.0009570467754402703,3
4232,20221018_110149.mat,138106,0.138106,0.003727588827704196,0.0009570467754402703,3
4233,20221018_110149.mat,189249,0.189249,0.07305549730846783,0.0009570467754402703,3
4234,20221018_110149.mat,189448,0.189448,0.014656178905410617,0.0009570467754402703,3
4235,20221018_110149.mat,189647,0.189647,0.0038904472904528935,0.0009570467754402703,3
4236,20221018_110149.mat,189846,0.189846,0.0010851074131006827,0.0009570467754402703,3
4237,20221018_110149.mat,255715,0.255715,0.0013869806233140502,0.0009570467754402703,3
4238,20221018_110149.mat,255914,0.255914,0.0035121833178995486,0.0009570467754402703,3
4239,20221018_110149.mat,257108,0.257108,0.0013782475693686794,0.0009570467754402703,3
4240,20221018_110149.mat,257307,0.257307,0.001477226889180218,0.0009570467754402703,3
4241,20221018_110149.mat,272630,0.27263,0.001071102848670471,0.0009570467754402703,3
4242,20221018_110149.mat,274819,0.274819,0.001021231472075586,0.0009570467754402703,3
4243,20221018_110149.mat,346857,0.346857,0.0013278285800271635,0.0009570467754402703,3
4244,20221018_110149.mat,347056,0.347056,0.003585486189893397,0.0009570467754402703,3
4245,20221018_110149.mat,359991,0.359991,0.015579716041090125,0.0009570467754402703,3
4246,20221018_110149.mat,360190,0.36019,0.008688175232413468,0.0009570467754402703,3
4247,20221018_110149.mat,360389,0.360389,0.002477031395108438,0.0009570467754402703,3
4248,20221018_110149.mat,373722,0.373722,0.009298729739652243,0.0009570467754402703,3
4249,20221018_110149.mat,413323,0.413323,0.002963858453441937,0.0009570467754402703,3
4250,20221018_110149.mat,417701,0.417701,0.001654115429554424,0.0009570467754402703,3
4251,20221018_110149.mat,430636,0.430636,0.007304170298762044,0.0009570467754402703,3
4252,20221018_110149.mat,430835,0.430835,0.0010755546924402747,0.0009570467754402703,3
4253,20221018_110149.mat,470038,0.470038,0.001069966792631924,0.0009570467754402703,3
4254,20221018_110149.mat,482774,0.482774,0.0020664560585653244,0.0009570467754402703,3
4255,20221018_110149.mat,484366,0.484366,0.0011257101878922758,0.0009570467754402703,3
4256,20221018_110149.mat,489341,0.489341,0.001010903277454006,0.0009570467754402703,3
4257,20221018_110149.mat,489540,0.48954,0.002745481563514133,0.0009570467754402703,3
4258,20221018_110149.mat,492326,0.492326,0.0037786147637791892,0.0009570467754402703,3
4259,20221018_110149.mat,505460,0.50546,0.02087739207797022,0.0009570467754402703,3
4260,20221018_110149.mat,505659,0.505659,0.05496134548597598,0.0009570467754402703,3
4261,20221018_110149.mat,505858,0.505858,0.003288349368310004,0.0009570467754402703,3
4262,20221018_110149.mat,506057,0.506057,0.001293691237930916,0.0009570467754402703,3
4263,20221018_110149.mat,526554,0.526554,0.02687164456234558,0.0009570467754402703,3
4264,20221018_110149.mat,526753,0.526753,0.0021815219291201125,0.0009570467754402703,3
4265,20221018_110149.mat,526952,0.526952,0.0010570678928153478,0.0009570467754402703,3
4266,20221018_110149.mat,536703,0.536703,0.0009985532315701512,0.0009570467754402703,3
4267,20221018_110149.mat,543270,0.54327,0.001072105422960122,0.0009570467754402703,3
4268,20221018_110149.mat,543668,0.543668,0.013839349786898098,0.0009570467754402703,3
4269,20221018_110149.mat,543867,0.543867,0.007632823023480313,0.0009570467754402703,3
4270,20221018_110149.mat,544066,0.544066,0.0014376132337448396,0.0009570467754402703,3
4271,20221018_110149.mat,553618,0.553618,0.002805336988115876,0.0009570467754402703,3
4272,20221018_110149.mat,556802,0.556802,0.0018698200907385156,0.0009570467754402703,3
4273,20221018_110149.mat,557001,0.557001,0.0015757339200103153,0.0009570467754402703,3
4274,20221018_110149.mat,561379,0.561379,0.0019386902080445855,0.0009570467754402703,3
4275,20221018_110149.mat,561578,0.561578,0.0018777773311581764,0.0009570467754402703,3
4276,20221018_110149.mat,563369,0.563369,0.012694231637089387,0.0009570467754402703,3
4277,20221018_110149.mat,563568,0.563568,0.004508234476461019,0.0009570467754402703,3
4278,20221018_110149.mat,563767,0.563767,0.000973238456962442,0.0009570467754402703,3
4279,20221018_110149.mat,579687,0.579687,0.0012856556146082594,0.0009570467754402703,3
4280,20221018_110149.mat,596005,0.596005,0.009012822288126734,0.0009570467754402703,3
4281,20221018_110149.mat,596204,0.596204,0.008424898119983598,0.0009570467754402703,3
4282,20221018_110149.mat,596403,0.596403,0.0009751539332611982,0.0009570467754402703,3
4283,20221018_110149.mat,611328,0.611328,0.001913513949476913,0.0009570467754402703,3
4284,20221018_110149.mat,611527,0.611527,0.004088156451498058,0.0009570467754402703,3
4285,20221018_110149.mat,611726,0.611726,0.0009988413022696888,0.0009570467754402703,3
4286,20221018_110149.mat,627248,0.627248,0.001214550963845499,0.0009570467754402703,3
4287,20221018_110149.mat,627447,0.627447,0.0011719652194434292,0.0009570467754402703,3
4288,20221018_110149.mat,635805,0.635805,0.004714129568001915,0.0009570467754402703,3
4289,20221018_110149.mat,636004,0.636004,0.0012967800119392469,0.0009570467754402703,3
4290,20221018_110149.mat,661078,0.661078,0.0012105006985246988,0.0009570467754402703,3
4291,20221018_110149.mat,661277,0.661277,0.0014704321586842793,0.0009570467754402703,3
4292,20221018_110149.mat,666451,0.666451,0.0026468841996741166,0.0009570467754402703,3
4293,20221018_110149.mat,707445,0.707445,0.0010102502825985956,0.0009570467754402703,3
4294,20221018_110149.mat,715206,0.715206,0.003641401531772226,0.0009570467754402703,3
4295,20221018_110149.mat,715405,0.715405,0.002741800766937013,0.0009570467754402703,3
4296,20221018_110149.mat,729733,0.729733,0.0009793064904357982,0.0009570467754402703,3
4297,20221018_110149.mat,735305,0.735305,0.0012967730211681813,0.0009570467754402703,3
4298,20221018_110149.mat,739683,0.739683,0.00375659545562536,0.0009570467754402703,3
4299,20221018_110149.mat,739882,0.739882,0.001529987722078899,0.0009570467754402703,3
4300,20221018_110149.mat,744658,0.744658,0.0020656346687950643,0.0009570467754402703,3
4301,20221018_110149.mat,744857,0.744857,0.002884529907757532,0.0009570467754402703,3
4302,20221018_110149.mat,745454,0.745454,0.0017585612574220232,0.0009570467754402703,3
4303,20221018_110149.mat,756598,0.756598,0.0026118702258394718,0.0009570467754402703,3
4304,20221018_110149.mat,763961,0.763961,0.012303827781436474,0.0009570467754402703,3
4305,20221018_110149.mat,764160,0.76416,0.003044782598105518,0.0009570467754402703,3
4306,20221018_110149.mat,764359,0.764359,0.0010685038132504559,0.0009570467754402703,3
4307,20221018_110149.mat,784458,0.784458,0.0027177594696911667,0.0009570467754402703,3
4308,20221018_110149.mat,793015,0.793015,0.0013668868734379826,0.0009570467754402703,3
4309,20221018_110149.mat,903858,0.903858,0.001216938145431675,0.0009570467754402703,3
4310,20221018_110149.mat,912216,0.912216,0.03631993089377383,0.0009570467754402703,3
4311,20221018_110149.mat,912415,0.912415,0.007767756149377935,0.0009570467754402703,3
4312,20221018_110149.mat,912614,0.912614,0.0012621162362073607,0.0009570467754402703,3
4313,20221018_110149.mat,928136,0.928136,0.052224375338873814,0.0009570467754402703,3
4314,20221018_110149.mat,928335,0.928335,0.03362409005278889,0.0009570467754402703,3
4315,20221018_110149.mat,928534,0.928534,0.0038322785769318544,0.0009570467754402703,3
4316,20221018_110149.mat,928733,0.928733,0.001729044928363588,0.0009570467754402703,3
4317,20221018_110149.mat,936096,0.936096,0.0052211580211191195,0.0009570467754402703,3
4318,20221018_110149.mat,936295,0.936295,0.001101474427661672,0.0009570467754402703,3
4319,20221018_110149.mat,947041,0.947041,0.0053823321075813875,0.0009570467754402703,3
4320,20221018_110149.mat,947240,0.94724,0.0013323460013192714,0.0009570467754402703,3
4321,20221018_110149.mat,982861,0.982861,0.005081481002116307,0.0009570467754402703,3
4322,20221018_110149.mat,983060,0.98306,0.010171812847553197,0.0009570467754402703,3
4323,20221018_110149.mat,983259,0.983259,0.0010313118429515823,0.0009570467754402703,3
4324,20221018_110149.mat,1057685,1.057685,0.0010868997777780261,0.0009570467754402703,3
4325,20221018_110149.mat,1086142,1.086142,0.0009578692037145267,0.0009570467754402703,3
4326,20221018_110149.mat,1101266,1.101266,0.0019211944223171981,0.0009570467754402703,3
4327,20221018_110149.mat,1101465,1.101465,0.002689453588023947,0.0009570467754402703,3
4328,20221018_110149.mat,1109027,1.109027,0.0031763858722714876,0.0009570467754402703,3
4329,20221018_110149.mat,1109226,1.109226,0.0009709649442842387,0.0009570467754402703,3
4330,20221018_110149.mat,1116589,1.116589,0.023302970922238726,0.0009570467754402703,3
4331,20221018_110149.mat,1116788,1.116788,0.004274594712083445,0.0009570467754402703,3
4332,20221018_110149.mat,1116987,1.116987,0.0012042051042208339,0.0009570467754402703,3
4333,20221018_110149.mat,1128131,1.128131,0.001070165145160176,0.0009570467754402703,3
4334,20221018_110149.mat,1137086,1.137086,0.0030949117713737536,0.0009570467754402703,3
4335,20221018_110149.mat,1137285,1.137285,0.0043869366965483434,0.0009570467754402703,3
4336,20221018_110149.mat,1137484,1.137484,0.001045926303556791,0.0009570467754402703,3
4337,20221018_110149.mat,1145245,1.145245,0.0017004575985759974,0.0009570467754402703,3
4338,20221018_110149.mat,1164747,1.164747,0.0012325839650317635,0.0009570467754402703,3
4339,20221018_110149.mat,1164946,1.164946,0.0010011550074089427,0.0009570467754402703,3
4340,20221018_110149.mat,1198975,1.198975,0.0011472397641292095,0.0009570467754402703,3
4341,20221018_110149.mat,1199174,1.199174,0.0011772245526111358,0.0009570467754402703,3
4342,20221018_110149.mat,1242755,1.242755,0.001080699566590778,0.0009570467754402703,3
4343,20221018_110149.mat,1244546,1.244546,0.003295750291918544,0.0009570467754402703,3
4344,20221018_110149.mat,1244745,1.244745,0.002303868090442252,0.0009570467754402703,3
4345,20221018_110149.mat,1255093,1.255093,0.001876856205543757,0.0009570467754402703,3
4346,20221018_110149.mat,1255292,1.255292,0.002697321909923415,0.0009570467754402703,3
4347,20221018_110149.mat,1265242,1.265242,0.0027217947204454455,0.0009570467754402703,3
4348,20221018_110149.mat,1265441,1.265441,0.003958670203356887,0.0009570467754402703,3
4349,20221018_110149.mat,1281361,1.281361,0.0010299072930480661,0.0009570467754402703,3
4350,20221018_110149.mat,1283749,1.283749,0.002998952079339834,0.0009570467754402703,3
4351,20221018_110149.mat,1336086,1.336086,0.001425812690454924,0.0009570467754402703,3
4352,20221018_110149.mat,1352404,1.352404,0.00298081356987226,0.0009570467754402703,3
4353,20221018_110149.mat,1352603,1.352603,0.0037087712446718796,0.0009570467754402703,3
4354,20221018_110149.mat,1366732,1.366732,0.001882031966217268,0.0009570467754402703,3
4355,20221018_110149.mat,1366931,1.366931,0.0038459898918549113,0.0009570467754402703,3
4356,20221018_110149.mat,1401358,1.401358,0.023362666606554942,0.0009570467754402703,3
4357,20221018_110149.mat,1401557,1.401557,0.006386310534496483,0.0009570467754402703,3
4358,20221018_110149.mat,1401756,1.401756,0.0014320331735133553,0.0009570467754402703,3
4359,20221018_110149.mat,1411308,1.411308,0.0029324482398545852,0.0009570467754402703,3
4360,20221018_110149.mat,1411507,1.411507,0.0010411932526789764,0.0009570467754402703,3
4361,20221018_110149.mat,1413497,1.413497,0.004177088709930341,0.0009570467754402703,3
4362,20221018_110149.mat,1413696,1.413696,0.002640709512105782,0.0009570467754402703,3
4363,20221018_110149.mat,1423049,1.423049,0.026064029055160566,0.0009570467754402703,3
4364,20221018_110149.mat,1423248,1.423248,0.016705201553363202,0.0009570467754402703,3
4365,20221018_110149.mat,1423447,1.423447,0.001777403743939794,0.0009570467754402703,3
4366,20221018_110149.mat,1438571,1.438571,0.005898245259108649,0.0009570467754402703,3
4367,20221018_110149.mat,1438770,1.43877,0.001621500383446226,0.0009570467754402703,3
4368,20221018_110149.mat,1453496,1.453496,0.08216423049830647,0.0009570467754402703,3
4369,20221018_110149.mat,1453695,1.453695,0.0067746397462051106,0.0009570467754402703,3
4370,20221018_110149.mat,1453894,1.453894,0.0012171902275775576,0.0009570467754402703,3
4371,20221018_110149.mat,1586826,1.586826,0.0019306615077592188,0.0009570467754402703,3
4372,20221018_110149.mat,1587025,1.587025,0.005137085205987854,0.0009570467754402703,3
4373,20221018_110149.mat,1587224,1.587224,0.0012381911265530504,0.0009570467754402703,3
4374,20221018_110149.mat,1619661,1.619661,0.0009821119221954324,0.0009570467754402703,3
4375,20221018_110149.mat,1619860,1.61986,0.0014719760950624744,0.0009570467754402703,3
4376,20221018_110149.mat,1621253,1.621253,0.0012268692307060972,0.0009570467754402703,3
4377,20221018_110149.mat,1621452,1.621452,0.001066114556641632,0.0009570467754402703,3
4378,20221018_110149.mat,1648914,1.648914,0.001950086167833177,0.0009570467754402703,3
4379,20221018_110149.mat,1649113,1.649113,0.0032600581325279033,0.0009570467754402703,3
4380,20221018_110149.mat,1679361,1.679361,0.001152980159953315,0.0009570467754402703,3
4381,20221018_110149.mat,1698664,1.698664,0.0009832963000480164,0.0009570467754402703,3
4382,20221018_110149.mat,1725330,1.72533,0.0010118859779412077,0.0009570467754402703,3
4383,20221018_110149.mat,1737071,1.737071,0.003939505274656123,0.0009570467754402703,3
4384,20221018_110149.mat,1737270,1.73727,0.0023002568939270375,0.0009570467754402703,3
4385,20221018_110149.mat,1796771,1.796771,0.01486705008800907,0.0009570467754402703,3
4386,20221018_110149.mat,1796970,1.79697,0.0017531558230338756,0.0009570467754402703,3
4387,20221018_110149.mat,1825626,1.825626,0.0009634860080478443,0.0009570467754402703,3
4388,20221018_110149.mat,1827417,1.827417,0.001918118377396627,0.0009570467754402703,3
4389,20221018_110149.mat,1827616,1.827616,0.0012090047652849052,0.0009570467754402703,3
4390,20221018_110149.mat,1835576,1.835576,0.0010553182896396371,0.0009570467754402703,3
4391,20221018_110149.mat,1836969,1.836969,0.0009847428345004417,0.0009570467754402703,3
4392,20221018_110149.mat,1837367,1.837367,0.0010693404770842864,0.0009570467754402703,3
4393,20221018_110149.mat,1841148,1.841148,0.001960832176570421,0.0009570467754402703,3
4394,20221018_110149.mat,1861645,1.861645,0.005121272919760379,0.0009570467754402703,3
4395,20221018_110149.mat,1861844,1.861844,0.000992683926385368,0.0009570467754402703,3
4396,20221018_110149.mat,1875973,1.875973,0.0009626284779270179,0.0009570467754402703,3
4397,20221018_110149.mat,1894281,1.894281,0.057310752719181554,0.0009570467754402703,3
4398,20221018_110149.mat,1894480,1.89448,0.019963109894223376,0.0009570467754402703,3
4399,20221018_110149.mat,1894679,1.894679,0.004306436493221458,0.0009570467754402703,3
4400,20221018_110149.mat,1894878,1.894878,0.0013221557211747636,0.0009570467754402703,3
4401,20221018_110149.mat,1900052,1.900052,0.021538227446260987,0.0009570467754402703,3
4402,20221018_110149.mat,1900251,1.900251,0.0024037883638085,0.0009570467754402703,3
4403,20221018_110149.mat,1900450,1.90045,0.0011181875939358734,0.0009570467754402703,3
4404,20221018_110149.mat,1919554,1.919554,0.005145527992072402,0.0009570467754402703,3
4405,20221018_110149.mat,1919753,1.919753,0.0035325180282313124,0.0009570467754402703,3
4406,20221018_110149.mat,1919952,1.919952,0.0010629186000975057,0.0009570467754402703,3
4407,20221018_110149.mat,1929504,1.929504,0.0009942969048700376,0.0009570467754402703,3
4408,20221018_110149.mat,1945822,1.945822,0.0017234179495768118,0.0009570467754402703,3
4409,20221018_110149.mat,1949404,1.949404,0.0013248904061579974,0.0009570467754402703,3
4410,20221018_110149.mat,2013880,2.01388,0.0019590624716683963,0.0009570467754402703,3
4411,20221018_110149.mat,2024427,2.024427,0.019072515469645876,0.0009570467754402703,3
4412,20221018_110149.mat,2024626,2.024626,0.029481149323691454,0.0009570467754402703,3
4413,20221018_110149.mat,2024825,2.024825,0.003420716024254807,0.0009570467754402703,3
4414,20221018_110149.mat,2025024,2.025024,0.0013051734104359007,0.0009570467754402703,3
4415,20221018_110149.mat,2057262,2.057262,0.0012046160322646553,0.0009570467754402703,3
4416,20221018_110149.mat,2067610,2.06761,0.0011782213339469453,0.0009570467754402703,3
4417,20221018_110149.mat,2083331,2.083331,0.0013754514759615054,0.0009570467754402703,3
4418,20221018_110149.mat,2083530,2.08353,0.001124935164205972,0.0009570467754402703,3
4419,20221018_110149.mat,2096863,2.096863,0.0029011053884086847,0.0009570467754402703,3
4420,20221018_110149.mat,2097062,2.097062,0.002995266400579387,0.0009570467754402703,3
4421,20221018_110149.mat,2099052,2.099052,0.0009824283789130709,0.0009570467754402703,3
4422,20221018_110149.mat,2124126,2.124126,0.010981676093752871,0.0009570467754402703,3
4423,20221018_110149.mat,2124325,2.124325,0.002292623004842467,0.0009570467754402703,3
4424,20221018_110149.mat,2172085,2.172085,0.002937047234081207,0.0009570467754402703,3
4425,20221018_110149.mat,2172284,2.172284,0.0015978595082123087,0.0009570467754402703,3
4426,20221018_110149.mat,2191786,2.191786,0.003463256779922432,0.0009570467754402703,3
4427,20221018_110149.mat,2191985,2.191985,0.013511852879572841,0.0009570467754402703,3
4428,20221018_110149.mat,2192184,2.192184,0.0016356418116995931,0.0009570467754402703,3
4429,20221018_110149.mat,2192383,2.192383,0.0009881162911732288,0.0009570467754402703,3
4430,20221018_110149.mat,2198353,2.198353,0.001946414487249076,0.0009570467754402703,3
4431,20221018_110149.mat,2260640,2.26064,0.002342613456887313,0.0009570467754402703,3
4432,20221018_110149.mat,2273177,2.273177,0.0010305156260280862,0.0009570467754402703,3
4433,20221018_110149.mat,2277356,2.277356,0.0011073966622572981,0.0009570467754402703,3
4434,20221018_110149.mat,2291087,2.291087,0.0016071494145013102,0.0009570467754402703,3
4435,20221018_110149.mat,2328101,2.328101,0.0030973427220792266,0.0009570467754402703,3
4436,20221018_110149.mat,2328300,2.3283,0.0013755853019376324,0.0009570467754402703,3
4437,20221018_110149.mat,2328499,2.328499,0.0015746540057886066,0.0009570467754402703,3
4438,20221018_110149.mat,2343225,2.343225,0.001368850444187868,0.0009570467754402703,3
4439,20221018_110149.mat,2370488,2.370488,0.0032579357070033656,0.0009570467754402703,3
4440,20221018_110149.mat,2370687,2.370687,0.004883091012490186,0.0009570467754402703,3
4441,20221018_110149.mat,2370886,2.370886,0.0009980292399139272,0.0009570467754402703,3
4442,20221018_110149.mat,2424417,2.424417,0.0013469900274009812,0.0009570467754402703,3
4443,20221018_110149.mat,2425213,2.425213,0.01506371381991811,0.0009570467754402703,3
4444,20221018_110149.mat,2425412,2.425412,0.004210295306424972,0.0009570467754402703,3
4445,20221018_110149.mat,2444317,2.444317,0.0012424693483924628,0.0009570467754402703,3
4446,20221018_110149.mat,2534862,2.534862,0.03661003362886312,0.0009570467754402703,3
4447,20221018_110149.mat,2535061,2.535061,0.005556025635279833,0.0009570467754402703,3
4448,20221018_110149.mat,2535260,2.53526,0.0012884060752481644,0.0009570467754402703,3
4449,20221018_110149.mat,2609487,2.609487,0.0035305915895882637,0.0009570467754402703,3
4450,20221018_110149.mat,2609686,2.609686,0.0014264806557550537,0.0009570467754402703,3
4451,20221018_110149.mat,2629586,2.629586,0.0010620986745909734,0.0009570467754402703,3
4452,20221018_110149.mat,2632173,2.632173,0.001970197630472883,0.0009570467754402703,3
4453,20221018_110149.mat,2632372,2.632372,0.0014262824789173106,0.0009570467754402703,3
4454,20221018_110149.mat,2659834,2.659834,0.033198117008285136,0.0009570467754402703,3
4455,20221018_110149.mat,2660033,2.660033,0.022623688862771538,0.0009570467754402703,3
4456,20221018_110149.mat,2660232,2.660232,0.0021902276570324145,0.0009570467754402703,3
4457,20221018_110149.mat,2660431,2.660431,0.0010961177973281687,0.0009570467754402703,3
4458,20221018_110149.mat,2668590,2.66859,0.0012199672477936666,0.0009570467754402703,3
4459,20221018_110149.mat,2704410,2.70441,0.0028240821896771753,0.0009570467754402703,3
4460,20221018_110149.mat,2704808,2.704808,0.0009662842602875609,0.0009570467754402703,3
4461,20221018_110149.mat,2801323,2.801323,0.007430346718519773,0.0009570467754402703,3
4462,20221018_110149.mat,2815452,2.815452,0.020466337207630494,0.0009570467754402703,3
4463,20221018_110149.mat,2815651,2.815651,0.006114394184944411,0.0009570467754402703,3
4464,20221018_110149.mat,2815850,2.81585,0.0011323178587434256,0.0009570467754402703,3
4465,20221018_110149.mat,2845302,2.845302,0.004499798244100389,0.0009570467754402703,3
4466,20221018_110149.mat,2846297,2.846297,0.0010547251854513971,0.0009570467754402703,3
4467,20221018_110149.mat,2846496,2.846496,0.002733039977300671,0.0009570467754402703,3
4468,20221018_110149.mat,2850874,2.850874,0.005374756606371089,0.0009570467754402703,3
4469,20221018_110149.mat,2851073,2.851073,0.0010254868355998865,0.0009570467754402703,3
4470,20221018_110149.mat,2884704,2.884704,0.0010472142945089388,0.0009570467754402703,3
4471,20221018_110149.mat,2889679,2.889679,0.001871351678980751,0.0009570467754402703,3
4472,20221018_110149.mat,2932066,2.932066,0.0009770563760927162,0.0009570467754402703,3
4473,20221018_110149.mat,2954951,2.954951,0.0029391066831804965,0.0009570467754402703,3
4474,20221018_110149.mat,2955150,2.95515,0.0010324437006702326,0.0009570467754402703,3
4475,20221018_110149.mat,2966692,2.966692,0.0028554729101894724,0.0009570467754402703,3
4476,20221018_110149.mat,2966891,2.966891,0.001695456140257612,0.0009570467754402703,3
4477,20221018_110149.mat,2976642,2.976642,0.014485595797031226,0.0009570467754402703,3
4478,20221018_110149.mat,2976841,2.976841,0.007383211315566317,0.0009570467754402703,3
4479,20221018_110149.mat,2977040,2.97704,0.0028147534345663644,0.0009570467754402703,3
4480,20221018_110149.mat,2985995,2.985995,0.008310590413887799,0.0009570467754402703,3
4481,20221018_110149.mat,2986194,2.986194,0.0036773737204050167,0.0009570467754402703,3
4482,20221018_110149.mat,2996741,2.996741,0.0010469750995688537,0.0009570467754402703,3
4483,20221018_110149.mat,3002711,3.002711,0.0010903889604845956,0.0009570467754402703,3
4484,20221018_110149.mat,3003507,3.003507,0.001792079829610747,0.0009570467754402703,3
4485,20221018_110149.mat,3003706,3.003706,0.0018586063808542076,0.0009570467754402703,3
4486,20221018_110149.mat,3013258,3.013258,0.002249725506780352,0.0009570467754402703,3
4487,20221018_110149.mat,3131066,3.131066,0.0036203686406341778,0.0009570467754402703,3
4488,20221018_110149.mat,3169274,3.169274,0.00225214593693717,0.0009570467754402703,3
4489,20221018_110149.mat,3169473,3.169473,0.002382016738597946,0.0009570467754402703,3
4490,20221018_110149.mat,3172060,3.17206,0.0040190747782051965,0.0009570467754402703,3
4491,20221018_110149.mat,3172259,3.172259,0.0010759231186256383,0.0009570467754402703,3
4492,20221018_110149.mat,3206686,3.206686,0.0726234691662875,0.0009570467754402703,3
4493,20221018_110149.mat,3206885,3.206885,0.017150064508932007,0.0009570467754402703,3
4494,20221018_110149.mat,3207084,3.207084,0.009827822379542911,0.0009570467754402703,3
4495,20221018_110149.mat,3207283,3.207283,0.0026580028367182863,0.0009570467754402703,3
4496,20221018_110149.mat,3258625,3.258625,0.035352922384551115,0.0009570467754402703,3
4497,20221018_110149.mat,3258824,3.258824,0.02746530387072991,0.0009570467754402703,3
4498,20221018_110149.mat,3259023,3.259023,0.005671914380245384,0.0009570467754402703,3
4499,20221018_110149.mat,3259222,3.259222,0.001632645751938227,0.0009570467754402703,3
4500,20221018_110149.mat,3262008,3.262008,0.003132058750501226,0.0009570467754402703,3
4501,20221018_110149.mat,3262207,3.262207,0.004151476044242423,0.0009570467754402703,3
4502,20221018_110149.mat,3264197,3.264197,0.0031060773784642656,0.0009570467754402703,3
4503,20221018_110149.mat,3294047,3.294047,0.03365644112940949,0.0009570467754402703,3
4504,20221018_110149.mat,3294246,3.294246,0.0025895604286263196,0.0009570467754402703,3
4505,20221018_110149.mat,3300415,3.300415,0.002003242836584746,0.0009570467754402703,3
4506,20221018_110149.mat,3300614,3.300614,0.0011757872158996473,0.0009570467754402703,3
4507,20221018_110149.mat,3344792,3.344792,0.003713290816346,0.0009570467754402703,3
4508,20221018_110149.mat,3344991,3.344991,0.0009578544989848196,0.0009570467754402703,3
4509,20221018_110149.mat,3351359,3.351359,0.0038528175865768545,0.0009570467754402703,3
4510,20221018_110149.mat,3369070,3.36907,0.08120311311299656,0.0009570467754402703,3
4511,20221018_110149.mat,3369269,3.369269,0.02720696855853179,0.0009570467754402703,3
4512,20221018_110149.mat,3369468,3.369468,0.014207871080283964,0.0009570467754402703,3
4513,20221018_110149.mat,3369667,3.369667,0.0041500941543142844,0.0009570467754402703,3
4514,20221018_110149.mat,3385985,3.385985,0.0336242544501048,0.0009570467754402703,3
4515,20221018_110149.mat,3386184,3.386184,0.003005356745372487,0.0009570467754402703,3
4516,20221018_110149.mat,3386383,3.386383,0.010347768929743035,0.0009570467754402703,3
4517,20221018_110149.mat,3386582,3.386582,0.006839831370567876,0.0009570467754402703,3
4518,20221018_110149.mat,3386781,3.386781,0.0011467556199003335,0.0009570467754402703,3
4519,20221018_110149.mat,3398920,3.39892,0.0036266636255416515,0.0009570467754402703,3
4520,20221018_110149.mat,3399119,3.399119,0.0011598392588516619,0.0009570467754402703,3
4521,20221018_110149.mat,3410064,3.410064,0.001056412015968275,0.0009570467754402703,3
4522,20221018_110149.mat,3410263,3.410263,0.0010590236064934547,0.0009570467754402703,3
4523,20221018_110149.mat,3410462,3.410462,0.0018030249757507264,0.0009570467754402703,3
4524,20221018_110149.mat,3411059,3.411059,0.05509600158428501,0.0009570467754402703,3
4525,20221018_110149.mat,3411258,3.411258,0.010443614378849149,0.0009570467754402703,3
4526,20221018_110149.mat,3411457,3.411457,0.005983587823540345,0.0009570467754402703,3
4527,20221018_110149.mat,3411656,3.411656,0.0029514161415375465,0.0009570467754402703,3
4528,20221018_110149.mat,3419019,3.419019,0.002807640678473133,0.0009570467754402703,3
4529,20221018_110149.mat,3419218,3.419218,0.001246218802659129,0.0009570467754402703,3
4530,20221018_110149.mat,3420810,3.42081,0.0011150903626994456,0.0009570467754402703,3
4531,20221018_110149.mat,3421009,3.421009,0.0009726377442264412,0.0009570467754402703,3
4532,20221018_110149.mat,3422203,3.422203,0.0033200120601086453,0.0009570467754402703,3
4533,20221018_110149.mat,3426581,3.426581,0.06399087712007874,0.0009570467754402703,3
4534,20221018_110149.mat,3426780,3.42678,0.133576357352783,0.0009570467754402703,3
4535,20221018_110149.mat,3426979,3.426979,0.012132018201270977,0.0009570467754402703,3
4536,20221018_110149.mat,3427178,3.427178,0.003924220214703962,0.0009570467754402703,3
4537,20221018_110149.mat,3427377,3.427377,0.0010358890633417296,0.0009570467754402703,3
4538,20221018_110149.mat,3427775,3.427775,0.0498483386299583,0.0009570467754402703,3
4539,20221018_110149.mat,3427974,3.427974,0.010353980437757987,0.0009570467754402703,3
4540,20221018_110149.mat,3428173,3.428173,0.0014406392123877901,0.0009570467754402703,3
4541,20221018_110149.mat,3438919,3.438919,0.0065638319539801475,0.0009570467754402703,3
4542,20221018_110149.mat,3439118,3.439118,0.001647867028745336,0.0009570467754402703,3
4543,20221018_110149.mat,3440113,3.440113,0.0010591527790791522,0.0009570467754402703,3
4544,20221018_110149.mat,3442700,3.4427,0.0013408783959797462,0.0009570467754402703,3
4545,20221018_110149.mat,3448670,3.44867,0.02681618333407072,0.0009570467754402703,3
4546,20221018_110149.mat,3448869,3.448869,0.015601145698481375,0.0009570467754402703,3
4547,20221018_110149.mat,3449068,3.449068,0.004554992037270539,0.0009570467754402703,3
4548,20221018_110149.mat,3449267,3.449267,0.001559222556119539,0.0009570467754402703,3
4549,20221018_110149.mat,3458023,3.458023,0.0015628570529976017,0.0009570467754402703,3
4550,20221018_110149.mat,3464192,3.464192,0.0009775669316689783,0.0009570467754402703,3
4551,20221018_110149.mat,3473943,3.473943,0.001696523192350881,0.0009570467754402703,3
4552,20221018_110149.mat,3474142,3.474142,0.002307510259880268,0.0009570467754402703,3
4553,20221018_110149.mat,3488669,3.488669,0.0011731714201519917,0.0009570467754402703,3
4554,20221018_110149.mat,3492052,3.492052,0.0012312488631163916,0.0009570467754402703,3
4555,20221018_110149.mat,3499017,3.499017,0.0010597528785434094,0.0009570467754402703,3
4556,20221018_110149.mat,3504191,3.504191,0.0024775150141980633,0.0009570467754402703,3
4557,20221018_110149.mat,3506977,3.506977,0.014908094853277333,0.0009570467754402703,3
4558,20221018_110149.mat,3507176,3.507176,0.001557538405881668,0.0009570467754402703,3
4559,20221018_110149.mat,3508370,3.50837,0.11966377089716565,0.0009570467754402703,3
4560,20221018_110149.mat,3508569,3.508569,0.011691112457955632,0.0009570467754402703,3
4561,20221018_110149.mat,3508768,3.508768,0.004455535661550679,0.0009570467754402703,3
4562,20221018_110149.mat,3508967,3.508967,0.0010787971087889753,0.0009570467754402703,3
4563,20221018_110149.mat,3513743,3.513743,0.022726715767938697,0.0009570467754402703,3
4564,20221018_110149.mat,3513942,3.513942,0.001414837527715623,0.0009570467754402703,3
4565,20221018_110149.mat,3514141,3.514141,0.0011798125655117229,0.0009570467754402703,3
4566,20221018_110149.mat,3519713,3.519713,0.0034710696010015795,0.0009570467754402703,3
4567,20221018_110149.mat,3519912,3.519912,0.0021030534622065154,0.0009570467754402703,3
4568,20221018_110149.mat,3528668,3.528668,0.004690090131538013,0.0009570467754402703,3
4569,20221018_110149.mat,3528867,3.528867,0.0014306535711612327,0.0009570467754402703,3
4570,20221018_110149.mat,3537225,3.537225,0.0019114957380463175,0.0009570467754402703,3
4571,20221018_110149.mat,3537424,3.537424,0.00258770717432325,0.0009570467754402703,3
4572,20221018_110149.mat,3541603,3.541603,0.0023933066713696413,0.0009570467754402703,3
4573,20221018_110149.mat,3541802,3.541802,0.0011140623828522578,0.0009570467754402703,3
4574,20221018_110149.mat,3558319,3.558319,0.0036166439592186213,0.0009570467754402703,3
4575,20221018_110149.mat,3558518,3.558518,0.0013698003266329453,0.0009570467754402703,3
4576,20221018_110149.mat,3563493,3.563493,0.011977402763946005,0.0009570467754402703,3
4577,20221018_110149.mat,3563692,3.563692,0.0020970638986039093,0.0009570467754402703,3
4578,20221018_110149.mat,3563891,3.563891,0.0010894078202858325,0.0009570467754402703,3
4579,20221018_110149.mat,3564090,3.56409,0.0014334311004745104,0.0009570467754402703,3
4580,20221018_110149.mat,3579811,3.579811,0.0010932764566576817,0.0009570467754402703,3
4581,20221018_110149.mat,3595731,3.595731,0.019541988519696896,0.0009570467754402703,3
4582,20221018_110149.mat,3595930,3.59593,0.003834105373681341,0.0009570467754402703,3
4583,20221018_110149.mat,3597522,3.597522,0.003012019675645432,0.0009570467754402703,3
4584,20221018_110149.mat,3597721,3.597721,0.020865015401514853,0.0009570467754402703,3
4585,20221018_110149.mat,3597920,3.59792,0.0023295736090579895,0.0009570467754402703,3
4586,20221018_110149.mat,3598119,3.598119,0.001046268643470118,0.0009570467754402703,3
4587,20221018_110149.mat,3605084,3.605084,0.0013045343026450243,0.0009570467754402703,3
4588,20221018_110149.mat,3605283,3.605283,0.0017491518755159104,0.0009570467754402703,3
4589,20221018_110149.mat,3645879,3.645879,0.0011974908986873219,0.0009570467754402703,3
4590,20221018_110149.mat,3648068,3.648068,0.0013810969695616435,0.0009570467754402703,3
4591,20221018_110149.mat,3648466,3.648466,0.0017043941317630357,0.0009570467754402703,3
4592,20221018_110149.mat,3657620,3.65762,0.0013253952324275592,0.0009570467754402703,3
4593,20221018_110149.mat,3657819,3.657819,0.0010217996577131282,0.0009570467754402703,3
4594,20221018_110149.mat,3671152,3.671152,0.0035176067575259052,0.0009570467754402703,3
4595,20221018_110149.mat,3671351,3.671351,0.001288636386461471,0.0009570467754402703,3
4596,20221018_110149.mat,3680903,3.680903,0.023423899988856967,0.0009570467754402703,3
4597,20221018_110149.mat,3681102,3.681102,0.0027038692279765983,0.0009570467754402703,3
4598,20221018_110149.mat,3699012,3.699012,0.0019647964019922225,0.0009570467754402703,3
4599,20221018_110149.mat,3699211,3.699211,0.002832676120610891,0.0009570467754402703,3
4600,20221018_110149.mat,3702793,3.702793,0.0040867590538722475,0.0009570467754402703,3
4601,20221018_110149.mat,3702992,3.702992,0.0010202252417523569,0.0009570467754402703,3
4602,20221018_110149.mat,3720703,3.720703,0.0021463726391355827,0.0009570467754402703,3
4603,20221018_110149.mat,3721499,3.721499,0.006621737789054433,0.0009570467754402703,3
4604,20221018_110149.mat,3721698,3.721698,0.0010104086029651392,0.0009570467754402703,3
4605,20221018_110149.mat,3726275,3.726275,0.0009947753403299982,0.0009570467754402703,3
4606,20221018_110149.mat,3728663,3.728663,0.006778041202514834,0.0009570467754402703,3
4607,20221018_110149.mat,3728862,3.728862,0.00461247151946157,0.0009570467754402703,3
4608,20221018_110149.mat,3729061,3.729061,0.0009964697467833071,0.0009570467754402703,3
4609,20221018_110149.mat,3777020,3.77702,0.0026510060827610745,0.0009570467754402703,3
4610,20221018_110149.mat,3793736,3.793736,0.0009670002619577772,0.0009570467754402703,3
4611,20221018_110149.mat,3795328,3.795328,0.02197438158755827,0.0009570467754402703,3
4612,20221018_110149.mat,3795527,3.795527,0.005682059183036436,0.0009570467754402703,3
4613,20221018_110149.mat,3795726,3.795726,0.0015990212557977837,0.0009570467754402703,3
4614,20221018_110149.mat,3843685,3.843685,0.0009792530893923458,0.0009570467754402703,3
4615,20221018_110149.mat,3855625,3.855625,0.006314787027770046,0.0009570467754402703,3
4616,20221018_110149.mat,3855824,3.855824,0.007950309667772108,0.0009570467754402703,3
4617,20221018_110149.mat,3856023,3.856023,0.0010627908014772065,0.0009570467754402703,3
4618,20221018_110149.mat,3857217,3.857217,0.02177149344234054,0.0009570467754402703,3
4619,20221018_110149.mat,3857416,3.857416,0.0032064486647330084,0.0009570467754402703,3
4620,20221018_110149.mat,3857615,3.857615,0.001471124324456108,0.0009570467754402703,3
4621,20221018_110149.mat,3864580,3.86458,0.0016657353389833288,0.0009570467754402703,3
4622,20221018_110149.mat,3864779,3.864779,0.0009614688232074225,0.0009570467754402703,3
4623,20221018_110149.mat,3876719,3.876719,0.026665706722389996,0.0009570467754402703,3
4624,20221018_110149.mat,3876918,3.876918,0.025243837703443458,0.0009570467754402703,3
4625,20221018_110149.mat,3877117,3.877117,0.0019233248525227242,0.0009570467754402703,3
4626,20221018_110149.mat,3877316,3.877316,0.0012176471665998096,0.0009570467754402703,3
4627,20221018_110149.mat,3888659,3.888659,0.0012781267901308463,0.0009570467754402703,3
4628,20221018_110149.mat,3888858,3.888858,0.0019296264371743046,0.0009570467754402703,3
4629,20221018_110149.mat,3891246,3.891246,0.006288219723183576,0.0009570467754402703,3
4630,20221018_110149.mat,3891445,3.891445,0.0021371974311423262,0.0009570467754402703,3
4631,20221018_110149.mat,3895425,3.895425,0.002620478715222401,0.0009570467754402703,3
4632,20221018_110149.mat,3909156,3.909156,0.003357931651918483,0.0009570467754402703,3
4633,20221018_110149.mat,3909355,3.909355,0.002981882164595401,0.0009570467754402703,3
4634,20221018_110149.mat,4000696,4.000696,0.0014653279479754251,0.0009570467754402703,3
4635,20221018_110149.mat,4000895,4.000895,0.0015181544423717886,0.0009570467754402703,3
4636,20221018_110149.mat,4005074,4.005074,0.0012759313762958449,0.0009570467754402703,3
4637,20221018_110149.mat,4020994,4.020994,0.000992237932489769,0.0009570467754402703,3
4638,20221018_110149.mat,4029949,4.029949,0.002311752485891269,0.0009570467754402703,3
4639,20221018_110149.mat,4030148,4.030148,0.0012130948585038995,0.0009570467754402703,3
4640,20221018_110149.mat,4032934,4.032934,0.005299641551958522,0.0009570467754402703,3
4641,20221018_110149.mat,4033133,4.033133,0.0015833539890760559,0.0009570467754402703,3
4642,20221018_110149.mat,4046466,4.046466,0.03561784521015168,0.0009570467754402703,3
4643,20221018_110149.mat,4046665,4.046665,0.04763997626047002,0.0009570467754402703,3
4644,20221018_110149.mat,4046864,4.046864,0.004892356687437981,0.0009570467754402703,3
4645,20221018_110149.mat,4047063,4.047063,0.0022331792972143157,0.0009570467754402703,3
4646,20221018_110149.mat,4056615,4.056615,0.001234623446499682,0.0009570467754402703,3
4647,20221018_110149.mat,4057013,4.057013,0.001863192612310205,0.0009570467754402703,3
4648,20221018_110149.mat,4119499,4.119499,0.0018861261070126868,0.0009570467754402703,3
4649,20221018_110149.mat,4162085,4.162085,0.0011065933082403277,0.0009570467754402703,3
4650,20221018_110149.mat,4193527,4.193527,0.0009620660747002244,0.0009570467754402703,3
4651,20221018_110149.mat,4219795,4.219795,0.0009815463326263085,0.0009570467754402703,3
4652,20221018_110149.mat,4247058,4.247058,0.0010642039776509557,0.0009570467754402703,3
4653,20221018_110149.mat,4273923,4.273923,0.0012608091981336858,0.0009570467754402703,3
4654,20221018_110149.mat,4276908,4.276908,0.0011104482892766974,0.0009570467754402703,3
4655,20221018_110149.mat,4280092,4.280092,0.005630027944075922,0.0009570467754402703,3
4656,20221018_110149.mat,4280291,4.280291,0.0025948253833013636,0.0009570467754402703,3
4657,20221018_110149.mat,4282878,4.282878,0.0033225789651935545,0.0009570467754402703,3
4658,20221018_110149.mat,4283077,4.283077,0.005645288226734948,0.0009570467754402703,3
4659,20221018_110149.mat,4283276,4.283276,0.0016062140026124564,0.0009570467754402703,3
4660,20221018_110149.mat,4343374,4.343374,0.003650085196540353,0.0009570467754402703,3
4661,20221018_110149.mat,4343573,4.343573,0.00466381244602379,0.0009570467754402703,3
4662,20221018_110149.mat,4349145,4.349145,0.0022488789068084523,0.0009570467754402703,3
4663,20221018_110149.mat,4397502,4.397502,0.0013368338666651695,0.0009570467754402703,3
4664,20221018_110149.mat,4431929,4.431929,0.004011304871397642,0.0009570467754402703,3
4665,20221018_110149.mat,4432128,4.432128,0.0013420902098108855,0.0009570467754402703,3
4666,20221018_110149.mat,4436506,4.436506,0.0012286390067880546,0.0009570467754402703,3
4667,20221018_110149.mat,4436705,4.436705,0.001192995757450307,0.0009570467754402703,3
4668,20221018_110149.mat,4437899,4.437899,0.011809224366067766,0.0009570467754402703,3
4669,20221018_110149.mat,4438098,4.438098,0.00315260309795459,0.0009570467754402703,3
4670,20221018_110149.mat,4456605,4.456605,0.010087303330482621,0.0009570467754402703,3
4671,20221018_110149.mat,4456804,4.456804,0.0011191605742438553,0.0009570467754402703,3
4672,20221018_110149.mat,4471132,4.471132,0.0012558879506635334,0.0009570467754402703,3
4673,20221018_110149.mat,4479291,4.479291,0.026963890906214486,0.0009570467754402703,3
4674,20221018_110149.mat,4479490,4.47949,0.01580235590847796,0.0009570467754402703,3
4675,20221018_110149.mat,4479689,4.479689,0.0024837021566660377,0.0009570467754402703,3
4676,20221018_110149.mat,4479888,4.479888,0.001051350175376217,0.0009570467754402703,3
4677,20221018_110149.mat,4480286,4.480286,0.031927109933033604,0.0009570467754402703,3
4678,20221018_110149.mat,4480485,4.480485,0.02974183654858913,0.0009570467754402703,3
4679,20221018_110149.mat,4480684,4.480684,0.027665397386754418,0.0009570467754402703,3
4680,20221018_110149.mat,4480883,4.480883,0.0036403996948000438,0.0009570467754402703,3
4681,20221018_110149.mat,4481082,4.481082,0.001219144048574638,0.0009570467754402703,3
4682,20221018_110149.mat,4494614,4.494614,0.004830179470806917,0.0009570467754402703,3
4683,20221018_110149.mat,4498395,4.498395,0.0012491721070885162,0.0009570467754402703,3
4684,20221018_110149.mat,4498594,4.498594,0.002616881195557358,0.0009570467754402703,3
4685,20221018_110149.mat,4516504,4.516504,0.011171797453343792,0.0009570467754402703,3
4686,20221018_110149.mat,4516703,4.516703,0.003209060952832114,0.0009570467754402703,3
4687,20221018_110149.mat,4533220,4.53322,0.0009665965201258248,0.0009570467754402703,3
4688,20221018_110149.mat,4618591,4.618591,0.0009735092378732321,0.0009570467754402703,3
4689,20221018_110149.mat,4618790,4.61879,0.006744377366448567,0.0009570467754402703,3
4690,20221018_110149.mat,4618989,4.618989,0.0013507040489913584,0.0009570467754402703,3
4691,20221018_110149.mat,4641277,4.641277,0.00912504200832598,0.0009570467754402703,3
4692,20221018_110149.mat,4641476,4.641476,0.0010827380500598894,0.0009570467754402703,3
4693,20221018_110149.mat,4649038,4.649038,0.003013374327272474,0.0009570467754402703,3
4694,20221018_110149.mat,4649237,4.649237,0.0014290748474916144,0.0009570467754402703,3
4695,20221018_110149.mat,4707743,4.707743,0.0015924057352477638,0.0009570467754402703,3
4696,20221018_110149.mat,4726449,4.726449,0.0010105300515409795,0.0009570467754402703,3
4697,20221018_110149.mat,4745951,4.745951,0.0011469810611440547,0.0009570467754402703,3
4698,20221018_110149.mat,4746150,4.74615,0.0012882702299943493,0.0009570467754402703,3
4699,20221018_110149.mat,4746548,4.746548,0.0017942503242416874,0.0009570467754402703,3
4700,20221018_110149.mat,4746747,4.746747,0.0025576660244862894,0.0009570467754402703,3
4701,20221018_110149.mat,4750130,4.75013,0.0011205367589737433,0.0009570467754402703,3
4702,20221018_110149.mat,4766846,4.766846,0.019381592012304178,0.0009570467754402703,3
4703,20221018_110149.mat,4767045,4.767045,0.003858017199929928,0.0009570467754402703,3
4704,20221018_110149.mat,4774010,4.77401,0.001287425061811349,0.0009570467754402703,3
4705,20221018_110149.mat,4828337,4.828337,0.0011875115355716199,0.0009570467754402703,3
4706,20221018_110149.mat,4862167,4.862167,0.0669612147580855,0.0009570467754402703,3
4707,20221018_110149.mat,4862366,4.862366,0.005689889774578263,0.0009570467754402703,3
4708,20221018_110149.mat,4862565,4.862565,0.0015926956702852044,0.0009570467754402703,3
4709,20221018_110149.mat,4862764,4.862764,0.0009698474720237716,0.0009570467754402703,3
4710,20221018_110149.mat,4864754,4.864754,0.0012374792246667714,0.0009570467754402703,3
4711,20221018_110149.mat,4887241,4.887241,0.0018347276867326798,0.0009570467754402703,3
4712,20221018_110149.mat,4887440,4.88744,0.0013571813663959477,0.0009570467754402703,3
4713,20221018_110149.mat,4893211,4.893211,0.05782229898515854,0.0009570467754402703,3
4714,20221018_110149.mat,4893410,4.89341,0.008844556286713344,0.0009570467754402703,3
4715,20221018_110149.mat,4893609,4.893609,0.0030750943327428407,0.0009570467754402703,3
4716,20221018_110149.mat,4916693,4.916693,0.0019787848435758944,0.0009570467754402703,3
4717,20221018_110149.mat,4939976,4.939976,0.00142718426832616,0.0009570467754402703,3
4718,20221018_110149.mat,4944354,4.944354,0.0013741731816633354,0.0009570467754402703,3
4719,20221018_110149.mat,4948732,4.948732,0.0016113807354860314,0.0009570467754402703,3
4720,20221018_110149.mat,4957687,4.957687,0.0025567722682064984,0.0009570467754402703,3
4721,20221018_110149.mat,4964055,4.964055,0.0010036989089899327,0.0009570467754402703,3
4722,20221018_110149.mat,4980373,4.980373,0.0012776804566215602,0.0009570467754402703,3
4723,20221018_110149.mat,4989328,4.989328,0.003369527674597264,0.0009570467754402703,3
4724,20221018_110149.mat,4998283,4.998283,0.0015616084808506732,0.0009570467754402703,3
4725,20221018_110154.mat,17114,0.017114,0.0019284828598178363,0.0009647457455023475,3
4726,20221018_110154.mat,25472,0.025472,0.0016281943097667863,0.0009647457455023475,3
4727,20221018_110154.mat,27462,0.027462,0.0024198249187949495,0.0009647457455023475,3
4728,20221018_110154.mat,58904,0.058904,0.0019881951460606396,0.0009647457455023475,3
4729,20221018_110154.mat,77411,0.077411,0.0010992297123144676,0.0009647457455023475,3
4730,20221018_110154.mat,89550,0.08955,0.010229155355669275,0.0009647457455023475,3
4731,20221018_110154.mat,89749,0.089749,0.002722831238862727,0.0009647457455023475,3
4732,20221018_110154.mat,89948,0.089948,0.0011007504410979504,0.0009647457455023475,3
4733,20221018_110154.mat,91142,0.091142,0.0023927150033954026,0.0009647457455023475,3
4734,20221018_110154.mat,91341,0.091341,0.013982743015152342,0.0009647457455023475,3
4735,20221018_110154.mat,91540,0.09154,0.0025593008355419664,0.0009647457455023475,3
4736,20221018_110154.mat,97908,0.097908,0.001346484214709367,0.0009647457455023475,3
4737,20221018_110154.mat,112435,0.112435,0.0011172872879863275,0.0009647457455023475,3
4738,20221018_110154.mat,139897,0.139897,0.0022251312580114754,0.0009647457455023475,3
4739,20221018_110154.mat,148852,0.148852,0.0015791228499612909,0.0009647457455023475,3
4740,20221018_110154.mat,149051,0.149051,0.0011926898572357496,0.0009647457455023475,3
4741,20221018_110154.mat,149250,0.14925,0.02863244730400365,0.0009647457455023475,3
4742,20221018_110154.mat,149449,0.149449,0.004135848010025038,0.0009647457455023475,3
4743,20221018_110154.mat,149648,0.149648,0.001101767475819692,0.0009647457455023475,3
4744,20221018_110154.mat,149847,0.149847,0.1432809168520148,0.0009647457455023475,3
4745,20221018_110154.mat,150046,0.150046,0.02311412474891951,0.0009647457455023475,3
4746,20221018_110154.mat,150245,0.150245,0.0048216467853745785,0.0009647457455023475,3
4747,20221018_110154.mat,150444,0.150444,0.0021299839957082305,0.0009647457455023475,3
4748,20221018_110154.mat,170344,0.170344,0.0013561670387583114,0.0009647457455023475,3
4749,20221018_110154.mat,170543,0.170543,0.0011055708068953118,0.0009647457455023475,3
4750,20221018_110154.mat,178702,0.178702,0.018740422350490348,0.0009647457455023475,3
4751,20221018_110154.mat,178901,0.178901,0.0013069603518013498,0.0009647457455023475,3
4752,20221018_110154.mat,190045,0.190045,0.0013794322864894002,0.0009647457455023475,3
4753,20221018_110154.mat,191239,0.191239,0.0015557893615704428,0.0009647457455023475,3
4754,20221018_110154.mat,206562,0.206562,0.001537866161961838,0.0009647457455023475,3
4755,20221018_110154.mat,225268,0.225268,0.0010635708793774387,0.0009647457455023475,3
4756,20221018_110154.mat,226860,0.22686,0.11068664411378909,0.0009647457455023475,3
4757,20221018_110154.mat,227059,0.227059,0.03463480159283875,0.0009647457455023475,3
4758,20221018_110154.mat,227258,0.227258,0.004330318357344575,0.0009647457455023475,3
4759,20221018_110154.mat,227457,0.227457,0.0013748701419236046,0.0009647457455023475,3
4760,20221018_110154.mat,228253,0.228253,0.001208496613263909,0.0009647457455023475,3
4761,20221018_110154.mat,229646,0.229646,0.15270882866323346,0.0009647457455023475,3
4762,20221018_110154.mat,229845,0.229845,0.10982953376138938,0.0009647457455023475,3
4763,20221018_110154.mat,230044,0.230044,0.04876587640883912,0.0009647457455023475,3
4764,20221018_110154.mat,230243,0.230243,0.0057269790672671034,0.0009647457455023475,3
4765,20221018_110154.mat,230442,0.230442,0.0021802363619773985,0.0009647457455023475,3
4766,20221018_110154.mat,230840,0.23084,0.007216323112737107,0.0009647457455023475,3
4767,20221018_110154.mat,231039,0.231039,0.003530437888722859,0.0009647457455023475,3
4768,20221018_110154.mat,235019,0.235019,0.017742386539036474,0.0009647457455023475,3
4769,20221018_110154.mat,235218,0.235218,0.0018508091489869594,0.0009647457455023475,3
4770,20221018_110154.mat,236213,0.236213,0.003693147608865299,0.0009647457455023475,3
4771,20221018_110154.mat,236412,0.236412,0.0017157738975360146,0.0009647457455023475,3
4772,20221018_110154.mat,237009,0.237009,0.03533931402397186,0.0009647457455023475,3
4773,20221018_110154.mat,237208,0.237208,0.0039855305799118106,0.0009647457455023475,3
4774,20221018_110154.mat,237407,0.237407,0.0009792654144888421,0.0009647457455023475,3
4775,20221018_110154.mat,237805,0.237805,0.061795890524091936,0.0009647457455023475,3
4776,20221018_110154.mat,238004,0.238004,0.014751566130016748,0.0009647457455023475,3
4777,20221018_110154.mat,238203,0.238203,0.0019201836515902577,0.0009647457455023475,3
4778,20221018_110154.mat,238402,0.238402,0.001145889022958361,0.0009647457455023475,3
4779,20221018_110154.mat,238999,0.238999,0.013250353442591404,0.0009647457455023475,3
4780,20221018_110154.mat,239198,0.239198,0.013988477068318322,0.0009647457455023475,3
4781,20221018_110154.mat,239397,0.239397,0.003858137040806531,0.0009647457455023475,3
4782,20221018_110154.mat,239596,0.239596,1.3238498117137472,0.0009647457455023475,3
4783,20221018_110154.mat,239795,0.239795,1.42715796577312,0.0009647457455023475,3
4784,20221018_110154.mat,239994,0.239994,0.08830650333310901,0.0009647457455023475,3
4785,20221018_110154.mat,240193,0.240193,0.04268497901839357,0.0009647457455023475,3
4786,20221018_110154.mat,240392,0.240392,0.012762694060162538,0.0009647457455023475,3
4787,20221018_110154.mat,240591,0.240591,0.003183959736942354,0.0009647457455023475,3
4788,20221018_110154.mat,240790,0.24079,0.0011053668644795051,0.0009647457455023475,3
4789,20221018_110154.mat,253725,0.253725,0.0009929711355407555,0.0009647457455023475,3
4790,20221018_110154.mat,271237,0.271237,0.024355762406391084,0.0009647457455023475,3
4791,20221018_110154.mat,271436,0.271436,0.029837520760690985,0.0009647457455023475,3
4792,20221018_110154.mat,271635,0.271635,0.0071523898404301815,0.0009647457455023475,3
4793,20221018_110154.mat,271834,0.271834,0.001407296832749031,0.0009647457455023475,3
4794,20221018_110154.mat,282978,0.282978,0.013030365192262626,0.0009647457455023475,3
4795,20221018_110154.mat,283177,0.283177,0.006146328093814223,0.0009647457455023475,3
4796,20221018_110154.mat,283376,0.283376,0.0020684087577274675,0.0009647457455023475,3
4797,20221018_110154.mat,284769,0.284769,0.0021576304862835605,0.0009647457455023475,3
4798,20221018_110154.mat,293127,0.293127,0.0018197618919548603,0.0009647457455023475,3
4799,20221018_110154.mat,297505,0.297505,0.015509470080675295,0.0009647457455023475,3
4800,20221018_110154.mat,297704,0.297704,0.0032808940366996736,0.0009647457455023475,3
4801,20221018_110154.mat,297903,0.297903,0.0011307618404486112,0.0009647457455023475,3
4802,20221018_110154.mat,302281,0.302281,0.015435525833794289,0.0009647457455023475,3
4803,20221018_110154.mat,302480,0.30248,0.0029199646340122187,0.0009647457455023475,3
4804,20221018_110154.mat,305067,0.305067,0.003510072920935209,0.0009647457455023475,3
4805,20221018_110154.mat,305266,0.305266,0.015547961206525017,0.0009647457455023475,3
4806,20221018_110154.mat,305465,0.305465,0.002858987781997794,0.0009647457455023475,3
4807,20221018_110154.mat,305664,0.305664,0.00129613300745973,0.0009647457455023475,3
4808,20221018_110154.mat,310241,0.310241,0.014002827873393488,0.0009647457455023475,3
4809,20221018_110154.mat,310440,0.31044,0.004077524713976831,0.0009647457455023475,3
4810,20221018_110154.mat,335315,0.335315,0.0012248704789053586,0.0009647457455023475,3
4811,20221018_110154.mat,342877,0.342877,0.0011314038074904068,0.0009647457455023475,3
4812,20221018_110154.mat,343076,0.343076,0.0021822167034621105,0.0009647457455023475,3
4813,20221018_110154.mat,350439,0.350439,0.0035057715928017642,0.0009647457455023475,3
4814,20221018_110154.mat,361782,0.361782,0.007251846157098598,0.0009647457455023475,3
4815,20221018_110154.mat,361981,0.361981,0.0022144503348354725,0.0009647457455023475,3
4816,20221018_110154.mat,387453,0.387453,0.003997896503046722,0.0009647457455023475,3
4817,20221018_110154.mat,387652,0.387652,0.001491012835190134,0.0009647457455023475,3
4818,20221018_110154.mat,400786,0.400786,0.0009733281012440297,0.0009647457455023475,3
4819,20221018_110154.mat,400985,0.400985,0.0013644341476357251,0.0009647457455023475,3
4820,20221018_110154.mat,421283,0.421283,0.0015382266203396047,0.0009647457455023475,3
4821,20221018_110154.mat,425661,0.425661,0.049134518088353334,0.0009647457455023475,3
4822,20221018_110154.mat,425860,0.42586,0.01885700488550781,0.0009647457455023475,3
4823,20221018_110154.mat,426059,0.426059,0.00299222048972148,0.0009647457455023475,3
4824,20221018_110154.mat,426258,0.426258,0.0010123369114606914,0.0009647457455023475,3
4825,20221018_110154.mat,428845,0.428845,0.0010228379685597035,0.0009647457455023475,3
4826,20221018_110154.mat,451929,0.451929,0.0018682926194029186,0.0009647457455023475,3
4827,20221018_110154.mat,458695,0.458695,0.0011512654930999915,0.0009647457455023475,3
4828,20221018_110154.mat,496704,0.496704,0.01206255797253923,0.0009647457455023475,3
4829,20221018_110154.mat,496903,0.496903,0.009959075094745706,0.0009647457455023475,3
4830,20221018_110154.mat,497102,0.497102,0.00132910267987793,0.0009647457455023475,3
4831,20221018_110154.mat,507649,0.507649,0.0017334687430910329,0.0009647457455023475,3
4832,20221018_110154.mat,525161,0.525161,0.0009843277985662978,0.0009647457455023475,3
4833,20221018_110154.mat,550633,0.550633,0.0020929559435413692,0.0009647457455023475,3
4834,20221018_110154.mat,558792,0.558792,0.0029206481680073243,0.0009647457455023475,3
4835,20221018_110154.mat,558991,0.558991,0.0010013404159964065,0.0009647457455023475,3
4836,20221018_110154.mat,559588,0.559588,0.001070910923449226,0.0009647457455023475,3
4837,20221018_110154.mat,584662,0.584662,0.010214267744939613,0.0009647457455023475,3
4838,20221018_110154.mat,584861,0.584861,0.00675000602673127,0.0009647457455023475,3
4839,20221018_110154.mat,585060,0.58506,0.0014326425466095105,0.0009647457455023475,3
4840,20221018_110154.mat,637596,0.637596,0.0011670743852110615,0.0009647457455023475,3
4841,20221018_110154.mat,637795,0.637795,0.001081564330480857,0.0009647457455023475,3
4842,20221018_110154.mat,643964,0.643964,0.001090169015501948,0.0009647457455023475,3
4843,20221018_110154.mat,644163,0.644163,0.0010058563424373212,0.0009647457455023475,3
4844,20221018_110154.mat,701674,0.701674,0.0011061526308074202,0.0009647457455023475,3
4845,20221018_110154.mat,713415,0.713415,0.0009982196082991795,0.0009647457455023475,3
4846,20221018_110154.mat,755205,0.755205,0.013895032352104186,0.0009647457455023475,3
4847,20221018_110154.mat,755404,0.755404,0.01616383816498102,0.0009647457455023475,3
4848,20221018_110154.mat,755603,0.755603,0.002015188400979374,0.0009647457455023475,3
4849,20221018_110154.mat,788040,0.78804,0.013118084081838666,0.0009647457455023475,3
4850,20221018_110154.mat,788239,0.788239,0.0016169607619339731,0.0009647457455023475,3
4851,20221018_110154.mat,790428,0.790428,0.0034692644290737883,0.0009647457455023475,3
4852,20221018_110154.mat,790627,0.790627,0.0014080451850811534,0.0009647457455023475,3
4853,20221018_110154.mat,848934,0.848934,0.003959380021969057,0.0009647457455023475,3
4854,20221018_110154.mat,849133,0.849133,0.12647611297618702,0.0009647457455023475,3
4855,20221018_110154.mat,849332,0.849332,0.0366175906901434,0.0009647457455023475,3
4856,20221018_110154.mat,849531,0.849531,0.004373791242333007,0.0009647457455023475,3
4857,20221018_110154.mat,849730,0.84973,0.0014561796711878502,0.0009647457455023475,3
4858,20221018_110154.mat,850725,0.850725,0.0036631931688254835,0.0009647457455023475,3
4859,20221018_110154.mat,850924,0.850924,0.001448917538626283,0.0009647457455023475,3
4860,20221018_110154.mat,862267,0.862267,0.0018489385965591916,0.0009647457455023475,3
4861,20221018_110154.mat,862466,0.862466,0.0009870187454414402,0.0009647457455023475,3
4862,20221018_110154.mat,865053,0.865053,0.004618959145765961,0.0009647457455023475,3
4863,20221018_110154.mat,865252,0.865252,0.001145868022387864,0.0009647457455023475,3
4864,20221018_110154.mat,913410,0.91341,0.0010535200599800574,0.0009647457455023475,3
4865,20221018_110154.mat,933907,0.933907,0.0016585535358337798,0.0009647457455023475,3
4866,20221018_110154.mat,942464,0.942464,0.0010460334270965131,0.0009647457455023475,3
4867,20221018_110154.mat,952215,0.952215,0.0017872668698649377,0.0009647457455023475,3
4868,20221018_110154.mat,956593,0.956593,0.004478270478811009,0.0009647457455023475,3
4869,20221018_110154.mat,964354,0.964354,0.005473093191684629,0.0009647457455023475,3
4870,20221018_110154.mat,964553,0.964553,0.004337097033048329,0.0009647457455023475,3
4871,20221018_110154.mat,981070,0.98107,0.00641275881401246,0.0009647457455023475,3
4872,20221018_110154.mat,1009726,1.009726,0.0009814447671332189,0.0009647457455023475,3
4873,20221018_110154.mat,1014104,1.014104,0.002033884764041971,0.0009647457455023475,3
4874,20221018_110154.mat,1031019,1.031019,0.0019142698828818814,0.0009647457455023475,3
4875,20221018_110154.mat,1034601,1.034601,0.004200346554421837,0.0009647457455023475,3
4876,20221018_110154.mat,1074003,1.074003,0.0010882140810033977,0.0009647457455023475,3
4877,20221018_110154.mat,1074401,1.074401,0.019210766086230086,0.0009647457455023475,3
4878,20221018_110154.mat,1074600,1.0746,0.004675355090655251,0.0009647457455023475,3
4879,20221018_110154.mat,1074799,1.074799,0.0012767617664488772,0.0009647457455023475,3
4880,20221018_110154.mat,1082759,1.082759,0.005558058917308304,0.0009647457455023475,3
4881,20221018_110154.mat,1082958,1.082958,0.006372083438545324,0.0009647457455023475,3
4882,20221018_110154.mat,1083356,1.083356,0.0025735029334136576,0.0009647457455023475,3
4883,20221018_110154.mat,1083555,1.083555,0.0009938546994864527,0.0009647457455023475,3
4884,20221018_110154.mat,1083953,1.083953,0.0026935605721959627,0.0009647457455023475,3
4885,20221018_110154.mat,1084152,1.084152,0.0034213693781710605,0.0009647457455023475,3
4886,20221018_110154.mat,1087933,1.087933,0.0018690967658073418,0.0009647457455023475,3
4887,20221018_110154.mat,1088132,1.088132,0.001128963916092301,0.0009647457455023475,3
4888,20221018_110154.mat,1119574,1.119574,0.0022532272507711387,0.0009647457455023475,3
4889,20221018_110154.mat,1119773,1.119773,0.0016613152585426808,0.0009647457455023475,3
4890,20221018_110154.mat,1119972,1.119972,0.003228177350198244,0.0009647457455023475,3
4891,20221018_110154.mat,1120171,1.120171,0.0014051938711096698,0.0009647457455023475,3
4892,20221018_110154.mat,1121166,1.121166,0.0022833244959109345,0.0009647457455023475,3
4893,20221018_110154.mat,1121365,1.121365,0.0010631642020596194,0.0009647457455023475,3
4894,20221018_110154.mat,1122559,1.122559,0.0016997365219628613,0.0009647457455023475,3
4895,20221018_110154.mat,1126141,1.126141,0.000985890688316295,0.0009647457455023475,3
4896,20221018_110154.mat,1131912,1.131912,0.0011660317622592484,0.0009647457455023475,3
4897,20221018_110154.mat,1172110,1.17211,0.0009744460062055345,0.0009647457455023475,3
4898,20221018_110154.mat,1174100,1.1741,0.0020409212720110684,0.0009647457455023475,3
4899,20221018_110154.mat,1174299,1.174299,0.0026248738615284404,0.0009647457455023475,3
4900,20221018_110154.mat,1178677,1.178677,0.005917630163654197,0.0009647457455023475,3
4901,20221018_110154.mat,1178876,1.178876,0.002579643046750611,0.0009647457455023475,3
4902,20221018_110154.mat,1183652,1.183652,0.009138331473443112,0.0009647457455023475,3
4903,20221018_110154.mat,1183851,1.183851,0.0017646798539752645,0.0009647457455023475,3
4904,20221018_110154.mat,1190020,1.19002,0.0012868115097346754,0.0009647457455023475,3
4905,20221018_110154.mat,1209124,1.209124,0.009043874608402155,0.0009647457455023475,3
4906,20221018_110154.mat,1209323,1.209323,0.0017643938640483177,0.0009647457455023475,3
4907,20221018_110154.mat,1210915,1.210915,0.0020511892704577124,0.0009647457455023475,3
4908,20221018_110154.mat,1211114,1.211114,0.001024300592101347,0.0009647457455023475,3
4909,20221018_110154.mat,1214696,1.214696,0.011031077903020634,0.0009647457455023475,3
4910,20221018_110154.mat,1214895,1.214895,0.0062945519091744,0.0009647457455023475,3
4911,20221018_110154.mat,1215094,1.215094,0.0013365361878246084,0.0009647457455023475,3
4912,20221018_110154.mat,1285540,1.28554,0.0010035069836333275,0.0009647457455023475,3
4913,20221018_110154.mat,1305042,1.305042,0.0011821699099220494,0.0009647457455023475,3
4914,20221018_110154.mat,1312604,1.312604,0.003172700748425521,0.0009647457455023475,3
4915,20221018_110154.mat,1319370,1.31937,0.0018759571995910762,0.0009647457455023475,3
4916,20221018_110154.mat,1319569,1.319569,0.0018347110895632673,0.0009647457455023475,3
4917,20221018_110154.mat,1320564,1.320564,0.00363929115594358,0.0009647457455023475,3
4918,20221018_110154.mat,1320763,1.320763,0.0018334350949067212,0.0009647457455023475,3
4919,20221018_110154.mat,1362354,1.362354,0.004310650967397809,0.0009647457455023475,3
4920,20221018_110154.mat,1362553,1.362553,0.0010416593908684653,0.0009647457455023475,3
4921,20221018_110154.mat,1432800,1.4328,0.00361670436747467,0.0009647457455023475,3
4922,20221018_110154.mat,1435387,1.435387,0.03691737166486738,0.0009647457455023475,3
4923,20221018_110154.mat,1435586,1.435586,0.022047865861567633,0.0009647457455023475,3
4924,20221018_110154.mat,1435785,1.435785,0.0021469900485839655,0.0009647457455023475,3
4925,20221018_110154.mat,1442551,1.442551,0.000977470390286573,0.0009647457455023475,3
4926,20221018_110154.mat,1451904,1.451904,0.01255958566301996,0.0009647457455023475,3
4927,20221018_110154.mat,1452103,1.452103,0.003108181288890534,0.0009647457455023475,3
4928,20221018_110154.mat,1452302,1.452302,0.0011440728038675714,0.0009647457455023475,3
4929,20221018_110154.mat,1465834,1.465834,0.002099922125210083,0.0009647457455023475,3
4930,20221018_110154.mat,1478172,1.478172,0.0010413435490462255,0.0009647457455023475,3
4931,20221018_110154.mat,1484341,1.484341,0.0016993645403149435,0.0009647457455023475,3
4932,20221018_110154.mat,1491107,1.491107,0.0037847768813583215,0.0009647457455023475,3
4933,20221018_110154.mat,1491306,1.491306,0.0031194385778607874,0.0009647457455023475,3
4934,20221018_110154.mat,1515982,1.515982,0.002393912769901471,0.0009647457455023475,3
4935,20221018_110154.mat,1516181,1.516181,0.0012342989948870616,0.0009647457455023475,3
4936,20221018_110154.mat,1540658,1.540658,0.0015677536263364788,0.0009647457455023475,3
4937,20221018_110154.mat,1563344,1.563344,0.001005735090928936,0.0009647457455023475,3
4938,20221018_110154.mat,1564936,1.564936,0.00332169225946503,0.0009647457455023475,3
4939,20221018_110154.mat,1565135,1.565135,0.0010220948992304944,0.0009647457455023475,3
4940,20221018_110154.mat,1567125,1.567125,0.0018924234351105926,0.0009647457455023475,3
4941,20221018_110154.mat,1567324,1.567324,0.0015640482915703926,0.0009647457455023475,3
4942,20221018_110154.mat,1608318,1.608318,0.0018011119236762633,0.0009647457455023475,3
4943,20221018_110154.mat,1630805,1.630805,0.0018834355429050078,0.0009647457455023475,3
4944,20221018_110154.mat,1641153,1.641153,0.0015052141831391533,0.0009647457455023475,3
4945,20221018_110154.mat,1641352,1.641352,0.002531670916600763,0.0009647457455023475,3
4946,20221018_110154.mat,1648516,1.648516,0.0009871666731376925,0.0009647457455023475,3
4947,20221018_110154.mat,1672197,1.672197,0.0011960974919120546,0.0009647457455023475,3
4948,20221018_110154.mat,1683540,1.68354,0.0022264541265438324,0.0009647457455023475,3
4949,20221018_110154.mat,1683739,1.683739,0.0011761661520091604,0.0009647457455023475,3
4950,20221018_110154.mat,1705231,1.705231,0.004703689255849624,0.0009647457455023475,3
4951,20221018_110154.mat,1705430,1.70543,0.0010862453035383993,0.0009647457455023475,3
4952,20221018_110154.mat,1715181,1.715181,0.0031988216106391514,0.0009647457455023475,3
4953,20221018_110154.mat,1715380,1.71538,0.0027456871551492464,0.0009647457455023475,3
4954,20221018_110154.mat,1715579,1.715579,0.00119217045349036,0.0009647457455023475,3
4955,20221018_110154.mat,1723539,1.723539,0.0010083633505656798,0.0009647457455023475,3
4956,20221018_110154.mat,1723738,1.723738,0.001226244548858277,0.0009647457455023475,3
4957,20221018_110154.mat,1727320,1.72732,0.0018305162190934586,0.0009647457455023475,3
4958,20221018_110154.mat,1734484,1.734484,0.0011365028682942166,0.0009647457455023475,3
4959,20221018_110154.mat,1764334,1.764334,0.0031708603100671535,0.0009647457455023475,3
4960,20221018_110154.mat,1764533,1.764533,0.0009705496110133078,0.0009647457455023475,3
4961,20221018_110154.mat,1771100,1.7711,0.0016570082498411707,0.0009647457455023475,3
4962,20221018_110154.mat,1772493,1.772493,0.003778886897364506,0.0009647457455023475,3
4963,20221018_110154.mat,1805328,1.805328,0.0010805914124553564,0.0009647457455023475,3
4964,20221018_110154.mat,1805925,1.805925,0.001487932855583425,0.0009647457455023475,3
4965,20221018_110154.mat,1811895,1.811895,0.0017007944242171172,0.0009647457455023475,3
4966,20221018_110154.mat,1812094,1.812094,0.005617125648655726,0.0009647457455023475,3
4967,20221018_110154.mat,1812293,1.812293,0.0011029930766441732,0.0009647457455023475,3
4968,20221018_110154.mat,1812492,1.812492,0.0013404263421461988,0.0009647457455023475,3
4969,20221018_110154.mat,1815477,1.815477,0.0013783384234610644,0.0009647457455023475,3
4970,20221018_110154.mat,1815676,1.815676,0.0024949377197189346,0.0009647457455023475,3
4971,20221018_110154.mat,1815875,1.815875,0.008478648108266918,0.0009647457455023475,3
4972,20221018_110154.mat,1816074,1.816074,0.001547085015098102,0.0009647457455023475,3
4973,20221018_110154.mat,1842342,1.842342,0.01187651074727484,0.0009647457455023475,3
4974,20221018_110154.mat,1842541,1.842541,0.007336148963677433,0.0009647457455023475,3
4975,20221018_110154.mat,1842740,1.84274,0.0013071653707076275,0.0009647457455023475,3
4976,20221018_110154.mat,1880948,1.880948,0.007465855021151289,0.0009647457455023475,3
4977,20221018_110154.mat,1881147,1.881147,0.07656434178398308,0.0009647457455023475,3
4978,20221018_110154.mat,1881346,1.881346,0.008976951949663654,0.0009647457455023475,3
4979,20221018_110154.mat,1881545,1.881545,0.0031810202914646134,0.0009647457455023475,3
4980,20221018_110154.mat,1888311,1.888311,0.007504237586105652,0.0009647457455023475,3
4981,20221018_110154.mat,1888510,1.88851,0.0020633768699283932,0.0009647457455023475,3
4982,20221018_110154.mat,1930300,1.9303,0.001195004335767265,0.0009647457455023475,3
4983,20221018_110154.mat,1930499,1.930499,0.0012960717209158064,0.0009647457455023475,3
4984,20221018_110154.mat,1935275,1.935275,0.0017091778834769165,0.0009647457455023475,3
4985,20221018_110154.mat,1938857,1.938857,0.011718375431613765,0.0009647457455023475,3
4986,20221018_110154.mat,1939056,1.939056,0.0024613243899696585,0.0009647457455023475,3
4987,20221018_110154.mat,1939255,1.939255,0.0017043714893359193,0.0009647457455023475,3
4988,20221018_110154.mat,1949006,1.949006,0.017163854542204957,0.0009647457455023475,3
4989,20221018_110154.mat,1949205,1.949205,0.008744230595989656,0.0009647457455023475,3
4990,20221018_110154.mat,1949404,1.949404,0.0015143229495271733,0.0009647457455023475,3
4991,20221018_110154.mat,1950996,1.950996,0.0017821205114309081,0.0009647457455023475,3
4992,20221018_110154.mat,1951195,1.951195,0.0047403466218435665,0.0009647457455023475,3
4993,20221018_110154.mat,1951394,1.951394,0.0011126273036868996,0.0009647457455023475,3
4994,20221018_110154.mat,1980448,1.980448,0.0011682472726216137,0.0009647457455023475,3
4995,20221018_110154.mat,1980647,1.980647,0.0009766550112246686,0.0009647457455023475,3
4996,20221018_110154.mat,1984826,1.984826,0.0010875902233549294,0.0009647457455023475,3
4997,20221018_110154.mat,1988607,1.988607,0.0010418688535039375,0.0009647457455023475,3
4998,20221018_110154.mat,1989204,1.989204,0.002410946967015586,0.0009647457455023475,3
4999,20221018_110154.mat,1992189,1.992189,0.0009945260808444057,0.0009647457455023475,3
5000,20221018_110154.mat,1992786,1.992786,0.0019874371896659694,0.0009647457455023475,3
5001,20221018_110154.mat,1993184,1.993184,0.003948217533337178,0.0009647457455023475,3
5002,20221018_110154.mat,1995174,1.995174,0.0012163843284291342,0.0009647457455023475,3
5003,20221018_110154.mat,1995373,1.995373,0.0014598372814621076,0.0009647457455023475,3
5004,20221018_110154.mat,1999552,1.999552,0.0011562991936838404,0.0009647457455023475,3
5005,20221018_110154.mat,1999751,1.999751,0.0010910620893681078,0.0009647457455023475,3
5006,20221018_110154.mat,2007512,2.007512,0.0013891955791077361,0.0009647457455023475,3
5007,20221018_110154.mat,2007711,2.007711,0.0016977203039784474,0.0009647457455023475,3
5008,20221018_110154.mat,2009502,2.009502,0.0009794538693710243,0.0009647457455023475,3
5009,20221018_110154.mat,2009701,2.009701,0.0011230493498181912,0.0009647457455023475,3
5010,20221018_110154.mat,2014079,2.014079,0.08252384321602549,0.0009647457455023475,3
5011,20221018_110154.mat,2014278,2.014278,0.010795396971179233,0.0009647457455023475,3
5012,20221018_110154.mat,2014477,2.014477,0.0036423413901544677,0.0009647457455023475,3
5013,20221018_110154.mat,2014676,2.014676,0.00108477746731106,0.0009647457455023475,3
5014,20221018_110154.mat,2022238,2.022238,0.0020763014183390483,0.0009647457455023475,3
5015,20221018_110154.mat,2025820,2.02582,0.00296090239175166,0.0009647457455023475,3
5016,20221018_110154.mat,2075371,2.075371,0.002922276118148222,0.0009647457455023475,3
5017,20221018_110154.mat,2075570,2.07557,0.0019109144544745531,0.0009647457455023475,3
5018,20221018_110154.mat,2078555,2.078555,0.001920537923463081,0.0009647457455023475,3
5019,20221018_110154.mat,2093679,2.093679,0.0021890703459681846,0.0009647457455023475,3
5020,20221018_110154.mat,2094276,2.094276,0.0015620438912567157,0.0009647457455023475,3
5021,20221018_110154.mat,2094475,2.094475,0.0011801810924061584,0.0009647457455023475,3
5022,20221018_110154.mat,2103430,2.10343,0.0025304286710835905,0.0009647457455023475,3
5023,20221018_110154.mat,2106216,2.106216,0.003540712408416882,0.0009647457455023475,3
5024,20221018_110154.mat,2127310,2.12731,0.0028993407223212742,0.0009647457455023475,3
5025,20221018_110154.mat,2127708,2.127708,0.0022170555510835155,0.0009647457455023475,3
5026,20221018_110154.mat,2130096,2.130096,0.002843669406404357,0.0009647457455023475,3
5027,20221018_110154.mat,2133280,2.13328,0.0012837784775245427,0.0009647457455023475,3
5028,20221018_110154.mat,2133479,2.133479,0.0012218576897480194,0.0009647457455023475,3
5029,20221018_110154.mat,2140643,2.140643,0.010543338120242125,0.0009647457455023475,3
5030,20221018_110154.mat,2140842,2.140842,0.004665523868988175,0.0009647457455023475,3
5031,20221018_110154.mat,2142235,2.142235,0.0016318941521406513,0.0009647457455023475,3
5032,20221018_110154.mat,2142434,2.142434,0.0023532133120356554,0.0009647457455023475,3
5033,20221018_110154.mat,2143827,2.143827,0.002342893055489092,0.0009647457455023475,3
5034,20221018_110154.mat,2146812,2.146812,0.0010918192062711824,0.0009647457455023475,3
5035,20221018_110154.mat,2147011,2.147011,0.002161137442019752,0.0009647457455023475,3
5036,20221018_110154.mat,2147608,2.147608,0.0016938497754083394,0.0009647457455023475,3
5037,20221018_110154.mat,2148802,2.148802,0.0014323625177640308,0.0009647457455023475,3
5038,20221018_110154.mat,2149001,2.149001,0.0033440193104118375,0.0009647457455023475,3
5039,20221018_110154.mat,2149200,2.1492,0.003073698548469404,0.0009647457455023475,3
5040,20221018_110154.mat,2149797,2.149797,0.0016366084819362668,0.0009647457455023475,3
5041,20221018_110154.mat,2149996,2.149996,0.0026966407250659584,0.0009647457455023475,3
5042,20221018_110154.mat,2150394,2.150394,0.004158246433353426,0.0009647457455023475,3
5043,20221018_110154.mat,2150593,2.150593,0.0016726960697627756,0.0009647457455023475,3
5044,20221018_110154.mat,2150792,2.150792,0.0016013952720029504,0.0009647457455023475,3
5045,20221018_110154.mat,2150991,2.150991,0.003112116216394586,0.0009647457455023475,3
5046,20221018_110154.mat,2151190,2.15119,0.0012950858664550044,0.0009647457455023475,3
5047,20221018_110154.mat,2152782,2.152782,0.001253185201764026,0.0009647457455023475,3
5048,20221018_110154.mat,2225417,2.225417,0.006100315895499601,0.0009647457455023475,3
5049,20221018_110154.mat,2234571,2.234571,0.0015122208168458853,0.0009647457455023475,3
5050,20221018_110154.mat,2234770,2.23477,0.0010157911378132444,0.0009647457455023475,3
5051,20221018_110154.mat,2255068,2.255068,0.0010179868503083426,0.0009647457455023475,3
5052,20221018_110154.mat,2292878,2.292878,0.0010579967688068197,0.0009647457455023475,3
5053,20221018_110154.mat,2303425,2.303425,0.001774698508160456,0.0009647457455023475,3
5054,20221018_110154.mat,2303624,2.303624,0.0009832831448466607,0.0009647457455023475,3
5055,20221018_110154.mat,2310788,2.310788,0.0019466190194719131,0.0009647457455023475,3
5056,20221018_110154.mat,2310987,2.310987,0.001927126992520125,0.0009647457455023475,3
5057,20221018_110154.mat,2311783,2.311783,0.0011070161381465046,0.0009647457455023475,3
5058,20221018_110154.mat,2317554,2.317554,0.011540615038754844,0.0009647457455023475,3
5059,20221018_110154.mat,2317753,2.317753,0.011223454917391972,0.0009647457455023475,3
5060,20221018_110154.mat,2317952,2.317952,0.002782228403819417,0.0009647457455023475,3
5061,20221018_110154.mat,2318151,2.318151,0.0012987801775051265,0.0009647457455023475,3
5062,20221018_110154.mat,2329892,2.329892,0.0013057166784755155,0.0009647457455023475,3
5063,20221018_110154.mat,2334071,2.334071,0.0018353870056176686,0.0009647457455023475,3
5064,20221018_110154.mat,2348797,2.348797,0.0013735775691734,0.0009647457455023475,3
5065,20221018_110154.mat,2364717,2.364717,0.0013355081296184605,0.0009647457455023475,3
5066,20221018_110154.mat,2364916,2.364916,0.0010257540706125616,0.0009647457455023475,3
5067,20221018_110154.mat,2370687,2.370687,0.0010372885342576999,0.0009647457455023475,3
5068,20221018_110154.mat,2385413,2.385413,0.002573384459627017,0.0009647457455023475,3
5069,20221018_110154.mat,2385612,2.385612,0.001271305177033576,0.0009647457455023475,3
5070,20221018_110154.mat,2395363,2.395363,0.0019401714135176165,0.0009647457455023475,3
5071,20221018_110154.mat,2405512,2.405512,0.0011333252669964008,0.0009647457455023475,3
5072,20221018_110154.mat,2405711,2.405711,0.0011381458181461835,0.0009647457455023475,3
5073,20221018_110154.mat,2405910,2.40591,0.003922512428466818,0.0009647457455023475,3
5074,20221018_110154.mat,2406109,2.406109,0.0035799540165362773,0.0009647457455023475,3
5075,20221018_110154.mat,2427402,2.427402,0.0069867982379158405,0.0009647457455023475,3
5076,20221018_110154.mat,2427601,2.427601,0.001955099863344669,0.0009647457455023475,3
5077,20221018_110154.mat,2429790,2.42979,0.0011643310433465523,0.0009647457455023475,3
5078,20221018_110154.mat,2431183,2.431183,0.0013537867379158045,0.0009647457455023475,3
5079,20221018_110154.mat,2438148,2.438148,0.0016772426511944714,0.0009647457455023475,3
5080,20221018_110154.mat,2438347,2.438347,0.0011839371599373823,0.0009647457455023475,3
5081,20221018_110154.mat,2441929,2.441929,0.001572545994379758,0.0009647457455023475,3
5082,20221018_110154.mat,2442128,2.442128,0.001376475706537687,0.0009647457455023475,3
5083,20221018_110154.mat,2446307,2.446307,0.001027856679228317,0.0009647457455023475,3
5084,20221018_110154.mat,2449690,2.44969,0.0012558386244468163,0.0009647457455023475,3
5085,20221018_110154.mat,2449889,2.449889,0.001174944500105428,0.0009647457455023475,3
5086,20221018_110154.mat,2457650,2.45765,0.0030756654931655826,0.0009647457455023475,3
5087,20221018_110154.mat,2457849,2.457849,0.0018041593103662367,0.0009647457455023475,3
5088,20221018_110154.mat,2466406,2.466406,0.0010373171389175579,0.0009647457455023475,3
5089,20221018_110154.mat,2467799,2.467799,0.00345087647998522,0.0009647457455023475,3
5090,20221018_110154.mat,2467998,2.467998,0.0013564627975270656,0.0009647457455023475,3
5091,20221018_110154.mat,2475162,2.475162,0.03816266842509574,0.0009647457455023475,3
5092,20221018_110154.mat,2475361,2.475361,0.007237592662381524,0.0009647457455023475,3
5093,20221018_110154.mat,2475560,2.47556,0.0026193338921172197,0.0009647457455023475,3
5094,20221018_110154.mat,2475759,2.475759,0.0011770491576783492,0.0009647457455023475,3
5095,20221018_110154.mat,2495460,2.49546,0.09479526801600131,0.0009647457455023475,3
5096,20221018_110154.mat,2495659,2.495659,0.020419170595407054,0.0009647457455023475,3
5097,20221018_110154.mat,2495858,2.495858,0.0037732894501614628,0.0009647457455023475,3
5098,20221018_110154.mat,2496057,2.496057,0.0010652916610675211,0.0009647457455023475,3
5099,20221018_110154.mat,2499241,2.499241,0.0013101865239999874,0.0009647457455023475,3
5100,20221018_110154.mat,2517151,2.517151,0.0010435031825069576,0.0009647457455023475,3
5101,20221018_110154.mat,2526305,2.526305,0.0012795311827627324,0.0009647457455023475,3
5102,20221018_110154.mat,2526504,2.526504,0.0015004259945158483,0.0009647457455023475,3
5103,20221018_110154.mat,2533867,2.533867,0.0021852326582072934,0.0009647457455023475,3
5104,20221018_110154.mat,2548792,2.548792,0.002967573300718073,0.0009647457455023475,3
5105,20221018_110154.mat,2548991,2.548991,0.0032853669757168164,0.0009647457455023475,3
5106,20221018_110154.mat,2556354,2.556354,0.003951766933169137,0.0009647457455023475,3
5107,20221018_110154.mat,2556553,2.556553,0.0015674870025866425,0.0009647457455023475,3
5108,20221018_110154.mat,2560334,2.560334,0.001231600493470034,0.0009647457455023475,3
5109,20221018_110154.mat,2560931,2.560931,0.003030229798777796,0.0009647457455023475,3
5110,20221018_110154.mat,2561130,2.56113,0.0017047357996203675,0.0009647457455023475,3
5111,20221018_110154.mat,2573269,2.573269,0.007899277044095957,0.0009647457455023475,3
5112,20221018_110154.mat,2573468,2.573468,0.0010816207076495322,0.0009647457455023475,3
5113,20221018_110154.mat,2602522,2.602522,0.00560003530871234,0.0009647457455023475,3
5114,20221018_110154.mat,2602721,2.602721,0.005851957191207073,0.0009647457455023475,3
5115,20221018_110154.mat,2602920,2.60292,0.001030806858904467,0.0009647457455023475,3
5116,20221018_110154.mat,2610681,2.610681,0.0017588421712777622,0.0009647457455023475,3
5117,20221018_110154.mat,2610880,2.61088,0.009199982874520868,0.0009647457455023475,3
5118,20221018_110154.mat,2611278,2.611278,0.00462091923170713,0.0009647457455023475,3
5119,20221018_110154.mat,2611477,2.611477,0.006530182150867434,0.0009647457455023475,3
5120,20221018_110154.mat,2611676,2.611676,0.0010114290686318625,0.0009647457455023475,3
5121,20221018_110154.mat,2656650,2.65665,0.0022495714073506785,0.0009647457455023475,3
5122,20221018_110154.mat,2656849,2.656849,0.0020152158768988937,0.0009647457455023475,3
5123,20221018_110154.mat,2673366,2.673366,0.0012153034617491552,0.0009647457455023475,3
5124,20221018_110154.mat,2682918,2.682918,0.02092975452409375,0.0009647457455023475,3
5125,20221018_110154.mat,2683117,2.683117,0.0030725508987327443,0.0009647457455023475,3
5126,20221018_110154.mat,2683316,2.683316,0.003922269232404954,0.0009647457455023475,3
5127,20221018_110154.mat,2684311,2.684311,0.0018994311069563117,0.0009647457455023475,3
5128,20221018_110154.mat,2684510,2.68451,0.0064981080634961665,0.0009647457455023475,3
5129,20221018_110154.mat,2700629,2.700629,0.0037883857974187517,0.0009647457455023475,3
5130,20221018_110154.mat,2700828,2.700828,0.0022913980945320693,0.0009647457455023475,3
5131,20221018_110154.mat,2704211,2.704211,0.008277170019699118,0.0009647457455023475,3
5132,20221018_110154.mat,2704410,2.70441,0.002743947117574785,0.0009647457455023475,3
5133,20221018_110154.mat,2714957,2.714957,0.00110266132680817,0.0009647457455023475,3
5134,20221018_110154.mat,2715156,2.715156,0.0022159740014556432,0.0009647457455023475,3
5135,20221018_110154.mat,2735852,2.735852,0.005875857174192057,0.0009647457455023475,3
5136,20221018_110154.mat,2736051,2.736051,0.0010670878341565557,0.0009647457455023475,3
5137,20221018_110154.mat,2748389,2.748389,0.0012950059482555096,0.0009647457455023475,3
5138,20221018_110154.mat,2755553,2.755553,0.006126189065798726,0.0009647457455023475,3
5139,20221018_110154.mat,2755752,2.755752,0.028722353351018262,0.0009647457455023475,3
5140,20221018_110154.mat,2755951,2.755951,0.001905805202974086,0.0009647457455023475,3
5141,20221018_110154.mat,2758140,2.75814,0.0038320418796916984,0.0009647457455023475,3
5142,20221018_110154.mat,2758339,2.758339,0.0009740095516698216,0.0009647457455023475,3
5143,20221018_110154.mat,2762717,2.762717,0.003123835018605567,0.0009647457455023475,3
5144,20221018_110154.mat,2767692,2.767692,0.0021727050524085367,0.0009647457455023475,3
5145,20221018_110154.mat,2790776,2.790776,0.0014789778152074083,0.0009647457455023475,3
5146,20221018_110154.mat,2807890,2.80789,0.0013175848985618435,0.0009647457455023475,3
5147,20221018_110154.mat,2810477,2.810477,0.004128895162747347,0.0009647457455023475,3
5148,20221018_110154.mat,2810676,2.810676,0.0009805516869229782,0.0009647457455023475,3
5149,20221018_110154.mat,2822019,2.822019,0.07461090454189696,0.0009647457455023475,3
5150,20221018_110154.mat,2822218,2.822218,0.015510566239669229,0.0009647457455023475,3
5151,20221018_110154.mat,2822417,2.822417,0.005361390798387617,0.0009647457455023475,3
5152,20221018_110154.mat,2822616,2.822616,0.00221688546405428,0.0009647457455023475,3
5153,20221018_110154.mat,2848088,2.848088,0.0013113048119582436,0.0009647457455023475,3
5154,20221018_110154.mat,2866197,2.866197,0.016454284259611405,0.0009647457455023475,3
5155,20221018_110154.mat,2866396,2.866396,0.003522750483763331,0.0009647457455023475,3
5156,20221018_110154.mat,2866595,2.866595,0.0010408696066144848,0.0009647457455023475,3
5157,20221018_110154.mat,2872764,2.872764,0.003846919575356245,0.0009647457455023475,3
5158,20221018_110154.mat,2881321,2.881321,0.0012892868341843194,0.0009647457455023475,3
5159,20221018_110154.mat,2882117,2.882117,0.002073917849141038,0.0009647457455023475,3
5160,20221018_110154.mat,2939628,2.939628,0.0018262945719964775,0.0009647457455023475,3
5161,20221018_110154.mat,2955548,2.955548,0.003425372450379266,0.0009647457455023475,3
5162,20221018_110154.mat,2955747,2.955747,0.007028878474735576,0.0009647457455023475,3
5163,20221018_110154.mat,2955946,2.955946,0.0011383635922105064,0.0009647457455023475,3
5164,20221018_110154.mat,2981020,2.98102,0.001939325179423686,0.0009647457455023475,3
5165,20221018_110154.mat,2981219,2.981219,0.011067331172957563,0.0009647457455023475,3
5166,20221018_110154.mat,2981418,2.981418,0.002384895946327802,0.0009647457455023475,3
5167,20221018_110154.mat,2988383,2.988383,0.0013214652520407808,0.0009647457455023475,3
5168,20221018_110154.mat,3003507,3.003507,0.0014036183256687443,0.0009647457455023475,3
5169,20221018_110154.mat,3014651,3.014651,0.002310744266785281,0.0009647457455023475,3
5170,20221018_110154.mat,3014850,3.01485,0.0011734098235643437,0.0009647457455023475,3
5171,20221018_110154.mat,3015845,3.015845,0.0012116386563984884,0.0009647457455023475,3
5172,20221018_110154.mat,3018432,3.018432,0.0019216559069582366,0.0009647457455023475,3
5173,20221018_110154.mat,3019029,3.019029,0.0017513448646189938,0.0009647457455023475,3
5174,20221018_110154.mat,3019228,3.019228,0.0016395275869086673,0.0009647457455023475,3
5175,20221018_110154.mat,3027188,3.027188,0.002811866926885585,0.0009647457455023475,3
5176,20221018_110154.mat,3027387,3.027387,0.0022176948938871415,0.0009647457455023475,3
5177,20221018_110154.mat,3051466,3.051466,0.0023551926393684058,0.0009647457455023475,3
5178,20221018_110154.mat,3064799,3.064799,0.001321167139669878,0.0009647457455023475,3
5179,20221018_110154.mat,3066192,3.066192,0.00124449697170248,0.0009647457455023475,3
5180,20221018_110154.mat,3066391,3.066391,0.001797630537338987,0.0009647457455023475,3
5181,20221018_110154.mat,3066789,3.066789,0.009630776640713363,0.0009647457455023475,3
5182,20221018_110154.mat,3066988,3.066988,0.9296480968614744,0.0009647457455023475,3
5183,20221018_110154.mat,3067187,3.067187,0.2133543971491679,0.0009647457455023475,3
5184,20221018_110154.mat,3067386,3.067386,0.05497076968132463,0.0009647457455023475,3
5185,20221018_110154.mat,3067585,3.067585,0.015263232017987516,0.0009647457455023475,3
5186,20221018_110154.mat,3067784,3.067784,0.0044447699039834015,0.0009647457455023475,3
5187,20221018_110154.mat,3067983,3.067983,0.0026005456243760696,0.0009647457455023475,3
5188,20221018_110154.mat,3068182,3.068182,0.0026246281046814358,0.0009647457455023475,3
5189,20221018_110154.mat,3068381,3.068381,0.002997271759785355,0.0009647457455023475,3
5190,20221018_110154.mat,3068580,3.06858,0.0015183309250097062,0.0009647457455023475,3
5191,20221018_110154.mat,3068779,3.068779,0.00252514254148008,0.0009647457455023475,3
5192,20221018_110154.mat,3068978,3.068978,0.003835879924630059,0.0009647457455023475,3
5193,20221018_110154.mat,3069177,3.069177,0.001325074557244163,0.0009647457455023475,3
5194,20221018_110154.mat,3069376,3.069376,0.0009938417710351718,0.0009647457455023475,3
5195,20221018_110154.mat,3069575,3.069575,0.0012080650393016276,0.0009647457455023475,3
5196,20221018_110154.mat,3069774,3.069774,0.0012057111065395813,0.0009647457455023475,3
5197,20221018_110154.mat,3069973,3.069973,0.002198561564712674,0.0009647457455023475,3
5198,20221018_110154.mat,3070172,3.070172,0.0027784921615840656,0.0009647457455023475,3
5199,20221018_110154.mat,3070371,3.070371,0.0019274175634506503,0.0009647457455023475,3
5200,20221018_110154.mat,3070570,3.07057,0.0011306277406509886,0.0009647457455023475,3
5201,20221018_110154.mat,3070769,3.070769,0.0011077754247809594,0.0009647457455023475,3
5202,20221018_110154.mat,3070968,3.070968,0.0012896495625918994,0.0009647457455023475,3
5203,20221018_110154.mat,3071764,3.071764,0.0010724890172521349,0.0009647457455023475,3
5204,20221018_110154.mat,3071963,3.071963,0.0011804550373195237,0.0009647457455023475,3
5205,20221018_110154.mat,3075943,3.075943,0.006515641020342009,0.0009647457455023475,3
5206,20221018_110154.mat,3076142,3.076142,0.0014057145038653606,0.0009647457455023475,3
5207,20221018_110154.mat,3076341,3.076341,0.001951257590527559,0.0009647457455023475,3
5208,20221018_110154.mat,3077137,3.077137,0.0011700780814213575,0.0009647457455023475,3
5209,20221018_110154.mat,3077336,3.077336,0.0010730402236556551,0.0009647457455023475,3
5210,20221018_110154.mat,3077933,3.077933,0.0011729858554796056,0.0009647457455023475,3
5211,20221018_110154.mat,3078132,3.078132,0.0034885808207632276,0.0009647457455023475,3
5212,20221018_110154.mat,3078331,3.078331,0.0012833521958503103,0.0009647457455023475,3
5213,20221018_110154.mat,3078729,3.078729,0.001249403573194365,0.0009647457455023475,3
5214,20221018_110154.mat,3078928,3.078928,0.0013021073607477924,0.0009647457455023475,3
5215,20221018_110154.mat,3079326,3.079326,0.003241323359481965,0.0009647457455023475,3
5216,20221018_110154.mat,3079525,3.079525,0.0013647781007165307,0.0009647457455023475,3
5217,20221018_110154.mat,3080321,3.080321,0.0032320039190207386,0.0009647457455023475,3
5218,20221018_110154.mat,3080520,3.08052,0.001232785521704843,0.0009647457455023475,3
5219,20221018_110154.mat,3080918,3.080918,0.0010975314854933958,0.0009647457455023475,3
5220,20221018_110154.mat,3081515,3.081515,0.0012836934870508025,0.0009647457455023475,3
5221,20221018_110154.mat,3082709,3.082709,0.001002712777052395,0.0009647457455023475,3
5222,20221018_110154.mat,3088679,3.088679,0.0011342218489056104,0.0009647457455023475,3
5223,20221018_110154.mat,3091465,3.091465,0.00320305774680855,0.0009647457455023475,3
5224,20221018_110154.mat,3091664,3.091664,0.0018393173810325701,0.0009647457455023475,3
5225,20221018_110154.mat,3092659,3.092659,0.0012486057934665224,0.0009647457455023475,3
5226,20221018_110154.mat,3093853,3.093853,0.0011526952819679711,0.0009647457455023475,3
5227,20221018_110154.mat,3099624,3.099624,0.0010295654465014986,0.0009647457455023475,3
5228,20221018_110154.mat,3101813,3.101813,0.0010545598256010676,0.0009647457455023475,3
5229,20221018_110154.mat,3104997,3.104997,0.007029158237414629,0.0009647457455023475,3
5230,20221018_110154.mat,3105196,3.105196,0.002428214881926732,0.0009647457455023475,3
5231,20221018_110154.mat,3110370,3.11037,0.0011628886404870691,0.0009647457455023475,3
5232,20221018_110154.mat,3111365,3.111365,0.0010432924820569036,0.0009647457455023475,3
5233,20221018_110154.mat,3128678,3.128678,0.0012208966808066016,0.0009647457455023475,3
5234,20221018_110154.mat,3129673,3.129673,0.0013715358417836791,0.0009647457455023475,3
5235,20221018_110154.mat,3171264,3.171264,0.0016060193268088226,0.0009647457455023475,3
5236,20221018_110154.mat,3180617,3.180617,0.0013149786067386357,0.0009647457455023475,3
5237,20221018_110154.mat,3180816,3.180816,0.0016377463911375865,0.0009647457455023475,3
5238,20221018_110154.mat,3185592,3.185592,0.0014668325860496079,0.0009647457455023475,3
5239,20221018_110154.mat,3187184,3.187184,0.0020155267843756782,0.0009647457455023475,3
5240,20221018_110154.mat,3187383,3.187383,0.0016210901218067523,0.0009647457455023475,3
5241,20221018_110154.mat,3199522,3.199522,0.0023353125688330666,0.0009647457455023475,3
5242,20221018_110154.mat,3199721,3.199721,0.0027014229304346553,0.0009647457455023475,3
5243,20221018_110154.mat,3199920,3.19992,0.0034489332393812253,0.0009647457455023475,3
5244,20221018_110154.mat,3200119,3.200119,0.0010416824923122436,0.0009647457455023475,3
5245,20221018_110154.mat,3212059,3.212059,0.002024947075567177,0.0009647457455023475,3
5246,20221018_110154.mat,3212258,3.212258,0.0025919146102845055,0.0009647457455023475,3
5247,20221018_110154.mat,3216238,3.216238,0.0018734133893633118,0.0009647457455023475,3
5248,20221018_110154.mat,3216437,3.216437,0.0020949686072690562,0.0009647457455023475,3
5249,20221018_110154.mat,3224198,3.224198,0.0017934128974706892,0.0009647457455023475,3
5250,20221018_110154.mat,3224397,3.224397,0.0021721529274652505,0.0009647457455023475,3
5251,20221018_110154.mat,3225989,3.225989,0.0010578708919058537,0.0009647457455023475,3
5252,20221018_110154.mat,3228974,3.228974,0.0018388772056325128,0.0009647457455023475,3
5253,20221018_110154.mat,3229173,3.229173,0.0009649877563952938,0.0009647457455023475,3
5254,20221018_110154.mat,3229372,3.229372,0.0010168260598333245,0.0009647457455023475,3
5255,20221018_110154.mat,3230566,3.230566,0.002607977505469305,0.0009647457455023475,3
5256,20221018_110154.mat,3230765,3.230765,0.001052816177168282,0.0009647457455023475,3
5257,20221018_110154.mat,3244496,3.244496,0.0010070409144788239,0.0009647457455023475,3
5258,20221018_110154.mat,3259620,3.25962,0.0012542717953616166,0.0009647457455023475,3
5259,20221018_110154.mat,3259819,3.259819,0.0013374969040276822,0.0009647457455023475,3
5260,20221018_110154.mat,3265789,3.265789,0.0010411555246743452,0.0009647457455023475,3
5261,20221018_110154.mat,3265988,3.265988,0.0010192698735155723,0.0009647457455023475,3
5262,20221018_110154.mat,3267978,3.267978,0.0010574916263882334,0.0009647457455023475,3
5263,20221018_110154.mat,3268177,3.268177,0.001368324724342766,0.0009647457455023475,3
5264,20221018_110154.mat,3269172,3.269172,0.0014664759264784969,0.0009647457455023475,3
5265,20221018_110154.mat,3269968,3.269968,0.0029522881330401743,0.0009647457455023475,3
5266,20221018_110154.mat,3270167,3.270167,0.0030529447791521344,0.0009647457455023475,3
5267,20221018_110154.mat,3270366,3.270366,0.0010275186327112617,0.0009647457455023475,3
5268,20221018_110154.mat,3271560,3.27156,0.002428682344007,0.0009647457455023475,3
5269,20221018_110154.mat,3271759,3.271759,0.002977039505117825,0.0009647457455023475,3
5270,20221018_110154.mat,3271958,3.271958,0.0024877357599436913,0.0009647457455023475,3
5271,20221018_110154.mat,3272157,3.272157,0.0042624908561049715,0.0009647457455023475,3
5272,20221018_110154.mat,3272356,3.272356,0.001287467852388219,0.0009647457455023475,3
5273,20221018_110154.mat,3272555,3.272555,0.004514884226919351,0.0009647457455023475,3
5274,20221018_110154.mat,3272754,3.272754,0.011264418070279133,0.0009647457455023475,3
5275,20221018_110154.mat,3272953,3.272953,0.014415360392271136,0.0009647457455023475,3
5276,20221018_110154.mat,3273152,3.273152,0.0072851217335570696,0.0009647457455023475,3
5277,20221018_110154.mat,3273351,3.273351,0.014022601781400938,0.0009647457455023475,3
5278,20221018_110154.mat,3273550,3.27355,0.023703938176218665,0.0009647457455023475,3
5279,20221018_110154.mat,3273749,3.273749,0.005800300647419524,0.0009647457455023475,3
5280,20221018_110154.mat,3273948,3.273948,0.0013725222773766789,0.0009647457455023475,3
5281,20221018_110154.mat,3274545,3.274545,0.0010587722342164955,0.0009647457455023475,3
5282,20221018_110154.mat,3274744,3.274744,0.004371548754367119,0.0009647457455023475,3
5283,20221018_110154.mat,3274943,3.274943,0.002377124391942951,0.0009647457455023475,3
5284,20221018_110154.mat,3275142,3.275142,0.0015648293272963827,0.0009647457455023475,3
5285,20221018_110154.mat,3278326,3.278326,0.001193791198602807,0.0009647457455023475,3
5286,20221018_110154.mat,3278923,3.278923,0.0015469641991597953,0.0009647457455023475,3
5287,20221018_110154.mat,3281112,3.281112,0.0010186187024513718,0.0009647457455023475,3
5288,20221018_110154.mat,3281510,3.28151,0.000977107501132188,0.0009647457455023475,3
5289,20221018_110154.mat,3281709,3.281709,0.0011388505044493665,0.0009647457455023475,3
5290,20221018_110154.mat,3281908,3.281908,0.002297627600709873,0.0009647457455023475,3
5291,20221018_110154.mat,3282107,3.282107,0.0025186083767715596,0.0009647457455023475,3
5292,20221018_110154.mat,3282306,3.282306,0.001803741252361616,0.0009647457455023475,3
5293,20221018_110154.mat,3282505,3.282505,0.004712621217916437,0.0009647457455023475,3
5294,20221018_110154.mat,3282704,3.282704,0.009124343009475497,0.0009647457455023475,3
5295,20221018_110154.mat,3282903,3.282903,0.002554136663668244,0.0009647457455023475,3
5296,20221018_110154.mat,3283102,3.283102,0.014916946946190248,0.0009647457455023475,3
5297,20221018_110154.mat,3283301,3.283301,0.019842540151102702,0.0009647457455023475,3
5298,20221018_110154.mat,3283500,3.2835,0.002646594018109774,0.0009647457455023475,3
5299,20221018_110154.mat,3283699,3.283699,0.0027657573182352604,0.0009647457455023475,3
5300,20221018_110154.mat,3283898,3.283898,0.0024621697935997646,0.0009647457455023475,3
5301,20221018_110154.mat,3284097,3.284097,0.0027955150652506037,0.0009647457455023475,3
5302,20221018_110154.mat,3284296,3.284296,0.0012442519605521116,0.0009647457455023475,3
5303,20221018_110154.mat,3285888,3.285888,0.0014944096487427266,0.0009647457455023475,3
5304,20221018_110154.mat,3286485,3.286485,0.0021982841971305987,0.0009647457455023475,3
5305,20221018_110154.mat,3286684,3.286684,0.001806311656822991,0.0009647457455023475,3
5306,20221018_110154.mat,3287082,3.287082,0.002945816022957632,0.0009647457455023475,3
5307,20221018_110154.mat,3287480,3.28748,0.0017947996155321879,0.0009647457455023475,3
5308,20221018_110154.mat,3290664,3.290664,0.004065218657533399,0.0009647457455023475,3
5309,20221018_110154.mat,3290863,3.290863,0.001307807210769431,0.0009647457455023475,3
5310,20221018_110154.mat,3292256,3.292256,0.0035325079878292002,0.0009647457455023475,3
5311,20221018_110154.mat,3292455,3.292455,0.0010479292712951963,0.0009647457455023475,3
5312,20221018_110154.mat,3295241,3.295241,0.0020129142262196574,0.0009647457455023475,3
5313,20221018_110154.mat,3296435,3.296435,0.0012251134554317582,0.0009647457455023475,3
5314,20221018_110154.mat,3297032,3.297032,0.001523477854502582,0.0009647457455023475,3
5315,20221018_110154.mat,3298425,3.298425,0.0026200281769930066,0.0009647457455023475,3
5316,20221018_110154.mat,3298624,3.298624,0.0015513491721909289,0.0009647457455023475,3
5317,20221018_110154.mat,3299022,3.299022,0.0034373004766627305,0.0009647457455023475,3
5318,20221018_110154.mat,3299221,3.299221,0.0011633783441650182,0.0009647457455023475,3
5319,20221018_110154.mat,3299818,3.299818,0.0010760677965452898,0.0009647457455023475,3
5320,20221018_110154.mat,3300017,3.300017,0.002535562348130561,0.0009647457455023475,3
5321,20221018_110154.mat,3301211,3.301211,0.001736028130843854,0.0009647457455023475,3
5322,20221018_110154.mat,3301410,3.30141,0.0012819817483093311,0.0009647457455023475,3
5323,20221018_110154.mat,3301609,3.301609,0.0011543089119213906,0.0009647457455023475,3
5324,20221018_110154.mat,3301808,3.301808,0.007093375644626054,0.0009647457455023475,3
5325,20221018_110154.mat,3302007,3.302007,0.004508275347268906,0.0009647457455023475,3
5326,20221018_110154.mat,3302206,3.302206,0.006323477822362201,0.0009647457455023475,3
5327,20221018_110154.mat,3302405,3.302405,0.004724055908740917,0.0009647457455023475,3
5328,20221018_110154.mat,3302604,3.302604,0.0037976437811144607,0.0009647457455023475,3
5329,20221018_110154.mat,3302803,3.302803,0.004246467516496436,0.0009647457455023475,3
5330,20221018_110154.mat,3303002,3.303002,0.004682752105582177,0.0009647457455023475,3
5331,20221018_110154.mat,3303201,3.303201,0.001672991031346618,0.0009647457455023475,3
5332,20221018_110154.mat,3303400,3.3034,0.03198942045607237,0.0009647457455023475,3
5333,20221018_110154.mat,3303599,3.303599,0.023786516359263796,0.0009647457455023475,3
5334,20221018_110154.mat,3303798,3.303798,0.010789847769378118,0.0009647457455023475,3
5335,20221018_110154.mat,3303997,3.303997,0.006514022714122645,0.0009647457455023475,3
5336,20221018_110154.mat,3304196,3.304196,0.004544151978436193,0.0009647457455023475,3
5337,20221018_110154.mat,3304395,3.304395,0.0014906447217468604,0.0009647457455023475,3
5338,20221018_110154.mat,3304594,3.304594,0.0017034288273804527,0.0009647457455023475,3
5339,20221018_110154.mat,3304793,3.304793,0.00580189663811707,0.0009647457455023475,3
5340,20221018_110154.mat,3304992,3.304992,0.0015599160554763956,0.0009647457455023475,3
5341,20221018_110154.mat,3305191,3.305191,0.0016776491999460977,0.0009647457455023475,3
5342,20221018_110154.mat,3305390,3.30539,0.002525014489172766,0.0009647457455023475,3
5343,20221018_110154.mat,3305589,3.305589,0.002053267111448944,0.0009647457455023475,3
5344,20221018_110154.mat,3305788,3.305788,0.0036118674447682,0.0009647457455023475,3
5345,20221018_110154.mat,3305987,3.305987,0.004103988489747566,0.0009647457455023475,3
5346,20221018_110154.mat,3306186,3.306186,0.009133044276461652,0.0009647457455023475,3
5347,20221018_110154.mat,3306385,3.306385,0.03166130073387669,0.0009647457455023475,3
5348,20221018_110154.mat,3306584,3.306584,0.04555175933932552,0.0009647457455023475,3
5349,20221018_110154.mat,3306783,3.306783,0.04706239323150627,0.0009647457455023475,3
5350,20221018_110154.mat,3306982,3.306982,0.018741370586388736,0.0009647457455023475,3
5351,20221018_110154.mat,3307181,3.307181,0.005812302524494704,0.0009647457455023475,3
5352,20221018_110154.mat,3307380,3.30738,0.0023805820058199817,0.0009647457455023475,3
5353,20221018_110154.mat,3308176,3.308176,0.0011739136439678328,0.0009647457455023475,3
5354,20221018_110154.mat,3308574,3.308574,0.0010730731010312495,0.0009647457455023475,3
5355,20221018_110154.mat,3308773,3.308773,0.0017118565693887778,0.0009647457455023475,3
5356,20221018_110154.mat,3380811,3.380811,0.000976217870772635,0.0009647457455023475,3
5357,20221018_110154.mat,3381010,3.38101,0.0010183555939784607,0.0009647457455023475,3
5358,20221018_110154.mat,3386980,3.38698,0.0017112551459674656,0.0009647457455023475,3
5359,20221018_110154.mat,3387179,3.387179,0.0020933587660704783,0.0009647457455023475,3
5360,20221018_110154.mat,3398522,3.398522,0.00598683120956915,0.0009647457455023475,3
5361,20221018_110154.mat,3398721,3.398721,0.0010295350396036394,0.0009647457455023475,3
5362,20221018_110154.mat,3403696,3.403696,0.0017403392002054334,0.0009647457455023475,3
5363,20221018_110154.mat,3408472,3.408472,0.0010730626495169726,0.0009647457455023475,3
5364,20221018_110154.mat,3410263,3.410263,0.001156008409665293,0.0009647457455023475,3
5365,20221018_110154.mat,3435934,3.435934,0.007847374288415131,0.0009647457455023475,3
5366,20221018_110154.mat,3436133,3.436133,0.0028256122207818177,0.0009647457455023475,3
5367,20221018_110154.mat,3436332,3.436332,0.0010047550160420119,0.0009647457455023475,3
5368,20221018_110154.mat,3466779,3.466779,0.0012502791409256101,0.0009647457455023475,3
5369,20221018_110154.mat,3466978,3.466978,0.0010678446652533714,0.0009647457455023475,3
5370,20221018_110154.mat,3492251,3.492251,0.001702771192131809,0.0009647457455023475,3
5371,20221018_110154.mat,3530260,3.53026,0.0025080343026348713,0.0009647457455023475,3
5372,20221018_110154.mat,3530459,3.530459,0.0010079749627860191,0.0009647457455023475,3
5373,20221018_110154.mat,3536230,3.53623,0.001055096042810489,0.0009647457455023475,3
5374,20221018_110154.mat,3650257,3.650257,0.001347550362422695,0.0009647457455023475,3
5375,20221018_110154.mat,3650456,3.650456,0.0013991034878098405,0.0009647457455023475,3
5376,20221018_110154.mat,3654038,3.654038,0.0015925815126994073,0.0009647457455023475,3
5377,20221018_110154.mat,3654237,3.654237,0.00217280215008775,0.0009647457455023475,3
5378,20221018_110154.mat,3678117,3.678117,0.0011446946540597373,0.0009647457455023475,3
5379,20221018_110154.mat,3688664,3.688664,0.002079731404532951,0.0009647457455023475,3
5380,20221018_110154.mat,3688863,3.688863,0.001612560644182759,0.0009647457455023475,3
5381,20221018_110154.mat,3724285,3.724285,0.014608670854776046,0.0009647457455023475,3
5382,20221018_110154.mat,3724484,3.724484,0.007958355306794587,0.0009647457455023475,3
5383,20221018_110154.mat,3724683,3.724683,0.0012984255768585802,0.0009647457455023475,3
5384,20221018_110154.mat,3735628,3.735628,0.001271174510427938,0.0009647457455023475,3
5385,20221018_110154.mat,3754931,3.754931,0.003644448315707904,0.0009647457455023475,3
5386,20221018_110154.mat,3788562,3.788562,0.0016211529573193471,0.0009647457455023475,3
5387,20221018_110154.mat,3788761,3.788761,0.0028418267513533016,0.0009647457455023475,3
5388,20221018_110154.mat,3807069,3.807069,0.00644688698134273,0.0009647457455023475,3
5389,20221018_110154.mat,3807268,3.807268,0.01750929106225427,0.0009647457455023475,3
5390,20221018_110154.mat,3807467,3.807467,0.0024572304944687237,0.0009647457455023475,3
5391,20221018_110154.mat,3871346,3.871346,0.0010579914685957812,0.0009647457455023475,3
5392,20221018_110154.mat,3895624,3.895624,0.004057050182239784,0.0009647457455023475,3
5393,20221018_110154.mat,3895823,3.895823,0.0017006345229166227,0.0009647457455023475,3
5394,20221018_110154.mat,3909753,3.909753,0.011402825570634453,0.0009647457455023475,3
5395,20221018_110154.mat,3909952,3.909952,0.002046127595539085,0.0009647457455023475,3
5396,20221018_110154.mat,3910151,3.910151,0.0010084349415704725,0.0009647457455023475,3
5397,20221018_110154.mat,3910549,3.910549,0.0012032818968262477,0.0009647457455023475,3
5398,20221018_110154.mat,3957712,3.957712,0.005065164927622215,0.0009647457455023475,3
5399,20221018_110154.mat,3957911,3.957911,0.0020142314839511097,0.0009647457455023475,3
5400,20221018_110154.mat,3975224,3.975224,0.0009943663263314066,0.0009647457455023475,3
5401,20221018_110154.mat,3975423,3.975423,0.001157024727254006,0.0009647457455023475,3
5402,20221018_110154.mat,3992935,3.992935,0.0010475341406082398,0.0009647457455023475,3
5403,20221018_110154.mat,4012835,4.012835,0.00439619880687687,0.0009647457455023475,3
5404,20221018_110154.mat,4013034,4.013034,0.002293833729988932,0.0009647457455023475,3
5405,20221018_110154.mat,4013233,4.013233,0.0012290435865040857,0.0009647457455023475,3
5406,20221018_110154.mat,4033929,4.033929,0.001876076504623136,0.0009647457455023475,3
5407,20221018_110154.mat,4034128,4.034128,0.0018522287025610122,0.0009647457455023475,3
5408,20221018_110154.mat,4061988,4.061988,0.0011106866546069976,0.0009647457455023475,3
5409,20221018_110154.mat,4091838,4.091838,0.0013669678545459628,0.0009647457455023475,3
5410,20221018_110154.mat,4105370,4.10537,0.0011054437966456791,0.0009647457455023475,3
5411,20221018_110154.mat,4105569,4.105569,0.0010353088944061535,0.0009647457455023475,3
5412,20221018_110154.mat,4141588,4.141588,0.0016097865386348244,0.0009647457455023475,3
5413,20221018_110154.mat,4146762,4.146762,0.0013991310385780772,0.0009647457455023475,3
5414,20221018_110154.mat,4154722,4.154722,0.0026423183828272303,0.0009647457455023475,3
5415,20221018_110154.mat,4154921,4.154921,0.000993114175209663,0.0009647457455023475,3
5416,20221018_110154.mat,4194323,4.194323,0.0013611544409203584,0.0009647457455023475,3
5417,20221018_110154.mat,4195517,4.195517,0.013075727853122648,0.0009647457455023475,3
5418,20221018_110154.mat,4195716,4.195716,0.001807144287897118,0.0009647457455023475,3
5419,20221018_110154.mat,4199895,4.199895,0.001270214209583429,0.0009647457455023475,3
5420,20221018_110154.mat,4200094,4.200094,0.0010178922902640986,0.0009647457455023475,3
5421,20221018_110154.mat,4222780,4.22278,0.002872432208335408,0.0009647457455023475,3
5422,20221018_110154.mat,4223178,4.223178,0.0011424672096622417,0.0009647457455023475,3
5423,20221018_110154.mat,4244670,4.24467,0.001349878661980456,0.0009647457455023475,3
5424,20221018_110154.mat,4277107,4.277107,0.07995482310400817,0.0009647457455023475,3
5425,20221018_110154.mat,4277306,4.277306,0.05073675323579321,0.0009647457455023475,3
5426,20221018_110154.mat,4277505,4.277505,0.006958490846356117,0.0009647457455023475,3
5427,20221018_110154.mat,4277704,4.277704,0.0024317839331398144,0.0009647457455023475,3
5428,20221018_110154.mat,4289644,4.289644,0.00746751596661293,0.0009647457455023475,3
5429,20221018_110154.mat,4289843,4.289843,0.0012555708934805095,0.0009647457455023475,3
5430,20221018_110154.mat,4374020,4.37402,0.0017958569366814242,0.0009647457455023475,3
5431,20221018_110154.mat,4374219,4.374219,0.0010357799673766026,0.0009647457455023475,3
5432,20221018_110154.mat,4382975,4.382975,0.004002423475875279,0.0009647457455023475,3
5433,20221018_110154.mat,4383174,4.383174,0.002333919067356634,0.0009647457455023475,3
5434,20221018_110154.mat,4383373,4.383373,0.001016964137751619,0.0009647457455023475,3
5435,20221018_110154.mat,4412825,4.412825,0.0015876131501901722,0.0009647457455023475,3
5436,20221018_110154.mat,4413024,4.413024,0.001250751997675884,0.0009647457455023475,3
5437,20221018_110154.mat,4413223,4.413223,0.001575509947990595,0.0009647457455023475,3
5438,20221018_110154.mat,4413422,4.413422,0.0010015471130488955,0.0009647457455023475,3
5439,20221018_110154.mat,4461978,4.461978,0.0018126082345515378,0.0009647457455023475,3
5440,20221018_110154.mat,4465162,4.465162,0.001573156044272189,0.0009647457455023475,3
5441,20221018_110154.mat,4507947,4.507947,0.0009714593405266709,0.0009647457455023475,3
5442,20221018_110154.mat,4510733,4.510733,0.001113935337532368,0.0009647457455023475,3
5443,20221018_110154.mat,4526653,4.526653,0.0010031623603405108,0.0009647457455023475,3
5444,20221018_110154.mat,4580781,4.580781,0.0015247233356488264,0.0009647457455023475,3
5445,20221018_110154.mat,4580980,4.58098,0.0012446529659661725,0.0009647457455023475,3
5446,20221018_110154.mat,4644063,4.644063,0.0010654513072150926,0.0009647457455023475,3
5447,20221018_110154.mat,4644262,4.644262,0.001123747078851289,0.0009647457455023475,3
5448,20221018_110154.mat,4668938,4.668938,0.001006629734081458,0.0009647457455023475,3
5449,20221018_110154.mat,4718688,4.718688,0.0011532227400118346,0.0009647457455023475,3
5450,20221018_110154.mat,4726847,4.726847,0.0022426711825858773,0.0009647457455023475,3
5451,20221018_110154.mat,4736598,4.736598,0.0020405163420617175,0.0009647457455023475,3
5452,20221018_110154.mat,4760876,4.760876,0.004725214355348617,0.0009647457455023475,3
5453,20221018_110154.mat,4761075,4.761075,0.0016396616715103893,0.0009647457455023475,3
5454,20221018_110154.mat,4770229,4.770229,0.08183759746767706,0.0009647457455023475,3
5455,20221018_110154.mat,4770428,4.770428,0.046345462986252216,0.0009647457455023475,3
5456,20221018_110154.mat,4770627,4.770627,0.006720170813849589,0.0009647457455023475,3
5457,20221018_110154.mat,4770826,4.770826,0.002398788437153247,0.0009647457455023475,3
5458,20221018_110154.mat,4808835,4.808835,0.0013802265545919447,0.0009647457455023475,3
5459,20221018_110154.mat,4829133,4.829133,0.0010080498227551767,0.0009647457455023475,3
5460,20221018_110154.mat,4865749,4.865749,0.002433391764090674,0.0009647457455023475,3
5461,20221018_110154.mat,4884057,4.884057,0.0009676827488409856,0.0009647457455023475,3
5462,20221018_110154.mat,4947538,4.947538,0.0010419219965837896,0.0009647457455023475,3
5463,20221018_110154.mat,4948334,4.948334,0.005421851210893477,0.0009647457455023475,3
5464,20221018_110154.mat,4948533,4.948533,0.002209090137761535,0.0009647457455023475,3
5465,20221018_110154.mat,4963856,4.963856,0.001177942409410389,0.0009647457455023475,3
5466,20221018_110159.mat,18109,0.018109,0.005085462417214007,0.0009712745593630865,3
5467,20221018_110159.mat,18308,0.018308,0.0018988743123148108,0.0009712745593630865,3
5468,20221018_110159.mat,18905,0.018905,0.0012051694569485195,0.0009712745593630865,3
5469,20221018_110159.mat,36218,0.036218,0.000974021923208681,0.0009712745593630865,3
5470,20221018_110159.mat,55123,0.055123,0.007811615765321149,0.0009712745593630865,3
5471,20221018_110159.mat,55322,0.055322,0.001322782488448179,0.0009712745593630865,3
5472,20221018_110159.mat,75819,0.075819,0.00234477539686609,0.0009712745593630865,3
5473,20221018_110159.mat,76018,0.076018,0.0017914272984603163,0.0009712745593630865,3
5474,20221018_110159.mat,117211,0.117211,0.003186101011358039,0.0009712745593630865,3
5475,20221018_110159.mat,117410,0.11741,0.0017038052694545482,0.0009712745593630865,3
5476,20221018_110159.mat,125370,0.12537,0.00105993505517054,0.0009712745593630865,3
5477,20221018_110159.mat,174523,0.174523,0.008897025309956848,0.0009712745593630865,3
5478,20221018_110159.mat,174722,0.174722,0.007003961507408752,0.0009712745593630865,3
5479,20221018_110159.mat,174921,0.174921,0.08893235409385565,0.0009712745593630865,3
5480,20221018_110159.mat,175120,0.17512,0.007412204891743082,0.0009712745593630865,3
5481,20221018_110159.mat,175319,0.175319,0.0013171618082943068,0.0009712745593630865,3
5482,20221018_110159.mat,195219,0.195219,0.003412424754699771,0.0009712745593630865,3
5483,20221018_110159.mat,195418,0.195418,0.0014102607962507513,0.0009712745593630865,3
5484,20221018_110159.mat,255715,0.255715,0.0011670114270180816,0.0009712745593630865,3
5485,20221018_110159.mat,257506,0.257506,0.005719424559978798,0.0009712745593630865,3
5486,20221018_110159.mat,257705,0.257705,0.0021570919927685933,0.0009712745593630865,3
5487,20221018_110159.mat,257904,0.257904,0.001036323851824046,0.0009712745593630865,3
5488,20221018_110159.mat,267058,0.267058,0.0010809025902639028,0.0009712745593630865,3
5489,20221018_110159.mat,274819,0.274819,0.0027344830288656098,0.0009712745593630865,3
5490,20221018_110159.mat,275018,0.275018,0.0014046789621874269,0.0009712745593630865,3
5491,20221018_110159.mat,285167,0.285167,0.0013526281898240504,0.0009712745593630865,3
5492,20221018_110159.mat,285366,0.285366,0.0017201572257997582,0.0009712745593630865,3
5493,20221018_110159.mat,287356,0.287356,0.0018083722430773117,0.0009712745593630865,3
5494,20221018_110159.mat,287555,0.287555,0.011142147256768237,0.0009712745593630865,3
5495,20221018_110159.mat,287754,0.287754,0.01930079048099915,0.0009712745593630865,3
5496,20221018_110159.mat,287953,0.287953,0.00179610415153031,0.0009712745593630865,3
5497,20221018_110159.mat,292331,0.292331,0.002161802525677504,0.0009712745593630865,3
5498,20221018_110159.mat,292530,0.29253,0.0011366801721260798,0.0009712745593630865,3
5499,20221018_110159.mat,328151,0.328151,0.0026013624689612096,0.0009712745593630865,3
5500,20221018_110159.mat,343673,0.343673,0.04351242017654928,0.0009712745593630865,3
5501,20221018_110159.mat,343872,0.343872,0.01886236633229651,0.0009712745593630865,3
5502,20221018_110159.mat,344071,0.344071,0.0034004115934196553,0.0009712745593630865,3
5503,20221018_110159.mat,345464,0.345464,0.0013215026833300473,0.0009712745593630865,3
5504,20221018_110159.mat,373125,0.373125,0.0011550476648059052,0.0009712745593630865,3
5505,20221018_110159.mat,394816,0.394816,0.003309231350673548,0.0009712745593630865,3
5506,20221018_110159.mat,408348,0.408348,0.0020071462199346907,0.0009712745593630865,3
5507,20221018_110159.mat,409542,0.409542,0.0016693565763244008,0.0009712745593630865,3
5508,20221018_110159.mat,410139,0.410139,0.0010194921374646433,0.0009712745593630865,3
5509,20221018_110159.mat,437004,0.437004,0.02393176089083683,0.0009712745593630865,3
5510,20221018_110159.mat,437203,0.437203,0.0032752570422611925,0.0009712745593630865,3
5511,20221018_110159.mat,437402,0.437402,0.001188755580199662,0.0009712745593630865,3
5512,20221018_110159.mat,447750,0.44775,0.008333786808508804,0.0009712745593630865,3
5513,20221018_110159.mat,447949,0.447949,0.004754970315351788,0.0009712745593630865,3
5514,20221018_110159.mat,448148,0.448148,0.0011069711321643634,0.0009712745593630865,3
5515,20221018_110159.mat,454118,0.454118,0.006995134604316694,0.0009712745593630865,3
5516,20221018_110159.mat,454317,0.454317,0.0033409725285560347,0.0009712745593630865,3
5517,20221018_110159.mat,454516,0.454516,0.0010047564165382883,0.0009712745593630865,3
5518,20221018_110159.mat,495112,0.495112,0.03660191513912112,0.0009712745593630865,3
5519,20221018_110159.mat,495311,0.495311,0.026429599429179006,0.0009712745593630865,3
5520,20221018_110159.mat,495510,0.49551,0.003321543982582335,0.0009712745593630865,3
5521,20221018_110159.mat,495709,0.495709,0.0009889126725944146,0.0009712745593630865,3
5522,20221018_110159.mat,523569,0.523569,0.0009980958241033928,0.0009712745593630865,3
5523,20221018_110159.mat,526156,0.526156,0.0010811388587901882,0.0009712745593630865,3
5524,20221018_110159.mat,526355,0.526355,0.0013416372060744933,0.0009712745593630865,3
5525,20221018_110159.mat,528942,0.528942,0.0015324495448535227,0.0009712745593630865,3
5526,20221018_110159.mat,529937,0.529937,0.0009838909273677276,0.0009712745593630865,3
5527,20221018_110159.mat,535708,0.535708,0.0013478556098122064,0.0009712745593630865,3
5528,20221018_110159.mat,535907,0.535907,0.0013895354073849597,0.0009712745593630865,3
5529,20221018_110159.mat,543469,0.543469,0.0036528543758827,0.0009712745593630865,3
5530,20221018_110159.mat,543668,0.543668,0.0016049983418228735,0.0009712745593630865,3
5531,20221018_110159.mat,598791,0.598791,0.001425111762784981,0.0009712745593630865,3
5532,20221018_110159.mat,602970,0.60297,0.0034112860273935266,0.0009712745593630865,3
5533,20221018_110159.mat,603169,0.603169,0.0049092308413743665,0.0009712745593630865,3
5534,20221018_110159.mat,611328,0.611328,0.017838379833687665,0.0009712745593630865,3
5535,20221018_110159.mat,611527,0.611527,0.004761287845746571,0.0009712745593630865,3
5536,20221018_110159.mat,611726,0.611726,0.001651960960632308,0.0009712745593630865,3
5537,20221018_110159.mat,612920,0.61292,0.0011162192960160445,0.0009712745593630865,3
5538,20221018_110159.mat,613119,0.613119,0.001120207639758359,0.0009712745593630865,3
5539,20221018_110159.mat,613716,0.613716,0.032785258011603036,0.0009712745593630865,3
5540,20221018_110159.mat,613915,0.613915,0.01081594680738995,0.0009712745593630865,3
5541,20221018_110159.mat,614114,0.614114,0.003695544688953972,0.0009712745593630865,3
5542,20221018_110159.mat,614313,0.614313,0.001321301964507686,0.0009712745593630865,3
5543,20221018_110159.mat,615507,0.615507,0.0038904669720480015,0.0009712745593630865,3
5544,20221018_110159.mat,620482,0.620482,0.012167119815853163,0.0009712745593630865,3
5545,20221018_110159.mat,620681,0.620681,0.0034816593894372956,0.0009712745593630865,3
5546,20221018_110159.mat,620880,0.62088,0.0010421206857926938,0.0009712745593630865,3
5547,20221018_110159.mat,621278,0.621278,0.0017649530716708484,0.0009712745593630865,3
5548,20221018_110159.mat,621477,0.621477,0.0014900554058445235,0.0009712745593630865,3
5549,20221018_110159.mat,648740,0.64874,0.0035223226941533616,0.0009712745593630865,3
5550,20221018_110159.mat,648939,0.648939,0.0027085802613401144,0.0009712745593630865,3
5551,20221018_110159.mat,658292,0.658292,0.0042647711119628146,0.0009712745593630865,3
5552,20221018_110159.mat,658491,0.658491,0.0027412302401247307,0.0009712745593630865,3
5553,20221018_110159.mat,667844,0.667844,0.009703189009318438,0.0009712745593630865,3
5554,20221018_110159.mat,668043,0.668043,0.005154447498652925,0.0009712745593630865,3
5555,20221018_110159.mat,668242,0.668242,0.0009914945320371456,0.0009712745593630865,3
5556,20221018_110159.mat,679585,0.679585,0.017050009902387333,0.0009712745593630865,3
5557,20221018_110159.mat,679784,0.679784,0.04410062893412804,0.0009712745593630865,3
5558,20221018_110159.mat,679983,0.679983,0.003933153269286928,0.0009712745593630865,3
5559,20221018_110159.mat,680182,0.680182,0.00202226016145628,0.0009712745593630865,3
5560,20221018_110159.mat,681973,0.681973,0.0011190626547666926,0.0009712745593630865,3
5561,20221018_110159.mat,705256,0.705256,0.001184031802218613,0.0009712745593630865,3
5562,20221018_110159.mat,717793,0.717793,0.0016053028174759306,0.0009712745593630865,3
5563,20221018_110159.mat,718589,0.718589,0.030253487189249976,0.0009712745593630865,3
5564,20221018_110159.mat,718788,0.718788,0.006421981207812888,0.0009712745593630865,3
5565,20221018_110159.mat,718987,0.718987,0.0022773286803505636,0.0009712745593630865,3
5566,20221018_110159.mat,729534,0.729534,0.001343395151530807,0.0009712745593630865,3
5567,20221018_110159.mat,745653,0.745653,0.010789434086791814,0.0009712745593630865,3
5568,20221018_110159.mat,745852,0.745852,0.0012786410098949213,0.0009712745593630865,3
5569,20221018_110159.mat,775304,0.775304,0.0011630463429293278,0.0009712745593630865,3
5570,20221018_110159.mat,793811,0.793811,0.0011638421278064857,0.0009712745593630865,3
5571,20221018_110159.mat,801373,0.801373,0.0014742780822952694,0.0009712745593630865,3
5572,20221018_110159.mat,801572,0.801572,0.0009926307511163243,0.0009712745593630865,3
5573,20221018_110159.mat,850526,0.850526,0.0011297756907972002,0.0009712745593630865,3
5574,20221018_110159.mat,855501,0.855501,0.0010212948035713094,0.0009712745593630865,3
5575,20221018_110159.mat,872416,0.872416,0.004289251458482833,0.0009712745593630865,3
5576,20221018_110159.mat,872615,0.872615,0.004974226998353969,0.0009712745593630865,3
5577,20221018_110159.mat,900077,0.900077,0.001826055810463318,0.0009712745593630865,3
5578,20221018_110159.mat,926743,0.926743,0.0029143198565333562,0.0009712745593630865,3
5579,20221018_110159.mat,955996,0.955996,0.0025621076243875396,0.0009712745593630865,3
5580,20221018_110159.mat,970722,0.970722,0.001234417165625893,0.0009712745593630865,3
5581,20221018_110159.mat,1010920,1.01092,0.008182302836788407,0.0009712745593630865,3
5582,20221018_110159.mat,1011119,1.011119,0.003008115525705639,0.0009712745593630865,3
5583,20221018_110159.mat,1011318,1.011318,0.001273945940269469,0.0009712745593630865,3
5584,20221018_110159.mat,1034601,1.034601,0.0010277023077051074,0.0009712745593630865,3
5585,20221018_110159.mat,1038979,1.038979,0.004429549970928941,0.0009712745593630865,3
5586,20221018_110159.mat,1039178,1.039178,0.0019176561286005469,0.0009712745593630865,3
5587,20221018_110159.mat,1076391,1.076391,0.003090916613829365,0.0009712745593630865,3
5588,20221018_110159.mat,1076988,1.076988,0.015319176491981303,0.0009712745593630865,3
5589,20221018_110159.mat,1077187,1.077187,0.0038216172788755995,0.0009712745593630865,3
5590,20221018_110159.mat,1080371,1.080371,0.016210973177244674,0.0009712745593630865,3
5591,20221018_110159.mat,1080570,1.08057,0.006533197595916882,0.0009712745593630865,3
5592,20221018_110159.mat,1080769,1.080769,0.001364180631949811,0.0009712745593630865,3
5593,20221018_110159.mat,1088331,1.088331,0.014692098410089782,0.0009712745593630865,3
5594,20221018_110159.mat,1088530,1.08853,0.003578166970558091,0.0009712745593630865,3
5595,20221018_110159.mat,1088729,1.088729,0.0014742730870564347,0.0009712745593630865,3
5596,20221018_110159.mat,1131912,1.131912,0.001379493942609798,0.0009712745593630865,3
5597,20221018_110159.mat,1133504,1.133504,0.0013913599479785166,0.0009712745593630865,3
5598,20221018_110159.mat,1152409,1.152409,0.0010776236141509482,0.0009712745593630865,3
5599,20221018_110159.mat,1153205,1.153205,0.0016838578442659772,0.0009712745593630865,3
5600,20221018_110159.mat,1159971,1.159971,0.005553442978325532,0.0009712745593630865,3
5601,20221018_110159.mat,1160170,1.16017,0.0015323389747758105,0.0009712745593630865,3
5602,20221018_110159.mat,1160369,1.160369,0.0011948077171970006,0.0009712745593630865,3
5603,20221018_110159.mat,1163951,1.163951,0.024443409702325395,0.0009712745593630865,3
5604,20221018_110159.mat,1164150,1.16415,0.004072227276641356,0.0009712745593630865,3
5605,20221018_110159.mat,1164349,1.164349,0.0020957998457289016,0.0009712745593630865,3
5606,20221018_110159.mat,1164548,1.164548,0.0009889896784953172,0.0009712745593630865,3
5607,20221018_110159.mat,1201363,1.201363,0.0009973253719220254,0.0009712745593630865,3
5608,20221018_110159.mat,1217283,1.217283,0.0010926915222984155,0.0009712745593630865,3
5609,20221018_110159.mat,1217482,1.217482,0.0011543755899372898,0.0009712745593630865,3
5610,20221018_110159.mat,1227432,1.227432,0.0016771076465819793,0.0009712745593630865,3
5611,20221018_110159.mat,1231810,1.23181,0.0010112638601723302,0.0009712745593630865,3
5612,20221018_110159.mat,1232407,1.232407,0.0009730330727415373,0.0009712745593630865,3
5613,20221018_110159.mat,1232805,1.232805,0.017391324468271865,0.0009712745593630865,3
5614,20221018_110159.mat,1233004,1.233004,0.0017852737732384871,0.0009712745593630865,3
5615,20221018_110159.mat,1235193,1.235193,0.0010077802464719396,0.0009712745593630865,3
5616,20221018_110159.mat,1242556,1.242556,0.001523930649130666,0.0009712745593630865,3
5617,20221018_110159.mat,1250118,1.250118,0.00723908040087604,0.0009712745593630865,3
5618,20221018_110159.mat,1250317,1.250317,0.002176914446545163,0.0009712745593630865,3
5619,20221018_110159.mat,1250516,1.250516,0.001912520244191999,0.0009712745593630865,3
5620,20221018_110159.mat,1277779,1.277779,0.001146080727974193,0.0009712745593630865,3
5621,20221018_110159.mat,1281162,1.281162,0.0021933222355662633,0.0009712745593630865,3
5622,20221018_110159.mat,1299669,1.299669,0.004739140162941558,0.0009712745593630865,3
5623,20221018_110159.mat,1325937,1.325937,0.012466631984241123,0.0009712745593630865,3
5624,20221018_110159.mat,1326136,1.326136,0.003112936660157218,0.0009712745593630865,3
5625,20221018_110159.mat,1328922,1.328922,0.013400417187905899,0.0009712745593630865,3
5626,20221018_110159.mat,1329121,1.329121,0.0071255079211381194,0.0009712745593630865,3
5627,20221018_110159.mat,1329320,1.32932,0.0014184737869513291,0.0009712745593630865,3
5628,20221018_110159.mat,1331907,1.331907,0.005255580165205633,0.0009712745593630865,3
5629,20221018_110159.mat,1332106,1.332106,0.003649100953591161,0.0009712745593630865,3
5630,20221018_110159.mat,1339469,1.339469,0.007532325007658856,0.0009712745593630865,3
5631,20221018_110159.mat,1339668,1.339668,0.0010637488997581566,0.0009712745593630865,3
5632,20221018_110159.mat,1353598,1.353598,0.001614799492932988,0.0009712745593630865,3
5633,20221018_110159.mat,1360961,1.360961,0.0028246758768704023,0.0009712745593630865,3
5634,20221018_110159.mat,1361160,1.36116,0.0015893762174539758,0.0009712745593630865,3
5635,20221018_110159.mat,1361757,1.361757,0.0014158969505814033,0.0009712745593630865,3
5636,20221018_110159.mat,1361956,1.361956,0.0011314894896861112,0.0009712745593630865,3
5637,20221018_110159.mat,1373896,1.373896,0.025275536948069974,0.0009712745593630865,3
5638,20221018_110159.mat,1374095,1.374095,0.003287867215228171,0.0009712745593630865,3
5639,20221018_110159.mat,1374294,1.374294,0.0012874992038091767,0.0009712745593630865,3
5640,20221018_110159.mat,1390015,1.390015,0.0013614451477159573,0.0009712745593630865,3
5641,20221018_110159.mat,1390214,1.390214,0.005093889080785342,0.0009712745593630865,3
5642,20221018_110159.mat,1390413,1.390413,0.0010430817497038907,0.0009712745593630865,3
5643,20221018_110159.mat,1449914,1.449914,0.0011493011428428698,0.0009712745593630865,3
5644,20221018_110159.mat,1460859,1.460859,0.0030602301817398768,0.0009712745593630865,3
5645,20221018_110159.mat,1500858,1.500858,0.005915823448171257,0.0009712745593630865,3
5646,20221018_110159.mat,1501057,1.501057,0.0011401339576462724,0.0009712745593630865,3
5647,20221018_110159.mat,1532698,1.532698,0.0018323337478294661,0.0009712745593630865,3
5648,20221018_110159.mat,1558170,1.55817,0.0015651346627594054,0.0009712745593630865,3
5649,20221018_110159.mat,1602547,1.602547,0.0029533819204861605,0.0009712745593630865,3
5650,20221018_110159.mat,1602746,1.602746,0.010628383783385346,0.0009712745593630865,3
5651,20221018_110159.mat,1602945,1.602945,0.001599469642667844,0.0009712745593630865,3
5652,20221018_110159.mat,1617472,1.617472,0.0030397765890235644,0.0009712745593630865,3
5653,20221018_110159.mat,1617671,1.617671,0.0023544551269580444,0.0009712745593630865,3
5654,20221018_110159.mat,1622248,1.622248,0.012790263101255079,0.0009712745593630865,3
5655,20221018_110159.mat,1622447,1.622447,0.0029771398840852414,0.0009712745593630865,3
5656,20221018_110159.mat,1622646,1.622646,0.001093765312664603,0.0009712745593630865,3
5657,20221018_110159.mat,1624835,1.624835,0.0019888724680831127,0.0009712745593630865,3
5658,20221018_110159.mat,1628616,1.628616,0.0015463909466085092,0.0009712745593630865,3
5659,20221018_110159.mat,1628815,1.628815,0.0012462141360639308,0.0009712745593630865,3
5660,20221018_110159.mat,1638168,1.638168,0.024013134588875013,0.0009712745593630865,3
5661,20221018_110159.mat,1638367,1.638367,0.004604628529305961,0.0009712745593630865,3
5662,20221018_110159.mat,1638566,1.638566,0.0015648726062379213,0.0009712745593630865,3
5663,20221018_110159.mat,1666625,1.666625,0.010869560455953643,0.0009712745593630865,3
5664,20221018_110159.mat,1666824,1.666824,0.011108139285313498,0.0009712745593630865,3
5665,20221018_110159.mat,1667023,1.667023,0.0017087866449218105,0.0009712745593630865,3
5666,20221018_110159.mat,1668018,1.668018,0.003244659453539552,0.0009712745593630865,3
5667,20221018_110159.mat,1668217,1.668217,0.0025593916385044414,0.0009712745593630865,3
5668,20221018_110159.mat,1698664,1.698664,0.002559950034254354,0.0009712745593630865,3
5669,20221018_110159.mat,1698863,1.698863,0.0011397978802655147,0.0009712745593630865,3
5670,20221018_110159.mat,1704435,1.704435,0.0009785347902206301,0.0009712745593630865,3
5671,20221018_110159.mat,1704634,1.704634,0.0010488646386389638,0.0009712745593630865,3
5672,20221018_110159.mat,1705430,1.70543,0.0013355921234890526,0.0009712745593630865,3
5673,20221018_110159.mat,1723539,1.723539,0.001006378047034828,0.0009712745593630865,3
5674,20221018_110159.mat,1728713,1.728713,0.0009739765575142987,0.0009712745593630865,3
5675,20221018_110159.mat,1752195,1.752195,0.0012307151514336094,0.0009712745593630865,3
5676,20221018_110159.mat,1775478,1.775478,0.0011367125658190932,0.0009712745593630865,3
5677,20221018_110159.mat,1781846,1.781846,0.0013106984993904464,0.0009712745593630865,3
5678,20221018_110159.mat,1786224,1.786224,0.006481912917263493,0.0009712745593630865,3
5679,20221018_110159.mat,1786423,1.786423,0.004111756237393001,0.0009712745593630865,3
5680,20221018_110159.mat,1801945,1.801945,0.001378279265971705,0.0009712745593630865,3
5681,20221018_110159.mat,1810104,1.810104,0.015335211023204415,0.0009712745593630865,3
5682,20221018_110159.mat,1810303,1.810303,0.013399901468889096,0.0009712745593630865,3
5683,20221018_110159.mat,1810502,1.810502,0.0029014133784192467,0.0009712745593630865,3
5684,20221018_110159.mat,1810701,1.810701,0.00124393001937219,0.0009712745593630865,3
5685,20221018_110159.mat,1827417,1.827417,0.011067197021851006,0.0009712745593630865,3
5686,20221018_110159.mat,1827616,1.827616,0.007388984363160295,0.0009712745593630865,3
5687,20221018_110159.mat,1831795,1.831795,0.0016947233582601542,0.0009712745593630865,3
5688,20221018_110159.mat,1849705,1.849705,0.0035127052863974115,0.0009712745593630865,3
5689,20221018_110159.mat,1862839,1.862839,0.00418092429085925,0.0009712745593630865,3
5690,20221018_110159.mat,1863038,1.863038,0.0041248068995640265,0.0009712745593630865,3
5691,20221018_110159.mat,1870799,1.870799,0.007865085629901892,0.0009712745593630865,3
5692,20221018_110159.mat,1870998,1.870998,0.0037605135619155406,0.0009712745593630865,3
5693,20221018_110159.mat,1871595,1.871595,0.00969653735897379,0.0009712745593630865,3
5694,20221018_110159.mat,1871794,1.871794,0.010383671233569433,0.0009712745593630865,3
5695,20221018_110159.mat,1871993,1.871993,0.001282526387798031,0.0009712745593630865,3
5696,20221018_110159.mat,1872590,1.87259,0.008084394886343448,0.0009712745593630865,3
5697,20221018_110159.mat,1872789,1.872789,0.0017402389716647266,0.0009712745593630865,3
5698,20221018_110159.mat,1872988,1.872988,0.005831059258604495,0.0009712745593630865,3
5699,20221018_110159.mat,1876172,1.876172,0.00843523184112979,0.0009712745593630865,3
5700,20221018_110159.mat,1876371,1.876371,0.002521917662198304,0.0009712745593630865,3
5701,20221018_110159.mat,1877366,1.877366,0.009891203370355555,0.0009712745593630865,3
5702,20221018_110159.mat,1877565,1.877565,0.013793875089416282,0.0009712745593630865,3
5703,20221018_110159.mat,1877764,1.877764,0.00171971172422308,0.0009712745593630865,3
5704,20221018_110159.mat,1882142,1.882142,0.01275370814433463,0.0009712745593630865,3
5705,20221018_110159.mat,1882341,1.882341,0.001804803863292506,0.0009712745593630865,3
5706,20221018_110159.mat,1891296,1.891296,0.01261400262546202,0.0009712745593630865,3
5707,20221018_110159.mat,1891495,1.891495,0.0013821617386330204,0.0009712745593630865,3
5708,20221018_110159.mat,1893087,1.893087,0.012532751217623678,0.0009712745593630865,3
5709,20221018_110159.mat,1893286,1.893286,0.002060950301715954,0.0009712745593630865,3
5710,20221018_110159.mat,1896072,1.896072,0.014655219620606567,0.0009712745593630865,3
5711,20221018_110159.mat,1896271,1.896271,0.0019300830211847115,0.0009712745593630865,3
5712,20221018_110159.mat,1897266,1.897266,0.010545315131825914,0.0009712745593630865,3
5713,20221018_110159.mat,1897465,1.897465,0.00291996795135027,0.0009712745593630865,3
5714,20221018_110159.mat,1897664,1.897664,0.001030105881661883,0.0009712745593630865,3
5715,20221018_110159.mat,1899853,1.899853,0.001690228040245559,0.0009712745593630865,3
5716,20221018_110159.mat,1905027,1.905027,0.008547489632032066,0.0009712745593630865,3
5717,20221018_110159.mat,1905226,1.905226,0.005492136412247886,0.0009712745593630865,3
5718,20221018_110159.mat,1913982,1.913982,0.001074624883587335,0.0009712745593630865,3
5719,20221018_110159.mat,1959354,1.959354,0.003290774525660084,0.0009712745593630865,3
5720,20221018_110159.mat,1959553,1.959553,0.001475009177425628,0.0009712745593630865,3
5721,20221018_110159.mat,1963135,1.963135,0.0009789387708404756,0.0009712745593630865,3
5722,20221018_110159.mat,1986617,1.986617,0.00669158284685237,0.0009712745593630865,3
5723,20221018_110159.mat,1986816,1.986816,0.005458656725744252,0.0009712745593630865,3
5724,20221018_110159.mat,1987015,1.987015,0.0011761528878256513,0.0009712745593630865,3
5725,20221018_110159.mat,1990398,1.990398,0.0012615674702721087,0.0009712745593630865,3
5726,20221018_110159.mat,1992786,1.992786,0.0025931522115279224,0.0009712745593630865,3
5727,20221018_110159.mat,1992985,1.992985,0.0016013156971105775,0.0009712745593630865,3
5728,20221018_110159.mat,2006517,2.006517,0.0038504336404944057,0.0009712745593630865,3
5729,20221018_110159.mat,2006716,2.006716,0.0066405827528624095,0.0009712745593630865,3
5730,20221018_110159.mat,2006915,2.006915,0.0009909147289627975,0.0009712745593630865,3
5731,20221018_110159.mat,2012089,2.012089,0.01125667270088355,0.0009712745593630865,3
5732,20221018_110159.mat,2012288,2.012288,0.020427867142571013,0.0009712745593630865,3
5733,20221018_110159.mat,2012487,2.012487,0.002143978745819347,0.0009712745593630865,3
5734,20221018_110159.mat,2012686,2.012686,0.001131218167243693,0.0009712745593630865,3
5735,20221018_110159.mat,2018656,2.018656,0.0013372459995953582,0.0009712745593630865,3
5736,20221018_110159.mat,2018855,2.018855,0.0010773774608460564,0.0009712745593630865,3
5737,20221018_110159.mat,2019850,2.01985,0.013144702676632432,0.0009712745593630865,3
5738,20221018_110159.mat,2020049,2.020049,0.0025443275497291605,0.0009712745593630865,3
5739,20221018_110159.mat,2023233,2.023233,0.0012318560414579145,0.0009712745593630865,3
5740,20221018_110159.mat,2025223,2.025223,0.0010324991053078738,0.0009712745593630865,3
5741,20221018_110159.mat,2027611,2.027611,0.000997734046088492,0.0009712745593630865,3
5742,20221018_110159.mat,2027810,2.02781,0.005859165500682323,0.0009712745593630865,3
5743,20221018_110159.mat,2028009,2.028009,0.0010082821285374646,0.0009712745593630865,3
5744,20221018_110159.mat,2029402,2.029402,0.003690790812034974,0.0009712745593630865,3
5745,20221018_110159.mat,2029601,2.029601,0.003868552062209317,0.0009712745593630865,3
5746,20221018_110159.mat,2031790,2.03179,0.001243138110067082,0.0009712745593630865,3
5747,20221018_110159.mat,2031989,2.031989,0.006750340544091627,0.0009712745593630865,3
5748,20221018_110159.mat,2032188,2.032188,0.001245465070386331,0.0009712745593630865,3
5749,20221018_110159.mat,2033183,2.033183,0.007036536755250566,0.0009712745593630865,3
5750,20221018_110159.mat,2033382,2.033382,0.002862977057873042,0.0009712745593630865,3
5751,20221018_110159.mat,2033581,2.033581,0.0011506017588353817,0.0009712745593630865,3
5752,20221018_110159.mat,2034377,2.034377,0.0022825507323024513,0.0009712745593630865,3
5753,20221018_110159.mat,2034576,2.034576,0.0033876048811904455,0.0009712745593630865,3
5754,20221018_110159.mat,2045322,2.045322,0.006120108724653339,0.0009712745593630865,3
5755,20221018_110159.mat,2045521,2.045521,0.0010987632039607266,0.0009712745593630865,3
5756,20221018_110159.mat,2053083,2.053083,0.004649031861222761,0.0009712745593630865,3
5757,20221018_110159.mat,2053282,2.053282,0.0016661464105320455,0.0009712745593630865,3
5758,20221018_110159.mat,2053481,2.053481,0.001066515736881609,0.0009712745593630865,3
5759,20221018_110159.mat,2057063,2.057063,0.001375605724957552,0.0009712745593630865,3
5760,20221018_110159.mat,2068207,2.068207,0.0011524529191329219,0.0009712745593630865,3
5761,20221018_110159.mat,2095072,2.095072,0.0016913014485175622,0.0009712745593630865,3
5762,20221018_110159.mat,2095271,2.095271,0.00228087490942728,0.0009712745593630865,3
5763,20221018_110159.mat,2102236,2.102236,0.010295944180612795,0.0009712745593630865,3
5764,20221018_110159.mat,2102435,2.102435,0.0015628813819807653,0.0009712745593630865,3
5765,20221018_110159.mat,2102833,2.102833,0.0014232856463418093,0.0009712745593630865,3
5766,20221018_110159.mat,2107609,2.107609,0.005884569831420424,0.0009712745593630865,3
5767,20221018_110159.mat,2107808,2.107808,0.001986121905365183,0.0009712745593630865,3
5768,20221018_110159.mat,2109201,2.109201,0.010486393272855622,0.0009712745593630865,3
5769,20221018_110159.mat,2109400,2.1094,0.0033307696087258015,0.0009712745593630865,3
5770,20221018_110159.mat,2110196,2.110196,0.004666638373076946,0.0009712745593630865,3
5771,20221018_110159.mat,2110395,2.110395,0.003371176045406222,0.0009712745593630865,3
5772,20221018_110159.mat,2113380,2.11338,0.002791377019070278,0.0009712745593630865,3
5773,20221018_110159.mat,2114375,2.114375,0.006772977495813215,0.0009712745593630865,3
5774,20221018_110159.mat,2114574,2.114574,0.011525991140032955,0.0009712745593630865,3
5775,20221018_110159.mat,2114773,2.114773,0.0016986502626489988,0.0009712745593630865,3
5776,20221018_110159.mat,2114972,2.114972,0.0013328348005011413,0.0009712745593630865,3
5777,20221018_110159.mat,2116564,2.116564,0.005773995749749058,0.0009712745593630865,3
5778,20221018_110159.mat,2116763,2.116763,0.001045724761840252,0.0009712745593630865,3
5779,20221018_110159.mat,2117559,2.117559,0.0063558739041158505,0.0009712745593630865,3
5780,20221018_110159.mat,2117758,2.117758,0.0014208592939604393,0.0009712745593630865,3
5781,20221018_110159.mat,2137658,2.137658,0.0014357853658735719,0.0009712745593630865,3
5782,20221018_110159.mat,2138852,2.138852,0.0017419076317766395,0.0009712745593630865,3
5783,20221018_110159.mat,2150792,2.150792,0.0011470788623500043,0.0009712745593630865,3
5784,20221018_110159.mat,2167707,2.167707,0.0010766386632613375,0.0009712745593630865,3
5785,20221018_110159.mat,2168105,2.168105,0.0017137162981724933,0.0009712745593630865,3
5786,20221018_110159.mat,2168304,2.168304,0.001311960777772935,0.0009712745593630865,3
5787,20221018_110159.mat,2168702,2.168702,0.06785925696190785,0.0009712745593630865,3
5788,20221018_110159.mat,2168901,2.168901,0.12294118710007411,0.0009712745593630865,3
5789,20221018_110159.mat,2169100,2.1691,0.017513514472865227,0.0009712745593630865,3
5790,20221018_110159.mat,2169299,2.169299,0.012417961622468521,0.0009712745593630865,3
5791,20221018_110159.mat,2169498,2.169498,0.0032399352921881576,0.0009712745593630865,3
5792,20221018_110159.mat,2169896,2.169896,0.0034653525968153577,0.0009712745593630865,3
5793,20221018_110159.mat,2170095,2.170095,0.0022664421855546793,0.0009712745593630865,3
5794,20221018_110159.mat,2170294,2.170294,0.0012179619152554847,0.0009712745593630865,3
5795,20221018_110159.mat,2170891,2.170891,0.0355558591228801,0.0009712745593630865,3
5796,20221018_110159.mat,2171090,2.17109,0.009909774393155456,0.0009712745593630865,3
5797,20221018_110159.mat,2171289,2.171289,0.001064145958890555,0.0009712745593630865,3
5798,20221018_110159.mat,2173279,2.173279,0.0011930161059153037,0.0009712745593630865,3
5799,20221018_110159.mat,2174672,2.174672,0.00573120941933696,0.0009712745593630865,3
5800,20221018_110159.mat,2174871,2.174871,0.0012457115095078708,0.0009712745593630865,3
5801,20221018_110159.mat,2175866,2.175866,0.0009938695276142894,0.0009712745593630865,3
5802,20221018_110159.mat,2184025,2.184025,0.0010095722154392919,0.0009712745593630865,3
5803,20221018_110159.mat,2189000,2.189,0.0019039425433321673,0.0009712745593630865,3
5804,20221018_110159.mat,2189199,2.189199,0.0010233151228869221,0.0009712745593630865,3
5805,20221018_110159.mat,2192184,2.192184,0.0013354707691067313,0.0009712745593630865,3
5806,20221018_110159.mat,2195567,2.195567,0.004066779698544724,0.0009712745593630865,3
5807,20221018_110159.mat,2202731,2.202731,0.002323033808243679,0.0009712745593630865,3
5808,20221018_110159.mat,2204124,2.204124,0.025010553998852804,0.0009712745593630865,3
5809,20221018_110159.mat,2204323,2.204323,0.005668840991907941,0.0009712745593630865,3
5810,20221018_110159.mat,2204522,2.204522,0.0020163568077082483,0.0009712745593630865,3
5811,20221018_110159.mat,2204721,2.204721,0.0011293734990672625,0.0009712745593630865,3
5812,20221018_110159.mat,2218054,2.218054,0.00655469397928915,0.0009712745593630865,3
5813,20221018_110159.mat,2218253,2.218253,0.0052417438859249975,0.0009712745593630865,3
5814,20221018_110159.mat,2218452,2.218452,0.0019054781562722182,0.0009712745593630865,3
5815,20221018_110159.mat,2228402,2.228402,0.0017724967192458369,0.0009712745593630865,3
5816,20221018_110159.mat,2230989,2.230989,0.0010850932073967394,0.0009712745593630865,3
5817,20221018_110159.mat,2231586,2.231586,0.0014957389667632325,0.0009712745593630865,3
5818,20221018_110159.mat,2239944,2.239944,0.002165348552846892,0.0009712745593630865,3
5819,20221018_110159.mat,2240143,2.240143,0.002005839040576485,0.0009712745593630865,3
5820,20221018_110159.mat,2245317,2.245317,0.0009941684580585402,0.0009712745593630865,3
5821,20221018_110159.mat,2245516,2.245516,0.002817711005283438,0.0009712745593630865,3
5822,20221018_110159.mat,2251486,2.251486,0.005817104034824732,0.0009712745593630865,3
5823,20221018_110159.mat,2251685,2.251685,0.006992044771919367,0.0009712745593630865,3
5824,20221018_110159.mat,2251884,2.251884,0.002134982874064046,0.0009712745593630865,3
5825,20221018_110159.mat,2252083,2.252083,0.0013144144234678628,0.0009712745593630865,3
5826,20221018_110159.mat,2253874,2.253874,0.0034395210514526994,0.0009712745593630865,3
5827,20221018_110159.mat,2254073,2.254073,0.0016977840361582556,0.0009712745593630865,3
5828,20221018_110159.mat,2263227,2.263227,0.001829833749600376,0.0009712745593630865,3
5829,20221018_110159.mat,2263625,2.263625,0.0018199492002519582,0.0009712745593630865,3
5830,20221018_110159.mat,2263824,2.263824,0.00102243877711205,0.0009712745593630865,3
5831,20221018_110159.mat,2268401,2.268401,0.002282538902239726,0.0009712745593630865,3
5832,20221018_110159.mat,2268600,2.2686,0.0016358881433165466,0.0009712745593630865,3
5833,20221018_110159.mat,2280938,2.280938,0.0013152511822179971,0.0009712745593630865,3
5834,20221018_110159.mat,2290888,2.290888,0.0011760067313002192,0.0009712745593630865,3
5835,20221018_110159.mat,2298649,2.298649,0.0011882162530516447,0.0009712745593630865,3
5836,20221018_110159.mat,2298848,2.298848,0.002071590135844951,0.0009712745593630865,3
5837,20221018_110159.mat,2299843,2.299843,0.005810616607894626,0.0009712745593630865,3
5838,20221018_110159.mat,2300042,2.300042,0.001110481950308047,0.0009712745593630865,3
5839,20221018_110159.mat,2305614,2.305614,0.0010676365483878272,0.0009712745593630865,3
5840,20221018_110159.mat,2307206,2.307206,0.0009941635196755243,0.0009712745593630865,3
5841,20221018_110159.mat,2307803,2.307803,0.0018649633138847102,0.0009712745593630865,3
5842,20221018_110159.mat,2308002,2.308002,0.0022682445248706465,0.0009712745593630865,3
5843,20221018_110159.mat,2311982,2.311982,0.009771305431466126,0.0009712745593630865,3
5844,20221018_110159.mat,2312181,2.312181,0.0035839002078215236,0.0009712745593630865,3
5845,20221018_110159.mat,2312380,2.31238,0.0014771005814787474,0.0009712745593630865,3
5846,20221018_110159.mat,2313574,2.313574,0.0034657756538001424,0.0009712745593630865,3
5847,20221018_110159.mat,2313773,2.313773,0.002616351605852553,0.0009712745593630865,3
5848,20221018_110159.mat,2322529,2.322529,0.001418852893804939,0.0009712745593630865,3
5849,20221018_110159.mat,2322728,2.322728,0.0026078363539035368,0.0009712745593630865,3
5850,20221018_110159.mat,2335066,2.335066,0.0017683505186885649,0.0009712745593630865,3
5851,20221018_110159.mat,2370687,2.370687,0.0045579892656728675,0.0009712745593630865,3
5852,20221018_110159.mat,2370886,2.370886,0.003132528530285411,0.0009712745593630865,3
5853,20221018_110159.mat,2382229,2.382229,0.0010472501422728992,0.0009712745593630865,3
5854,20221018_110159.mat,2385015,2.385015,0.006656354058685818,0.0009712745593630865,3
5855,20221018_110159.mat,2385214,2.385214,0.008642079842799546,0.0009712745593630865,3
5856,20221018_110159.mat,2385413,2.385413,0.0012516609308139807,0.0009712745593630865,3
5857,20221018_110159.mat,2385612,2.385612,0.0013740730995392332,0.0009712745593630865,3
5858,20221018_110159.mat,2390388,2.390388,0.0035927597571582892,0.0009712745593630865,3
5859,20221018_110159.mat,2390587,2.390587,0.004802890171057695,0.0009712745593630865,3
5860,20221018_110159.mat,2397353,2.397353,0.0009892925648264655,0.0009712745593630865,3
5861,20221018_110159.mat,2410089,2.410089,0.004443861502790931,0.0009712745593630865,3
5862,20221018_110159.mat,2417054,2.417054,0.0030861886679822196,0.0009712745593630865,3
5863,20221018_110159.mat,2417253,2.417253,0.001623620595152686,0.0009712745593630865,3
5864,20221018_110159.mat,2418049,2.418049,0.0010016327272926253,0.0009712745593630865,3
5865,20221018_110159.mat,2426407,2.426407,0.005523848505538753,0.0009712745593630865,3
5866,20221018_110159.mat,2426606,2.426606,0.0013035571409008096,0.0009712745593630865,3
5867,20221018_110159.mat,2431780,2.43178,0.0012400009583117364,0.0009712745593630865,3
5868,20221018_110159.mat,2440138,2.440138,0.0011087489642117782,0.0009712745593630865,3
5869,20221018_110159.mat,2463023,2.463023,0.0013465139107689472,0.0009712745593630865,3
5870,20221018_110159.mat,2463222,2.463222,0.0015950938794013576,0.0009712745593630865,3
5871,20221018_110159.mat,2488097,2.488097,0.0010108655127121539,0.0009712745593630865,3
5872,20221018_110159.mat,2513171,2.513171,0.001414140563250894,0.0009712745593630865,3
5873,20221018_110159.mat,2513370,2.51337,0.0014530968804921454,0.0009712745593630865,3
5874,20221018_110159.mat,2515957,2.515957,0.00779065939308349,0.0009712745593630865,3
5875,20221018_110159.mat,2516156,2.516156,0.002607968199403971,0.0009712745593630865,3
5876,20221018_110159.mat,2516355,2.516355,0.0010103649139008174,0.0009712745593630865,3
5877,20221018_110159.mat,2559737,2.559737,0.007727364116480567,0.0009712745593630865,3
5878,20221018_110159.mat,2559936,2.559936,0.0012156307728499844,0.0009712745593630865,3
5879,20221018_110159.mat,2568294,2.568294,0.0009968845187849637,0.0009712745593630865,3
5880,20221018_110159.mat,2596552,2.596552,0.0010872773137676505,0.0009712745593630865,3
5881,20221018_110159.mat,2628392,2.628392,0.002749979915161537,0.0009712745593630865,3
5882,20221018_110159.mat,2628591,2.628591,0.0034040965407872957,0.0009712745593630865,3
5883,20221018_110159.mat,2658839,2.658839,0.008311320894426448,0.0009712745593630865,3
5884,20221018_110159.mat,2659038,2.659038,0.00264088285965972,0.0009712745593630865,3
5885,20221018_110159.mat,2659237,2.659237,0.001057290417558001,0.0009712745593630865,3
5886,20221018_110159.mat,2675754,2.675754,0.0012438925239823355,0.0009712745593630865,3
5887,20221018_110159.mat,2682918,2.682918,0.00109435118889142,0.0009712745593630865,3
5888,20221018_110159.mat,2693664,2.693664,0.0012502749510800344,0.0009712745593630865,3
5889,20221018_110159.mat,2705007,2.705007,0.0028427128192915975,0.0009712745593630865,3
5890,20221018_110159.mat,2729683,2.729683,0.0012447490803011649,0.0009712745593630865,3
5891,20221018_110159.mat,2735653,2.735653,0.006724935443742799,0.0009712745593630865,3
5892,20221018_110159.mat,2735852,2.735852,0.00529140764654613,0.0009712745593630865,3
5893,20221018_110159.mat,2795751,2.795751,0.0013266107951054116,0.0009712745593630865,3
5894,20221018_110159.mat,2805104,2.805104,0.001072002746671447,0.0009712745593630865,3
5895,20221018_110159.mat,2818636,2.818636,0.0010894435221224148,0.0009712745593630865,3
5896,20221018_110159.mat,2833163,2.833163,0.0010253673728195369,0.0009712745593630865,3
5897,20221018_110159.mat,2836546,2.836546,0.0010343717158947088,0.0009712745593630865,3
5898,20221018_110159.mat,2857640,2.85764,0.0012719704013166987,0.0009712745593630865,3
5899,20221018_110159.mat,2866396,2.866396,0.08564882724386083,0.0009712745593630865,3
5900,20221018_110159.mat,2866595,2.866595,0.006677492967492388,0.0009712745593630865,3
5901,20221018_110159.mat,2866794,2.866794,0.0028252174843510203,0.0009712745593630865,3
5902,20221018_110159.mat,2871371,2.871371,0.0021965770217816246,0.0009712745593630865,3
5903,20221018_110159.mat,2871570,2.87157,0.0022657410104013273,0.0009712745593630865,3
5904,20221018_110159.mat,2877540,2.87754,0.0013112605036666094,0.0009712745593630865,3
5905,20221018_110159.mat,2898037,2.898037,0.0013873421244234817,0.0009712745593630865,3
5906,20221018_110159.mat,2903410,2.90341,0.0035986144258686394,0.0009712745593630865,3
5907,20221018_110159.mat,2903609,2.903609,0.0014937345045107394,0.0009712745593630865,3
5908,20221018_110159.mat,2907191,2.907191,0.0022104338376202743,0.0009712745593630865,3
5909,20221018_110159.mat,2920922,2.920922,0.0012717019820054818,0.0009712745593630865,3
5910,20221018_110159.mat,2921121,2.921121,0.0010811547525646583,0.0009712745593630865,3
5911,20221018_110159.mat,2923111,2.923111,0.015458774348634212,0.0009712745593630865,3
5912,20221018_110159.mat,2923310,2.92331,0.004019204244969593,0.0009712745593630865,3
5913,20221018_110159.mat,2923509,2.923509,0.001483381886409997,0.0009712745593630865,3
5914,20221018_110159.mat,2928086,2.928086,0.0016917892559467,0.0009712745593630865,3
5915,20221018_110159.mat,2928285,2.928285,0.0011240398391215453,0.0009712745593630865,3
5916,20221018_110159.mat,2931469,2.931469,0.014064974687468312,0.0009712745593630865,3
5917,20221018_110159.mat,2931668,2.931668,0.00264249953024305,0.0009712745593630865,3
5918,20221018_110159.mat,2931867,2.931867,0.0010600161647925663,0.0009712745593630865,3
5919,20221018_110159.mat,2967289,2.967289,0.0019385197325152463,0.0009712745593630865,3
5920,20221018_110159.mat,2967488,2.967488,0.0009764746720591171,0.0009712745593630865,3
5921,20221018_110159.mat,2970672,2.970672,0.0012541463811445155,0.0009712745593630865,3
5922,20221018_110159.mat,2980025,2.980025,0.0013392866345652646,0.0009712745593630865,3
5923,20221018_110159.mat,2980224,2.980224,0.0012893442935265258,0.0009712745593630865,3
5924,20221018_110159.mat,3026193,3.026193,0.0010648011586342038,0.0009712745593630865,3
5925,20221018_110159.mat,3033755,3.033755,0.0365472661140428,0.0009712745593630865,3
5926,20221018_110159.mat,3033954,3.033954,0.03264206902627188,0.0009712745593630865,3
5927,20221018_110159.mat,3034153,3.034153,0.0027164317273939247,0.0009712745593630865,3
5928,20221018_110159.mat,3034352,3.034352,0.0015000263816168525,0.0009712745593630865,3
5929,20221018_110159.mat,3041914,3.041914,0.01014398220014199,0.0009712745593630865,3
5930,20221018_110159.mat,3042113,3.042113,0.002566824999799501,0.0009712745593630865,3
5931,20221018_110159.mat,3074152,3.074152,0.004044566259066359,0.0009712745593630865,3
5932,20221018_110159.mat,3074351,3.074351,0.001368831738010181,0.0009712745593630865,3
5933,20221018_110159.mat,3133056,3.133056,0.0011753758806215722,0.0009712745593630865,3
5934,20221018_110159.mat,3156538,3.156538,0.0011071818837211575,0.0009712745593630865,3
5935,20221018_110159.mat,3157931,3.157931,0.003039989869281272,0.0009712745593630865,3
5936,20221018_110159.mat,3164299,3.164299,0.0026800871679833168,0.0009712745593630865,3
5937,20221018_110159.mat,3165294,3.165294,0.006374236105800353,0.0009712745593630865,3
5938,20221018_110159.mat,3165493,3.165493,0.006023926762053638,0.0009712745593630865,3
5939,20221018_110159.mat,3165692,3.165692,0.0013154640209435823,0.0009712745593630865,3
5940,20221018_110159.mat,3179025,3.179025,0.00740699959950525,0.0009712745593630865,3
5941,20221018_110159.mat,3179224,3.179224,0.0032315744417244557,0.0009712745593630865,3
5942,20221018_110159.mat,3179423,3.179423,0.001151184297905415,0.0009712745593630865,3
5943,20221018_110159.mat,3187184,3.187184,0.006269859337828737,0.0009712745593630865,3
5944,20221018_110159.mat,3187383,3.187383,0.006902554122780484,0.0009712745593630865,3
5945,20221018_110159.mat,3187582,3.187582,0.0011849710400004677,0.0009712745593630865,3
5946,20221018_110159.mat,3196736,3.196736,0.001455710771761924,0.0009712745593630865,3
5947,20221018_110159.mat,3196935,3.196935,0.001717542578244469,0.0009712745593630865,3
5948,20221018_110159.mat,3206885,3.206885,0.029062640208731953,0.0009712745593630865,3
5949,20221018_110159.mat,3207084,3.207084,0.01004208650614068,0.0009712745593630865,3
5950,20221018_110159.mat,3207283,3.207283,0.0015825737611690394,0.0009712745593630865,3
5951,20221018_110159.mat,3212059,3.212059,0.0011021085258945944,0.0009712745593630865,3
5952,20221018_110159.mat,3221412,3.221412,0.0016631663222751482,0.0009712745593630865,3
5953,20221018_110159.mat,3228377,3.228377,0.002510939462779526,0.0009712745593630865,3
5954,20221018_110159.mat,3243899,3.243899,0.0014290337044666219,0.0009712745593630865,3
5955,20221018_110159.mat,3244098,3.244098,0.006288689052642329,0.0009712745593630865,3
5956,20221018_110159.mat,3244297,3.244297,0.001463304613197205,0.0009712745593630865,3
5957,20221018_110159.mat,3258227,3.258227,0.0010979224860137565,0.0009712745593630865,3
5958,20221018_110159.mat,3267381,3.267381,0.0100435160791438,0.0009712745593630865,3
5959,20221018_110159.mat,3267580,3.26758,0.001646767456368864,0.0009712745593630865,3
5960,20221018_110159.mat,3275739,3.275739,0.002583228959245894,0.0009712745593630865,3
5961,20221018_110159.mat,3280913,3.280913,0.0010047539733698191,0.0009712745593630865,3
5962,20221018_110159.mat,3300415,3.300415,0.0016226704115847566,0.0009712745593630865,3
5963,20221018_110159.mat,3306783,3.306783,0.0015973032561492485,0.0009712745593630865,3
5964,20221018_110159.mat,3327081,3.327081,0.0009947018871359315,0.0009712745593630865,3
5965,20221018_110159.mat,3338822,3.338822,0.010631085058325109,0.0009712745593630865,3
5966,20221018_110159.mat,3339021,3.339021,0.005975363527891913,0.0009712745593630865,3
5967,20221018_110159.mat,3339618,3.339618,0.0014506763539662583,0.0009712745593630865,3
5968,20221018_110159.mat,3351956,3.351956,0.001061854119565178,0.0009712745593630865,3
5969,20221018_110159.mat,3352155,3.352155,0.002312728868520631,0.0009712745593630865,3
5970,20221018_110159.mat,3353548,3.353548,0.00605533064854675,0.0009712745593630865,3
5971,20221018_110159.mat,3353747,3.353747,0.002859147863455184,0.0009712745593630865,3
5972,20221018_110159.mat,3359916,3.359916,0.0010741037213801334,0.0009712745593630865,3
5973,20221018_110159.mat,3360115,3.360115,0.0009850559110757512,0.0009712745593630865,3
5974,20221018_110159.mat,3363498,3.363498,0.0010457271092872535,0.0009712745593630865,3
5975,20221018_110159.mat,3364891,3.364891,0.001147892132486023,0.0009712745593630865,3
5976,20221018_110159.mat,3366881,3.366881,0.002958097146199733,0.0009712745593630865,3
5977,20221018_110159.mat,3367080,3.36708,0.0019742219890951165,0.0009712745593630865,3
5978,20221018_110159.mat,3385786,3.385786,0.001081597623539103,0.0009712745593630865,3
5979,20221018_110159.mat,3402900,3.4029,0.0009967933467906539,0.0009712745593630865,3
5980,20221018_110159.mat,3425586,3.425586,0.0010410785683540725,0.0009712745593630865,3
5981,20221018_110159.mat,3428770,3.42877,0.002284470461214936,0.0009712745593630865,3
5982,20221018_110159.mat,3429367,3.429367,0.0014497365061234958,0.0009712745593630865,3
5983,20221018_110159.mat,3441307,3.441307,0.0011782661699069553,0.0009712745593630865,3
5984,20221018_110159.mat,3446282,3.446282,0.00877551973902492,0.0009712745593630865,3
5985,20221018_110159.mat,3446481,3.446481,0.0013320330454470843,0.0009712745593630865,3
5986,20221018_110159.mat,3451655,3.451655,0.0019013403695344148,0.0009712745593630865,3
5987,20221018_110159.mat,3462202,3.462202,0.01577607140374566,0.0009712745593630865,3
5988,20221018_110159.mat,3462401,3.462401,0.0043405579686289514,0.0009712745593630865,3
5989,20221018_110159.mat,3462600,3.4626,0.001035954097602314,0.0009712745593630865,3
5990,20221018_110159.mat,3465386,3.465386,0.001060477122885513,0.0009712745593630865,3
5991,20221018_110159.mat,3468371,3.468371,0.013231830928452213,0.0009712745593630865,3
5992,20221018_110159.mat,3468570,3.46857,0.003856765735515202,0.0009712745593630865,3
5993,20221018_110159.mat,3468769,3.468769,0.0010743346303234756,0.0009712745593630865,3
5994,20221018_110159.mat,3492450,3.49245,0.002968387998741705,0.0009712745593630865,3
5995,20221018_110159.mat,3494639,3.494639,0.0011065051394397326,0.0009712745593630865,3
5996,20221018_110159.mat,3509962,3.509962,0.004196693109647433,0.0009712745593630865,3
5997,20221018_110159.mat,3510161,3.510161,0.0038695022759200727,0.0009712745593630865,3
5998,20221018_110159.mat,3511753,3.511753,0.0035782102070257274,0.0009712745593630865,3
5999,20221018_110159.mat,3518121,3.518121,0.007492783234041587,0.0009712745593630865,3
6000,20221018_110159.mat,3518320,3.51832,0.0017976308011096007,0.0009712745593630865,3
6001,20221018_110159.mat,3522698,3.522698,0.01191493254488288,0.0009712745593630865,3
6002,20221018_110159.mat,3522897,3.522897,0.005906859342809275,0.0009712745593630865,3
6003,20221018_110159.mat,3523096,3.523096,0.0013707465186829054,0.0009712745593630865,3
6004,20221018_110159.mat,3525683,3.525683,0.0020086897596132943,0.0009712745593630865,3
6005,20221018_110159.mat,3525882,3.525882,0.0016305093923634762,0.0009712745593630865,3
6006,20221018_110159.mat,3532449,3.532449,0.0010487241498288982,0.0009712745593630865,3
6007,20221018_110159.mat,3539613,3.539613,0.0012533197511072668,0.0009712745593630865,3
6008,20221018_110159.mat,3545981,3.545981,0.00360072187664061,0.0009712745593630865,3
6009,20221018_110159.mat,3546180,3.54618,0.001375998426633915,0.0009712745593630865,3
6010,20221018_110159.mat,3550160,3.55016,0.0022754882022885396,0.0009712745593630865,3
6011,20221018_110159.mat,3553145,3.553145,0.003388566032894325,0.0009712745593630865,3
6012,20221018_110159.mat,3553344,3.553344,0.01688357419910467,0.0009712745593630865,3
6013,20221018_110159.mat,3553543,3.553543,0.002120641173859688,0.0009712745593630865,3
6014,20221018_110159.mat,3553742,3.553742,0.0011438371187061352,0.0009712745593630865,3
6015,20221018_110159.mat,3569264,3.569264,0.01093473918274222,0.0009712745593630865,3
6016,20221018_110159.mat,3569463,3.569463,0.0033039997176673454,0.0009712745593630865,3
6017,20221018_110159.mat,3569662,3.569662,0.001457752362920343,0.0009712745593630865,3
6018,20221018_110159.mat,3576826,3.576826,0.014699141786492063,0.0009712745593630865,3
6019,20221018_110159.mat,3577025,3.577025,0.006661247834266939,0.0009712745593630865,3
6020,20221018_110159.mat,3577224,3.577224,0.0025818205986704148,0.0009712745593630865,3
6021,20221018_110159.mat,3577423,3.577423,0.0011771672304331034,0.0009712745593630865,3
6022,20221018_110159.mat,3580209,3.580209,0.0010609749006759777,0.0009712745593630865,3
6023,20221018_110159.mat,3582000,3.582,0.001920714452745819,0.0009712745593630865,3
6024,20221018_110159.mat,3602497,3.602497,0.0012937766076476858,0.0009712745593630865,3
6025,20221018_110159.mat,3606676,3.606676,0.0011452511674972029,0.0009712745593630865,3
6026,20221018_110159.mat,3617024,3.617024,0.003143528890053957,0.0009712745593630865,3
6027,20221018_110159.mat,3621402,3.621402,0.001114770623871666,0.0009712745593630865,3
6028,20221018_110159.mat,3621601,3.621601,0.0010083064744671336,0.0009712745593630865,3
6029,20221018_110159.mat,3652446,3.652446,0.001654131482913401,0.0009712745593630865,3
6030,20221018_110159.mat,3657421,3.657421,0.005639230226310709,0.0009712745593630865,3
6031,20221018_110159.mat,3657620,3.65762,0.0018368315849438077,0.0009712745593630865,3
6032,20221018_110159.mat,3662396,3.662396,0.0016054741463887043,0.0009712745593630865,3
6033,20221018_110159.mat,3672744,3.672744,0.0015694030621967944,0.0009712745593630865,3
6034,20221018_110159.mat,3672943,3.672943,0.0017451191647814839,0.0009712745593630865,3
6035,20221018_110159.mat,3673540,3.67354,0.002331366303780246,0.0009712745593630865,3
6036,20221018_110159.mat,3689659,3.689659,0.004146079361962053,0.0009712745593630865,3
6037,20221018_110159.mat,3701599,3.701599,0.0019319258529012999,0.0009712745593630865,3
6038,20221018_110159.mat,3701798,3.701798,0.003921834763313127,0.0009712745593630865,3
6039,20221018_110159.mat,3731648,3.731648,0.0016345244561512139,0.0009712745593630865,3
6040,20221018_110159.mat,3751349,3.751349,0.0015972279141214705,0.0009712745593630865,3
6041,20221018_110159.mat,3755528,3.755528,0.003365467175021827,0.0009712745593630865,3
6042,20221018_110159.mat,3755727,3.755727,0.001187536077028393,0.0009712745593630865,3
6043,20221018_110159.mat,3762095,3.762095,0.001151996800642065,0.0009712745593630865,3
6044,20221018_110159.mat,3768861,3.768861,0.006359060443658107,0.0009712745593630865,3
6045,20221018_110159.mat,3769060,3.76906,0.0027267105710476443,0.0009712745593630865,3
6046,20221018_110159.mat,3808661,3.808661,0.006913396801596189,0.0009712745593630865,3
6047,20221018_110159.mat,3808860,3.80886,0.005565487082929479,0.0009712745593630865,3
6048,20221018_110159.mat,3809059,3.809059,0.0012477935931559366,0.0009712745593630865,3
6049,20221018_110159.mat,3810253,3.810253,0.0014692855653098177,0.0009712745593630865,3
6050,20221018_110159.mat,3811845,3.811845,0.0016994972702889714,0.0009712745593630865,3
6051,20221018_110159.mat,3816820,3.81682,0.0010255014864474922,0.0009712745593630865,3
6052,20221018_110159.mat,3827964,3.827964,0.004758903755008801,0.0009712745593630865,3
6053,20221018_110159.mat,3828163,3.828163,0.0023378525234132035,0.0009712745593630865,3
6054,20221018_110159.mat,3828561,3.828561,0.0024278385628615064,0.0009712745593630865,3
6055,20221018_110159.mat,3832740,3.83274,0.0012150932732090723,0.0009712745593630865,3
6056,20221018_110159.mat,3844680,3.84468,0.005718438172518043,0.0009712745593630865,3
6057,20221018_110159.mat,3844879,3.844879,0.0018104407327283142,0.0009712745593630865,3
6058,20221018_110159.mat,3846272,3.846272,0.003937910795983679,0.0009712745593630865,3
6059,20221018_110159.mat,3864779,3.864779,0.005517500995018928,0.0009712745593630865,3
6060,20221018_110159.mat,3864978,3.864978,0.0019744384183992157,0.0009712745593630865,3
6061,20221018_110159.mat,3880301,3.880301,0.002069773160798378,0.0009712745593630865,3
6062,20221018_110159.mat,3880500,3.8805,0.0027579735302297615,0.0009712745593630865,3
6063,20221018_110159.mat,3925076,3.925076,0.035221967835645844,0.0009712745593630865,3
6064,20221018_110159.mat,3925275,3.925275,0.015236025803746741,0.0009712745593630865,3
6065,20221018_110159.mat,3925474,3.925474,0.0023128414257749096,0.0009712745593630865,3
6066,20221018_110159.mat,3925673,3.925673,0.001440985995311354,0.0009712745593630865,3
6067,20221018_110159.mat,3950946,3.950946,0.0022139685258693517,0.0009712745593630865,3
6068,20221018_110159.mat,3952737,3.952737,0.0011066272016796326,0.0009712745593630865,3
6069,20221018_110159.mat,3959702,3.959702,0.0027736154310081746,0.0009712745593630865,3
6070,20221018_110159.mat,3959901,3.959901,0.003444819198715523,0.0009712745593630865,3
6071,20221018_110159.mat,3971045,3.971045,0.005276831821708201,0.0009712745593630865,3
6072,20221018_110159.mat,3971244,3.971244,0.003233347693083905,0.0009712745593630865,3
6073,20221018_110159.mat,3993333,3.993333,0.002260043327826599,0.0009712745593630865,3
6074,20221018_110159.mat,3993532,3.993532,0.0018563735693805231,0.0009712745593630865,3
6075,20221018_110159.mat,4018009,4.018009,0.0023394885816950452,0.0009712745593630865,3
6076,20221018_110159.mat,4018208,4.018208,0.0018992752043516471,0.0009712745593630865,3
6077,20221018_110159.mat,4042486,4.042486,0.007452707748585456,0.0009712745593630865,3
6078,20221018_110159.mat,4042685,4.042685,0.05637842451454291,0.0009712745593630865,3
6079,20221018_110159.mat,4042884,4.042884,0.004747161940689542,0.0009712745593630865,3
6080,20221018_110159.mat,4043083,4.043083,0.001546629152653789,0.0009712745593630865,3
6081,20221018_110159.mat,4046068,4.046068,0.0014809810223248639,0.0009712745593630865,3
6082,20221018_110159.mat,4070147,4.070147,0.0035072141984500028,0.0009712745593630865,3
6083,20221018_110159.mat,4076714,4.076714,0.007118596281806105,0.0009712745593630865,3
6084,20221018_110159.mat,4076913,4.076913,0.002970888810155483,0.0009712745593630865,3
6085,20221018_110159.mat,4084674,4.084674,0.0011483605696008107,0.0009712745593630865,3
6086,20221018_110159.mat,4086067,4.086067,0.05908296652128615,0.0009712745593630865,2
6087,20221018_110159.mat,4086266,4.086266,0.11144648028201637,0.0009712745593630865,3
6088,20221018_110159.mat,4086465,4.086465,0.007915319723537359,0.0009712745593630865,3
6089,20221018_110159.mat,4086664,4.086664,0.0020713897829641144,0.0009712745593630865,3
6090,20221018_110159.mat,4089251,4.089251,0.0022678244016354284,0.0009712745593630865,3
6091,20221018_110159.mat,4092634,4.092634,0.004173116409310599,0.0009712745593630865,3
6092,20221018_110159.mat,4092833,4.092833,0.003606528210780925,0.0009712745593630865,3
6093,20221018_110159.mat,4109947,4.109947,0.006018710242693292,0.0009712745593630865,3
6094,20221018_110159.mat,4110146,4.110146,0.0011374361335498397,0.0009712745593630865,3
6095,20221018_110159.mat,4138802,4.138802,0.010750542895336456,0.0009712745593630865,3
6096,20221018_110159.mat,4139001,4.139001,0.003246151697370045,0.0009712745593630865,3
6097,20221018_110159.mat,4139200,4.1392,0.0010486913790149748,0.0009712745593630865,3
6098,20221018_110159.mat,4142583,4.142583,0.005775012624152437,0.0009712745593630865,3
6099,20221018_110159.mat,4172433,4.172433,0.0015943500681958286,0.0009712745593630865,3
6100,20221018_110159.mat,4196114,4.196114,0.00834501827152406,0.0009712745593630865,3
6101,20221018_110159.mat,4196313,4.196313,0.0030969690377272326,0.0009712745593630865,3
6102,20221018_110159.mat,4200492,4.200492,0.008089089605548442,0.0009712745593630865,3
6103,20221018_110159.mat,4200691,4.200691,0.00512564502133427,0.0009712745593630865,3
6104,20221018_110159.mat,4205268,4.205268,0.0031929383953878013,0.0009712745593630865,3
6105,20221018_110159.mat,4205467,4.205467,0.0010702028655385802,0.0009712745593630865,3
6106,20221018_110159.mat,4232531,4.232531,0.0024307843806808775,0.0009712745593630865,3
6107,20221018_110159.mat,4232730,4.23273,0.0010478385993110155,0.0009712745593630865,3
6108,20221018_110159.mat,4237307,4.237307,0.03272204380263244,0.0009712745593630865,3
6109,20221018_110159.mat,4237506,4.237506,0.023735587291418097,0.0009712745593630865,3
6110,20221018_110159.mat,4237705,4.237705,0.0038749616412774948,0.0009712745593630865,3
6111,20221018_110159.mat,4237904,4.237904,0.0017913573803314032,0.0009712745593630865,3
6112,20221018_110159.mat,4249048,4.249048,0.005590826809526162,0.0009712745593630865,3
6113,20221018_110159.mat,4275117,4.275117,0.0010962861397230293,0.0009712745593630865,3
6114,20221018_110159.mat,4300987,4.300987,0.0010891120881369204,0.0009712745593630865,3
6115,20221018_110159.mat,4301186,4.301186,0.001600428999196787,0.0009712745593630865,3
6116,20221018_110159.mat,4302977,4.302977,0.0010596268783076364,0.0009712745593630865,3
6117,20221018_110159.mat,4317106,4.317106,0.0016188717170970365,0.0009712745593630865,3
6118,20221018_110159.mat,4335812,4.335812,0.014644009915307987,0.0009712745593630865,3
6119,20221018_110159.mat,4336011,4.336011,0.006861397587752844,0.0009712745593630865,3
6120,20221018_110159.mat,4336210,4.33621,0.0010216938900896198,0.0009712745593630865,3
6121,20221018_110159.mat,4349145,4.349145,0.001048726490562139,0.0009712745593630865,3
6122,20221018_110159.mat,4371831,4.371831,0.0184211100164233,0.0009712745593630865,3
6123,20221018_110159.mat,4372030,4.37203,0.003270438150535246,0.0009712745593630865,3
6124,20221018_110159.mat,4387154,4.387154,0.0013196467080352893,0.0009712745593630865,3
6125,20221018_110159.mat,4403472,4.403472,0.0010001040425248304,0.0009712745593630865,3
6126,20221018_110159.mat,4415412,4.415412,0.007230442715470314,0.0009712745593630865,3
6127,20221018_110159.mat,4415611,4.415611,0.0022582627057968502,0.0009712745593630865,3
6128,20221018_110159.mat,4415810,4.41581,0.0012612656968699304,0.0009712745593630865,3
6129,20221018_110159.mat,4426755,4.426755,0.0012321729866841124,0.0009712745593630865,3
6130,20221018_110159.mat,4428148,4.428148,0.0025915881564110396,0.0009712745593630865,3
6131,20221018_110159.mat,4429740,4.42974,0.0032057750991483316,0.0009712745593630865,3
6132,20221018_110159.mat,4429939,4.429939,0.0015512176386421942,0.0009712745593630865,3
6133,20221018_110159.mat,4431929,4.431929,0.01091966520407989,0.0009712745593630865,3
6134,20221018_110159.mat,4432128,4.432128,0.0027691838377284293,0.0009712745593630865,3
6135,20221018_110159.mat,4438297,4.438297,0.013939393460303743,0.0009712745593630865,3
6136,20221018_110159.mat,4438496,4.438496,0.002083482043003668,0.0009712745593630865,3
6137,20221018_110159.mat,4443869,4.443869,0.001424289524540234,0.0009712745593630865,3
6138,20221018_110159.mat,4444068,4.444068,0.0016336798249879285,0.0009712745593630865,3
6139,20221018_110159.mat,4449441,4.449441,0.0010227149556870914,0.0009712745593630865,3
6140,20221018_110159.mat,4454018,4.454018,0.0016395844992590143,0.0009712745593630865,3
6141,20221018_110159.mat,4454217,4.454217,0.03192489645765589,0.0009712745593630865,3
6142,20221018_110159.mat,4454416,4.454416,0.01352352106251861,0.0009712745593630865,3
6143,20221018_110159.mat,4454615,4.454615,0.0027186521229792676,0.0009712745593630865,3
6144,20221018_110159.mat,4454814,4.454814,0.0009940622203750064,0.0009712745593630865,3
6145,20221018_110159.mat,4456008,4.456008,0.0016156114161905712,0.0009712745593630865,3
6146,20221018_110159.mat,4465958,4.465958,0.002110979397306686,0.0009712745593630865,3
6147,20221018_110159.mat,4466157,4.466157,0.0010235886667994659,0.0009712745593630865,3
6148,20221018_110159.mat,4480286,4.480286,0.0011416450567126252,0.0009712745593630865,3
6149,20221018_110159.mat,4483072,4.483072,0.001247076971524507,0.0009712745593630865,3
6150,20221018_110159.mat,4489241,4.489241,0.0019075301714847658,0.0009712745593630865,3
6151,20221018_110159.mat,4506355,4.506355,0.001499476191464018,0.0009712745593630865,3
6152,20221018_110159.mat,4536404,4.536404,0.0075491602623686494,0.0009712745593630865,3
6153,20221018_110159.mat,4536603,4.536603,0.004882784325634384,0.0009712745593630865,3
6154,20221018_110159.mat,4541777,4.541777,0.001118248174633975,0.0009712745593630865,3
6155,20221018_110159.mat,4564264,4.564264,0.0014286951001191432,0.0009712745593630865,3
6156,20221018_110159.mat,4580184,4.580184,0.002345863351143512,0.0009712745593630865,3
6157,20221018_110159.mat,4580383,4.580383,0.0010750841446658733,0.0009712745593630865,3
6158,20221018_110159.mat,4582572,4.582572,0.0010332860936732437,0.0009712745593630865,3
6159,20221018_110159.mat,4592124,4.592124,0.0023093379071149984,0.0009712745593630865,3
6160,20221018_110159.mat,4592323,4.592323,0.0012567910416775147,0.0009712745593630865,3
6161,20221018_110159.mat,4596900,4.5969,0.0048678532311392545,0.0009712745593630865,3
6162,20221018_110159.mat,4597099,4.597099,0.0017797145000584054,0.0009712745593630865,3
6163,20221018_110159.mat,4600681,4.600681,0.0014909731313477882,0.0009712745593630865,3
6164,20221018_110159.mat,4600880,4.60088,0.0014973602624561212,0.0009712745593630865,3
6165,20221018_110159.mat,4601477,4.601477,0.001872178783051541,0.0009712745593630865,3
6166,20221018_110159.mat,4601676,4.601676,0.001422636720318728,0.0009712745593630865,3
6167,20221018_110159.mat,4606452,4.606452,0.001207311293039221,0.0009712745593630865,3
6168,20221018_110159.mat,4630929,4.630929,0.0036171523374968887,0.0009712745593630865,3
6169,20221018_110159.mat,4631128,4.631128,0.004146050928631238,0.0009712745593630865,3
6170,20221018_110159.mat,4725852,4.725852,0.002708737109498259,0.0009712745593630865,3
6171,20221018_110159.mat,4773214,4.773214,0.004874248156126846,0.0009712745593630865,3
6172,20221018_110159.mat,4773413,4.773413,0.0010224867942379378,0.0009712745593630865,3
6173,20221018_110159.mat,4791323,4.791323,0.007157132678559741,0.0009712745593630865,3
6174,20221018_110159.mat,4791522,4.791522,0.002270327781222168,0.0009712745593630865,3
6175,20221018_110159.mat,4807044,4.807044,0.0011196659880282397,0.0009712745593630865,3
6176,20221018_110159.mat,4837292,4.837292,0.000984380052002898,0.0009712745593630865,3
6177,20221018_110159.mat,4840675,4.840675,0.0015484921920460941,0.0009712745593630865,3
6178,20221018_110159.mat,4840874,4.840874,0.004401081937957579,0.0009712745593630865,3
6179,20221018_110159.mat,4858386,4.858386,0.006396155009167963,0.0009712745593630865,3
6180,20221018_110159.mat,4866346,4.866346,0.0018684365399194828,0.0009712745593630865,3
6181,20221018_110159.mat,4893410,4.89341,0.012161495163568951,0.0009712745593630865,3
6182,20221018_110159.mat,4893609,4.893609,0.0015517779947288263,0.0009712745593630865,3
6183,20221018_110159.mat,4903161,4.903161,0.0010645428166599854,0.0009712745593630865,3
6184,20221018_110159.mat,4907738,4.907738,0.01372779886682658,0.0009712745593630865,3
6185,20221018_110159.mat,4907937,4.907937,0.0023363572153396756,0.0009712745593630865,3
6186,20221018_110159.mat,4912514,4.912514,0.0011925940268996593,0.0009712745593630865,3
6187,20221018_110159.mat,4935797,4.935797,0.0016366085765613006,0.0009712745593630865,3
6188,20221018_110159.mat,4935996,4.935996,0.0009747881294683914,0.0009712745593630865,3
6189,20221018_110159.mat,4982363,4.982363,0.0012790538862323087,0.0009712745593630865,3
6190,20221018_110159.mat,4982562,4.982562,0.001786162195907255,0.0009712745593630865,3
6191,20221018_110159.mat,4990124,4.990124,0.0009920318734321456,0.0009712745593630865,3
6192,20221018_110159.mat,4990323,4.990323,0.001325834900575931,0.0009712745593630865,3
6193,20221018_110159.mat,4994303,4.994303,0.0010425730743175922,0.0009712745593630865,3
6194,20221018_110159.mat,4994502,4.994502,0.0011216076559301103,0.0009712745593630865,3
6195,20221018_110204.mat,13134,0.013134,0.001353462756601443,0.0009599603095321796,3
6196,20221018_110204.mat,13333,0.013333,0.0011355039162873185,0.0009599603095321796,3
6197,20221018_110204.mat,22686,0.022686,0.0023273657587602036,0.0009599603095321796,3
6198,20221018_110204.mat,37412,0.037412,0.001039449738668447,0.0009599603095321796,3
6199,20221018_110204.mat,37810,0.03781,0.0009782058742823774,0.0009599603095321796,3
6200,20221018_110204.mat,38009,0.038009,0.0011262829559989338,0.0009599603095321796,3
6201,20221018_110204.mat,76615,0.076615,0.0018256958822962435,0.0009599603095321796,3
6202,20221018_110204.mat,82386,0.082386,0.0010466352204899594,0.0009599603095321796,3
6203,20221018_110204.mat,82585,0.082585,0.0034766811232293023,0.0009599603095321796,3
6204,20221018_110204.mat,89152,0.089152,0.007209710077729228,0.0009599603095321796,3
6205,20221018_110204.mat,89351,0.089351,0.0013767744058268102,0.0009599603095321796,3
6206,20221018_110204.mat,111838,0.111838,0.001393397983440532,0.0009599603095321796,3
6207,20221018_110204.mat,112037,0.112037,0.0010734372911951602,0.0009599603095321796,3
6208,20221018_110204.mat,123181,0.123181,0.003671436814938066,0.0009599603095321796,3
6209,20221018_110204.mat,123380,0.12338,0.004488610622963637,0.0009599603095321796,3
6210,20221018_110204.mat,123579,0.123579,0.0009874538655749233,0.0009599603095321796,3
6211,20221018_110204.mat,131340,0.13134,0.007025275307259852,0.0009599603095321796,3
6212,20221018_110204.mat,131539,0.131539,0.0045293420618913015,0.0009599603095321796,3
6213,20221018_110204.mat,139300,0.1393,0.0009909732345078632,0.0009599603095321796,3
6214,20221018_110204.mat,151240,0.15124,0.0012351393615653314,0.0009599603095321796,3
6215,20221018_110204.mat,152036,0.152036,0.017599022126593904,0.0009599603095321796,3
6216,20221018_110204.mat,152235,0.152235,0.0027215094229754385,0.0009599603095321796,3
6217,20221018_110204.mat,152434,0.152434,0.0009771252915050683,0.0009599603095321796,3
6218,20221018_110204.mat,166961,0.166961,0.0011972324253716523,0.0009599603095321796,3
6219,20221018_110204.mat,167160,0.16716,0.254091772688027,0.0009599603095321796,3
6220,20221018_110204.mat,167359,0.167359,0.018904503375700554,0.0009599603095321796,3
6221,20221018_110204.mat,167558,0.167558,0.00550035549860289,0.0009599603095321796,3
6222,20221018_110204.mat,167757,0.167757,0.0015994142330134496,0.0009599603095321796,3
6223,20221018_110204.mat,214323,0.214323,0.0018365424509320955,0.0009599603095321796,3
6224,20221018_110204.mat,224671,0.224671,0.0009915202264142544,0.0009599603095321796,3
6225,20221018_110204.mat,240989,0.240989,0.0054066520789949925,0.0009599603095321796,3
6226,20221018_110204.mat,241188,0.241188,0.0012170045258951712,0.0009599603095321796,3
6227,20221018_110204.mat,250740,0.25074,0.01432863946228633,0.0009599603095321796,3
6228,20221018_110204.mat,250939,0.250939,0.029940193106561187,0.0009599603095321796,3
6229,20221018_110204.mat,251138,0.251138,0.0058830469588302976,0.0009599603095321796,3
6230,20221018_110204.mat,251337,0.251337,0.0018345846490592124,0.0009599603095321796,3
6231,20221018_110204.mat,256710,0.25671,0.003124085245788104,0.0009599603095321796,3
6232,20221018_110204.mat,256909,0.256909,0.0010955460103623464,0.0009599603095321796,3
6233,20221018_110204.mat,258899,0.258899,0.0020175847709566577,0.0009599603095321796,3
6234,20221018_110204.mat,272232,0.272232,0.0029785617267561013,0.0009599603095321796,3
6235,20221018_110204.mat,274421,0.274421,0.02680952041387552,0.0009599603095321796,3
6236,20221018_110204.mat,274620,0.27462,0.030310192427396215,0.0009599603095321796,3
6237,20221018_110204.mat,274819,0.274819,0.00340312790856092,0.0009599603095321796,3
6238,20221018_110204.mat,275018,0.275018,0.002276859000378166,0.0009599603095321796,3
6239,20221018_110204.mat,281784,0.281784,0.0014489826498152417,0.0009599603095321796,3
6240,20221018_110204.mat,281983,0.281983,0.002400830651194381,0.0009599603095321796,3
6241,20221018_110204.mat,284570,0.28457,0.002276674666357697,0.0009599603095321796,3
6242,20221018_110204.mat,284769,0.284769,0.0014480890141678074,0.0009599603095321796,3
6243,20221018_110204.mat,287157,0.287157,0.03900158722742754,0.0009599603095321796,3
6244,20221018_110204.mat,287356,0.287356,0.0077663917989266975,0.0009599603095321796,3
6245,20221018_110204.mat,287555,0.287555,0.002796091010331793,0.0009599603095321796,3
6246,20221018_110204.mat,287754,0.287754,0.0009982678192323824,0.0009599603095321796,3
6247,20221018_110204.mat,318997,0.318997,0.023449603055702397,0.0009599603095321796,3
6248,20221018_110204.mat,319196,0.319196,0.01164043190184016,0.0009599603095321796,3
6249,20221018_110204.mat,319395,0.319395,0.0030420898585024766,0.0009599603095321796,3
6250,20221018_110204.mat,319594,0.319594,0.001475486460015061,0.0009599603095321796,3
6251,20221018_110204.mat,331534,0.331534,0.001515972820823455,0.0009599603095321796,3
6252,20221018_110204.mat,331733,0.331733,0.0017433064395580508,0.0009599603095321796,3
6253,20221018_110204.mat,341882,0.341882,0.026994071948029455,0.0009599603095321796,3
6254,20221018_110204.mat,342081,0.342081,0.004623667969767296,0.0009599603095321796,3
6255,20221018_110204.mat,342280,0.34228,0.001924123101852599,0.0009599603095321796,3
6256,20221018_110204.mat,349046,0.349046,0.0011151507503827588,0.0009599603095321796,3
6257,20221018_110204.mat,361185,0.361185,0.001003682619530191,0.0009599603095321796,3
6258,20221018_110204.mat,367951,0.367951,0.001063822914992151,0.0009599603095321796,3
6259,20221018_110204.mat,373523,0.373523,0.0011289287932495556,0.0009599603095321796,3
6260,20221018_110204.mat,382279,0.382279,0.001003501598857376,0.0009599603095321796,3
6261,20221018_110204.mat,382677,0.382677,0.11108674876303784,0.0009599603095321796,3
6262,20221018_110204.mat,382876,0.382876,0.026148711415009334,0.0009599603095321796,3
6263,20221018_110204.mat,383075,0.383075,0.008021604749076466,0.0009599603095321796,3
6264,20221018_110204.mat,383274,0.383274,0.002268410900853838,0.0009599603095321796,3
6265,20221018_110204.mat,407353,0.407353,0.0011322067321738077,0.0009599603095321796,3
6266,20221018_110204.mat,409741,0.409741,0.001918477128606079,0.0009599603095321796,3
6267,20221018_110204.mat,409940,0.40994,0.0014889531248715399,0.0009599603095321796,3
6268,20221018_110204.mat,425661,0.425661,0.03268981075435467,0.0009599603095321796,3
6269,20221018_110204.mat,425860,0.42586,0.002860607895891967,0.0009599603095321796,3
6270,20221018_110204.mat,426059,0.426059,0.0016147438003518378,0.0009599603095321796,3
6271,20221018_110204.mat,435014,0.435014,0.0010103752718813096,0.0009599603095321796,3
6272,20221018_110204.mat,441382,0.441382,0.0010339078026370355,0.0009599603095321796,3
6273,20221018_110204.mat,447750,0.44775,0.045390243431332515,0.0009599603095321796,3
6274,20221018_110204.mat,447949,0.447949,0.014271095764788353,0.0009599603095321796,3
6275,20221018_110204.mat,448148,0.448148,0.00235903366130891,0.0009599603095321796,3
6276,20221018_110204.mat,448347,0.448347,0.0009718132218014644,0.0009599603095321796,3
6277,20221018_110204.mat,456904,0.456904,0.0025165989505314358,0.0009599603095321796,3
6278,20221018_110204.mat,459491,0.459491,0.001061071809612374,0.0009599603095321796,3
6279,20221018_110204.mat,486953,0.486953,0.013208734519010555,0.0009599603095321796,3
6280,20221018_110204.mat,487152,0.487152,0.0038952884680835075,0.0009599603095321796,3
6281,20221018_110204.mat,487351,0.487351,0.0015806845751386298,0.0009599603095321796,3
6282,20221018_110204.mat,488346,0.488346,0.0011726934992795355,0.0009599603095321796,3
6283,20221018_110204.mat,503868,0.503868,0.0067280426344939115,0.0009599603095321796,3
6284,20221018_110204.mat,504067,0.504067,0.004886702459164191,0.0009599603095321796,3
6285,20221018_110204.mat,504266,0.504266,0.0010914067388716464,0.0009599603095321796,3
6286,20221018_110204.mat,515609,0.515609,0.0030888562062554373,0.0009599603095321796,3
6287,20221018_110204.mat,515808,0.515808,0.001126277590719609,0.0009599603095321796,3
6288,20221018_110204.mat,533121,0.533121,0.04508583118563857,0.0009599603095321796,3
6289,20221018_110204.mat,533320,0.53332,0.05980735954255766,0.0009599603095321796,3
6290,20221018_110204.mat,533519,0.533519,0.004239538925749951,0.0009599603095321796,3
6291,20221018_110204.mat,533718,0.533718,0.0017121972550145324,0.0009599603095321796,3
6292,20221018_110204.mat,537499,0.537499,0.0010797222407482724,0.0009599603095321796,3
6293,20221018_110204.mat,537698,0.537698,0.001975918366393844,0.0009599603095321796,3
6294,20221018_110204.mat,552822,0.552822,0.0017459616755227797,0.0009599603095321796,3
6295,20221018_110204.mat,553021,0.553021,0.0010575258479706537,0.0009599603095321796,3
6296,20221018_110204.mat,553618,0.553618,0.0013019553921181516,0.0009599603095321796,3
6297,20221018_110204.mat,566155,0.566155,0.0018697819611325109,0.0009599603095321796,3
6298,20221018_110204.mat,567747,0.567747,0.0012655030096497175,0.0009599603095321796,3
6299,20221018_110204.mat,608542,0.608542,0.0009743674715960477,0.0009599603095321796,3
6300,20221018_110204.mat,609139,0.609139,0.00105779273239903,0.0009599603095321796,3
6301,20221018_110204.mat,630034,0.630034,0.0014244693708342455,0.0009599603095321796,3
6302,20221018_110204.mat,637596,0.637596,0.0010578653866859754,0.0009599603095321796,3
6303,20221018_110204.mat,638790,0.63879,0.0012838943124335658,0.0009599603095321796,3
6304,20221018_110204.mat,651327,0.651327,0.0011537901631485967,0.0009599603095321796,3
6305,20221018_110204.mat,651526,0.651526,0.0012101994261175765,0.0009599603095321796,3
6306,20221018_110204.mat,675008,0.675008,0.0012028633655355163,0.0009599603095321796,3
6307,20221018_110204.mat,676998,0.676998,0.001228142345248208,0.0009599603095321796,3
6308,20221018_110204.mat,732519,0.732519,0.0010695635006255542,0.0009599603095321796,3
6309,20221018_110204.mat,749235,0.749235,0.0013696993635238107,0.0009599603095321796,3
6310,20221018_110204.mat,764359,0.764359,0.003890877972352328,0.0009599603095321796,3
6311,20221018_110204.mat,764558,0.764558,0.006040019015000381,0.0009599603095321796,3
6312,20221018_110204.mat,786249,0.786249,0.0009833631167859157,0.0009599603095321796,3
6313,20221018_110204.mat,826646,0.826646,0.0013150292640591737,0.0009599603095321796,3
6314,20221018_110204.mat,849929,0.849929,0.0023306433736196754,0.0009599603095321796,3
6315,20221018_110204.mat,856098,0.856098,0.0012139786120319777,0.0009599603095321796,3
6316,20221018_110204.mat,867242,0.867242,0.004645180571781643,0.0009599603095321796,3
6317,20221018_110204.mat,867441,0.867441,0.013061625552765951,0.0009599603095321796,3
6318,20221018_110204.mat,867640,0.86764,0.0012750338030950701,0.0009599603095321796,3
6319,20221018_110204.mat,867839,0.867839,0.001017951841617912,0.0009599603095321796,3
6320,20221018_110204.mat,873212,0.873212,0.0011697576397794486,0.0009599603095321796,3
6321,20221018_110204.mat,873411,0.873411,0.0010983439347304045,0.0009599603095321796,3
6322,20221018_110204.mat,880973,0.880973,0.0018136604380310224,0.0009599603095321796,3
6323,20221018_110204.mat,881172,0.881172,0.0019991865527737513,0.0009599603095321796,3
6324,20221018_110204.mat,887142,0.887142,0.0061877382698024355,0.0009599603095321796,3
6325,20221018_110204.mat,887341,0.887341,0.003724766219746948,0.0009599603095321796,3
6326,20221018_110204.mat,887540,0.88754,0.0011470234413480424,0.0009599603095321796,3
6327,20221018_110204.mat,899082,0.899082,0.001009646606036443,0.0009599603095321796,3
6328,20221018_110204.mat,931121,0.931121,0.005514095901981381,0.0009599603095321796,3
6329,20221018_110204.mat,931320,0.93132,0.0009730122004652557,0.0009599603095321796,3
6330,20221018_110204.mat,939081,0.939081,0.0040543148369075015,0.0009599603095321796,3
6331,20221018_110204.mat,939280,0.93928,0.0014678988071981955,0.0009599603095321796,3
6332,20221018_110204.mat,952016,0.952016,0.0010828161964425598,0.0009599603095321796,3
6333,20221018_110204.mat,961767,0.961767,0.002028728172673358,0.0009599603095321796,3
6334,20221018_110204.mat,986244,0.986244,0.0011175862294459332,0.0009599603095321796,3
6335,20221018_110204.mat,989627,0.989627,0.007968692658937617,0.0009599603095321796,3
6336,20221018_110204.mat,989826,0.989826,0.0010306453623527344,0.0009599603095321796,3
6337,20221018_110204.mat,1019079,1.019079,0.0035871939447900516,0.0009599603095321796,3
6338,20221018_110204.mat,1019278,1.019278,0.001048289939745624,0.0009599603095321796,3
6339,20221018_110204.mat,1063854,1.063854,0.012004809810457678,0.0009599603095321796,3
6340,20221018_110204.mat,1064053,1.064053,0.0019108675550776372,0.0009599603095321796,3
6341,20221018_110204.mat,1083953,1.083953,0.0013182536249622023,0.0009599603095321796,3
6342,20221018_110204.mat,1089525,1.089525,0.013975738532604576,0.0009599603095321796,3
6343,20221018_110204.mat,1089724,1.089724,0.0028711608759061807,0.0009599603095321796,3
6344,20221018_110204.mat,1089923,1.089923,0.0012149581749087437,0.0009599603095321796,3
6345,20221018_110204.mat,1096689,1.096689,0.0020197639430523345,0.0009599603095321796,3
6346,20221018_110204.mat,1116191,1.116191,0.002535400341841193,0.0009599603095321796,3
6347,20221018_110204.mat,1116390,1.11639,0.0011382736100382699,0.0009599603095321796,3
6348,20221018_110204.mat,1118181,1.118181,0.0014191075859732159,0.0009599603095321796,3
6349,20221018_110204.mat,1122360,1.12236,0.0011906331914778817,0.0009599603095321796,3
6350,20221018_110204.mat,1130320,1.13032,0.0014591277330102013,0.0009599603095321796,3
6351,20221018_110204.mat,1137683,1.137683,0.0011772912972500052,0.0009599603095321796,3
6352,20221018_110204.mat,1148429,1.148429,0.0011846036583519168,0.0009599603095321796,3
6353,20221018_110204.mat,1165742,1.165742,0.001006207355904962,0.0009599603095321796,3
6354,20221018_110204.mat,1167135,1.167135,0.0009722799563018507,0.0009599603095321796,3
6355,20221018_110204.mat,1169125,1.169125,0.0012875823634600715,0.0009599603095321796,3
6356,20221018_110204.mat,1189622,1.189622,0.007311662121953562,0.0009599603095321796,3
6357,20221018_110204.mat,1189821,1.189821,0.0013013162548602584,0.0009599603095321796,3
6358,20221018_110204.mat,1205542,1.205542,0.0011714730470566187,0.0009599603095321796,3
6359,20221018_110204.mat,1222855,1.222855,0.0025195864188278312,0.0009599603095321796,3
6360,20221018_110204.mat,1253899,1.253899,0.0019280679599077734,0.0009599603095321796,3
6361,20221018_110204.mat,1254098,1.254098,0.0017955313674782672,0.0009599603095321796,3
6362,20221018_110204.mat,1276187,1.276187,0.002292822163912687,0.0009599603095321796,3
6363,20221018_110204.mat,1315589,1.315589,0.0017614964924032226,0.0009599603095321796,3
6364,20221018_110204.mat,1344046,1.344046,0.0010844376055820608,0.0009599603095321796,3
6365,20221018_110204.mat,1366931,1.366931,0.001251595727908298,0.0009599603095321796,3
6366,20221018_110204.mat,1373498,1.373498,0.052143724899598946,0.0009599603095321796,3
6367,20221018_110204.mat,1373697,1.373697,0.030289365460064843,0.0009599603095321796,3
6368,20221018_110204.mat,1373896,1.373896,0.004034260259431824,0.0009599603095321796,3
6369,20221018_110204.mat,1374095,1.374095,0.002340982190507967,0.0009599603095321796,3
6370,20221018_110204.mat,1374294,1.374294,0.0010023154007610612,0.0009599603095321796,3
6371,20221018_110204.mat,1384841,1.384841,0.0009991894311572828,0.0009599603095321796,3
6372,20221018_110204.mat,1385040,1.38504,0.0010464741146523765,0.0009599603095321796,3
6373,20221018_110204.mat,1393199,1.393199,0.0065759969231209674,0.0009599603095321796,3
6374,20221018_110204.mat,1393398,1.393398,0.009950452822760147,0.0009599603095321796,3
6375,20221018_110204.mat,1411109,1.411109,0.0018482121870563811,0.0009599603095321796,3
6376,20221018_110204.mat,1422850,1.42285,0.0012040702024287485,0.0009599603095321796,3
6377,20221018_110204.mat,1429616,1.429616,0.001461201280027306,0.0009599603095321796,3
6378,20221018_110204.mat,1429815,1.429815,0.0014607845745740172,0.0009599603095321796,3
6379,20221018_110204.mat,1441158,1.441158,0.003098394873492886,0.0009599603095321796,3
6380,20221018_110204.mat,1450312,1.450312,0.0010844225757122442,0.0009599603095321796,3
6381,20221018_110204.mat,1455685,1.455685,0.0011756672021427871,0.0009599603095321796,3
6382,20221018_110204.mat,1463645,1.463645,0.0012008173692393607,0.0009599603095321796,3
6383,20221018_110204.mat,1496679,1.496679,0.0019143125128102568,0.0009599603095321796,3
6384,20221018_110204.mat,1496878,1.496878,0.0011657424321606785,0.0009599603095321796,3
6385,20221018_110204.mat,1499664,1.499664,0.0027611468398080503,0.0009599603095321796,3
6386,20221018_110204.mat,1499863,1.499863,0.0015074539886566183,0.0009599603095321796,3
6387,20221018_110204.mat,1509813,1.509813,0.00111225691037497,0.0009599603095321796,3
6388,20221018_110204.mat,1533295,1.533295,0.0010473902014281852,0.0009599603095321796,3
6389,20221018_110204.mat,1537474,1.537474,0.0010559275175806078,0.0009599603095321796,3
6390,20221018_110204.mat,1544240,1.54424,0.0013678338007305907,0.0009599603095321796,3
6391,20221018_110204.mat,1544439,1.544439,0.00205051124397536,0.0009599603095321796,3
6392,20221018_110204.mat,1567921,1.567921,0.0011670423198394573,0.0009599603095321796,3
6393,20221018_110204.mat,1568916,1.568916,0.0010686014707374553,0.0009599603095321796,3
6394,20221018_110204.mat,1569115,1.569115,0.001599725532828646,0.0009599603095321796,3
6395,20221018_110204.mat,1574886,1.574886,0.0010323329261315104,0.0009599603095321796,3
6396,20221018_110204.mat,1583841,1.583841,0.0010065595975900698,0.0009599603095321796,3
6397,20221018_110204.mat,1624039,1.624039,0.002820230741114908,0.0009599603095321796,3
6398,20221018_110204.mat,1624238,1.624238,0.0012372825907843873,0.0009599603095321796,3
6399,20221018_110204.mat,1645929,1.645929,0.006601550629869763,0.0009599603095321796,3
6400,20221018_110204.mat,1646128,1.646128,0.004628297116011043,0.0009599603095321796,3
6401,20221018_110204.mat,1657073,1.657073,0.001018820896559821,0.0009599603095321796,3
6402,20221018_110204.mat,1698067,1.698067,0.0010269512552460577,0.0009599603095321796,3
6403,20221018_110204.mat,1705828,1.705828,0.00105675563766083,0.0009599603095321796,3
6404,20221018_110204.mat,1730902,1.730902,0.0012049596418249613,0.0009599603095321796,3
6405,20221018_110204.mat,1735081,1.735081,0.0010620810097182942,0.0009599603095321796,3
6406,20221018_110204.mat,1752792,1.752792,0.0024697733134216512,0.0009599603095321796,3
6407,20221018_110204.mat,1801746,1.801746,0.005153514705507393,0.0009599603095321796,3
6408,20221018_110204.mat,1801945,1.801945,0.0014777340701370453,0.0009599603095321796,3
6409,20221018_110204.mat,1808910,1.80891,0.01805922308934049,0.0009599603095321796,3
6410,20221018_110204.mat,1809109,1.809109,0.004663295901410416,0.0009599603095321796,3
6411,20221018_110204.mat,1814084,1.814084,0.0012699265556396179,0.0009599603095321796,3
6412,20221018_110204.mat,1814482,1.814482,0.0010691475154365557,0.0009599603095321796,3
6413,20221018_110204.mat,1832392,1.832392,0.00971928214883467,0.0009599603095321796,3
6414,20221018_110204.mat,1832591,1.832591,0.002642892285762675,0.0009599603095321796,3
6415,20221018_110204.mat,1832790,1.83279,0.0010391369044479885,0.0009599603095321796,3
6416,20221018_110204.mat,1875774,1.875774,0.0012178917872091213,0.0009599603095321796,3
6417,20221018_110204.mat,1896271,1.896271,0.000972968157141965,0.0009599603095321796,3
6418,20221018_110204.mat,1921743,1.921743,0.0017709979565158076,0.0009599603095321796,3
6419,20221018_110204.mat,1950200,1.9502,0.0009610675307073972,0.0009599603095321796,3
6420,20221018_110204.mat,1954379,1.954379,0.0022423973427501886,0.0009599603095321796,3
6421,20221018_110204.mat,1954578,1.954578,0.006675879951648269,0.0009599603095321796,3
6422,20221018_110204.mat,1957961,1.957961,0.0023646837813564997,0.0009599603095321796,3
6423,20221018_110204.mat,1959553,1.959553,0.0012210083487180425,0.0009599603095321796,3
6424,20221018_110204.mat,1964329,1.964329,0.0010423924461255537,0.0009599603095321796,3
6425,20221018_110204.mat,1986816,1.986816,0.00845275704946973,0.0009599603095321796,3
6426,20221018_110204.mat,1987015,1.987015,0.009211745136550641,0.0009599603095321796,3
6427,20221018_110204.mat,1987214,1.987214,0.001018095516483205,0.0009599603095321796,3
6428,20221018_110204.mat,2019850,2.01985,0.0048593010811268725,0.0009599603095321796,3
6429,20221018_110204.mat,2020049,2.020049,0.003074202348928183,0.0009599603095321796,3
6430,20221018_110204.mat,2023830,2.02383,0.0009913802121249461,0.0009599603095321796,3
6431,20221018_110204.mat,2024029,2.024029,0.010602089469798277,0.0009599603095321796,3
6432,20221018_110204.mat,2024228,2.024228,0.0010787295449353027,0.0009599603095321796,3
6433,20221018_110204.mat,2044327,2.044327,0.005629589192180045,0.0009599603095321796,3
6434,20221018_110204.mat,2044526,2.044526,0.002795784969920945,0.0009599603095321796,3
6435,20221018_110204.mat,2054476,2.054476,0.0011873384576111484,0.0009599603095321796,3
6436,20221018_110204.mat,2054675,2.054675,0.0025290233159368605,0.0009599603095321796,3
6437,20221018_110204.mat,2064028,2.064028,0.0016394323009507872,0.0009599603095321796,3
6438,20221018_110204.mat,2079948,2.079948,0.0017118166155278625,0.0009599603095321796,3
6439,20221018_110204.mat,2089898,2.089898,0.001145071301171104,0.0009599603095321796,3
6440,20221018_110204.mat,2091092,2.091092,0.0023530873229937323,0.0009599603095321796,3
6441,20221018_110204.mat,2091291,2.091291,0.005890812908569473,0.0009599603095321796,3
6442,20221018_110204.mat,2091490,2.09149,0.001108410789980317,0.0009599603095321796,3
6443,20221018_110204.mat,2100843,2.100843,0.0009922382718966756,0.0009599603095321796,3
6444,20221018_110204.mat,2106415,2.106415,0.023999208517448054,0.0009599603095321796,3
6445,20221018_110204.mat,2106614,2.106614,0.008237577265982262,0.0009599603095321796,3
6446,20221018_110204.mat,2106813,2.106813,0.0011156514696100271,0.0009599603095321796,3
6447,20221018_110204.mat,2107808,2.107808,0.009353053129852164,0.0009599603095321796,3
6448,20221018_110204.mat,2108007,2.108007,0.0015469606963527355,0.0009599603095321796,3
6449,20221018_110204.mat,2149996,2.149996,0.0017022825414227706,0.0009599603095321796,3
6450,20221018_110204.mat,2164722,2.164722,0.0010177861954854314,0.0009599603095321796,3
6451,20221018_110204.mat,2174672,2.174672,0.0009750193264240069,0.0009599603095321796,3
6452,20221018_110204.mat,2177060,2.17706,0.0012018320922511188,0.0009599603095321796,3
6453,20221018_110204.mat,2177259,2.177259,0.0010336203412738777,0.0009599603095321796,3
6454,20221018_110204.mat,2179050,2.17905,0.0011088372603879101,0.0009599603095321796,3
6455,20221018_110204.mat,2179249,2.179249,0.0017465810518020961,0.0009599603095321796,3
6456,20221018_110204.mat,2199348,2.199348,0.0014586871253320277,0.0009599603095321796,3
6457,20221018_110204.mat,2213875,2.213875,0.0011673663730123846,0.0009599603095321796,3
6458,20221018_110204.mat,2214273,2.214273,0.0032147765394328546,0.0009599603095321796,3
6459,20221018_110204.mat,2214671,2.214671,0.000984334654923888,0.0009599603095321796,3
6460,20221018_110204.mat,2226014,2.226014,0.0010742050882378857,0.0009599603095321796,3
6461,20221018_110204.mat,2231188,2.231188,0.004553877671713995,0.0009599603095321796,3
6462,20221018_110204.mat,2231387,2.231387,0.0019171502695981082,0.0009599603095321796,3
6463,20221018_110204.mat,2263824,2.263824,0.006501551853497221,0.0009599603095321796,3
6464,20221018_110204.mat,2286510,2.28651,0.002409128401163499,0.0009599603095321796,3
6465,20221018_110204.mat,2291485,2.291485,0.0010381224526227633,0.0009599603095321796,3
6466,20221018_110204.mat,2314569,2.314569,0.0021929054982253453,0.0009599603095321796,3
6467,20221018_110204.mat,2314768,2.314768,0.0032186793595871182,0.0009599603095321796,3
6468,20221018_110204.mat,2322927,2.322927,0.0018592405722525867,0.0009599603095321796,3
6469,20221018_110204.mat,2323126,2.323126,0.0010014938931180574,0.0009599603095321796,3
6470,20221018_110204.mat,2326310,2.32631,0.0014716508377131646,0.0009599603095321796,3
6471,20221018_110204.mat,2330887,2.330887,0.0014297344960931292,0.0009599603095321796,3
6472,20221018_110204.mat,2342031,2.342031,0.0009623244308486176,0.0009599603095321796,3
6473,20221018_110204.mat,2349195,2.349195,0.0041376068392075345,0.0009599603095321796,3
6474,20221018_110204.mat,2349394,2.349394,0.0037053630915777395,0.0009599603095321796,3
6475,20221018_110204.mat,2368896,2.368896,0.0019271518750863257,0.0009599603095321796,3
6476,20221018_110204.mat,2390985,2.390985,0.0021070595546304432,0.0009599603095321796,3
6477,20221018_110204.mat,2391184,2.391184,0.007292021504301633,0.0009599603095321796,3
6478,20221018_110204.mat,2391383,2.391383,0.0016823376225039383,0.0009599603095321796,3
6479,20221018_110204.mat,2396756,2.396756,0.03789492677474759,0.0009599603095321796,3
6480,20221018_110204.mat,2396955,2.396955,0.017234598700828985,0.0009599603095321796,3
6481,20221018_110204.mat,2397154,2.397154,0.004642172808755068,0.0009599603095321796,3
6482,20221018_110204.mat,2397353,2.397353,0.0016097467321531313,0.0009599603095321796,3
6483,20221018_110204.mat,2422427,2.422427,0.0011656233455727566,0.0009599603095321796,3
6484,20221018_110204.mat,2423024,2.423024,0.0010281792702594315,0.0009599603095321796,3
6485,20221018_110204.mat,2424019,2.424019,0.0033731920232432633,0.0009599603095321796,3
6486,20221018_110204.mat,2424218,2.424218,0.001274456463786323,0.0009599603095321796,3
6487,20221018_110204.mat,2436357,2.436357,0.0019214655899636992,0.0009599603095321796,3
6488,20221018_110204.mat,2437352,2.437352,0.002860374384843927,0.0009599603095321796,3
6489,20221018_110204.mat,2440536,2.440536,0.003684177654958694,0.0009599603095321796,3
6490,20221018_110204.mat,2440735,2.440735,0.0011157203562161457,0.0009599603095321796,3
6491,20221018_110204.mat,2456058,2.456058,0.0013199327356572046,0.0009599603095321796,3
6492,20221018_110204.mat,2492674,2.492674,0.0016432827777089693,0.0009599603095321796,3
6493,20221018_110204.mat,2497649,2.497649,0.0009802565463378915,0.0009599603095321796,3
6494,20221018_110204.mat,2500833,2.500833,0.0011190211664320658,0.0009599603095321796,3
6495,20221018_110204.mat,2503619,2.503619,0.002662173376314693,0.0009599603095321796,3
6496,20221018_110204.mat,2503818,2.503818,0.0015040830543685097,0.0009599603095321796,3
6497,20221018_110204.mat,2538245,2.538245,0.0031839178115931274,0.0009599603095321796,3
6498,20221018_110204.mat,2538444,2.538444,0.0028597864464262714,0.0009599603095321796,3
6499,20221018_110204.mat,2591577,2.591577,0.0019185941577791498,0.0009599603095321796,3
6500,20221018_110204.mat,2632173,2.632173,0.00209794823141824,0.0009599603095321796,3
6501,20221018_110204.mat,2640929,2.640929,0.0011313214465957018,0.0009599603095321796,3
6502,20221018_110204.mat,2648093,2.648093,0.0009643369002418299,0.0009599603095321796,3
6503,20221018_110204.mat,2660630,2.66063,0.010255705697141113,0.0009599603095321796,3
6504,20221018_110204.mat,2660829,2.660829,0.04772227764560026,0.0009599603095321796,3
6505,20221018_110204.mat,2661028,2.661028,0.005002401157884518,0.0009599603095321796,3
6506,20221018_110204.mat,2661227,2.661227,0.0024191807176867047,0.0009599603095321796,3
6507,20221018_110204.mat,2661426,2.661426,0.0011216156126521804,0.0009599603095321796,3
6508,20221018_110204.mat,2691674,2.691674,0.0010609603078804244,0.0009599603095321796,3
6509,20221018_110204.mat,2705405,2.705405,0.0009906629623553575,0.0009599603095321796,3
6510,20221018_110204.mat,2719733,2.719733,0.0011107293705862032,0.0009599603095321796,3
6511,20221018_110204.mat,2724111,2.724111,0.13570185708317917,0.0009599603095321796,3
6512,20221018_110204.mat,2724310,2.72431,0.016168741193711325,0.0009599603095321796,3
6513,20221018_110204.mat,2724509,2.724509,0.005364413720757571,0.0009599603095321796,3
6514,20221018_110204.mat,2724708,2.724708,0.0011313057981922922,0.0009599603095321796,3
6515,20221018_110204.mat,2727693,2.727693,0.0012546074041907389,0.0009599603095321796,3
6516,20221018_110204.mat,2728489,2.728489,0.004283527223477464,0.0009599603095321796,3
6517,20221018_110204.mat,2730678,2.730678,0.0016377053365641532,0.0009599603095321796,3
6518,20221018_110204.mat,2733265,2.733265,0.0029143003397286036,0.0009599603095321796,3
6519,20221018_110204.mat,2735056,2.735056,0.0032948698788928046,0.0009599603095321796,3
6520,20221018_110204.mat,2735255,2.735255,0.0023146798453099714,0.0009599603095321796,3
6521,20221018_110204.mat,2743414,2.743414,0.014345854366433678,0.0009599603095321796,3
6522,20221018_110204.mat,2743613,2.743613,0.0023902535946939765,0.0009599603095321796,3
6523,20221018_110204.mat,2743812,2.743812,0.0010633657055462505,0.0009599603095321796,3
6524,20221018_110204.mat,2746399,2.746399,0.001060789061529216,0.0009599603095321796,3
6525,20221018_110204.mat,2753762,2.753762,0.0020209524515001167,0.0009599603095321796,3
6526,20221018_110204.mat,2765503,2.765503,0.000998355078424856,0.0009599603095321796,3
6527,20221018_110204.mat,2781025,2.781025,0.003654527964717035,0.0009599603095321796,3
6528,20221018_110204.mat,2781224,2.781224,0.0011168732897482033,0.0009599603095321796,3
6529,20221018_110204.mat,2803512,2.803512,0.001236937324142088,0.0009599603095321796,3
6530,20221018_110204.mat,2803711,2.803711,0.005728518192723925,0.0009599603095321796,3
6531,20221018_110204.mat,2812069,2.812069,0.0014786847616642417,0.0009599603095321796,3
6532,20221018_110204.mat,2873759,2.873759,0.0009719637168629584,0.0009599603095321796,3
6533,20221018_110204.mat,2900027,2.900027,0.001083022232338883,0.0009599603095321796,3
6534,20221018_110204.mat,2916544,2.916544,0.0017501713290950204,0.0009599603095321796,3
6535,20221018_110204.mat,2916743,2.916743,0.001517275374564826,0.0009599603095321796,3
6536,20221018_110204.mat,2919131,2.919131,0.004672685516040172,0.0009599603095321796,3
6537,20221018_110204.mat,2919330,2.91933,0.0022025082881586004,0.0009599603095321796,3
6538,20221018_110204.mat,2927887,2.927887,0.0013939026744475796,0.0009599603095321796,3
6539,20221018_110204.mat,2949578,2.949578,0.0012307096253916729,0.0009599603095321796,3
6540,20221018_110204.mat,3035944,3.035944,0.013523334030889109,0.0009599603095321796,3
6541,20221018_110204.mat,3036143,3.036143,0.007109273971981067,0.0009599603095321796,3
6542,20221018_110204.mat,3036342,3.036342,0.001056569612955914,0.0009599603095321796,3
6543,20221018_110204.mat,3051267,3.051267,0.001163052169259984,0.0009599603095321796,3
6544,20221018_110204.mat,3090470,3.09047,0.0012505349832107198,0.0009599603095321796,3
6545,20221018_110204.mat,3091067,3.091067,0.003963641088416477,0.0009599603095321796,3
6546,20221018_110204.mat,3094052,3.094052,0.001509273206885625,0.0009599603095321796,3
6547,20221018_110204.mat,3095047,3.095047,0.0009652971683403908,0.0009599603095321796,3
6548,20221018_110204.mat,3101415,3.101415,0.005113679745024234,0.0009599603095321796,3
6549,20221018_110204.mat,3101614,3.101614,0.0024792245300221966,0.0009599603095321796,3
6550,20221018_110204.mat,3137633,3.137633,0.0014749515765704946,0.0009599603095321796,3
6551,20221018_110204.mat,3145792,3.145792,0.0009932489445685312,0.0009599603095321796,3
6552,20221018_110204.mat,3171065,3.171065,0.002414863268067729,0.0009599603095321796,3
6553,20221018_110204.mat,3171264,3.171264,0.0010502445759782047,0.0009599603095321796,3
6554,20221018_110204.mat,3189572,3.189572,0.0009636256213363852,0.0009599603095321796,3
6555,20221018_110204.mat,3193552,3.193552,0.0009661480005870263,0.0009599603095321796,3
6556,20221018_110204.mat,3280515,3.280515,0.001280497967238089,0.0009599603095321796,3
6557,20221018_110204.mat,3333449,3.333449,0.0009724576864892714,0.0009599603095321796,3
6558,20221018_110204.mat,3350563,3.350563,0.008065615958952953,0.0009599603095321796,3
6559,20221018_110204.mat,3350762,3.350762,0.001308349888921641,0.0009599603095321796,3
6560,20221018_110204.mat,3370662,3.370662,0.014486136493977439,0.0009599603095321796,3
6561,20221018_110204.mat,3370861,3.370861,0.0018104050227367857,0.0009599603095321796,3
6562,20221018_110204.mat,3375836,3.375836,0.0009834981282310965,0.0009599603095321796,3
6563,20221018_110204.mat,3396134,3.396134,0.0014278801638612933,0.0009599603095321796,3
6564,20221018_110204.mat,3396333,3.396333,0.0019283752403971492,0.0009599603095321796,3
6565,20221018_110204.mat,3403298,3.403298,0.0010321655060064332,0.0009599603095321796,3
6566,20221018_110204.mat,3415039,3.415039,0.010280035795487344,0.0009599603095321796,3
6567,20221018_110204.mat,3415238,3.415238,0.006848097750120616,0.0009599603095321796,3
6568,20221018_110204.mat,3415437,3.415437,0.001677371129163683,0.0009599603095321796,3
6569,20221018_110204.mat,3432153,3.432153,0.01641801953801983,0.0009599603095321796,3
6570,20221018_110204.mat,3432352,3.432352,0.04519930764425125,0.0009599603095321796,3
6571,20221018_110204.mat,3432551,3.432551,0.003062187136971667,0.0009599603095321796,3
6572,20221018_110204.mat,3432750,3.43275,0.002120779220252288,0.0009599603095321796,3
6573,20221018_110204.mat,3454640,3.45464,0.0011455654432478769,0.0009599603095321796,3
6574,20221018_110204.mat,3459018,3.459018,0.005342920999117997,0.0009599603095321796,3
6575,20221018_110204.mat,3459217,3.459217,0.003611514626334743,0.0009599603095321796,3
6576,20221018_110204.mat,3472152,3.472152,0.0012884702028284664,0.0009599603095321796,3
6577,20221018_110204.mat,3486878,3.486878,0.0038903674716581553,0.0009599603095321796,3
6578,20221018_110204.mat,3487077,3.487077,0.0045630446129169226,0.0009599603095321796,3
6579,20221018_110204.mat,3490858,3.490858,0.001108417508784039,0.0009599603095321796,3
6580,20221018_110204.mat,3500211,3.500211,0.0035484498523734626,0.0009599603095321796,3
6581,20221018_110204.mat,3500410,3.50041,0.0010620266356799902,0.0009599603095321796,3
6582,20221018_110204.mat,3556130,3.55613,0.0055295033751163675,0.0009599603095321796,3
6583,20221018_110204.mat,3556329,3.556329,0.002585168725608616,0.0009599603095321796,3
6584,20221018_110204.mat,3557125,3.557125,0.0029752150862436292,0.0009599603095321796,3
6585,20221018_110204.mat,3565682,3.565682,0.011936419146449776,0.0009599603095321796,3
6586,20221018_110204.mat,3565881,3.565881,0.001830899138787554,0.0009599603095321796,3
6587,20221018_110204.mat,3571254,3.571254,0.001440919002594839,0.0009599603095321796,3
6588,20221018_110204.mat,3572448,3.572448,0.0010422208439372948,0.0009599603095321796,3
6589,20221018_110204.mat,3573045,3.573045,0.0009738864438310235,0.0009599603095321796,3
6590,20221018_110204.mat,3588169,3.588169,0.0010487492987857545,0.0009599603095321796,3
6591,20221018_110204.mat,3609263,3.609263,0.0015031416034541082,0.0009599603095321796,3
6592,20221018_110204.mat,3614238,3.614238,0.0013569016848211395,0.0009599603095321796,3
6593,20221018_110204.mat,3620208,3.620208,0.001010309353845061,0.0009599603095321796,3
6594,20221018_110204.mat,3620407,3.620407,0.0009758721918378042,0.0009599603095321796,3
6595,20221018_110204.mat,3641302,3.641302,0.002838310516451008,0.0009599603095321796,3
6596,20221018_110204.mat,3641501,3.641501,0.0037367764486764023,0.0009599603095321796,3
6597,20221018_110204.mat,3641700,3.6417,0.0010284795900440543,0.0009599603095321796,3
6598,20221018_110204.mat,3648267,3.648267,0.0019866350314637323,0.0009599603095321796,3
6599,20221018_110204.mat,3664983,3.664983,0.0014487826888257684,0.0009599603095321796,3
6600,20221018_110204.mat,3679510,3.67951,0.0010958521003870299,0.0009599603095321796,3
6601,20221018_110204.mat,3690654,3.690654,0.0013486459831767708,0.0009599603095321796,3
6602,20221018_110204.mat,3697818,3.697818,0.004914558146468106,0.0009599603095321796,3
6603,20221018_110204.mat,3698017,3.698017,0.0018463828113589585,0.0009599603095321796,3
6604,20221018_110204.mat,3729459,3.729459,0.005713192729894328,0.0009599603095321796,3
6605,20221018_110204.mat,3729658,3.729658,0.0014530499562056794,0.0009599603095321796,3
6606,20221018_110204.mat,3753339,3.753339,0.01078718771895926,0.0009599603095321796,3
6607,20221018_110204.mat,3753538,3.753538,0.0019797600202025897,0.0009599603095321796,3
6608,20221018_110204.mat,3757717,3.757717,0.0014541763171216475,0.0009599603095321796,3
6609,20221018_110204.mat,3765279,3.765279,0.0012938365774436038,0.0009599603095321796,3
6610,20221018_110204.mat,3769060,3.76906,0.011774083973144599,0.0009599603095321796,3
6611,20221018_110204.mat,3769259,3.769259,0.0016049874716157911,0.0009599603095321796,3
6612,20221018_110204.mat,3801895,3.801895,0.0018994170047090314,0.0009599603095321796,3
6613,20221018_110204.mat,3818810,3.81881,0.0027398458890768164,0.0009599603095321796,3
6614,20221018_110204.mat,3819009,3.819009,0.0016822551060099444,0.0009599603095321796,3
6615,20221018_110204.mat,3827964,3.827964,0.0018437799855030902,0.0009599603095321796,3
6616,20221018_110204.mat,3876122,3.876122,0.0054347811170800155,0.0009599603095321796,3
6617,20221018_110204.mat,3876321,3.876321,0.0009660424144250187,0.0009599603095321796,3
6618,20221018_110204.mat,3918708,3.918708,0.001074451353334539,0.0009599603095321796,3
6619,20221018_110204.mat,3940001,3.940001,0.004744083219619011,0.0009599603095321796,3
6620,20221018_110204.mat,3940200,3.9402,0.006187552933649386,0.0009599603095321796,3
6621,20221018_110204.mat,3971443,3.971443,0.0013780648728566086,0.0009599603095321796,3
6622,20221018_110204.mat,3987960,3.98796,0.001134561266160368,0.0009599603095321796,3
6623,20221018_110204.mat,4006069,4.006069,0.001987286510483833,0.0009599603095321796,3
6624,20221018_110204.mat,4006268,4.006268,0.001235812724643181,0.0009599603095321796,3
6625,20221018_110204.mat,4008457,4.008457,0.001013740648335155,0.0009599603095321796,3
6626,20221018_110204.mat,4009651,4.009651,0.0014486817285419599,0.0009599603095321796,3
6627,20221018_110204.mat,4009850,4.00985,0.003440930013156697,0.0009599603095321796,3
6628,20221018_110204.mat,4015422,4.015422,0.018788947835313534,0.0009599603095321796,3
6629,20221018_110204.mat,4015621,4.015621,0.007673970291420466,0.0009599603095321796,3
6630,20221018_110204.mat,4015820,4.01582,0.0022507415133474246,0.0009599603095321796,3
6631,20221018_110204.mat,4016019,4.016019,0.0010854263748722914,0.0009599603095321796,3
6632,20221018_110204.mat,4045670,4.04567,0.0028061294007505717,0.0009599603095321796,3
6633,20221018_110204.mat,4045869,4.045869,0.0012551196557620673,0.0009599603095321796,3
6634,20221018_110204.mat,4051839,4.051839,0.001264343031908131,0.0009599603095321796,3
6635,20221018_110204.mat,4052038,4.052038,0.0010205439845441175,0.0009599603095321796,3
6636,20221018_110204.mat,4059401,4.059401,0.0025028261366892806,0.0009599603095321796,3
6637,20221018_110204.mat,4071142,4.071142,0.0019258786341264564,0.0009599603095321796,3
6638,20221018_110204.mat,4071341,4.071341,0.004024044552964088,0.0009599603095321796,3
6639,20221018_110204.mat,4093231,4.093231,0.0010031288116780618,0.0009599603095321796,3
6640,20221018_110204.mat,4101390,4.10139,0.003663237186338525,0.0009599603095321796,3
6641,20221018_110204.mat,4101589,4.101589,0.0014073371340869315,0.0009599603095321796,3
6642,20221018_110204.mat,4123678,4.123678,0.0024776916871947032,0.0009599603095321796,3
6643,20221018_110204.mat,4133827,4.133827,0.0010309535496505773,0.0009599603095321796,3
6644,20221018_110204.mat,4134026,4.134026,0.0012424168192075016,0.0009599603095321796,3
6645,20221018_110204.mat,4135021,4.135021,0.0024932278732202827,0.0009599603095321796,3
6646,20221018_110204.mat,4168453,4.168453,0.0013606937889844158,0.0009599603095321796,3
6647,20221018_110204.mat,4200293,4.200293,0.001361922533199556,0.0009599603095321796,3
6648,20221018_110204.mat,4201089,4.201089,0.002048343861896553,0.0009599603095321796,3
6649,20221018_110204.mat,4201288,4.201288,0.00097903170952842,0.0009599603095321796,3
6650,20221018_110204.mat,4206661,4.206661,0.0014911863732185561,0.0009599603095321796,3
6651,20221018_110204.mat,4206860,4.20686,0.0010518178801988314,0.0009599603095321796,3
6652,20221018_110204.mat,4227954,4.227954,0.008157473281789073,0.0009599603095321796,3
6653,20221018_110204.mat,4228153,4.228153,0.02412064719220996,0.0009599603095321796,3
6654,20221018_110204.mat,4228352,4.228352,0.002004357505059789,0.0009599603095321796,3
6655,20221018_110204.mat,4228551,4.228551,0.001212833882204407,0.0009599603095321796,3
6656,20221018_110204.mat,4228750,4.22875,0.0013665984449277725,0.0009599603095321796,3
6657,20221018_110204.mat,4228949,4.228949,0.001914383559651034,0.0009599603095321796,3
6658,20221018_110204.mat,4238899,4.238899,0.014524953458542407,0.0009599603095321796,3
6659,20221018_110204.mat,4239098,4.239098,0.06372744468256814,0.0009599603095321796,3
6660,20221018_110204.mat,4239297,4.239297,0.0033842197795389637,0.0009599603095321796,3
6661,20221018_110204.mat,4239496,4.239496,0.0026038166793516436,0.0009599603095321796,3
6662,20221018_110204.mat,4249446,4.249446,0.0013103733814494958,0.0009599603095321796,3
6663,20221018_110204.mat,4268550,4.26855,0.0012836962173671284,0.0009599603095321796,3
6664,20221018_110204.mat,4271535,4.271535,0.000985325059044264,0.0009599603095321796,3
6665,20221018_110204.mat,4274918,4.274918,0.0014572468785182377,0.0009599603095321796,3
6666,20221018_110204.mat,4297604,4.297604,0.0011455654432478797,0.0009599603095321796,3
6667,20221018_110204.mat,4297803,4.297803,0.0014963372192010804,0.0009599603095321796,3
6668,20221018_110204.mat,4298798,4.298798,0.001231455011284502,0.0009599603095321796,3
6669,20221018_110204.mat,4312131,4.312131,0.0009676303632824311,0.0009599603095321796,3
6670,20221018_110204.mat,4317106,4.317106,0.0014178459507549327,0.0009599603095321796,3
6671,20221018_110204.mat,4338797,4.338797,0.0009973332378199952,0.0009599603095321796,3
6672,20221018_110204.mat,4342578,4.342578,0.0017617749260142555,0.0009599603095321796,3
6673,20221018_110204.mat,4342777,4.342777,0.00268617874333003,0.0009599603095321796,3
6674,20221018_110204.mat,4368249,4.368249,0.0010018891640298756,0.0009599603095321796,3
6675,20221018_110204.mat,4395910,4.39591,0.00162393451299923,0.0009599603095321796,3
6676,20221018_110204.mat,4403273,4.403273,0.0038402152247346637,0.0009599603095321796,3
6677,20221018_110204.mat,4403472,4.403472,0.000977172021895992,0.0009599603095321796,3
6678,20221018_110204.mat,4431133,4.431133,0.0429737148191017,0.0009599603095321796,3
6679,20221018_110204.mat,4431332,4.431332,0.005582462004935903,0.0009599603095321796,3
6680,20221018_110204.mat,4431531,4.431531,0.002265983064194043,0.0009599603095321796,3
6681,20221018_110204.mat,4437302,4.437302,0.001348074947026485,0.0009599603095321796,3
6682,20221018_110204.mat,4440486,4.440486,0.002020197005491869,0.0009599603095321796,3
6683,20221018_110204.mat,4444068,4.444068,0.0015111528103619553,0.0009599603095321796,3
6684,20221018_110204.mat,4444267,4.444267,0.0014187097128681508,0.0009599603095321796,3
6685,20221018_110204.mat,4447849,4.447849,0.001740053521190629,0.0009599603095321796,3
6686,20221018_110204.mat,4448048,4.448048,0.00171415082388011,0.0009599603095321796,3
6687,20221018_110204.mat,4451232,4.451232,0.001936846217203345,0.0009599603095321796,3
6688,20221018_110204.mat,4454615,4.454615,0.0018188177086856507,0.0009599603095321796,3
6689,20221018_110204.mat,4454814,4.454814,0.0020296711666229076,0.0009599603095321796,3
6690,20221018_110204.mat,4474316,4.474316,0.00792848723615621,0.0009599603095321796,3
6691,20221018_110204.mat,4479291,4.479291,0.0050659205706572496,0.0009599603095321796,3
6692,20221018_110204.mat,4486057,4.486057,0.005999180969932252,0.0009599603095321796,3
6693,20221018_110204.mat,4486256,4.486256,0.002335528431727475,0.0009599603095321796,3
6694,20221018_110204.mat,4490634,4.490634,0.0010436080818467676,0.0009599603095321796,3
6695,20221018_110204.mat,4502176,4.502176,0.001487357419133194,0.0009599603095321796,3
6696,20221018_110204.mat,4538195,4.538195,0.00791189441881283,0.0009599603095321796,3
6697,20221018_110204.mat,4538394,4.538394,0.0012055714280759112,0.0009599603095321796,3
6698,20221018_110204.mat,4557896,4.557896,0.0010431080695486915,0.0009599603095321796,3
6699,20221018_110204.mat,4576403,4.576403,0.006185709489773089,0.0009599603095321796,3
6700,20221018_110204.mat,4577398,4.577398,0.025212243069404696,0.0009599603095321796,3
6701,20221018_110204.mat,4577597,4.577597,0.0119363954983966,0.0009599603095321796,3
6702,20221018_110204.mat,4577796,4.577796,0.0025071700964998996,0.0009599603095321796,3
6703,20221018_110204.mat,4577995,4.577995,0.0009717326883553801,0.0009599603095321796,3
6704,20221018_110204.mat,4589935,4.589935,0.005750670698246379,0.0009599603095321796,3
6705,20221018_110204.mat,4590134,4.590134,0.0018309121083584035,0.0009599603095321796,3
6706,20221018_110204.mat,4590333,4.590333,0.0010734937037888467,0.0009599603095321796,3
6707,20221018_110204.mat,4592323,4.592323,0.002935710654685432,0.0009599603095321796,3
6708,20221018_110204.mat,4592522,4.592522,0.0012376240132858075,0.0009599603095321796,3
6709,20221018_110204.mat,4612223,4.612223,0.005655586392026281,0.0009599603095321796,3
6710,20221018_110204.mat,4612422,4.612422,0.0010976978581406515,0.0009599603095321796,3
6711,20221018_110204.mat,4680679,4.680679,0.001237803146669909,0.0009599603095321796,3
6712,20221018_110204.mat,4680878,4.680878,0.002339645480197606,0.0009599603095321796,3
6713,20221018_110204.mat,4712121,4.712121,0.008208128932701704,0.0009599603095321796,3
6714,20221018_110204.mat,4712320,4.71232,0.008068484664078602,0.0009599603095321796,3
6715,20221018_110204.mat,4712519,4.712519,0.0012595127365375108,0.0009599603095321796,3
6716,20221018_110204.mat,4723265,4.723265,0.005403237940700773,0.0009599603095321796,3
6717,20221018_110204.mat,4729832,4.729832,0.0010044170102666682,0.0009599603095321796,3
6718,20221018_110204.mat,4731623,4.731623,0.0009923842543232387,0.0009599603095321796,3
6719,20221018_110204.mat,4740976,4.740976,0.007145775249673281,0.0009599603095321796,3
6720,20221018_110204.mat,4741175,4.741175,0.001575855287461617,0.0009599603095321796,3
6721,20221018_110204.mat,4763463,4.763463,0.0012902580990612638,0.0009599603095321796,3
6722,20221018_110204.mat,4772418,4.772418,0.002287553943047243,0.0009599603095321796,3
6723,20221018_110204.mat,4779781,4.779781,0.0011807178405599283,0.0009599603095321796,3
6724,20221018_110204.mat,4782567,4.782567,0.0009776800310819882,0.0009599603095321796,3
6725,20221018_110204.mat,4782766,4.782766,0.0017420819938671808,0.0009599603095321796,3
6726,20221018_110204.mat,4786348,4.786348,0.006066158521148205,0.0009599603095321796,3
6727,20221018_110204.mat,4808636,4.808636,0.0024391053095625006,0.0009599603095321796,3
6728,20221018_110204.mat,4821969,4.821969,0.01416000732759081,0.0009599603095321796,3
6729,20221018_110204.mat,4822168,4.822168,0.013782896014275214,0.0009599603095321796,3
6730,20221018_110204.mat,4822367,4.822367,0.0020397013136091782,0.0009599603095321796,3
6731,20221018_110204.mat,4842466,4.842466,0.0010360878582010176,0.0009599603095321796,3
6732,20221018_110204.mat,4855998,4.855998,0.0009942421967862496,0.0009599603095321796,3
6733,20221018_110204.mat,4858585,4.858585,0.006415919719377298,0.0009599603095321796,3
6734,20221018_110204.mat,4858784,4.858784,0.00381704645890071,0.0009599603095321796,3
6735,20221018_110204.mat,4861570,4.86157,0.0009621370885628264,0.0009599603095321796,3
6736,20221018_110204.mat,4871719,4.871719,0.0010841785755253243,0.0009599603095321796,3
6737,20221018_110204.mat,4896992,4.896992,0.002537175554125974,0.0009599603095321796,3
6738,20221018_110204.mat,4897191,4.897191,0.0016049764414282754,0.0009599603095321796,3
6739,20221018_110204.mat,4901370,4.90137,0.002599778631401121,0.0009599603095321796,3
6740,20221018_110204.mat,4901569,4.901569,0.0015280648742410949,0.0009599603095321796,3
6741,20221018_110204.mat,4906743,4.906743,0.0013043252648497461,0.0009599603095321796,3
6742,20221018_110204.mat,4911519,4.911519,0.0013821720215057916,0.0009599603095321796,3
6743,20221018_110204.mat,4911718,4.911718,0.0017408066465883587,0.0009599603095321796,3
6744,20221018_110204.mat,4924056,4.924056,0.0011571764115752023,0.0009599603095321796,3
6745,20221018_110204.mat,4948334,4.948334,0.002393164237547012,0.0009599603095321796,3
6746,20221018_110204.mat,4957687,4.957687,0.0022084451931152294,0.0009599603095321796,3
6747,20221018_110204.mat,4959876,4.959876,0.001284042698117509,0.0009599603095321796,3
6748,20221018_110204.mat,4963856,4.963856,0.001761743982990474,0.0009599603095321796,3
6749,20221018_110204.mat,4964055,4.964055,0.0039034453989944323,0.0009599603095321796,3
6750,20221018_110204.mat,4970224,4.970224,0.0009888430530679518,0.0009599603095321796,3
6751,20221018_110204.mat,4988134,4.988134,0.001252528035263928,0.0009599603095321796,3
6752,20221018_110204.mat,4988333,4.988333,0.0011717946764285248,0.0009599603095321796,3
6753,20221018_110209.mat,7562,0.007562,0.0038253747270607895,0.000996748718054371,3
6754,20221018_110209.mat,7761,0.007761,0.004534130342876601,0.000996748718054371,3
6755,20221018_110209.mat,7960,0.00796,0.0010093288723233434,0.000996748718054371,3
6756,20221018_110209.mat,11542,0.011542,0.003656477500606547,0.000996748718054371,3
6757,20221018_110209.mat,20099,0.020099,0.0011060143575361066,0.000996748718054371,3
6758,20221018_110209.mat,29054,0.029054,0.005604868264398278,0.000996748718054371,3
6759,20221018_110209.mat,29253,0.029253,0.002266090948946343,0.000996748718054371,3
6760,20221018_110209.mat,30646,0.030646,0.020786044118573793,0.000996748718054371,3
6761,20221018_110209.mat,30845,0.030845,0.007967026268580289,0.000996748718054371,3
6762,20221018_110209.mat,31044,0.031044,0.0014572606787593778,0.000996748718054371,3
6763,20221018_110209.mat,31243,0.031243,0.009529900828164233,0.000996748718054371,3
6764,20221018_110209.mat,31442,0.031442,0.014926159806210593,0.000996748718054371,3
6765,20221018_110209.mat,31641,0.031641,0.0026379605088354507,0.000996748718054371,3
6766,20221018_110209.mat,33830,0.03383,0.00932992548757661,0.000996748718054371,3
6767,20221018_110209.mat,34029,0.034029,0.0011396935059109266,0.000996748718054371,3
6768,20221018_110209.mat,43382,0.043382,0.0015447479741478136,0.000996748718054371,3
6769,20221018_110209.mat,45770,0.04577,0.00741063396609006,0.000996748718054371,3
6770,20221018_110209.mat,45969,0.045969,0.0015827783408378065,0.000996748718054371,3
6771,20221018_110209.mat,46367,0.046367,0.00526893715023407,0.000996748718054371,3
6772,20221018_110209.mat,46566,0.046566,0.0021940508685484622,0.000996748718054371,3
6773,20221018_110209.mat,57312,0.057312,0.0015122052702471495,0.000996748718054371,3
6774,20221018_110209.mat,57511,0.057511,0.01650827281889496,0.000996748718054371,3
6775,20221018_110209.mat,57710,0.05771,0.0036683697643710637,0.000996748718054371,3
6776,20221018_110209.mat,58307,0.058307,0.02411246339286767,0.000996748718054371,3
6777,20221018_110209.mat,58506,0.058506,0.006726785192536084,0.000996748718054371,3
6778,20221018_110209.mat,58705,0.058705,0.0011674696611260731,0.000996748718054371,3
6779,20221018_110209.mat,62287,0.062287,0.0018101995870941881,0.000996748718054371,3
6780,20221018_110209.mat,65670,0.06567,0.002811201572361566,0.000996748718054371,3
6781,20221018_110209.mat,65869,0.065869,0.006834627250069353,0.000996748718054371,3
6782,20221018_110209.mat,66068,0.066068,0.009923292994476871,0.000996748718054371,3
6783,20221018_110209.mat,66267,0.066267,0.0017489947816165213,0.000996748718054371,3
6784,20221018_110209.mat,71242,0.071242,0.0026807063262974324,0.000996748718054371,3
6785,20221018_110209.mat,74824,0.074824,0.007770725204528731,0.000996748718054371,3
6786,20221018_110209.mat,75023,0.075023,0.003272738575916529,0.000996748718054371,3
6787,20221018_110209.mat,84177,0.084177,0.00291838619241344,0.000996748718054371,3
6788,20221018_110209.mat,84376,0.084376,0.0022787292271755563,0.000996748718054371,3
6789,20221018_110209.mat,89152,0.089152,0.001884605911060066,0.000996748718054371,3
6790,20221018_110209.mat,91142,0.091142,0.005385671652896769,0.000996748718054371,3
6791,20221018_110209.mat,91341,0.091341,0.0011418210577588488,0.000996748718054371,3
6792,20221018_110209.mat,96913,0.096913,0.006844819716263127,0.000996748718054371,3
6793,20221018_110209.mat,97112,0.097112,0.009877696947815522,0.000996748718054371,3
6794,20221018_110209.mat,97311,0.097311,0.030100579338727288,0.000996748718054371,3
6795,20221018_110209.mat,97510,0.09751,0.03624792618283441,0.000996748718054371,3
6796,20221018_110209.mat,97709,0.097709,0.005769497068103106,0.000996748718054371,3
6797,20221018_110209.mat,97908,0.097908,0.0015522824677371386,0.000996748718054371,3
6798,20221018_110209.mat,104873,0.104873,0.0012100519340075195,0.000996748718054371,3
6799,20221018_110209.mat,105072,0.105072,0.0015532624400386033,0.000996748718054371,3
6800,20221018_110209.mat,110246,0.110246,0.0019247389617417202,0.000996748718054371,3
6801,20221018_110209.mat,111241,0.111241,0.002758976648899645,0.000996748718054371,3
6802,20221018_110209.mat,115420,0.11542,0.001648225115984615,0.000996748718054371,3
6803,20221018_110209.mat,121589,0.121589,0.0018256033185558617,0.000996748718054371,3
6804,20221018_110209.mat,133529,0.133529,0.009599994878875131,0.000996748718054371,3
6805,20221018_110209.mat,133728,0.133728,0.004203345987060603,0.000996748718054371,3
6806,20221018_110209.mat,134922,0.134922,0.003964496783489359,0.000996748718054371,3
6807,20221018_110209.mat,144673,0.144673,0.0037168892015655625,0.000996748718054371,3
6808,20221018_110209.mat,144872,0.144872,0.008318742637449632,0.000996748718054371,3
6809,20221018_110209.mat,145071,0.145071,0.0013509471595506363,0.000996748718054371,3
6810,20221018_110209.mat,151240,0.15124,0.0011358679996824207,0.000996748718054371,3
6811,20221018_110209.mat,152036,0.152036,0.00378205946252012,0.000996748718054371,3
6812,20221018_110209.mat,155419,0.155419,0.00487311701014652,0.000996748718054371,3
6813,20221018_110209.mat,155618,0.155618,0.0016735476228402872,0.000996748718054371,3
6814,20221018_110209.mat,156215,0.156215,0.0032004833692417358,0.000996748718054371,3
6815,20221018_110209.mat,156414,0.156414,0.007230572852110133,0.000996748718054371,3
6816,20221018_110209.mat,156613,0.156613,0.004498220793144007,0.000996748718054371,3
6817,20221018_110209.mat,158802,0.158802,0.007996536867842206,0.000996748718054371,3
6818,20221018_110209.mat,159001,0.159001,0.001331088891554158,0.000996748718054371,3
6819,20221018_110209.mat,162583,0.162583,0.015333488229080863,0.000996748718054371,3
6820,20221018_110209.mat,162782,0.162782,0.01118684087048533,0.000996748718054371,3
6821,20221018_110209.mat,162981,0.162981,0.0018056529210463516,0.000996748718054371,3
6822,20221018_110209.mat,163180,0.16318,0.0009996555886477808,0.000996748718054371,3
6823,20221018_110209.mat,167956,0.167956,0.007077375776051057,0.000996748718054371,3
6824,20221018_110209.mat,168155,0.168155,0.0012526582147190646,0.000996748718054371,3
6825,20221018_110209.mat,172931,0.172931,0.018232506665773127,0.000996748718054371,3
6826,20221018_110209.mat,173130,0.17313,0.004121744886398065,0.000996748718054371,3
6827,20221018_110209.mat,173329,0.173329,0.0013093096179330294,0.000996748718054371,3
6828,20221018_110209.mat,173528,0.173528,0.0024593897977372614,0.000996748718054371,3
6829,20221018_110209.mat,179100,0.1791,0.004580737866725594,0.000996748718054371,3
6830,20221018_110209.mat,182085,0.182085,0.0012635674383230549,0.000996748718054371,3
6831,20221018_110209.mat,182284,0.182284,0.00134706631057807,0.000996748718054371,3
6832,20221018_110209.mat,183080,0.18308,0.004796952140176964,0.000996748718054371,3
6833,20221018_110209.mat,183279,0.183279,0.005145557287746319,0.000996748718054371,3
6834,20221018_110209.mat,187060,0.18706,0.0025635835916811467,0.000996748718054371,3
6835,20221018_110209.mat,190244,0.190244,0.0013021275385178353,0.000996748718054371,3
6836,20221018_110209.mat,193826,0.193826,0.0050927877355747084,0.000996748718054371,3
6837,20221018_110209.mat,203577,0.203577,0.004194809688679034,0.000996748718054371,3
6838,20221018_110209.mat,203776,0.203776,0.004674365254324323,0.000996748718054371,3
6839,20221018_110209.mat,205169,0.205169,0.009722851456462686,0.000996748718054371,3
6840,20221018_110209.mat,205368,0.205368,0.0020318393987339865,0.000996748718054371,3
6841,20221018_110209.mat,206562,0.206562,0.0012241920398462002,0.000996748718054371,3
6842,20221018_110209.mat,209348,0.209348,0.0012943066106173829,0.000996748718054371,3
6843,20221018_110209.mat,209547,0.209547,0.005469503165227444,0.000996748718054371,3
6844,20221018_110209.mat,209746,0.209746,0.0011936442884784336,0.000996748718054371,3
6845,20221018_110209.mat,210741,0.210741,0.0029232113448017837,0.000996748718054371,3
6846,20221018_110209.mat,210940,0.21094,0.0011494029110534502,0.000996748718054371,3
6847,20221018_110209.mat,211736,0.211736,0.001692433257177404,0.000996748718054371,3
6848,20221018_110209.mat,215716,0.215716,0.0026530853206372124,0.000996748718054371,3
6849,20221018_110209.mat,215915,0.215915,0.0012876439829019417,0.000996748718054371,3
6850,20221018_110209.mat,217706,0.217706,0.02423960294563927,0.000996748718054371,3
6851,20221018_110209.mat,217905,0.217905,0.004186869342914241,0.000996748718054371,3
6852,20221018_110209.mat,218303,0.218303,0.008685277831955539,0.000996748718054371,3
6853,20221018_110209.mat,218502,0.218502,0.0029685264768524837,0.000996748718054371,3
6854,20221018_110209.mat,219895,0.219895,0.001095320696167032,0.000996748718054371,3
6855,20221018_110209.mat,220094,0.220094,0.0010530582914443163,0.000996748718054371,3
6856,20221018_110209.mat,220890,0.22089,0.014031473225290898,0.000996748718054371,3
6857,20221018_110209.mat,221089,0.221089,0.005067976829327002,0.000996748718054371,3
6858,20221018_110209.mat,221288,0.221288,0.0011308253223982375,0.000996748718054371,3
6859,20221018_110209.mat,226860,0.22686,0.0029202322193927874,0.000996748718054371,3
6860,20221018_110209.mat,230243,0.230243,0.009714913450865116,0.000996748718054371,3
6861,20221018_110209.mat,230442,0.230442,0.002961120620331434,0.000996748718054371,3
6862,20221018_110209.mat,231238,0.231238,0.012139924339901173,0.000996748718054371,3
6863,20221018_110209.mat,231437,0.231437,0.001242074364590155,0.000996748718054371,3
6864,20221018_110209.mat,231636,0.231636,0.009522167528976987,0.000996748718054371,3
6865,20221018_110209.mat,231835,0.231835,0.002014190624573881,0.000996748718054371,3
6866,20221018_110209.mat,235417,0.235417,0.005796967249635162,0.000996748718054371,3
6867,20221018_110209.mat,235616,0.235616,0.0012327848403797148,0.000996748718054371,3
6868,20221018_110209.mat,236014,0.236014,0.08219702055939151,0.000996748718054371,3
6869,20221018_110209.mat,236213,0.236213,0.05022274555491068,0.000996748718054371,3
6870,20221018_110209.mat,236412,0.236412,0.011648848036461247,0.000996748718054371,3
6871,20221018_110209.mat,236611,0.236611,0.0024506467826767896,0.000996748718054371,3
6872,20221018_110209.mat,237805,0.237805,0.0036760663428346964,0.000996748718054371,3
6873,20221018_110209.mat,238004,0.238004,0.013057344825508682,0.000996748718054371,3
6874,20221018_110209.mat,238203,0.238203,0.0020347433414696493,0.000996748718054371,3
6875,20221018_110209.mat,238402,0.238402,0.008883758587322196,0.000996748718054371,3
6876,20221018_110209.mat,238601,0.238601,0.0037779374123267716,0.000996748718054371,3
6877,20221018_110209.mat,238800,0.2388,0.0010432443935067474,0.000996748718054371,3
6878,20221018_110209.mat,240193,0.240193,0.001989540354286021,0.000996748718054371,3
6879,20221018_110209.mat,245964,0.245964,0.0078011339265492965,0.000996748718054371,3
6880,20221018_110209.mat,246163,0.246163,0.008282103494831267,0.000996748718054371,3
6881,20221018_110209.mat,246362,0.246362,0.0015564170962115648,0.000996748718054371,3
6882,20221018_110209.mat,248750,0.24875,0.003640322821796607,0.000996748718054371,3
6883,20221018_110209.mat,248949,0.248949,0.0019379437006829742,0.000996748718054371,3
6884,20221018_110209.mat,254521,0.254521,0.005014249675169934,0.000996748718054371,3
6885,20221018_110209.mat,254720,0.25472,0.003454034066070902,0.000996748718054371,3
6886,20221018_110209.mat,254919,0.254919,0.001040642802525584,0.000996748718054371,3
6887,20221018_110209.mat,255715,0.255715,0.0057448194274371,0.000996748718054371,3
6888,20221018_110209.mat,255914,0.255914,0.002659899792626282,0.000996748718054371,3
6889,20221018_110209.mat,260690,0.26069,0.0020806660123754515,0.000996748718054371,3
6890,20221018_110209.mat,272829,0.272829,0.001456124638054717,0.000996748718054371,3
6891,20221018_110209.mat,277605,0.277605,0.0020202783037421533,0.000996748718054371,3
6892,20221018_110209.mat,284570,0.28457,0.0021135529288501035,0.000996748718054371,3
6893,20221018_110209.mat,284769,0.284769,0.0022843481053761976,0.000996748718054371,3
6894,20221018_110209.mat,285167,0.285167,0.007551536376139036,0.000996748718054371,3
6895,20221018_110209.mat,285366,0.285366,0.0011702715925455455,0.000996748718054371,3
6896,20221018_110209.mat,287754,0.287754,0.002704651757171984,0.000996748718054371,3
6897,20221018_110209.mat,288749,0.288749,0.001049182213251975,0.000996748718054371,3
6898,20221018_110209.mat,300888,0.300888,0.001306860612928866,0.000996748718054371,3
6899,20221018_110209.mat,304669,0.304669,0.0011614820768799559,0.000996748718054371,3
6900,20221018_110209.mat,304868,0.304868,0.0011596642685345279,0.000996748718054371,3
6901,20221018_110209.mat,306659,0.306659,0.004562239270369753,0.000996748718054371,3
6902,20221018_110209.mat,306858,0.306858,0.014273058724862347,0.000996748718054371,3
6903,20221018_110209.mat,307057,0.307057,0.0014529848316904427,0.000996748718054371,3
6904,20221018_110209.mat,307455,0.307455,0.0014871046376498474,0.000996748718054371,3
6905,20221018_110209.mat,319992,0.319992,0.0041318798419828825,0.000996748718054371,3
6906,20221018_110209.mat,320390,0.32039,0.007822763453539704,0.000996748718054371,3
6907,20221018_110209.mat,320589,0.320589,0.0013774989050220302,0.000996748718054371,3
6908,20221018_110209.mat,323972,0.323972,0.0020044942076430814,0.000996748718054371,3
6909,20221018_110209.mat,326559,0.326559,0.003378022635775709,0.000996748718054371,3
6910,20221018_110209.mat,326758,0.326758,0.0012853811531262722,0.000996748718054371,3
6911,20221018_110209.mat,329544,0.329544,0.0021484659016590755,0.000996748718054371,3
6912,20221018_110209.mat,329743,0.329743,0.004359002890867512,0.000996748718054371,3
6913,20221018_110209.mat,333126,0.333126,0.006600339930403611,0.000996748718054371,3
6914,20221018_110209.mat,333325,0.333325,0.0011123026632172022,0.000996748718054371,3
6915,20221018_110209.mat,333922,0.333922,0.00534548999925311,0.000996748718054371,3
6916,20221018_110209.mat,334121,0.334121,0.0010004277145963492,0.000996748718054371,3
6917,20221018_110209.mat,335514,0.335514,0.006927399955626951,0.000996748718054371,3
6918,20221018_110209.mat,335713,0.335713,0.0036019900468069748,0.000996748718054371,3
6919,20221018_110209.mat,336509,0.336509,0.006805945850202437,0.000996748718054371,3
6920,20221018_110209.mat,336708,0.336708,0.027315355727880665,0.000996748718054371,3
6921,20221018_110209.mat,336907,0.336907,0.006963561426957837,0.000996748718054371,3
6922,20221018_110209.mat,337106,0.337106,0.0018969803410205624,0.000996748718054371,3
6923,20221018_110209.mat,337703,0.337703,0.008674792341650375,0.000996748718054371,3
6924,20221018_110209.mat,337902,0.337902,0.007465625654605721,0.000996748718054371,3
6925,20221018_110209.mat,338101,0.338101,0.0015572323984212996,0.000996748718054371,3
6926,20221018_110209.mat,341484,0.341484,0.009276910543203164,0.000996748718054371,3
6927,20221018_110209.mat,341683,0.341683,0.0018585411369534015,0.000996748718054371,3
6928,20221018_110209.mat,343275,0.343275,0.0020299980699434923,0.000996748718054371,3
6929,20221018_110209.mat,345265,0.345265,0.0010956331566782376,0.000996748718054371,3
6930,20221018_110209.mat,345464,0.345464,0.005468582740126897,0.000996748718054371,3
6931,20221018_110209.mat,345663,0.345663,0.001222965285861122,0.000996748718054371,3
6932,20221018_110209.mat,345862,0.345862,0.009278147239879252,0.000996748718054371,3
6933,20221018_110209.mat,346061,0.346061,0.0023704335742590348,0.000996748718054371,3
6934,20221018_110209.mat,347255,0.347255,0.0021302735211113275,0.000996748718054371,3
6935,20221018_110209.mat,347454,0.347454,0.0011394331634968118,0.000996748718054371,3
6936,20221018_110209.mat,348847,0.348847,0.012266420717198256,0.000996748718054371,3
6937,20221018_110209.mat,349046,0.349046,0.003841947411490639,0.000996748718054371,3
6938,20221018_110209.mat,349643,0.349643,0.0017485210567047306,0.000996748718054371,3
6939,20221018_110209.mat,349842,0.349842,0.006045327471079922,0.000996748718054371,3
6940,20221018_110209.mat,350041,0.350041,0.0034559364860138483,0.000996748718054371,3
6941,20221018_110209.mat,350837,0.350837,0.001786312837695419,0.000996748718054371,3
6942,20221018_110209.mat,351434,0.351434,0.014803954501258931,0.000996748718054371,3
6943,20221018_110209.mat,351633,0.351633,0.007997424193895122,0.000996748718054371,3
6944,20221018_110209.mat,351832,0.351832,0.0033026337130626178,0.000996748718054371,3
6945,20221018_110209.mat,352031,0.352031,0.008945859747787808,0.000996748718054371,3
6946,20221018_110209.mat,352230,0.35223,0.0014542476582157147,0.000996748718054371,3
6947,20221018_110209.mat,353424,0.353424,0.007903419658200819,0.000996748718054371,3
6948,20221018_110209.mat,353623,0.353623,0.018546252583486335,0.000996748718054371,3
6949,20221018_110209.mat,353822,0.353822,0.003159974063459806,0.000996748718054371,3
6950,20221018_110209.mat,354021,0.354021,0.01022574024457553,0.000996748718054371,3
6951,20221018_110209.mat,354220,0.35422,0.00429767949639528,0.000996748718054371,3
6952,20221018_110209.mat,354419,0.354419,0.0217158268214784,0.000996748718054371,3
6953,20221018_110209.mat,354618,0.354618,0.017528606277538453,0.000996748718054371,3
6954,20221018_110209.mat,354817,0.354817,0.017761254543972566,0.000996748718054371,3
6955,20221018_110209.mat,355016,0.355016,0.008275615753531109,0.000996748718054371,3
6956,20221018_110209.mat,355215,0.355215,0.0038680936000758835,0.000996748718054371,3
6957,20221018_110209.mat,355414,0.355414,0.003086521081589272,0.000996748718054371,3
6958,20221018_110209.mat,356210,0.35621,0.003026366471076867,0.000996748718054371,3
6959,20221018_110209.mat,356409,0.356409,0.0021643029487102322,0.000996748718054371,3
6960,20221018_110209.mat,357603,0.357603,0.005303150599778885,0.000996748718054371,3
6961,20221018_110209.mat,357802,0.357802,0.00931365015090835,0.000996748718054371,3
6962,20221018_110209.mat,358001,0.358001,0.015615697406299613,0.000996748718054371,3
6963,20221018_110209.mat,358200,0.3582,0.0018084907025554427,0.000996748718054371,3
6964,20221018_110209.mat,358598,0.358598,0.004274660635987688,0.000996748718054371,3
6965,20221018_110209.mat,358797,0.358797,0.00789466577873132,0.000996748718054371,3
6966,20221018_110209.mat,358996,0.358996,0.011405990435761605,0.000996748718054371,3
6967,20221018_110209.mat,359195,0.359195,0.0056371200307204486,0.000996748718054371,3
6968,20221018_110209.mat,359394,0.359394,0.009392521938040046,0.000996748718054371,3
6969,20221018_110209.mat,359593,0.359593,0.0011626004390720554,0.000996748718054371,3
6970,20221018_110209.mat,360588,0.360588,0.002549672213240664,0.000996748718054371,3
6971,20221018_110209.mat,360787,0.360787,0.0031314844501259356,0.000996748718054371,3
6972,20221018_110209.mat,360986,0.360986,0.0011586879148258538,0.000996748718054371,3
6973,20221018_110209.mat,362379,0.362379,0.0010812071600047818,0.000996748718054371,3
6974,20221018_110209.mat,362578,0.362578,0.004297953910311984,0.000996748718054371,3
6975,20221018_110209.mat,362976,0.362976,0.003734501426251728,0.000996748718054371,3
6976,20221018_110209.mat,363175,0.363175,0.0014615203710939865,0.000996748718054371,3
6977,20221018_110209.mat,363772,0.363772,0.0021113242882245162,0.000996748718054371,3
6978,20221018_110209.mat,364170,0.36417,0.005390281531202759,0.000996748718054371,3
6979,20221018_110209.mat,364369,0.364369,0.0021455558772484964,0.000996748718054371,3
6980,20221018_110209.mat,366160,0.36616,0.0033757612842059822,0.000996748718054371,3
6981,20221018_110209.mat,366359,0.366359,0.009641581844483917,0.000996748718054371,3
6982,20221018_110209.mat,366558,0.366558,0.010490773022096073,0.000996748718054371,3
6983,20221018_110209.mat,366757,0.366757,0.0035766042098868502,0.000996748718054371,3
6984,20221018_110209.mat,367155,0.367155,0.0035573776723039434,0.000996748718054371,3
6985,20221018_110209.mat,367354,0.367354,0.020419709072471735,0.000996748718054371,3
6986,20221018_110209.mat,367553,0.367553,0.0032089735315150823,0.000996748718054371,3
6987,20221018_110209.mat,367752,0.367752,0.005304486042072726,0.000996748718054371,3
6988,20221018_110209.mat,367951,0.367951,0.003066835036433897,0.000996748718054371,3
6989,20221018_110209.mat,369941,0.369941,0.004239255859001755,0.000996748718054371,3
6990,20221018_110209.mat,370140,0.37014,0.0033425067229385466,0.000996748718054371,3
6991,20221018_110209.mat,370737,0.370737,0.0020959029073617254,0.000996748718054371,3
6992,20221018_110209.mat,371931,0.371931,0.002973623561320107,0.000996748718054371,3
6993,20221018_110209.mat,372130,0.37213,0.0012471387177473861,0.000996748718054371,3
6994,20221018_110209.mat,373125,0.373125,0.002231575406886969,0.000996748718054371,3
6995,20221018_110209.mat,373722,0.373722,0.0028313958918913433,0.000996748718054371,3
6996,20221018_110209.mat,373921,0.373921,0.001067385889588697,0.000996748718054371,3
6997,20221018_110209.mat,385662,0.385662,0.004454633596658807,0.000996748718054371,3
6998,20221018_110209.mat,385861,0.385861,0.001311860657214711,0.000996748718054371,3
6999,20221018_110209.mat,386856,0.386856,0.00620705374714071,0.000996748718054371,3
7000,20221018_110209.mat,387055,0.387055,0.0024070236222932485,0.000996748718054371,3
7001,20221018_110209.mat,393025,0.393025,0.0034270599239631795,0.000996748718054371,3
7002,20221018_110209.mat,393224,0.393224,0.003659347048519635,0.000996748718054371,3
7003,20221018_110209.mat,393423,0.393423,0.0019362658757464363,0.000996748718054371,3
7004,20221018_110209.mat,396010,0.39601,0.013439820749660727,0.000996748718054371,3
7005,20221018_110209.mat,396209,0.396209,0.0074322519622087605,0.000996748718054371,3
7006,20221018_110209.mat,396408,0.396408,0.009243850003679405,0.000996748718054371,3
7007,20221018_110209.mat,396607,0.396607,0.016116669214560064,0.000996748718054371,3
7008,20221018_110209.mat,396806,0.396806,0.0025743254102640304,0.000996748718054371,3
7009,20221018_110209.mat,398597,0.398597,0.00919855910888222,0.000996748718054371,3
7010,20221018_110209.mat,398796,0.398796,0.004227996002578196,0.000996748718054371,3
7011,20221018_110209.mat,398995,0.398995,0.0010601267899566402,0.000996748718054371,3
7012,20221018_110209.mat,399393,0.399393,0.0020901054501352924,0.000996748718054371,3
7013,20221018_110209.mat,400985,0.400985,0.0034687920941301807,0.000996748718054371,3
7014,20221018_110209.mat,401184,0.401184,0.001562479299175056,0.000996748718054371,3
7015,20221018_110209.mat,402378,0.402378,0.003522355216244438,0.000996748718054371,3
7016,20221018_110209.mat,402577,0.402577,0.001640255856749741,0.000996748718054371,3
7017,20221018_110209.mat,403174,0.403174,0.0016073256942961947,0.000996748718054371,3
7018,20221018_110209.mat,403373,0.403373,0.006522596185081793,0.000996748718054371,3
7019,20221018_110209.mat,403572,0.403572,0.0012816829017418786,0.000996748718054371,3
7020,20221018_110209.mat,403970,0.40397,0.0019319519673491837,0.000996748718054371,3
7021,20221018_110209.mat,404169,0.404169,0.0066151074363087385,0.000996748718054371,3
7022,20221018_110209.mat,404368,0.404368,0.01175852411013357,0.000996748718054371,3
7023,20221018_110209.mat,404567,0.404567,0.1185610942994286,0.000996748718054371,3
7024,20221018_110209.mat,404766,0.404766,0.08471755759158263,0.000996748718054371,3
7025,20221018_110209.mat,404965,0.404965,0.021760305633835457,0.000996748718054371,3
7026,20221018_110209.mat,405164,0.405164,0.0051593013125113656,0.000996748718054371,3
7027,20221018_110209.mat,405363,0.405363,0.01921562089552556,0.000996748718054371,3
7028,20221018_110209.mat,405562,0.405562,0.017938539491104955,0.000996748718054371,3
7029,20221018_110209.mat,405761,0.405761,0.014782494462640966,0.000996748718054371,3
7030,20221018_110209.mat,405960,0.40596,0.004474322755022042,0.000996748718054371,3
7031,20221018_110209.mat,406159,0.406159,0.0026592531515171798,0.000996748718054371,3
7032,20221018_110209.mat,406358,0.406358,0.0010339177862365688,0.000996748718054371,3
7033,20221018_110209.mat,406557,0.406557,0.012477144295223334,0.000996748718054371,3
7034,20221018_110209.mat,406756,0.406756,0.00202781749982073,0.000996748718054371,3
7035,20221018_110209.mat,407353,0.407353,0.009835305597907728,0.000996748718054371,3
7036,20221018_110209.mat,407552,0.407552,0.012777272854590956,0.000996748718054371,3
7037,20221018_110209.mat,407751,0.407751,0.01056074525805418,0.000996748718054371,3
7038,20221018_110209.mat,407950,0.40795,0.0017197308214458333,0.000996748718054371,3
7039,20221018_110209.mat,408945,0.408945,0.006223700499953886,0.000996748718054371,3
7040,20221018_110209.mat,409144,0.409144,0.005447656279850352,0.000996748718054371,3
7041,20221018_110209.mat,409343,0.409343,0.0031244621027100854,0.000996748718054371,3
7042,20221018_110209.mat,409542,0.409542,0.0011056873640798014,0.000996748718054371,3
7043,20221018_110209.mat,411134,0.411134,0.0069868273559040425,0.000996748718054371,3
7044,20221018_110209.mat,411333,0.411333,0.0011719297612279602,0.000996748718054371,3
7045,20221018_110209.mat,411930,0.41193,0.0015237405485007734,0.000996748718054371,3
7046,20221018_110209.mat,412129,0.412129,0.005173665128353436,0.000996748718054371,3
7047,20221018_110209.mat,412328,0.412328,0.0029634319737138755,0.000996748718054371,3
7048,20221018_110209.mat,412726,0.412726,0.005121737772180049,0.000996748718054371,3
7049,20221018_110209.mat,412925,0.412925,0.0032243504654576906,0.000996748718054371,3
7050,20221018_110209.mat,413323,0.413323,0.008315513432133858,0.000996748718054371,3
7051,20221018_110209.mat,413522,0.413522,0.00589831739946361,0.000996748718054371,3
7052,20221018_110209.mat,413721,0.413721,0.00857439431425302,0.000996748718054371,3
7053,20221018_110209.mat,413920,0.41392,0.02073593437000766,0.000996748718054371,3
7054,20221018_110209.mat,414119,0.414119,0.00906225952197462,0.000996748718054371,3
7055,20221018_110209.mat,414318,0.414318,0.005146880183272804,0.000996748718054371,3
7056,20221018_110209.mat,414517,0.414517,0.006367089234043736,0.000996748718054371,3
7057,20221018_110209.mat,414716,0.414716,0.03361208245744759,0.000996748718054371,3
7058,20221018_110209.mat,414915,0.414915,0.15524908288579797,0.000996748718054371,3
7059,20221018_110209.mat,415114,0.415114,0.07607956255994183,0.000996748718054371,3
7060,20221018_110209.mat,415313,0.415313,0.03495461081710372,0.000996748718054371,3
7061,20221018_110209.mat,415512,0.415512,0.017189414129191408,0.000996748718054371,3
7062,20221018_110209.mat,415711,0.415711,0.91871117015919,0.000996748718054371,3
7063,20221018_110209.mat,415910,0.41591,0.5716371091495741,0.000996748718054371,3
7064,20221018_110209.mat,416109,0.416109,0.1327380450789178,0.000996748718054371,3
7065,20221018_110209.mat,416308,0.416308,0.05113794976846222,0.000996748718054371,3
7066,20221018_110209.mat,416507,0.416507,0.01276101976864674,0.000996748718054371,3
7067,20221018_110209.mat,416706,0.416706,0.0025667324006092207,0.000996748718054371,3
7068,20221018_110209.mat,416905,0.416905,0.001566059390368024,0.000996748718054371,3
7069,20221018_110209.mat,419890,0.41989,0.003604801733155119,0.000996748718054371,3
7070,20221018_110209.mat,422079,0.422079,0.001202726467439523,0.000996748718054371,3
7071,20221018_110209.mat,422278,0.422278,0.0014206668111225345,0.000996748718054371,3
7072,20221018_110209.mat,425263,0.425263,0.0021650219074488878,0.000996748718054371,3
7073,20221018_110209.mat,425462,0.425462,0.001188867709093097,0.000996748718054371,3
7074,20221018_110209.mat,429243,0.429243,0.01023169800097681,0.000996748718054371,3
7075,20221018_110209.mat,429442,0.429442,0.010692193795760429,0.000996748718054371,3
7076,20221018_110209.mat,429840,0.42984,0.0026019038528070316,0.000996748718054371,3
7077,20221018_110209.mat,436407,0.436407,0.0011760533468230046,0.000996748718054371,3
7078,20221018_110209.mat,447153,0.447153,0.00666929617325908,0.000996748718054371,3
7079,20221018_110209.mat,447352,0.447352,0.004431616955092967,0.000996748718054371,3
7080,20221018_110209.mat,450536,0.450536,0.013137761893731394,0.000996748718054371,3
7081,20221018_110209.mat,450735,0.450735,0.0051475265612288415,0.000996748718054371,3
7082,20221018_110209.mat,450934,0.450934,0.0011755826986281084,0.000996748718054371,3
7083,20221018_110209.mat,464068,0.464068,0.006491043731867044,0.000996748718054371,3
7084,20221018_110209.mat,464267,0.464267,0.01150728255153503,0.000996748718054371,3
7085,20221018_110209.mat,464466,0.464466,0.0019504328154415266,0.000996748718054371,3
7086,20221018_110209.mat,475013,0.475013,0.001674605361739504,0.000996748718054371,3
7087,20221018_110209.mat,475212,0.475212,0.002751337017724703,0.000996748718054371,3
7088,20221018_110209.mat,478197,0.478197,0.003275965111692462,0.000996748718054371,3
7089,20221018_110209.mat,478396,0.478396,0.0022253474029977475,0.000996748718054371,3
7090,20221018_110209.mat,478595,0.478595,0.001017658601060137,0.000996748718054371,3
7091,20221018_110209.mat,485560,0.48556,0.0177600532705026,0.000996748718054371,3
7092,20221018_110209.mat,485759,0.485759,0.005025367392503878,0.000996748718054371,3
7093,20221018_110209.mat,507450,0.50745,0.007586987046888504,0.000996748718054371,3
7094,20221018_110209.mat,507649,0.507649,0.001540116624031079,0.000996748718054371,3
7095,20221018_110209.mat,514415,0.514415,0.0012233717094640368,0.000996748718054371,3
7096,20221018_110209.mat,515609,0.515609,0.015754143533444478,0.000996748718054371,3
7097,20221018_110209.mat,515808,0.515808,0.006950759190183243,0.000996748718054371,3
7098,20221018_110209.mat,516007,0.516007,0.0025141961503433318,0.000996748718054371,3
7099,20221018_110209.mat,526156,0.526156,0.002970358829805823,0.000996748718054371,3
7100,20221018_110209.mat,526355,0.526355,0.0014794211899212797,0.000996748718054371,3
7101,20221018_110209.mat,529539,0.529539,0.0025422381878180216,0.000996748718054371,3
7102,20221018_110209.mat,529738,0.529738,0.0030055403832499727,0.000996748718054371,3
7103,20221018_110209.mat,530335,0.530335,0.0016930992896191778,0.000996748718054371,3
7104,20221018_110209.mat,541678,0.541678,0.0054379683035900225,0.000996748718054371,3
7105,20221018_110209.mat,541877,0.541877,0.002459030453429918,0.000996748718054371,3
7106,20221018_110209.mat,549837,0.549837,0.005531948461072677,0.000996748718054371,3
7107,20221018_110209.mat,550036,0.550036,0.001365886270787239,0.000996748718054371,3
7108,20221018_110209.mat,564762,0.564762,0.002430322987125414,0.000996748718054371,3
7109,20221018_110209.mat,564961,0.564961,0.0010642286609277962,0.000996748718054371,3
7110,20221018_110209.mat,575707,0.575707,0.0012681335626687066,0.000996748718054371,3
7111,20221018_110209.mat,583269,0.583269,0.024424555608408484,0.000996748718054371,3
7112,20221018_110209.mat,583468,0.583468,0.0037254824654396005,0.000996748718054371,3
7113,20221018_110209.mat,600184,0.600184,0.001169377276676381,0.000996748718054371,3
7114,20221018_110209.mat,602970,0.60297,0.004784312617241644,0.000996748718054371,3
7115,20221018_110209.mat,603169,0.603169,0.0018067400262442267,0.000996748718054371,3
7116,20221018_110209.mat,608144,0.608144,0.0014952477126578573,0.000996748718054371,3
7117,20221018_110209.mat,646949,0.646949,0.005056489753179586,0.000996748718054371,3
7118,20221018_110209.mat,647148,0.647148,0.0084034005072828,0.000996748718054371,3
7119,20221018_110209.mat,647347,0.647347,0.0022258462007883765,0.000996748718054371,3
7120,20221018_110209.mat,682570,0.68257,0.0016113190885979943,0.000996748718054371,3
7121,20221018_110209.mat,682769,0.682769,0.003065703731984534,0.000996748718054371,3
7122,20221018_110209.mat,685356,0.685356,0.0011262467956181627,0.000996748718054371,3
7123,20221018_110209.mat,687147,0.687147,0.0018257439351242082,0.000996748718054371,3
7124,20221018_110209.mat,692122,0.692122,0.002078767343051594,0.000996748718054371,3
7125,20221018_110209.mat,692321,0.692321,0.0014540205082347825,0.000996748718054371,3
7126,20221018_110209.mat,714410,0.71441,0.0010286627926012317,0.000996748718054371,3
7127,20221018_110209.mat,738489,0.738489,0.0011861599564286405,0.000996748718054371,3
7128,20221018_110209.mat,747046,0.747046,0.0017454238317418723,0.000996748718054371,3
7129,20221018_110209.mat,747245,0.747245,0.0011434485581999665,0.000996748718054371,3
7130,20221018_110209.mat,771523,0.771523,0.0012414420804951363,0.000996748718054371,3
7131,20221018_110209.mat,781274,0.781274,0.0019351849450003622,0.000996748718054371,3
7132,20221018_110209.mat,790826,0.790826,0.002921300864605043,0.000996748718054371,3
7133,20221018_110209.mat,816298,0.816298,0.0069289236146365145,0.000996748718054371,3
7134,20221018_110209.mat,816497,0.816497,0.0012871577442309596,0.000996748718054371,3
7135,20221018_110209.mat,833014,0.833014,0.0029343403830578495,0.000996748718054371,3
7136,20221018_110209.mat,833213,0.833213,0.0016952580615226813,0.000996748718054371,3
7137,20221018_110209.mat,872018,0.872018,0.00231976072384127,0.000996748718054371,3
7138,20221018_110209.mat,879182,0.879182,0.00331808708148076,0.000996748718054371,3
7139,20221018_110209.mat,908236,0.908236,0.00167426969446981,0.000996748718054371,3
7140,20221018_110209.mat,908435,0.908435,0.001068281432264665,0.000996748718054371,3
7141,20221018_110209.mat,912813,0.912813,0.000996803309809197,0.000996748718054371,3
7142,20221018_110209.mat,915002,0.915002,0.0012471830367836848,0.000996748718054371,3
7143,20221018_110209.mat,915201,0.915201,0.0012157461169392395,0.000996748718054371,3
7144,20221018_110209.mat,920972,0.920972,0.005954859026206233,0.000996748718054371,3
7145,20221018_110209.mat,921171,0.921171,0.0015785083660500908,0.000996748718054371,3
7146,20221018_110209.mat,940076,0.940076,0.0019075448236685797,0.000996748718054371,3
7147,20221018_110209.mat,951220,0.95122,0.005058898304778394,0.000996748718054371,3
7148,20221018_110209.mat,951419,0.951419,0.005278270804162542,0.000996748718054371,3
7149,20221018_110209.mat,951618,0.951618,0.0013561831630537783,0.000996748718054371,3
7150,20221018_110209.mat,960573,0.960573,0.0010706308447301785,0.000996748718054371,3
7151,20221018_110209.mat,973707,0.973707,0.005471050394253028,0.000996748718054371,3
7152,20221018_110209.mat,973906,0.973906,0.0049512341787928,0.000996748718054371,3
7153,20221018_110209.mat,974105,0.974105,0.0011803295390001149,0.000996748718054371,3
7154,20221018_110209.mat,979478,0.979478,0.0033681585704144197,0.000996748718054371,3
7155,20221018_110209.mat,979677,0.979677,0.003989893707644399,0.000996748718054371,3
7156,20221018_110209.mat,979876,0.979876,0.001038985659416652,0.000996748718054371,3
7157,20221018_110209.mat,980871,0.980871,0.0037330421176817816,0.000996748718054371,3
7158,20221018_110209.mat,998980,0.99898,0.003505993676645373,0.000996748718054371,3
7159,20221018_110209.mat,999179,0.999179,0.0015029187083651443,0.000996748718054371,3
7160,20221018_110209.mat,1008333,1.008333,0.0011377352432048586,0.000996748718054371,3
7161,20221018_110209.mat,1010721,1.010721,0.0010116236365103233,0.000996748718054371,3
7162,20221018_110209.mat,1026243,1.026243,0.0010662407334449328,0.000996748718054371,3
7163,20221018_110209.mat,1029626,1.029626,0.0023697696291122916,0.000996748718054371,3
7164,20221018_110209.mat,1031616,1.031616,0.002098399289909059,0.000996748718054371,3
7165,20221018_110209.mat,1031815,1.031815,0.002117768448146173,0.000996748718054371,3
7166,20221018_110209.mat,1034004,1.034004,0.0019462733212636065,0.000996748718054371,3
7167,20221018_110209.mat,1049526,1.049526,0.0010841451251506124,0.000996748718054371,3
7168,20221018_110209.mat,1055496,1.055496,0.012438516171784935,0.000996748718054371,3
7169,20221018_110209.mat,1055695,1.055695,0.006155678309471871,0.000996748718054371,3
7170,20221018_110209.mat,1055894,1.055894,0.0015817619237314454,0.000996748718054371,3
7171,20221018_110209.mat,1066839,1.066839,0.0011163428668543125,0.000996748718054371,3
7172,20221018_110209.mat,1067038,1.067038,0.001516152063433211,0.000996748718054371,3
7173,20221018_110209.mat,1078381,1.078381,0.001033656895224642,0.000996748718054371,3
7174,20221018_110209.mat,1083754,1.083754,0.0010686909115535867,0.000996748718054371,3
7175,20221018_110209.mat,1101664,1.101664,0.0041267980475104896,0.000996748718054371,3
7176,20221018_110209.mat,1103853,1.103853,0.0014842646007111942,0.000996748718054371,3
7177,20221018_110209.mat,1104052,1.104052,0.0019134539366232692,0.000996748718054371,3
7178,20221018_110209.mat,1117186,1.117186,0.0010035471068855337,0.000996748718054371,3
7179,20221018_110209.mat,1121763,1.121763,0.0011053464174536516,0.000996748718054371,3
7180,20221018_110209.mat,1125146,1.125146,0.0015194771271731032,0.000996748718054371,3
7181,20221018_110209.mat,1125345,1.125345,0.0016876841629560665,0.000996748718054371,3
7182,20221018_110209.mat,1127733,1.127733,0.003318387014305077,0.000996748718054371,3
7183,20221018_110209.mat,1127932,1.127932,0.001916870113664118,0.000996748718054371,3
7184,20221018_110209.mat,1130917,1.130917,0.0016179319887878012,0.000996748718054371,3
7185,20221018_110209.mat,1132509,1.132509,0.4607428096349597,0.000996748718054371,3
7186,20221018_110209.mat,1132708,1.132708,0.09185780270575532,0.000996748718054371,3
7187,20221018_110209.mat,1132907,1.132907,0.01618959136010984,0.000996748718054371,3
7188,20221018_110209.mat,1133106,1.133106,0.004519186153745396,0.000996748718054371,3
7189,20221018_110209.mat,1133305,1.133305,0.0012927057353786385,0.000996748718054371,3
7190,20221018_110209.mat,1133902,1.133902,0.011032783023664967,0.000996748718054371,3
7191,20221018_110209.mat,1134101,1.134101,0.0014030715228283792,0.000996748718054371,3
7192,20221018_110209.mat,1139872,1.139872,0.005510993386197784,0.000996748718054371,3
7193,20221018_110209.mat,1140071,1.140071,0.008608572596165672,0.000996748718054371,3
7194,20221018_110209.mat,1140270,1.14027,0.001566089794308527,0.000996748718054371,3
7195,20221018_110209.mat,1140668,1.140668,0.0012830577602005555,0.000996748718054371,3
7196,20221018_110209.mat,1148827,1.148827,0.001165336933129714,0.000996748718054371,3
7197,20221018_110209.mat,1152608,1.152608,0.015536651674027258,0.000996748718054371,3
7198,20221018_110209.mat,1152807,1.152807,0.01173338444581882,0.000996748718054371,3
7199,20221018_110209.mat,1168329,1.168329,0.02600927761301841,0.000996748718054371,3
7200,20221018_110209.mat,1168528,1.168528,0.002665567605699837,0.000996748718054371,3
7201,20221018_110209.mat,1168727,1.168727,0.0011414264366552643,0.000996748718054371,3
7202,20221018_110209.mat,1176886,1.176886,0.0010010748556023945,0.000996748718054371,3
7203,20221018_110209.mat,1191811,1.191811,0.009537080991914913,0.000996748718054371,3
7204,20221018_110209.mat,1192010,1.19201,0.004987668697426888,0.000996748718054371,3
7205,20221018_110209.mat,1192209,1.192209,0.0012167300486369767,0.000996748718054371,3
7206,20221018_110209.mat,1201562,1.201562,0.0013963011962882929,0.000996748718054371,3
7207,20221018_110209.mat,1201761,1.201761,0.00107234714295631,0.000996748718054371,3
7208,20221018_110209.mat,1206935,1.206935,0.0010047637191768963,0.000996748718054371,3
7209,20221018_110209.mat,1214497,1.214497,0.01517217906788909,0.000996748718054371,3
7210,20221018_110209.mat,1214696,1.214696,0.0019183594044426765,0.000996748718054371,3
7211,20221018_110209.mat,1239372,1.239372,0.0017200878154612555,0.000996748718054371,3
7212,20221018_110209.mat,1240765,1.240765,0.0015836362104960687,0.000996748718054371,3
7213,20221018_110209.mat,1240964,1.240964,0.002285721641379782,0.000996748718054371,3
7214,20221018_110209.mat,1268028,1.268028,0.001314688411282586,0.000996748718054371,3
7215,20221018_110209.mat,1268227,1.268227,0.0011628286784122607,0.000996748718054371,3
7216,20221018_110209.mat,1278575,1.278575,0.0017493966235376942,0.000996748718054371,3
7217,20221018_110209.mat,1281958,1.281958,0.0013898812426286443,0.000996748718054371,3
7218,20221018_110209.mat,1316584,1.316584,0.0019528101246379982,0.000996748718054371,3
7219,20221018_110209.mat,1316783,1.316783,0.002646087958559243,0.000996748718054371,3
7220,20221018_110209.mat,1342653,1.342653,0.002441250998755947,0.000996748718054371,3
7221,20221018_110209.mat,1348225,1.348225,0.001061294857894474,0.000996748718054371,3
7222,20221018_110209.mat,1348623,1.348623,0.0010700338619817522,0.000996748718054371,3
7223,20221018_110209.mat,1360961,1.360961,0.00145611274720619,0.000996748718054371,3
7224,20221018_110209.mat,1378672,1.378672,0.017093261201588356,0.000996748718054371,3
7225,20221018_110209.mat,1378871,1.378871,0.0034805408915692744,0.000996748718054371,3
7226,20221018_110209.mat,1379070,1.37907,0.0010295215137142853,0.000996748718054371,3
7227,20221018_110209.mat,1395985,1.395985,0.034761009747120944,0.000996748718054371,3
7228,20221018_110209.mat,1396184,1.396184,0.007535780838097413,0.000996748718054371,3
7229,20221018_110209.mat,1396383,1.396383,0.0012840559780735862,0.000996748718054371,3
7230,20221018_110209.mat,1458869,1.458869,0.0010287712238310374,0.000996748718054371,3
7231,20221018_110209.mat,1462252,1.462252,0.0019224920017616302,0.000996748718054371,3
7232,20221018_110209.mat,1462451,1.462451,0.001488804896371419,0.000996748718054371,3
7233,20221018_110209.mat,1489117,1.489117,0.00886793111930367,0.000996748718054371,3
7234,20221018_110209.mat,1489316,1.489316,0.001961603387618441,0.000996748718054371,3
7235,20221018_110209.mat,1495684,1.495684,0.0011245935128321855,0.000996748718054371,3
7236,20221018_110209.mat,1499266,1.499266,0.0013650257142408676,0.000996748718054371,3
7237,20221018_110209.mat,1510808,1.510808,0.001579588640973141,0.000996748718054371,3
7238,20221018_110209.mat,1535086,1.535086,0.002432051395668248,0.000996748718054371,3
7239,20221018_110209.mat,1586627,1.586627,0.0014964430569969819,0.000996748718054371,3
7240,20221018_110209.mat,1588816,1.588816,0.003982322306121134,0.000996748718054371,3
7241,20221018_110209.mat,1590209,1.590209,0.001474005822090488,0.000996748718054371,3
7242,20221018_110209.mat,1590408,1.590408,0.0012869111924314705,0.000996748718054371,3
7243,20221018_110209.mat,1634984,1.634984,0.0009983817263882104,0.000996748718054371,3
7244,20221018_110209.mat,1653292,1.653292,0.0010353434721083281,0.000996748718054371,3
7245,20221018_110209.mat,1671003,1.671003,0.009562887867813721,0.000996748718054371,3
7246,20221018_110209.mat,1671202,1.671202,0.003658640247579044,0.000996748718054371,3
7247,20221018_110209.mat,1671998,1.671998,0.004188288425479471,0.000996748718054371,3
7248,20221018_110209.mat,1672197,1.672197,0.0019597839073609846,0.000996748718054371,3
7249,20221018_110209.mat,1683341,1.683341,0.001152428215579158,0.000996748718054371,3
7250,20221018_110209.mat,1693689,1.693689,0.011132648900909382,0.000996748718054371,3
7251,20221018_110209.mat,1693888,1.693888,0.0057768792735629305,0.000996748718054371,3
7252,20221018_110209.mat,1694087,1.694087,0.0012551957340085514,0.000996748718054371,3
7253,20221018_110209.mat,1705032,1.705032,0.011971256440573393,0.000996748718054371,3
7254,20221018_110209.mat,1705231,1.705231,0.006627801276395345,0.000996748718054371,3
7255,20221018_110209.mat,1749807,1.749807,0.0015060875074635704,0.000996748718054371,3
7256,20221018_110209.mat,1765130,1.76513,0.00460526991735196,0.000996748718054371,3
7257,20221018_110209.mat,1765329,1.765329,0.0012014741937448035,0.000996748718054371,3
7258,20221018_110209.mat,1783836,1.783836,0.0064336448194343985,0.000996748718054371,3
7259,20221018_110209.mat,1784035,1.784035,0.0017116116606706794,0.000996748718054371,3
7260,20221018_110209.mat,1784234,1.784234,0.0010134365852137726,0.000996748718054371,3
7261,20221018_110209.mat,1831795,1.831795,0.006951707867273852,0.000996748718054371,3
7262,20221018_110209.mat,1831994,1.831994,0.003597659280175105,0.000996748718054371,3
7263,20221018_110209.mat,1843536,1.843536,0.01304677817177278,0.000996748718054371,3
7264,20221018_110209.mat,1843735,1.843735,0.011159539621743078,0.000996748718054371,3
7265,20221018_110209.mat,1843934,1.843934,0.001094955843173052,0.000996748718054371,3
7266,20221018_110209.mat,1856670,1.85667,0.003643403963672011,0.000996748718054371,3
7267,20221018_110209.mat,1856869,1.856869,0.001665254086630565,0.000996748718054371,3
7268,20221018_110209.mat,1876570,1.87657,0.005329142046415651,0.000996748718054371,3
7269,20221018_110209.mat,1876769,1.876769,0.001144974293016805,0.000996748718054371,3
7270,20221018_110209.mat,1888311,1.888311,0.0020917888157681802,0.000996748718054371,3
7271,20221018_110209.mat,1888510,1.88851,0.0012982192449928606,0.000996748718054371,3
7272,20221018_110209.mat,1897266,1.897266,0.0012457006957673508,0.000996748718054371,3
7273,20221018_110209.mat,1950399,1.950399,0.003371789752560501,0.000996748718054371,3
7274,20221018_110209.mat,1950598,1.950598,0.0013728121824925104,0.000996748718054371,3
7275,20221018_110209.mat,1964926,1.964926,0.0010180076554735585,0.000996748718054371,3
7276,20221018_110209.mat,1967513,1.967513,0.0014177455917644892,0.000996748718054371,3
7277,20221018_110209.mat,1970498,1.970498,0.0013557598203596277,0.000996748718054371,3
7278,20221018_110209.mat,1984428,1.984428,0.021209966733234602,0.000996748718054371,3
7279,20221018_110209.mat,1984627,1.984627,0.009423004843658767,0.000996748718054371,3
7280,20221018_110209.mat,1984826,1.984826,0.0013467254036965339,0.000996748718054371,3
7281,20221018_110209.mat,2030397,2.030397,0.0011469088733305063,0.000996748718054371,3
7282,20221018_110209.mat,2039551,2.039551,0.010723231884332224,0.000996748718054371,3
7283,20221018_110209.mat,2039750,2.03975,0.008991646257083938,0.000996748718054371,3
7284,20221018_110209.mat,2039949,2.039949,0.0010720077062356696,0.000996748718054371,3
7285,20221018_110209.mat,2065620,2.06562,0.002243626229478474,0.000996748718054371,3
7286,20221018_110209.mat,2082933,2.082933,0.003929183634256704,0.000996748718054371,3
7287,20221018_110209.mat,2083132,2.083132,0.0023067693183871888,0.000996748718054371,3
7288,20221018_110209.mat,2089500,2.0895,0.0016969240013650448,0.000996748718054371,3
7289,20221018_110209.mat,2101241,2.101241,0.0015568797662878487,0.000996748718054371,3
7290,20221018_110209.mat,2110395,2.110395,0.0023764239920758636,0.000996748718054371,3
7291,20221018_110209.mat,2128305,2.128305,0.0012964311012935055,0.000996748718054371,3
7292,20221018_110209.mat,2130096,2.130096,0.0021346650444655827,0.000996748718054371,3
7293,20221018_110209.mat,2130295,2.130295,0.0012647848228669125,0.000996748718054371,3
7294,20221018_110209.mat,2138653,2.138653,0.0012165537988686188,0.000996748718054371,3
7295,20221018_110209.mat,2153976,2.153976,0.0017470735730357745,0.000996748718054371,3
7296,20221018_110209.mat,2177060,2.17706,0.0016204235420098148,0.000996748718054371,3
7297,20221018_110209.mat,2177259,2.177259,0.0012422156325275755,0.000996748718054371,3
7298,20221018_110209.mat,2181438,2.181438,0.0014092823180065844,0.000996748718054371,3
7299,20221018_110209.mat,2181637,2.181637,0.0025294997102593055,0.000996748718054371,3
7300,20221018_110209.mat,2182035,2.182035,0.001955184032258413,0.000996748718054371,3
7301,20221018_110209.mat,2195169,2.195169,0.0054957339737630164,0.000996748718054371,3
7302,20221018_110209.mat,2195368,2.195368,0.006637225181899873,0.000996748718054371,3
7303,20221018_110209.mat,2197358,2.197358,0.0016398662554311409,0.000996748718054371,3
7304,20221018_110209.mat,2197557,2.197557,0.001495502665982275,0.000996748718054371,3
7305,20221018_110209.mat,2227606,2.227606,0.002093304771128245,0.000996748718054371,3
7306,20221018_110209.mat,2238352,2.238352,0.018095963275271156,0.000996748718054371,3
7307,20221018_110209.mat,2238551,2.238551,0.002321109574476358,0.000996748718054371,3
7308,20221018_110209.mat,2258053,2.258053,0.016799903102616108,0.000996748718054371,3
7309,20221018_110209.mat,2258252,2.258252,0.0029654844113575062,0.000996748718054371,3
7310,20221018_110209.mat,2258451,2.258451,0.0013031144702694312,0.000996748718054371,3
7311,20221018_110209.mat,2266212,2.266212,0.0017696171779547959,0.000996748718054371,3
7312,20221018_110209.mat,2266411,2.266411,0.001000966750413933,0.000996748718054371,3
7313,20221018_110209.mat,2269396,2.269396,0.001259263479444006,0.000996748718054371,3
7314,20221018_110209.mat,2289495,2.289495,0.0011285168422562198,0.000996748718054371,3
7315,20221018_110209.mat,2305017,2.305017,0.0013218727740237724,0.000996748718054371,3
7316,20221018_110209.mat,2305216,2.305216,0.0017650708614439497,0.000996748718054371,3
7317,20221018_110209.mat,2309196,2.309196,0.0010058937917940631,0.000996748718054371,3
7318,20221018_110209.mat,2309992,2.309992,0.0049183909309138156,0.000996748718054371,3
7319,20221018_110209.mat,2315166,2.315166,0.00539772952625422,0.000996748718054371,3
7320,20221018_110209.mat,2315365,2.315365,0.0018752657764474429,0.000996748718054371,3
7321,20221018_110209.mat,2343026,2.343026,0.003056370670535172,0.000996748718054371,3
7322,20221018_110209.mat,2343225,2.343225,0.0012265395266223293,0.000996748718054371,3
7323,20221018_110209.mat,2343424,2.343424,0.001167365841043194,0.000996748718054371,3
7324,20221018_110209.mat,2350389,2.350389,0.001754521292699939,0.000996748718054371,3
7325,20221018_110209.mat,2390587,2.390587,0.0021923615790859353,0.000996748718054371,3
7326,20221018_110209.mat,2390786,2.390786,0.0010554160367634746,0.000996748718054371,3
7327,20221018_110209.mat,2423223,2.423223,0.002721077840342825,0.000996748718054371,3
7328,20221018_110209.mat,2425810,2.42581,0.002026596788306878,0.000996748718054371,3
7329,20221018_110209.mat,2428198,2.428198,0.0010205227398064004,0.000996748718054371,3
7330,20221018_110209.mat,2437352,2.437352,0.0014808984734070026,0.000996748718054371,3
7331,20221018_110209.mat,2445312,2.445312,0.0011905254282714172,0.000996748718054371,3
7332,20221018_110209.mat,2452277,2.452277,0.001028033018193133,0.000996748718054371,3
7333,20221018_110209.mat,2488694,2.488694,0.0025654675262306243,0.000996748718054371,3
7334,20221018_110209.mat,2488893,2.488893,0.0012753848913365918,0.000996748718054371,3
7335,20221018_110209.mat,2490286,2.490286,0.01724844476348054,0.000996748718054371,3
7336,20221018_110209.mat,2490485,2.490485,0.0024876600140402156,0.000996748718054371,3
7337,20221018_110209.mat,2490684,2.490684,0.0010835875462716468,0.000996748718054371,3
7338,20221018_110209.mat,2494266,2.494266,0.0011902479499256878,0.000996748718054371,3
7339,20221018_110209.mat,2499241,2.499241,0.001411061012773305,0.000996748718054371,3
7340,20221018_110209.mat,2501032,2.501032,0.0011484546549133175,0.000996748718054371,3
7341,20221018_110209.mat,2507599,2.507599,0.034340053344364005,0.000996748718054371,3
7342,20221018_110209.mat,2507798,2.507798,0.0069820598526073715,0.000996748718054371,3
7343,20221018_110209.mat,2507997,2.507997,0.002996627881318499,0.000996748718054371,3
7344,20221018_110209.mat,2508196,2.508196,0.0011200427255900222,0.000996748718054371,3
7345,20221018_110209.mat,2508395,2.508395,0.001114359107992126,0.000996748718054371,3
7346,20221018_110209.mat,2522723,2.522723,0.0012461544808720314,0.000996748718054371,3
7347,20221018_110209.mat,2537648,2.537648,0.007026393379744741,0.000996748718054371,3
7348,20221018_110209.mat,2537847,2.537847,0.0012015418126854877,0.000996748718054371,3
7349,20221018_110209.mat,2544812,2.544812,0.001581281265509461,0.000996748718054371,3
7350,20221018_110209.mat,2545011,2.545011,0.0013297278865046158,0.000996748718054371,3
7351,20221018_110209.mat,2552971,2.552971,0.002227936972997055,0.000996748718054371,3
7352,20221018_110209.mat,2569488,2.569488,0.018202554270366794,0.000996748718054371,3
7353,20221018_110209.mat,2569687,2.569687,0.00416656683090494,0.000996748718054371,3
7354,20221018_110209.mat,2569886,2.569886,0.0013593314960237805,0.000996748718054371,3
7355,20221018_110209.mat,2595955,2.595955,0.026160108571187553,0.000996748718054371,3
7356,20221018_110209.mat,2596154,2.596154,0.010250856099170586,0.000996748718054371,3
7357,20221018_110209.mat,2596353,2.596353,0.0016175444210114057,0.000996748718054371,3
7358,20221018_110209.mat,2615457,2.615457,0.0010457599154995586,0.000996748718054371,3
7359,20221018_110209.mat,2623218,2.623218,0.0011951477332539438,0.000996748718054371,3
7360,20221018_110209.mat,2634163,2.634163,0.03202040924961701,0.000996748718054371,3
7361,20221018_110209.mat,2634362,2.634362,0.023244667130491267,0.000996748718054371,3
7362,20221018_110209.mat,2634561,2.634561,0.0045496725178376645,0.000996748718054371,3
7363,20221018_110209.mat,2634760,2.63476,0.002057176957881455,0.000996748718054371,3
7364,20221018_110209.mat,2640332,2.640332,0.001134080774416749,0.000996748718054371,3
7365,20221018_110209.mat,2640531,2.640531,0.0012596478825555918,0.000996748718054371,3
7366,20221018_110209.mat,2646899,2.646899,0.004055871254449345,0.000996748718054371,3
7367,20221018_110209.mat,2647098,2.647098,0.027138543594815524,0.000996748718054371,3
7368,20221018_110209.mat,2647297,2.647297,0.003959077868050093,0.000996748718054371,3
7369,20221018_110209.mat,2647496,2.647496,0.002031136247807183,0.000996748718054371,3
7370,20221018_110209.mat,2648889,2.648889,0.0033671564929757193,0.000996748718054371,3
7371,20221018_110209.mat,2653466,2.653466,0.022344575487269463,0.000996748718054371,3
7372,20221018_110209.mat,2653665,2.653665,0.00855219763446597,0.000996748718054371,3
7373,20221018_110209.mat,2653864,2.653864,0.0015958754799108084,0.000996748718054371,3
7374,20221018_110209.mat,2655854,2.655854,0.003154888339395331,0.000996748718054371,3
7375,20221018_110209.mat,2660033,2.660033,0.0014833369161299096,0.000996748718054371,3
7376,20221018_110209.mat,2660431,2.660431,0.0014476127171031401,0.000996748718054371,3
7377,20221018_110209.mat,2665207,2.665207,0.006577868507565782,0.000996748718054371,3
7378,20221018_110209.mat,2677943,2.677943,0.004927846571225278,0.000996748718054371,3
7379,20221018_110209.mat,2685704,2.685704,0.002151289495118753,0.000996748718054371,3
7380,20221018_110209.mat,2685903,2.685903,0.0031584893505769893,0.000996748718054371,3
7381,20221018_110209.mat,2687097,2.687097,0.0019058624250124273,0.000996748718054371,3
7382,20221018_110209.mat,2701624,2.701624,0.003180480515068725,0.000996748718054371,3
7383,20221018_110209.mat,2701823,2.701823,0.003525819003964396,0.000996748718054371,3
7384,20221018_110209.mat,2709982,2.709982,0.004765674765348696,0.000996748718054371,3
7385,20221018_110209.mat,2710181,2.710181,0.007872534550787246,0.000996748718054371,3
7386,20221018_110209.mat,2710380,2.71038,0.001395655758224095,0.000996748718054371,3
7387,20221018_110209.mat,2727295,2.727295,0.009553318856096353,0.000996748718054371,3
7388,20221018_110209.mat,2727494,2.727494,0.0067562667394313325,0.000996748718054371,3
7389,20221018_110209.mat,2727693,2.727693,0.001256089387627657,0.000996748718054371,3
7390,20221018_110209.mat,2762916,2.762916,0.016262245503590525,0.000996748718054371,3
7391,20221018_110209.mat,2763115,2.763115,0.002771328621730195,0.000996748718054371,3
7392,20221018_110209.mat,2773065,2.773065,0.0073894876936591095,0.000996748718054371,3
7393,20221018_110209.mat,2773264,2.773264,0.004898182213701538,0.000996748718054371,3
7394,20221018_110209.mat,2773463,2.773463,0.002096536850518123,0.000996748718054371,3
7395,20221018_110209.mat,2797940,2.79794,0.002162434138685433,0.000996748718054371,3
7396,20221018_110209.mat,2798139,2.798139,0.0014490079959270958,0.000996748718054371,3
7397,20221018_110209.mat,2808487,2.808487,0.001625572380629538,0.000996748718054371,3
7398,20221018_110209.mat,2809880,2.80988,0.015853709499168582,0.000996748718054371,3
7399,20221018_110209.mat,2810079,2.810079,0.0032517131947685106,0.000996748718054371,3
7400,20221018_110209.mat,2813064,2.813064,0.007576528803093028,0.000996748718054371,3
7401,20221018_110209.mat,2813263,2.813263,0.004032261960560158,0.000996748718054371,3
7402,20221018_110209.mat,2813462,2.813462,0.0016351870573033114,0.000996748718054371,3
7403,20221018_110209.mat,2814656,2.814656,0.0034592735989363147,0.000996748718054371,3
7404,20221018_110209.mat,2814855,2.814855,0.0014454968881889667,0.000996748718054371,3
7405,20221018_110209.mat,2817243,2.817243,0.00109633768987044,0.000996748718054371,3
7406,20221018_110209.mat,2823412,2.823412,0.0011312686754772542,0.000996748718054371,3
7407,20221018_110209.mat,2825004,2.825004,0.0011789441820192878,0.000996748718054371,3
7408,20221018_110209.mat,2830178,2.830178,0.0026959328265573753,0.000996748718054371,3
7409,20221018_110209.mat,2838536,2.838536,0.0024703900593344656,0.000996748718054371,3
7410,20221018_110209.mat,2844904,2.844904,0.0011518398052560276,0.000996748718054371,3
7411,20221018_110209.mat,2846098,2.846098,0.0046136526467558375,0.000996748718054371,3
7412,20221018_110209.mat,2846297,2.846297,0.0010346308747407574,0.000996748718054371,3
7413,20221018_110209.mat,2847093,2.847093,0.0013359561427597833,0.000996748718054371,3
7414,20221018_110209.mat,2849282,2.849282,0.0012711421644368154,0.000996748718054371,3
7415,20221018_110209.mat,2850874,2.850874,0.001118844031544969,0.000996748718054371,3
7416,20221018_110209.mat,2853063,2.853063,0.0023307359698216353,0.000996748718054371,3
7417,20221018_110209.mat,2854655,2.854655,0.027008590791064227,0.000996748718054371,3
7418,20221018_110209.mat,2854854,2.854854,0.007674601081874689,0.000996748718054371,3
7419,20221018_110209.mat,2855053,2.855053,0.0029030513790321132,0.000996748718054371,3
7420,20221018_110209.mat,2855252,2.855252,0.0013658014340968544,0.000996748718054371,3
7421,20221018_110209.mat,2855849,2.855849,0.0017448708997221782,0.000996748718054371,3
7422,20221018_110209.mat,2866595,2.866595,0.0013114321470061431,0.000996748718054371,3
7423,20221018_110209.mat,2868187,2.868187,0.009864718599540037,0.000996748718054371,3
7424,20221018_110209.mat,2868386,2.868386,0.0036848700241244483,0.000996748718054371,3
7425,20221018_110209.mat,2868983,2.868983,0.001613611418873695,0.000996748718054371,3
7426,20221018_110209.mat,2871172,2.871172,0.0015153060886861271,0.000996748718054371,3
7427,20221018_110209.mat,2876147,2.876147,0.0010208760337202278,0.000996748718054371,3
7428,20221018_110209.mat,2879331,2.879331,0.0042305790431199485,0.000996748718054371,3
7429,20221018_110209.mat,2881918,2.881918,0.024228037920998445,0.000996748718054371,3
7430,20221018_110209.mat,2882117,2.882117,0.006694391366094408,0.000996748718054371,3
7431,20221018_110209.mat,2882316,2.882316,0.0016125533169140428,0.000996748718054371,3
7432,20221018_110209.mat,2885699,2.885699,0.0020484043323847918,0.000996748718054371,3
7433,20221018_110209.mat,2885898,2.885898,0.0012576998061017005,0.000996748718054371,3
7434,20221018_110209.mat,2886495,2.886495,0.0011176091944458191,0.000996748718054371,3
7435,20221018_110209.mat,2886694,2.886694,0.002058093840191639,0.000996748718054371,3
7436,20221018_110209.mat,2887291,2.887291,0.0022596484936810075,0.000996748718054371,3
7437,20221018_110209.mat,2888286,2.888286,0.0021949707995471014,0.000996748718054371,3
7438,20221018_110209.mat,2889480,2.88948,0.004358055668105619,0.000996748718054371,3
7439,20221018_110209.mat,2889679,2.889679,0.008178448881093972,0.000996748718054371,3
7440,20221018_110209.mat,2890077,2.890077,0.008628851004643766,0.000996748718054371,3
7441,20221018_110209.mat,2890276,2.890276,0.005019140062615646,0.000996748718054371,3
7442,20221018_110209.mat,2891072,2.891072,0.0014203923303041078,0.000996748718054371,3
7443,20221018_110209.mat,2891470,2.89147,0.0063515197057981265,0.000996748718054371,3
7444,20221018_110209.mat,2891669,2.891669,0.001239364914637606,0.000996748718054371,3
7445,20221018_110209.mat,2892067,2.892067,0.001715179818734598,0.000996748718054371,3
7446,20221018_110209.mat,2892266,2.892266,0.020433668020624372,0.000996748718054371,3
7447,20221018_110209.mat,2892465,2.892465,0.010240948303273361,0.000996748718054371,3
7448,20221018_110209.mat,2892664,2.892664,0.0020376549109373567,0.000996748718054371,3
7449,20221018_110209.mat,2893062,2.893062,0.0014049398482536251,0.000996748718054371,3
7450,20221018_110209.mat,2894256,2.894256,0.0015647061386967816,0.000996748718054371,3
7451,20221018_110209.mat,2894654,2.894654,0.04861887070287904,0.000996748718054371,3
7452,20221018_110209.mat,2894853,2.894853,0.036659085976929795,0.000996748718054371,3
7453,20221018_110209.mat,2895052,2.895052,0.004395219504248089,0.000996748718054371,3
7454,20221018_110209.mat,2895251,2.895251,0.0018138311738302173,0.000996748718054371,3
7455,20221018_110209.mat,2895450,2.89545,0.003154276880815961,0.000996748718054371,3
7456,20221018_110209.mat,2895649,2.895649,0.004678697078406177,0.000996748718054371,3
7457,20221018_110209.mat,2895848,2.895848,0.0014737265896703118,0.000996748718054371,3
7458,20221018_110209.mat,2896047,2.896047,0.002841609786931342,0.000996748718054371,3
7459,20221018_110209.mat,2896246,2.896246,0.0013883282175825107,0.000996748718054371,3
7460,20221018_110209.mat,2896445,2.896445,0.0042648393877746165,0.000996748718054371,3
7461,20221018_110209.mat,2896644,2.896644,0.0026916671781724868,0.000996748718054371,3
7462,20221018_110209.mat,2896843,2.896843,0.007383998384092173,0.000996748718054371,3
7463,20221018_110209.mat,2897042,2.897042,0.016625437229233094,0.000996748718054371,3
7464,20221018_110209.mat,2897241,2.897241,0.005137019647616319,0.000996748718054371,3
7465,20221018_110209.mat,2897440,2.89744,0.012490685373751738,0.000996748718054371,3
7466,20221018_110209.mat,2897639,2.897639,0.011499228514786061,0.000996748718054371,3
7467,20221018_110209.mat,2897838,2.897838,0.04615121958133823,0.000996748718054371,3
7468,20221018_110209.mat,2898037,2.898037,0.0852701440152637,0.000996748718054371,3
7469,20221018_110209.mat,2898236,2.898236,0.034272715857925476,0.000996748718054371,3
7470,20221018_110209.mat,2898435,2.898435,0.026722690940852643,0.000996748718054371,3
7471,20221018_110209.mat,2898634,2.898634,0.020872214700603357,0.000996748718054371,3
7472,20221018_110209.mat,2898833,2.898833,0.006551013551673274,0.000996748718054371,3
7473,20221018_110209.mat,2899032,2.899032,0.04140574462072413,0.000996748718054371,3
7474,20221018_110209.mat,2899231,2.899231,0.057857156441840474,0.000996748718054371,3
7475,20221018_110209.mat,2899430,2.89943,0.03647115957751282,0.000996748718054371,3
7476,20221018_110209.mat,2899629,2.899629,0.03186538088122209,0.000996748718054371,3
7477,20221018_110209.mat,2899828,2.899828,0.014575355026970039,0.000996748718054371,3
7478,20221018_110209.mat,2900027,2.900027,0.0074592468046117185,0.000996748718054371,3
7479,20221018_110209.mat,2900226,2.900226,0.01027432214682001,0.000996748718054371,3
7480,20221018_110209.mat,2900425,2.900425,0.0031744728596362123,0.000996748718054371,3
7481,20221018_110209.mat,2900624,2.900624,0.005338160861177856,0.000996748718054371,3
7482,20221018_110209.mat,2900823,2.900823,0.0019287601822975068,0.000996748718054371,3
7483,20221018_110209.mat,2901022,2.901022,0.08522443128262888,0.000996748718054371,3
7484,20221018_110209.mat,2901221,2.901221,0.08253019764658098,0.000996748718054371,3
7485,20221018_110209.mat,2901420,2.90142,0.01284638783898662,0.000996748718054371,3
7486,20221018_110209.mat,2901619,2.901619,0.006801497109043075,0.000996748718054371,3
7487,20221018_110209.mat,2901818,2.901818,0.0024097244378547774,0.000996748718054371,3
7488,20221018_110209.mat,2902017,2.902017,0.0011679167795600653,0.000996748718054371,3
7489,20221018_110209.mat,2902415,2.902415,0.008927230385775753,0.000996748718054371,3
7490,20221018_110209.mat,2902614,2.902614,0.0020221172860147665,0.000996748718054371,3
7491,20221018_110209.mat,2902813,2.902813,0.017133590284587257,0.000996748718054371,3
7492,20221018_110209.mat,2903012,2.903012,0.20718271604056465,0.000996748718054371,3
7493,20221018_110209.mat,2903211,2.903211,0.2961229784279955,0.000996748718054371,3
7494,20221018_110209.mat,2903410,2.90341,0.11247791635873985,0.000996748718054371,3
7495,20221018_110209.mat,2903609,2.903609,0.16445358513165043,0.000996748718054371,3
7496,20221018_110209.mat,2903808,2.903808,0.047254771159675364,0.000996748718054371,3
7497,20221018_110209.mat,2904007,2.904007,0.01773525682275143,0.000996748718054371,3
7498,20221018_110209.mat,2904206,2.904206,0.010078118036843593,0.000996748718054371,3
7499,20221018_110209.mat,2904405,2.904405,0.025603921948714987,0.000996748718054371,3
7500,20221018_110209.mat,2904604,2.904604,0.15351463852197827,0.000996748718054371,3
7501,20221018_110209.mat,2904803,2.904803,0.3544335626534901,0.000996748718054371,3
7502,20221018_110209.mat,2905002,2.905002,0.04510830378361626,0.000996748718054371,3
7503,20221018_110209.mat,2905201,2.905201,0.037862104455520455,0.000996748718054371,3
7504,20221018_110209.mat,2905400,2.9054,0.02644356873273473,0.000996748718054371,3
7505,20221018_110209.mat,2905599,2.905599,0.019105853008127525,0.000996748718054371,3
7506,20221018_110209.mat,2905798,2.905798,0.23539689166539204,0.000996748718054371,3
7507,20221018_110209.mat,2905997,2.905997,0.04079496079488195,0.000996748718054371,3
7508,20221018_110209.mat,2906196,2.906196,0.007933016568430097,0.000996748718054371,3
7509,20221018_110209.mat,2906395,2.906395,0.037596189169578104,0.000996748718054371,3
7510,20221018_110209.mat,2906594,2.906594,0.011307081385316902,0.000996748718054371,3
7511,20221018_110209.mat,2906793,2.906793,0.0021624932658851413,0.000996748718054371,3
7512,20221018_110209.mat,2906992,2.906992,0.0017934225572184958,0.000996748718054371,3
7513,20221018_110209.mat,2907191,2.907191,0.0027540191146878724,0.000996748718054371,3
7514,20221018_110209.mat,2907390,2.90739,0.038020280174727264,0.000996748718054371,3
7515,20221018_110209.mat,2907589,2.907589,0.03827406420926046,0.000996748718054371,3
7516,20221018_110209.mat,2907788,2.907788,0.006694473384699933,0.000996748718054371,3
7517,20221018_110209.mat,2907987,2.907987,0.09433513481291715,0.000996748718054371,3
7518,20221018_110209.mat,2908186,2.908186,0.054180670447636574,0.000996748718054371,3
7519,20221018_110209.mat,2908385,2.908385,0.013285257591796077,0.000996748718054371,3
7520,20221018_110209.mat,2908584,2.908584,0.014387718119961321,0.000996748718054371,3
7521,20221018_110209.mat,2908783,2.908783,0.017814343403258062,0.000996748718054371,3
7522,20221018_110209.mat,2908982,2.908982,0.008977436280526746,0.000996748718054371,3
7523,20221018_110209.mat,2909181,2.909181,0.010291664620740491,0.000996748718054371,3
7524,20221018_110209.mat,2909380,2.90938,0.005975958126861667,0.000996748718054371,3
7525,20221018_110209.mat,2909579,2.909579,0.002263965110825518,0.000996748718054371,3
7526,20221018_110209.mat,2909778,2.909778,0.0019584859396179076,0.000996748718054371,3
7527,20221018_110209.mat,2909977,2.909977,0.011434628484248137,0.000996748718054371,3
7528,20221018_110209.mat,2910176,2.910176,0.007370163637511011,0.000996748718054371,3
7529,20221018_110209.mat,2910375,2.910375,0.014347364418871734,0.000996748718054371,3
7530,20221018_110209.mat,2910574,2.910574,0.010632208971744736,0.000996748718054371,3
7531,20221018_110209.mat,2910773,2.910773,0.007781238670680845,0.000996748718054371,3
7532,20221018_110209.mat,2910972,2.910972,0.02237715960698278,0.000996748718054371,3
7533,20221018_110209.mat,2911171,2.911171,0.005044351129664071,0.000996748718054371,3
7534,20221018_110209.mat,2911370,2.91137,0.0030004087391632475,0.000996748718054371,3
7535,20221018_110209.mat,2911569,2.911569,0.0042176819678713656,0.000996748718054371,3
7536,20221018_110209.mat,2911768,2.911768,0.0011021879627402028,0.000996748718054371,3
7537,20221018_110209.mat,2911967,2.911967,0.02689529025709167,0.000996748718054371,3
7538,20221018_110209.mat,2912166,2.912166,0.02526661368023701,0.000996748718054371,3
7539,20221018_110209.mat,2912365,2.912365,0.025915947206792633,0.000996748718054371,3
7540,20221018_110209.mat,2912564,2.912564,0.04859613128181614,0.000996748718054371,3
7541,20221018_110209.mat,2912763,2.912763,0.012441432049803882,0.000996748718054371,3
7542,20221018_110209.mat,2912962,2.912962,0.007061949050059459,0.000996748718054371,3
7543,20221018_110209.mat,2913161,2.913161,0.0022485377321116037,0.000996748718054371,3
7544,20221018_110209.mat,2913360,2.91336,0.02791123163111172,0.000996748718054371,3
7545,20221018_110209.mat,2913559,2.913559,0.017351872998870276,0.000996748718054371,3
7546,20221018_110209.mat,2913758,2.913758,0.010437256273829036,0.000996748718054371,3
7547,20221018_110209.mat,2913957,2.913957,0.007796220373171347,0.000996748718054371,3
7548,20221018_110209.mat,2914156,2.914156,0.03785031806368601,0.000996748718054371,3
7549,20221018_110209.mat,2914355,2.914355,0.019568976262493532,0.000996748718054371,3
7550,20221018_110209.mat,2914554,2.914554,0.0636588280657216,0.000996748718054371,3
7551,20221018_110209.mat,2914753,2.914753,0.06633641095877257,0.000996748718054371,3
7552,20221018_110209.mat,2914952,2.914952,0.027135383544889067,0.000996748718054371,3
7553,20221018_110209.mat,2915151,2.915151,0.013465459501987883,0.000996748718054371,3
7554,20221018_110209.mat,2915350,2.91535,0.00810549394955143,0.000996748718054371,3
7555,20221018_110209.mat,2915549,2.915549,0.006751069653482513,0.000996748718054371,3
7556,20221018_110209.mat,2915748,2.915748,0.0026091264092677094,0.000996748718054371,3
7557,20221018_110209.mat,2915947,2.915947,0.0015097755193261293,0.000996748718054371,3
7558,20221018_110209.mat,2916743,2.916743,0.006620498464794414,0.000996748718054371,3
7559,20221018_110209.mat,2916942,2.916942,0.0027007411656054803,0.000996748718054371,3
7560,20221018_110209.mat,2917340,2.91734,0.06070137857037723,0.000996748718054371,3
7561,20221018_110209.mat,2917539,2.917539,0.04288599149496868,0.000996748718054371,3
7562,20221018_110209.mat,2917738,2.917738,0.007875107495915138,0.000996748718054371,3
7563,20221018_110209.mat,2917937,2.917937,0.0032652359699322673,0.000996748718054371,3
7564,20221018_110209.mat,2918932,2.918932,0.007673539960424577,0.000996748718054371,3
7565,20221018_110209.mat,2919131,2.919131,0.0011675309787461546,0.000996748718054371,3
7566,20221018_110209.mat,2921519,2.921519,0.001889490585063065,0.000996748718054371,3
7567,20221018_110209.mat,2922713,2.922713,0.005980911604219245,0.000996748718054371,3
7568,20221018_110209.mat,2922912,2.922912,0.005361252214961187,0.000996748718054371,3
7569,20221018_110209.mat,2923111,2.923111,0.0010379198494844123,0.000996748718054371,3
7570,20221018_110209.mat,2923310,2.92331,0.001108534020295278,0.000996748718054371,3
7571,20221018_110209.mat,2923509,2.923509,0.0028575230456700336,0.000996748718054371,3
7572,20221018_110209.mat,2925698,2.925698,0.001965814796620982,0.000996748718054371,3
7573,20221018_110209.mat,2925897,2.925897,0.001392983771315665,0.000996748718054371,3
7574,20221018_110209.mat,2928086,2.928086,0.0023488609313920637,0.000996748718054371,3
7575,20221018_110209.mat,2928285,2.928285,0.0012311207360174593,0.000996748718054371,3
7576,20221018_110209.mat,2929081,2.929081,0.007744903253259583,0.000996748718054371,3
7577,20221018_110209.mat,2929280,2.92928,0.0011916847111441919,0.000996748718054371,3
7578,20221018_110209.mat,2930872,2.930872,0.0010353183866699614,0.000996748718054371,3
7579,20221018_110209.mat,2933658,2.933658,0.001361418105896791,0.000996748718054371,3
7580,20221018_110209.mat,2933857,2.933857,0.0013874355030509815,0.000996748718054371,3
7581,20221018_110209.mat,2934454,2.934454,0.0024866824581528586,0.000996748718054371,3
7582,20221018_110209.mat,2934852,2.934852,0.0073303801463766634,0.000996748718054371,3
7583,20221018_110209.mat,2935051,2.935051,0.0028404959219100285,0.000996748718054371,3
7584,20221018_110209.mat,2935250,2.93525,0.0010551727681933642,0.000996748718054371,3
7585,20221018_110209.mat,2935648,2.935648,0.002532826435780994,0.000996748718054371,3
7586,20221018_110209.mat,2935847,2.935847,0.0011533986093649462,0.000996748718054371,3
7587,20221018_110209.mat,2937439,2.937439,0.0030344240694283008,0.000996748718054371,3
7588,20221018_110209.mat,2937638,2.937638,0.0035163781760588994,0.000996748718054371,3
7589,20221018_110209.mat,2937837,2.937837,0.004738174573549795,0.000996748718054371,3
7590,20221018_110209.mat,2939429,2.939429,0.007278102076708779,0.000996748718054371,3
7591,20221018_110209.mat,2939628,2.939628,0.0018727900354758228,0.000996748718054371,3
7592,20221018_110209.mat,2940822,2.940822,0.008235638682835271,0.000996748718054371,3
7593,20221018_110209.mat,2941021,2.941021,0.0021073338462315717,0.000996748718054371,3
7594,20221018_110209.mat,2941220,2.94122,0.0015407177535621,0.000996748718054371,3
7595,20221018_110209.mat,2942414,2.942414,0.007406171607146117,0.000996748718054371,3
7596,20221018_110209.mat,2942613,2.942613,0.01572119842274287,0.000996748718054371,3
7597,20221018_110209.mat,2942812,2.942812,0.0016586698597278956,0.000996748718054371,3
7598,20221018_110209.mat,2943210,2.94321,0.0011991237318254423,0.000996748718054371,3
7599,20221018_110209.mat,2949379,2.949379,0.008975795468465452,0.000996748718054371,3
7600,20221018_110209.mat,2949578,2.949578,0.010218739694550017,0.000996748718054371,3
7601,20221018_110209.mat,2949777,2.949777,0.002192838726072711,0.000996748718054371,3
7602,20221018_110209.mat,2949976,2.949976,0.001375053177355743,0.000996748718054371,3
7603,20221018_110209.mat,2950374,2.950374,0.003142693034922342,0.000996748718054371,3
7604,20221018_110209.mat,2950573,2.950573,0.00602556583837401,0.000996748718054371,3
7605,20221018_110209.mat,2955150,2.95515,0.008705994724987487,0.000996748718054371,3
7606,20221018_110209.mat,2955349,2.955349,0.0039251658701754495,0.000996748718054371,3
7607,20221018_110209.mat,2955548,2.955548,0.001054924393188872,0.000996748718054371,3
7608,20221018_110209.mat,2958533,2.958533,0.0723031448921291,0.000996748718054371,3
7609,20221018_110209.mat,2958732,2.958732,0.009233700308525545,0.000996748718054371,3
7610,20221018_110209.mat,2958931,2.958931,0.0038452559749381455,0.000996748718054371,3
7611,20221018_110209.mat,2959130,2.95913,0.0013028152234247357,0.000996748718054371,3
7612,20221018_110209.mat,2961120,2.96112,0.023665747240562383,0.000996748718054371,3
7613,20221018_110209.mat,2961319,2.961319,0.0068048902940791335,0.000996748718054371,3
7614,20221018_110209.mat,2961518,2.961518,0.0029674529581377902,0.000996748718054371,3
7615,20221018_110209.mat,2961717,2.961717,0.0011303511602554547,0.000996748718054371,3
7616,20221018_110209.mat,2964105,2.964105,0.001291254766801195,0.000996748718054371,3
7617,20221018_110209.mat,2965299,2.965299,0.008975814165076602,0.000996748718054371,3
7618,20221018_110209.mat,2965498,2.965498,0.0010634173801527397,0.000996748718054371,3
7619,20221018_110209.mat,2967886,2.967886,0.003466619634174596,0.000996748718054371,3
7620,20221018_110209.mat,2968085,2.968085,0.0012903049561663823,0.000996748718054371,3
7621,20221018_110209.mat,2968284,2.968284,0.0010421953990465424,0.000996748718054371,3
7622,20221018_110209.mat,2968483,2.968483,0.011223308611743914,0.000996748718054371,3
7623,20221018_110209.mat,2968682,2.968682,0.0031756830588794784,0.000996748718054371,3
7624,20221018_110209.mat,2968881,2.968881,0.005669003014453696,0.000996748718054371,3
7625,20221018_110209.mat,2969279,2.969279,0.0032629044121657686,0.000996748718054371,3
7626,20221018_110209.mat,2969478,2.969478,0.0014536696383778364,0.000996748718054371,3
7627,20221018_110209.mat,2973657,2.973657,0.010674958628836306,0.000996748718054371,3
7628,20221018_110209.mat,2973856,2.973856,0.006791749755012967,0.000996748718054371,3
7629,20221018_110209.mat,2974055,2.974055,0.0021689951013786736,0.000996748718054371,3
7630,20221018_110209.mat,2974254,2.974254,0.0011053385852718642,0.000996748718054371,3
7631,20221018_110209.mat,2977239,2.977239,0.008516674675830015,0.000996748718054371,3
7632,20221018_110209.mat,2977438,2.977438,0.0016519459162071717,0.000996748718054371,3
7633,20221018_110209.mat,2978632,2.978632,0.004245759303968087,0.000996748718054371,3
7634,20221018_110209.mat,2978831,2.978831,0.003758660511680645,0.000996748718054371,3
7635,20221018_110209.mat,2980821,2.980821,0.0011733963304063782,0.000996748718054371,3
7636,20221018_110209.mat,2981219,2.981219,0.0010124668822045118,0.000996748718054371,3
7637,20221018_110209.mat,2981418,2.981418,0.00909599415679982,0.000996748718054371,3
7638,20221018_110209.mat,2981617,2.981617,0.0019935661521387066,0.000996748718054371,3
7639,20221018_110209.mat,2981816,2.981816,0.0012663500022813063,0.000996748718054371,3
7640,20221018_110209.mat,2982015,2.982015,0.003056607721355151,0.000996748718054371,3
7641,20221018_110209.mat,2982214,2.982214,0.0017038632575734718,0.000996748718054371,3
7642,20221018_110209.mat,2982413,2.982413,0.002213245046911253,0.000996748718054371,3
7643,20221018_110209.mat,2982612,2.982612,0.000999672908949906,0.000996748718054371,3
7644,20221018_110209.mat,2983408,2.983408,0.0022024435624585816,0.000996748718054371,3
7645,20221018_110209.mat,2983607,2.983607,0.08483603282958888,0.000996748718054371,3
7646,20221018_110209.mat,2983806,2.983806,0.023586551273365498,0.000996748718054371,3
7647,20221018_110209.mat,2984005,2.984005,0.012104455569786902,0.000996748718054371,3
7648,20221018_110209.mat,2984204,2.984204,0.004018584318374037,0.000996748718054371,3
7649,20221018_110209.mat,2985199,2.985199,0.003433921430264107,0.000996748718054371,3
7650,20221018_110209.mat,2985398,2.985398,0.001438574649702175,0.000996748718054371,3
7651,20221018_110209.mat,2987189,2.987189,0.0018069701940352438,0.000996748718054371,3
7652,20221018_110209.mat,2987388,2.987388,0.003803197901035482,0.000996748718054371,3
7653,20221018_110209.mat,2991169,2.991169,0.003490098220280566,0.000996748718054371,3
7654,20221018_110209.mat,2991368,2.991368,0.00279401467298602,0.000996748718054371,3
7655,20221018_110209.mat,2994751,2.994751,0.0027127059462129506,0.000996748718054371,3
7656,20221018_110209.mat,2994950,2.99495,0.011368722267485752,0.000996748718054371,3
7657,20221018_110209.mat,2995149,2.995149,0.0014613298973828591,0.000996748718054371,3
7658,20221018_110209.mat,2996741,2.996741,0.052669684303556834,0.000996748718054371,3
7659,20221018_110209.mat,2996940,2.99694,0.042907903909716064,0.000996748718054371,3
7660,20221018_110209.mat,2997139,2.997139,0.010546563491207549,0.000996748718054371,3
7661,20221018_110209.mat,2997338,2.997338,0.004952966503458845,0.000996748718054371,3
7662,20221018_110209.mat,2997537,2.997537,0.001273110472381921,0.000996748718054371,3
7663,20221018_110209.mat,2998134,2.998134,0.0014017355138919035,0.000996748718054371,3
7664,20221018_110209.mat,2998333,2.998333,0.002074569676730442,0.000996748718054371,3
7665,20221018_110209.mat,3004104,3.004104,0.0028577871935781813,0.000996748718054371,3
7666,20221018_110209.mat,3004303,3.004303,0.0024940945035095982,0.000996748718054371,3
7667,20221018_110209.mat,3004900,3.0049,0.001119008593324669,0.000996748718054371,3
7668,20221018_110209.mat,3006293,3.006293,0.0010413388156544395,0.000996748718054371,3
7669,20221018_110209.mat,3007686,3.007686,0.0010506521550027459,0.000996748718054371,3
7670,20221018_110209.mat,3007885,3.007885,0.0014829959012658844,0.000996748718054371,3
7671,20221018_110209.mat,3008283,3.008283,0.007943895614473352,0.000996748718054371,3
7672,20221018_110209.mat,3008482,3.008482,0.0020874429942076495,0.000996748718054371,3
7673,20221018_110209.mat,3008681,3.008681,0.0012240655570222093,0.000996748718054371,3
7674,20221018_110209.mat,3010870,3.01087,0.007033358690978163,0.000996748718054371,3
7675,20221018_110209.mat,3011069,3.011069,0.001910744862798795,0.000996748718054371,3
7676,20221018_110209.mat,3011268,3.011268,0.0011948178232769596,0.000996748718054371,3
7677,20221018_110209.mat,3011467,3.011467,0.002100208552290962,0.000996748718054371,3
7678,20221018_110209.mat,3011666,3.011666,0.0030226094902990777,0.000996748718054371,3
7679,20221018_110209.mat,3013258,3.013258,0.0015522043862934913,0.000996748718054371,3
7680,20221018_110209.mat,3013855,3.013855,0.0020397500389467684,0.000996748718054371,3
7681,20221018_110209.mat,3014651,3.014651,0.017075276490891127,0.000996748718054371,3
7682,20221018_110209.mat,3014850,3.01485,0.012274596656997077,0.000996748718054371,3
7683,20221018_110209.mat,3015049,3.015049,0.003570834446111726,0.000996748718054371,3
7684,20221018_110209.mat,3015248,3.015248,0.001729657989315373,0.000996748718054371,3
7685,20221018_110209.mat,3015646,3.015646,0.0010791236403078848,0.000996748718054371,3
7686,20221018_110209.mat,3018432,3.018432,0.003075927216328649,0.000996748718054371,3
7687,20221018_110209.mat,3019427,3.019427,0.0014992680196456313,0.000996748718054371,3
7688,20221018_110209.mat,3020223,3.020223,0.0017014385102686097,0.000996748718054371,3
7689,20221018_110209.mat,3023009,3.023009,0.001124372022705347,0.000996748718054371,3
7690,20221018_110209.mat,3025397,3.025397,0.002976988397342571,0.000996748718054371,3
7691,20221018_110209.mat,3029377,3.029377,0.004880696273822448,0.000996748718054371,3
7692,20221018_110209.mat,3029576,3.029576,0.002284785202589157,0.000996748718054371,3
7693,20221018_110209.mat,3029775,3.029775,0.0013221160801068237,0.000996748718054371,3
7694,20221018_110209.mat,3030372,3.030372,0.001229538874731509,0.000996748718054371,3
7695,20221018_110209.mat,3030571,3.030571,0.0011864055546492933,0.000996748718054371,3
7696,20221018_110209.mat,3032362,3.032362,0.0037914200255334133,0.000996748718054371,3
7697,20221018_110209.mat,3032561,3.032561,0.001448383056972579,0.000996748718054371,3
7698,20221018_110209.mat,3032959,3.032959,0.0010684618842143664,0.000996748718054371,3
7699,20221018_110209.mat,3033158,3.033158,0.007823949970425868,0.000996748718054371,3
7700,20221018_110209.mat,3036143,3.036143,0.001664633521126498,0.000996748718054371,3
7701,20221018_110209.mat,3036342,3.036342,0.0013981180784836253,0.000996748718054371,3
7702,20221018_110209.mat,3039725,3.039725,0.002772326513542793,0.000996748718054371,3
7703,20221018_110209.mat,3044103,3.044103,0.001112402941699071,0.000996748718054371,3
7704,20221018_110209.mat,3047884,3.047884,0.002445135934638522,0.000996748718054371,3
7705,20221018_110209.mat,3048083,3.048083,0.0010546645942908239,0.000996748718054371,3
7706,20221018_110209.mat,3052461,3.052461,0.0012544707971469293,0.000996748718054371,3
7707,20221018_110209.mat,3053854,3.053854,0.0029147092516333887,0.000996748718054371,3
7708,20221018_110209.mat,3054053,3.054053,0.001433588959221967,0.000996748718054371,3
7709,20221018_110209.mat,3055645,3.055645,0.0018461765282908737,0.000996748718054371,3
7710,20221018_110209.mat,3055844,3.055844,0.001453583969267234,0.000996748718054371,3
7711,20221018_110209.mat,3058829,3.058829,0.001684833221506013,0.000996748718054371,3
7712,20221018_110209.mat,3059028,3.059028,0.03766725935734426,0.000996748718054371,3
7713,20221018_110209.mat,3059227,3.059227,0.04577975812887128,0.000996748718054371,3
7714,20221018_110209.mat,3059426,3.059426,0.00774602032443939,0.000996748718054371,3
7715,20221018_110209.mat,3059625,3.059625,0.0033399554562087434,0.000996748718054371,3
7716,20221018_110209.mat,3063207,3.063207,0.0016452485290171408,0.000996748718054371,3
7717,20221018_110209.mat,3063406,3.063406,0.00377446283663305,0.000996748718054371,3
7718,20221018_110209.mat,3063605,3.063605,0.0013919120093002285,0.000996748718054371,3
7719,20221018_110209.mat,3064003,3.064003,0.015863056272346552,0.000996748718054371,3
7720,20221018_110209.mat,3064202,3.064202,0.015718745516267243,0.000996748718054371,3
7721,20221018_110209.mat,3064401,3.064401,0.0034111093975514642,0.000996748718054371,3
7722,20221018_110209.mat,3064600,3.0646,0.001796162690352776,0.000996748718054371,3
7723,20221018_110209.mat,3065396,3.065396,0.0017151299262604615,0.000996748718054371,3
7724,20221018_110209.mat,3069177,3.069177,0.0011842894959341243,0.000996748718054371,3
7725,20221018_110209.mat,3069774,3.069774,0.001730009855231673,0.000996748718054371,3
7726,20221018_110209.mat,3071565,3.071565,0.001415944723713039,0.000996748718054371,3
7727,20221018_110209.mat,3072759,3.072759,0.003999474340651444,0.000996748718054371,3
7728,20221018_110209.mat,3073953,3.073953,0.001031866888223404,0.000996748718054371,3
7729,20221018_110209.mat,3074152,3.074152,0.001282963293783384,0.000996748718054371,3
7730,20221018_110209.mat,3074749,3.074749,0.0014314517039776238,0.000996748718054371,3
7731,20221018_110209.mat,3075545,3.075545,0.0012156436809451871,0.000996748718054371,3
7732,20221018_110209.mat,3075744,3.075744,0.00561281068422338,0.000996748718054371,3
7733,20221018_110209.mat,3075943,3.075943,0.004689015847285546,0.000996748718054371,3
7734,20221018_110209.mat,3076142,3.076142,0.0017431892761799789,0.000996748718054371,3
7735,20221018_110209.mat,3076341,3.076341,0.0013142048310199562,0.000996748718054371,3
7736,20221018_110209.mat,3076938,3.076938,0.0013647114966577353,0.000996748718054371,3
7737,20221018_110209.mat,3077137,3.077137,0.003183599848216763,0.000996748718054371,3
7738,20221018_110209.mat,3077336,3.077336,0.021645142732280305,0.000996748718054371,3
7739,20221018_110209.mat,3077535,3.077535,0.01290751958319506,0.000996748718054371,3
7740,20221018_110209.mat,3077734,3.077734,0.004783192195057943,0.000996748718054371,3
7741,20221018_110209.mat,3077933,3.077933,0.0017593214339218476,0.000996748718054371,3
7742,20221018_110209.mat,3078331,3.078331,0.017081191515965648,0.000996748718054371,3
7743,20221018_110209.mat,3078530,3.07853,0.007648514646393628,0.000996748718054371,3
7744,20221018_110209.mat,3078729,3.078729,0.0037371227185085186,0.000996748718054371,3
7745,20221018_110209.mat,3078928,3.078928,0.0017113908478801204,0.000996748718054371,3
7746,20221018_110209.mat,3079127,3.079127,0.015547667837481703,0.000996748718054371,3
7747,20221018_110209.mat,3079326,3.079326,0.0051149061961212995,0.000996748718054371,3
7748,20221018_110209.mat,3079525,3.079525,0.005178087061235121,0.000996748718054371,3
7749,20221018_110209.mat,3079724,3.079724,0.0020044877292576444,0.000996748718054371,3
7750,20221018_110209.mat,3079923,3.079923,0.002118025184106315,0.000996748718054371,3
7751,20221018_110209.mat,3080122,3.080122,0.0014632474001409048,0.000996748718054371,3
7752,20221018_110209.mat,3080321,3.080321,0.002727687911090714,0.000996748718054371,3
7753,20221018_110209.mat,3081515,3.081515,0.005751414224719848,0.000996748718054371,3
7754,20221018_110209.mat,3081714,3.081714,0.020162192058856998,0.000996748718054371,3
7755,20221018_110209.mat,3081913,3.081913,0.015405469243432994,0.000996748718054371,3
7756,20221018_110209.mat,3082112,3.082112,0.004814867537138591,0.000996748718054371,3
7757,20221018_110209.mat,3082311,3.082311,0.12500768747606722,0.000996748718054371,3
7758,20221018_110209.mat,3082510,3.08251,0.07045970964949846,0.000996748718054371,3
7759,20221018_110209.mat,3082709,3.082709,0.025638735744685247,0.000996748718054371,3
7760,20221018_110209.mat,3082908,3.082908,0.04488717584412527,0.000996748718054371,3
7761,20221018_110209.mat,3083107,3.083107,0.012024488316678038,0.000996748718054371,3
7762,20221018_110209.mat,3083306,3.083306,0.008687315489754146,0.000996748718054371,3
7763,20221018_110209.mat,3083505,3.083505,0.0032845631731809742,0.000996748718054371,3
7764,20221018_110209.mat,3083704,3.083704,0.1353856195158357,0.000996748718054371,3
7765,20221018_110209.mat,3083903,3.083903,3.6854234497455516,0.000996748718054371,3
7766,20221018_110209.mat,3084102,3.084102,0.7008450016994584,0.000996748718054371,3
7767,20221018_110209.mat,3084301,3.084301,0.4075721357595262,0.000996748718054371,3
7768,20221018_110209.mat,3084500,3.0845,0.11657630075162183,0.000996748718054371,3
7769,20221018_110209.mat,3084699,3.084699,0.0317192864659448,0.000996748718054371,3
7770,20221018_110209.mat,3084898,3.084898,0.007463596772054031,0.000996748718054371,3
7771,20221018_110209.mat,3085097,3.085097,0.003914390104402366,0.000996748718054371,3
7772,20221018_110209.mat,3085296,3.085296,0.0055116094471553845,0.000996748718054371,3
7773,20221018_110209.mat,3085495,3.085495,0.007890616882239132,0.000996748718054371,3
7774,20221018_110209.mat,3085694,3.085694,0.02240529072343054,0.000996748718054371,3
7775,20221018_110209.mat,3085893,3.085893,0.005844210035885001,0.000996748718054371,3
7776,20221018_110209.mat,3086092,3.086092,0.33698142477080134,0.000996748718054371,3
7777,20221018_110209.mat,3086291,3.086291,1.9004055513342473,0.000996748718054371,3
7778,20221018_110209.mat,3086490,3.08649,3.7102214941288816,0.000996748718054371,3
7779,20221018_110209.mat,3086689,3.086689,0.3806598275601581,0.000996748718054371,3
7780,20221018_110209.mat,3086888,3.086888,0.1470070178113496,0.000996748718054371,3
7781,20221018_110209.mat,3087087,3.087087,0.12882785642118375,0.000996748718054371,3
7782,20221018_110209.mat,3087286,3.087286,0.06340891251187811,0.000996748718054371,3
7783,20221018_110209.mat,3087485,3.087485,0.01628487477324445,0.000996748718054371,3
7784,20221018_110209.mat,3087684,3.087684,0.009426726673961276,0.000996748718054371,3
7785,20221018_110209.mat,3087883,3.087883,0.0026218200199451427,0.000996748718054371,3
7786,20221018_110209.mat,3088082,3.088082,0.002190209178585749,0.000996748718054371,3
7787,20221018_110209.mat,3088480,3.08848,0.0010397119253512336,0.000996748718054371,3
7788,20221018_110209.mat,3088878,3.088878,0.04967320105977913,0.000996748718054371,3
7789,20221018_110209.mat,3089077,3.089077,0.03645708233487657,0.000996748718054371,3
7790,20221018_110209.mat,3089276,3.089276,0.07703500832654682,0.000996748718054371,3
7791,20221018_110209.mat,3089475,3.089475,0.008756984367810774,0.000996748718054371,3
7792,20221018_110209.mat,3089674,3.089674,0.004983825387211834,0.000996748718054371,3
7793,20221018_110209.mat,3089873,3.089873,0.0019189470235320416,0.000996748718054371,3
7794,20221018_110209.mat,3090072,3.090072,0.022604611739399694,0.000996748718054371,3
7795,20221018_110209.mat,3090271,3.090271,0.004568602974002617,0.000996748718054371,3
7796,20221018_110209.mat,3090470,3.09047,0.0020247490474344853,0.000996748718054371,3
7797,20221018_110209.mat,3090669,3.090669,0.509009739181204,0.000996748718054371,3
7798,20221018_110209.mat,3090868,3.090868,1.0224102214740534,0.000996748718054371,3
7799,20221018_110209.mat,3091067,3.091067,0.13544484886839978,0.000996748718054371,3
7800,20221018_110209.mat,3091266,3.091266,0.034935851980992715,0.000996748718054371,3
7801,20221018_110209.mat,3091465,3.091465,0.033607576943809926,0.000996748718054371,3
7802,20221018_110209.mat,3091664,3.091664,0.010926192603495099,0.000996748718054371,3
7803,20221018_110209.mat,3091863,3.091863,0.0017834519030201583,0.000996748718054371,3
7804,20221018_110209.mat,3092062,3.092062,0.003041871478112099,0.000996748718054371,3
7805,20221018_110209.mat,3092261,3.092261,0.020221843598532244,0.000996748718054371,3
7806,20221018_110209.mat,3092460,3.09246,0.018084665509095096,0.000996748718054371,3
7807,20221018_110209.mat,3092659,3.092659,0.003694986290694683,0.000996748718054371,3
7808,20221018_110209.mat,3092858,3.092858,0.0013178282408143898,0.000996748718054371,3
7809,20221018_110209.mat,3093256,3.093256,0.012985759741806227,0.000996748718054371,3
7810,20221018_110209.mat,3093455,3.093455,0.01451776348115974,0.000996748718054371,3
7811,20221018_110209.mat,3093654,3.093654,0.001547623320206148,0.000996748718054371,3
7812,20221018_110209.mat,3093853,3.093853,0.025421426086673804,0.000996748718054371,3
7813,20221018_110209.mat,3094052,3.094052,0.008053128800675892,0.000996748718054371,3
7814,20221018_110209.mat,3094251,3.094251,0.0013057704368597074,0.000996748718054371,3
7815,20221018_110209.mat,3094450,3.09445,0.0065899691722433205,0.000996748718054371,3
7816,20221018_110209.mat,3094649,3.094649,0.002810063330906331,0.000996748718054371,3
7817,20221018_110209.mat,3094848,3.094848,0.007068777440645313,0.000996748718054371,3
7818,20221018_110209.mat,3095047,3.095047,0.009211402129820313,0.000996748718054371,3
7819,20221018_110209.mat,3095246,3.095246,0.008721351023220813,0.000996748718054371,3
7820,20221018_110209.mat,3095445,3.095445,0.00205471216658193,0.000996748718054371,3
7821,20221018_110209.mat,3095644,3.095644,0.0021625072776068135,0.000996748718054371,3
7822,20221018_110209.mat,3095843,3.095843,0.008472812329534422,0.000996748718054371,3
7823,20221018_110209.mat,3096042,3.096042,0.04906655623698334,0.000996748718054371,3
7824,20221018_110209.mat,3096241,3.096241,0.008858575158892244,0.000996748718054371,3
7825,20221018_110209.mat,3096440,3.09644,0.002075480961090518,0.000996748718054371,3
7826,20221018_110209.mat,3096639,3.096639,0.0038133086644783513,0.000996748718054371,3
7827,20221018_110209.mat,3096838,3.096838,0.0013853106869174687,0.000996748718054371,3
7828,20221018_110209.mat,3097435,3.097435,0.025332445493551844,0.000996748718054371,3
7829,20221018_110209.mat,3097634,3.097634,0.06669805483022563,0.000996748718054371,3
7830,20221018_110209.mat,3097833,3.097833,0.006605359005470298,0.000996748718054371,3
7831,20221018_110209.mat,3098032,3.098032,0.005891975815201566,0.000996748718054371,3
7832,20221018_110209.mat,3098231,3.098231,0.0014593067459104003,0.000996748718054371,3
7833,20221018_110209.mat,3099226,3.099226,0.004914019829049603,0.000996748718054371,3
7834,20221018_110209.mat,3099425,3.099425,0.0018726847786631525,0.000996748718054371,3
7835,20221018_110209.mat,3099823,3.099823,0.001397888000810869,0.000996748718054371,3
7836,20221018_110209.mat,3100022,3.100022,0.0019611704928294686,0.000996748718054371,3
7837,20221018_110209.mat,3101614,3.101614,0.004083171236738291,0.000996748718054371,3
7838,20221018_110209.mat,3101813,3.101813,0.0014265580598401366,0.000996748718054371,3
7839,20221018_110209.mat,3102012,3.102012,0.0010535868343212083,0.000996748718054371,3
7840,20221018_110209.mat,3102410,3.10241,0.0049473328169727295,0.000996748718054371,3
7841,20221018_110209.mat,3102609,3.102609,0.004257506134313164,0.000996748718054371,3
7842,20221018_110209.mat,3103007,3.103007,0.03155374327458789,0.000996748718054371,3
7843,20221018_110209.mat,3103206,3.103206,0.009438680057388306,0.000996748718054371,3
7844,20221018_110209.mat,3103405,3.103405,0.0034795045762191666,0.000996748718054371,3
7845,20221018_110209.mat,3103604,3.103604,0.0029379094546527285,0.000996748718054371,3
7846,20221018_110209.mat,3104002,3.104002,0.002999739818461488,0.000996748718054371,3
7847,20221018_110209.mat,3104201,3.104201,0.0010198761859033438,0.000996748718054371,3
7848,20221018_110209.mat,3105395,3.105395,0.02380255452671809,0.000996748718054371,3
7849,20221018_110209.mat,3105594,3.105594,0.015666448130605623,0.000996748718054371,3
7850,20221018_110209.mat,3105793,3.105793,0.0030186278934809475,0.000996748718054371,3
7851,20221018_110209.mat,3105992,3.105992,0.0012124581064524313,0.000996748718054371,3
7852,20221018_110209.mat,3108181,3.108181,0.011443877133523527,0.000996748718054371,3
7853,20221018_110209.mat,3108380,3.10838,0.001617695713156042,0.000996748718054371,3
7854,20221018_110209.mat,3108579,3.108579,0.0012255987893261182,0.000996748718054371,3
7855,20221018_110209.mat,3108977,3.108977,0.005318343318967577,0.000996748718054371,3
7856,20221018_110209.mat,3109176,3.109176,0.004559714202599206,0.000996748718054371,3
7857,20221018_110209.mat,3109375,3.109375,0.007424430075273138,0.000996748718054371,3
7858,20221018_110209.mat,3109574,3.109574,0.0012011352101336315,0.000996748718054371,3
7859,20221018_110209.mat,3109972,3.109972,0.004720953284560553,0.000996748718054371,3
7860,20221018_110209.mat,3110171,3.110171,0.003015088994120495,0.000996748718054371,3
7861,20221018_110209.mat,3110370,3.11037,0.0012594475000370347,0.000996748718054371,3
7862,20221018_110209.mat,3110569,3.110569,0.00460238915505068,0.000996748718054371,3
7863,20221018_110209.mat,3110768,3.110768,0.0010106189180587293,0.000996748718054371,3
7864,20221018_110209.mat,3113355,3.113355,0.0014574724740796198,0.000996748718054371,3
7865,20221018_110209.mat,3113554,3.113554,0.0012505408358689744,0.000996748718054371,3
7866,20221018_110209.mat,3113952,3.113952,0.0026560635930076362,0.000996748718054371,3
7867,20221018_110209.mat,3114151,3.114151,0.001611965549616025,0.000996748718054371,3
7868,20221018_110209.mat,3114350,3.11435,0.0018312499267662233,0.000996748718054371,3
7869,20221018_110209.mat,3114549,3.114549,0.0020989365055664893,0.000996748718054371,3
7870,20221018_110209.mat,3114748,3.114748,0.00905771862538827,0.000996748718054371,3
7871,20221018_110209.mat,3114947,3.114947,0.0048697986933790224,0.000996748718054371,3
7872,20221018_110209.mat,3115345,3.115345,0.001260277902076191,0.000996748718054371,3
7873,20221018_110209.mat,3115544,3.115544,0.0011232464277141474,0.000996748718054371,3
7874,20221018_110209.mat,3120917,3.120917,0.002542433726313403,0.000996748718054371,3
7875,20221018_110209.mat,3121116,3.121116,0.0015821220583040329,0.000996748718054371,3
7876,20221018_110209.mat,3127285,3.127285,0.0037990243753469087,0.000996748718054371,3
7877,20221018_110209.mat,3127484,3.127484,0.03996192679162602,0.000996748718054371,3
7878,20221018_110209.mat,3127683,3.127683,0.0941243619803138,0.000996748718054371,3
7879,20221018_110209.mat,3127882,3.127882,0.012678572051492096,0.000996748718054371,3
7880,20221018_110209.mat,3128081,3.128081,0.006004021286562357,0.000996748718054371,3
7881,20221018_110209.mat,3128280,3.12828,0.0028157077201647457,0.000996748718054371,3
7882,20221018_110209.mat,3129673,3.129673,0.0016023831790693394,0.000996748718054371,3
7883,20221018_110209.mat,3131066,3.131066,0.017210897369388717,0.000996748718054371,3
7884,20221018_110209.mat,3131265,3.131265,0.014147116511702938,0.000996748718054371,3
7885,20221018_110209.mat,3131464,3.131464,0.0019695739852912367,0.000996748718054371,3
7886,20221018_110209.mat,3144797,3.144797,0.004934113406229322,0.000996748718054371,3
7887,20221018_110209.mat,3144996,3.144996,0.0011368867964380704,0.000996748718054371,3
7888,20221018_110209.mat,3146588,3.146588,0.05921759705206887,0.000996748718054371,3
7889,20221018_110209.mat,3146787,3.146787,0.04933148589805965,0.000996748718054371,3
7890,20221018_110209.mat,3146986,3.146986,0.006267548431887629,0.000996748718054371,3
7891,20221018_110209.mat,3147185,3.147185,0.0031140081156039393,0.000996748718054371,3
7892,20221018_110209.mat,3148180,3.14818,0.002226262179099446,0.000996748718054371,3
7893,20221018_110209.mat,3148379,3.148379,0.006953597363163709,0.000996748718054371,3
7894,20221018_110209.mat,3148578,3.148578,0.0010471208281347768,0.000996748718054371,3
7895,20221018_110209.mat,3151762,3.151762,0.005624253156875894,0.000996748718054371,3
7896,20221018_110209.mat,3151961,3.151961,0.003691749868289388,0.000996748718054371,3
7897,20221018_110209.mat,3152558,3.152558,0.0013410495693968027,0.000996748718054371,3
7898,20221018_110209.mat,3152757,3.152757,0.0012171243286444081,0.000996748718054371,3
7899,20221018_110209.mat,3152956,3.152956,0.0011140743154012095,0.000996748718054371,3
7900,20221018_110209.mat,3154747,3.154747,0.0014275196107311505,0.000996748718054371,3
7901,20221018_110209.mat,3161115,3.161115,0.022904392586175056,0.000996748718054371,3
7902,20221018_110209.mat,3161314,3.161314,0.008650597239025351,0.000996748718054371,3
7903,20221018_110209.mat,3161513,3.161513,0.0014613062003008697,0.000996748718054371,3
7904,20221018_110209.mat,3162906,3.162906,0.00177199993084312,0.000996748718054371,3
7905,20221018_110209.mat,3175045,3.175045,0.01718749030212055,0.000996748718054371,3
7906,20221018_110209.mat,3175244,3.175244,0.00801426077578492,0.000996748718054371,3
7907,20221018_110209.mat,3175443,3.175443,0.0016737599004055127,0.000996748718054371,3
7908,20221018_110209.mat,3180219,3.180219,0.0011001127012665065,0.000996748718054371,3
7909,20221018_110209.mat,3188577,3.188577,0.0036862485015201644,0.000996748718054371,3
7910,20221018_110209.mat,3190766,3.190766,0.0013270455993018506,0.000996748718054371,3
7911,20221018_110209.mat,3196139,3.196139,0.010153322647145009,0.000996748718054371,3
7912,20221018_110209.mat,3196338,3.196338,0.008178543823574485,0.000996748718054371,3
7913,20221018_110209.mat,3196537,3.196537,0.0010375107420013446,0.000996748718054371,3
7914,20221018_110209.mat,3198129,3.198129,0.002699491347703947,0.000996748718054371,3
7915,20221018_110209.mat,3199522,3.199522,0.0010362949816252484,0.000996748718054371,3
7916,20221018_110209.mat,3199721,3.199721,0.001050627435084143,0.000996748718054371,3
7917,20221018_110209.mat,3206089,3.206089,0.001938808087283063,0.000996748718054371,3
7918,20221018_110209.mat,3206288,3.206288,0.019317761190811987,0.000996748718054371,3
7919,20221018_110209.mat,3206487,3.206487,0.0022293219650966734,0.000996748718054371,3
7920,20221018_110209.mat,3206686,3.206686,0.008365275121800644,0.000996748718054371,3
7921,20221018_110209.mat,3206885,3.206885,0.016914117402475826,0.000996748718054371,3
7922,20221018_110209.mat,3207084,3.207084,0.004066611428302639,0.000996748718054371,3
7923,20221018_110209.mat,3207283,3.207283,0.0018907064797301777,0.000996748718054371,3
7924,20221018_110209.mat,3218029,3.218029,0.0029173057506499465,0.000996748718054371,3
7925,20221018_110209.mat,3218228,3.218228,0.0012695249304160365,0.000996748718054371,3
7926,20221018_110209.mat,3218427,3.218427,0.007809095403632769,0.000996748718054371,3
7927,20221018_110209.mat,3218626,3.218626,0.0014019426345417364,0.000996748718054371,3
7928,20221018_110209.mat,3227183,3.227183,0.01756372425135749,0.000996748718054371,3
7929,20221018_110209.mat,3227382,3.227382,0.002628645115259814,0.000996748718054371,3
7930,20221018_110209.mat,3227581,3.227581,0.0011485555457774466,0.000996748718054371,3
7931,20221018_110209.mat,3249471,3.249471,0.007133741031891992,0.000996748718054371,3
7932,20221018_110209.mat,3249670,3.24967,0.007269003839887554,0.000996748718054371,3
7933,20221018_110209.mat,3249869,3.249869,0.001033020817768877,0.000996748718054371,3
7934,20221018_110209.mat,3253252,3.253252,0.0010579885391871682,0.000996748718054371,3
7935,20221018_110209.mat,3261809,3.261809,0.001321586844656564,0.000996748718054371,3
7936,20221018_110209.mat,3262406,3.262406,0.005373373933211083,0.000996748718054371,3
7937,20221018_110209.mat,3262605,3.262605,0.0016058973270755988,0.000996748718054371,3
7938,20221018_110209.mat,3264595,3.264595,0.0016480109633916448,0.000996748718054371,3
7939,20221018_110209.mat,3264794,3.264794,0.0011952555473104104,0.000996748718054371,3
7940,20221018_110209.mat,3265789,3.265789,0.015055104111308483,0.000996748718054371,3
7941,20221018_110209.mat,3265988,3.265988,0.0022339236100827674,0.000996748718054371,3
7942,20221018_110209.mat,3297828,3.297828,0.001151281173227797,0.000996748718054371,3
7943,20221018_110209.mat,3303798,3.303798,0.029722834816742476,0.000996748718054371,3
7944,20221018_110209.mat,3303997,3.303997,0.019304921035372374,0.000996748718054371,3
7945,20221018_110209.mat,3304196,3.304196,0.00406965111623734,0.000996748718054371,3
7946,20221018_110209.mat,3304395,3.304395,0.0017100221461495942,0.000996748718054371,3
7947,20221018_110209.mat,3308176,3.308176,0.006045672145289617,0.000996748718054371,3
7948,20221018_110209.mat,3308375,3.308375,0.0016957914345417495,0.000996748718054371,3
7949,20221018_110209.mat,3313748,3.313748,0.008493896986952576,0.000996748718054371,3
7950,20221018_110209.mat,3313947,3.313947,0.006736763209522696,0.000996748718054371,3
7951,20221018_110209.mat,3336434,3.336434,0.01195974736732254,0.000996748718054371,3
7952,20221018_110209.mat,3336633,3.336633,0.0024335156096613898,0.000996748718054371,3
7953,20221018_110209.mat,3336832,3.336832,0.00125586775719943,0.000996748718054371,3
7954,20221018_110209.mat,3345389,3.345389,0.0010004137354986632,0.000996748718054371,3
7955,20221018_110209.mat,3347578,3.347578,0.0011843434766160863,0.000996748718054371,3
7956,20221018_110209.mat,3347777,3.347777,0.001127292600810455,0.000996748718054371,3
7957,20221018_110209.mat,3359916,3.359916,0.05158931013494502,0.000996748718054371,3
7958,20221018_110209.mat,3360115,3.360115,0.012345867287009496,0.000996748718054371,3
7959,20221018_110209.mat,3360314,3.360314,0.006162246443368778,0.000996748718054371,3
7960,20221018_110209.mat,3360513,3.360513,0.0026915557184825946,0.000996748718054371,3
7961,20221018_110209.mat,3361508,3.361508,0.001252216358958511,0.000996748718054371,3
7962,20221018_110209.mat,3361707,3.361707,0.001068714278780717,0.000996748718054371,3
7963,20221018_110209.mat,3364891,3.364891,0.0010795320912333531,0.000996748718054371,3
7964,20221018_110209.mat,3369070,3.36907,0.0062218118109177555,0.000996748718054371,3
7965,20221018_110209.mat,3369269,3.369269,0.0016156612453531506,0.000996748718054371,3
7966,20221018_110209.mat,3377428,3.377428,0.0017292365414305825,0.000996748718054371,3
7967,20221018_110209.mat,3377627,3.377627,0.0011559160924275297,0.000996748718054371,3
7968,20221018_110209.mat,3386184,3.386184,0.0018450446234179844,0.000996748718054371,3
7969,20221018_110209.mat,3389169,3.389169,0.002187431409674371,0.000996748718054371,3
7970,20221018_110209.mat,3389368,3.389368,0.0014497470478001414,0.000996748718054371,3
7971,20221018_110209.mat,3389567,3.389567,0.0025764078911501924,0.000996748718054371,3
7972,20221018_110209.mat,3396532,3.396532,0.0016609405420782185,0.000996748718054371,3
7973,20221018_110209.mat,3396731,3.396731,0.0018580638020299898,0.000996748718054371,3
7974,20221018_110209.mat,3437128,3.437128,0.0038057089712706577,0.000996748718054371,3
7975,20221018_110209.mat,3441108,3.441108,0.006401310193756643,0.000996748718054371,3
7976,20221018_110209.mat,3441307,3.441307,0.0016619059299293516,0.000996748718054371,3
7977,20221018_110209.mat,3452451,3.452451,0.000999955653151403,0.000996748718054371,3
7978,20221018_110209.mat,3469764,3.469764,0.0028399342529817555,0.000996748718054371,3
7979,20221018_110209.mat,3469963,3.469963,0.0016557178822356829,0.000996748718054371,3
7980,20221018_110209.mat,3475535,3.475535,0.0017373699294538976,0.000996748718054371,3
7981,20221018_110209.mat,3475734,3.475734,0.002789917252230883,0.000996748718054371,3
7982,20221018_110209.mat,3483097,3.483097,0.0020910773207850663,0.000996748718054371,3
7983,20221018_110209.mat,3483893,3.483893,0.0013039336616387477,0.000996748718054371,3
7984,20221018_110209.mat,3486878,3.486878,0.0033686154622367213,0.000996748718054371,3
7985,20221018_110209.mat,3487077,3.487077,0.001201784267453779,0.000996748718054371,3
7986,20221018_110209.mat,3497425,3.497425,0.03685135440003301,0.000996748718054371,3
7987,20221018_110209.mat,3497624,3.497624,0.00604594944560869,0.000996748718054371,3
7988,20221018_110209.mat,3497823,3.497823,0.0024416405068486257,0.000996748718054371,3
7989,20221018_110209.mat,3521504,3.521504,0.001012047485731451,0.000996748718054371,3
7990,20221018_110209.mat,3523693,3.523693,0.0010731305740173931,0.000996748718054371,3
7991,20221018_110209.mat,3531653,3.531653,0.010735716832618104,0.000996748718054371,3
7992,20221018_110209.mat,3531852,3.531852,0.2259250336518149,0.000996748718054371,3
7993,20221018_110209.mat,3532051,3.532051,0.03327826194274315,0.000996748718054371,3
7994,20221018_110209.mat,3532250,3.53225,0.010220307920690381,0.000996748718054371,3
7995,20221018_110209.mat,3532449,3.532449,0.0031889946962960153,0.000996748718054371,3
7996,20221018_110209.mat,3540608,3.540608,0.0010326065449835099,0.000996748718054371,3
7997,20221018_110209.mat,3552349,3.552349,0.0010248708690864348,0.000996748718054371,3
7998,20221018_110209.mat,3562299,3.562299,0.005232300915260732,0.000996748718054371,3
7999,20221018_110209.mat,3573045,3.573045,0.0025912876674220823,0.000996748718054371,3
8000,20221018_110209.mat,3573244,3.573244,0.0013298280446981524,0.000996748718054371,3
8001,20221018_110209.mat,3574040,3.57404,0.002944309355564979,0.000996748718054371,3
8002,20221018_110209.mat,3574637,3.574637,0.0011844632376766988,0.000996748718054371,3
8003,20221018_110209.mat,3586179,3.586179,0.011125877129811508,0.000996748718054371,3
8004,20221018_110209.mat,3586378,3.586378,0.009414573497256561,0.000996748718054371,3
8005,20221018_110209.mat,3586577,3.586577,0.0023011600419482006,0.000996748718054371,3
8006,20221018_110209.mat,3591751,3.591751,0.003716159834369307,0.000996748718054371,3
8007,20221018_110209.mat,3612049,3.612049,0.001155259134672997,0.000996748718054371,3
8008,20221018_110209.mat,3648466,3.648466,0.0024343525724005713,0.000996748718054371,3
8009,20221018_110209.mat,3648665,3.648665,0.0022546886842416975,0.000996748718054371,3
8010,20221018_110209.mat,3651451,3.651451,0.0012081038114133559,0.000996748718054371,3
8011,20221018_110209.mat,3655033,3.655033,0.004891463521816352,0.000996748718054371,3
8012,20221018_110209.mat,3655232,3.655232,0.004069743733013167,0.000996748718054371,3
8013,20221018_110209.mat,3665381,3.665381,0.004067397800476061,0.000996748718054371,3
8014,20221018_110209.mat,3665580,3.66558,0.0010619161940955872,0.000996748718054371,3
8015,20221018_110209.mat,3673540,3.67354,0.0039005939872919612,0.000996748718054371,3
8016,20221018_110209.mat,3673739,3.673739,0.0014776053527629004,0.000996748718054371,3
8017,20221018_110209.mat,3690057,3.690057,0.0029742102502395462,0.000996748718054371,3
8018,20221018_110209.mat,3690256,3.690256,0.0016027677648429112,0.000996748718054371,3
8019,20221018_110209.mat,3690455,3.690455,0.0015819187427932146,0.000996748718054371,3
8020,20221018_110209.mat,3690654,3.690654,0.001032008538268821,0.000996748718054371,3
8021,20221018_110209.mat,3705181,3.705181,0.0018914773273981055,0.000996748718054371,3
8022,20221018_110209.mat,3705380,3.70538,0.0010170508229192638,0.000996748718054371,3
8023,20221018_110209.mat,3726673,3.726673,0.0036672811139825874,0.000996748718054371,3
8024,20221018_110209.mat,3732046,3.732046,0.0032893621729286338,0.000996748718054371,3
8025,20221018_110209.mat,3732245,3.732245,0.009893662792616019,0.000996748718054371,3
8026,20221018_110209.mat,3732444,3.732444,0.002676696440085295,0.000996748718054371,3
8027,20221018_110209.mat,3732643,3.732643,0.0010236527825418635,0.000996748718054371,3
8028,20221018_110209.mat,3744782,3.744782,0.12088581109039301,0.000996748718054371,3
8029,20221018_110209.mat,3744981,3.744981,0.01794376769742818,0.000996748718054371,3
8030,20221018_110209.mat,3745180,3.74518,0.0032573606826960554,0.000996748718054371,3
8031,20221018_110209.mat,3745379,3.745379,0.0011724342520902592,0.000996748718054371,3
8032,20221018_110209.mat,3762692,3.762692,0.0012186449821121902,0.000996748718054371,3
8033,20221018_110209.mat,3767667,3.767667,0.0010511128522557732,0.000996748718054371,3
8034,20221018_110209.mat,3771249,3.771249,0.008897278077037447,0.000996748718054371,3
8035,20221018_110209.mat,3771448,3.771448,0.004742592885718034,0.000996748718054371,3
8036,20221018_110209.mat,3771647,3.771647,0.0011340845912651775,0.000996748718054371,3
8037,20221018_110209.mat,3786572,3.786572,0.006514584628714467,0.000996748718054371,3
8038,20221018_110209.mat,3786771,3.786771,0.0020216823611350853,0.000996748718054371,3
8039,20221018_110209.mat,3787766,3.787766,0.0014454789207399544,0.000996748718054371,3
8040,20221018_110209.mat,3797716,3.797716,0.0012633463289315014,0.000996748718054371,3
8041,20221018_110209.mat,3828561,3.828561,0.0022539848837571943,0.000996748718054371,3
8042,20221018_110209.mat,3859605,3.859605,0.0014571455149000507,0.000996748718054371,3
8043,20221018_110209.mat,3872341,3.872341,0.030242410170744027,0.000996748718054371,3
8044,20221018_110209.mat,3872540,3.87254,0.009323966724185596,0.000996748718054371,3
8045,20221018_110209.mat,3872739,3.872739,0.002949506317201539,0.000996748718054371,3
8046,20221018_110209.mat,3872938,3.872938,0.0010568004331321511,0.000996748718054371,3
8047,20221018_110209.mat,3881893,3.881893,0.001004545971280704,0.000996748718054371,3
8048,20221018_110209.mat,3897216,3.897216,0.001078888803429807,0.000996748718054371,3
8049,20221018_110209.mat,3897415,3.897415,0.001152375629148453,0.000996748718054371,3
8050,20221018_110209.mat,3901594,3.901594,0.00214408649436754,0.000996748718054371,3
8051,20221018_110209.mat,3909355,3.909355,0.001196097944692522,0.000996748718054371,3
8052,20221018_110209.mat,3932240,3.93224,0.008685816377897854,0.000996748718054371,3
8053,20221018_110209.mat,3932439,3.932439,0.0015693657030923383,0.000996748718054371,3
8054,20221018_110209.mat,3939404,3.939404,0.03262438900225411,0.000996748718054371,3
8055,20221018_110209.mat,3939603,3.939603,0.025494952809695118,0.000996748718054371,3
8056,20221018_110209.mat,3939802,3.939802,0.0028139405608071954,0.000996748718054371,3
8057,20221018_110209.mat,3940001,3.940001,0.0014290649944499495,0.000996748718054371,3
8058,20221018_110209.mat,3965075,3.965075,0.005345186700904482,0.000996748718054371,3
8059,20221018_110209.mat,3965274,3.965274,0.0017207305661230301,0.000996748718054371,3
8060,20221018_110209.mat,3965473,3.965473,0.0011059430050716125,0.000996748718054371,3
8061,20221018_110209.mat,3966667,3.966667,0.001017451139668494,0.000996748718054371,3
8062,20221018_110209.mat,3971841,3.971841,0.0019420809156995011,0.000996748718054371,3
8063,20221018_110209.mat,3972040,3.97204,0.0010233596664179097,0.000996748718054371,3
8064,20221018_110209.mat,3989950,3.98995,0.002751984889176698,0.000996748718054371,3
8065,20221018_110209.mat,3990149,3.990149,0.0010837454792133846,0.000996748718054371,3
8066,20221018_110209.mat,4010248,4.010248,0.0021148832550691304,0.000996748718054371,3
8067,20221018_110209.mat,4012636,4.012636,0.0012074796603401819,0.000996748718054371,3
8068,20221018_110209.mat,4027561,4.027561,0.019935300689404387,0.000996748718054371,3
8069,20221018_110209.mat,4027760,4.02776,0.009356116357072902,0.000996748718054371,3
8070,20221018_110209.mat,4027959,4.027959,0.0021971283860012297,0.000996748718054371,3
8071,20221018_110209.mat,4032536,4.032536,0.020610176028018446,0.000996748718054371,3
8072,20221018_110209.mat,4032735,4.032735,0.028548424153579655,0.000996748718054371,3
8073,20221018_110209.mat,4032934,4.032934,0.006436878250948313,0.000996748718054371,3
8074,20221018_110209.mat,4033133,4.033133,0.0014838223734836503,0.000996748718054371,3
8075,20221018_110209.mat,4048655,4.048655,0.001030045324489319,0.000996748718054371,3
8076,20221018_110209.mat,4048854,4.048854,0.0011373763845757467,0.000996748718054371,3
8077,20221018_110209.mat,4057411,4.057411,0.0014321075144957617,0.000996748718054371,3
8078,20221018_110209.mat,4071142,4.071142,0.009195135254612928,0.000996748718054371,3
8079,20221018_110209.mat,4071341,4.071341,0.004616312667067055,0.000996748718054371,3
8080,20221018_110209.mat,4071540,4.07154,0.00131995422546468,0.000996748718054371,3
8081,20221018_110209.mat,4072734,4.072734,0.011086742913849082,0.000996748718054371,3
8082,20221018_110209.mat,4072933,4.072933,0.0015377288109398876,0.000996748718054371,3
8083,20221018_110209.mat,4076316,4.076316,0.016738732667392297,0.000996748718054371,3
8084,20221018_110209.mat,4076515,4.076515,0.01831300085533168,0.000996748718054371,3
8085,20221018_110209.mat,4076714,4.076714,0.0018268896208766634,0.000996748718054371,3
8086,20221018_110209.mat,4079102,4.079102,0.0020705334867991672,0.000996748718054371,3
8087,20221018_110209.mat,4079301,4.079301,0.0010365394685427113,0.000996748718054371,3
8088,20221018_110209.mat,4082684,4.082684,0.004870894750705805,0.000996748718054371,3
8089,20221018_110209.mat,4082883,4.082883,0.003013662282783922,0.000996748718054371,3
8090,20221018_110209.mat,4083082,4.083082,0.001072147158412536,0.000996748718054371,3
8091,20221018_110209.mat,4092037,4.092037,0.0012483582535855525,0.000996748718054371,3
8092,20221018_110209.mat,4094226,4.094226,0.001442759580804789,0.000996748718054371,3
8093,20221018_110209.mat,4101191,4.101191,0.0012104269328038222,0.000996748718054371,3
8094,20221018_110209.mat,4134623,4.134623,0.005704643065629602,0.000996748718054371,3
8095,20221018_110209.mat,4134822,4.134822,0.005425227386102976,0.000996748718054371,3
8096,20221018_110209.mat,4139797,4.139797,0.0010891801444769624,0.000996748718054371,3
8097,20221018_110209.mat,4139996,4.139996,0.001520704005643951,0.000996748718054371,3
8098,20221018_110209.mat,4141190,4.14119,0.014670311268018802,0.000996748718054371,3
8099,20221018_110209.mat,4141389,4.141389,0.0014615937287700484,0.000996748718054371,3
8100,20221018_110209.mat,4141787,4.141787,0.021303732242076982,0.000996748718054371,3
8101,20221018_110209.mat,4141986,4.141986,0.003702305765635772,0.000996748718054371,3
8102,20221018_110209.mat,4142185,4.142185,0.0010577776556772714,0.000996748718054371,3
8103,20221018_110209.mat,4154523,4.154523,0.0011850784384129435,0.000996748718054371,3
8104,20221018_110209.mat,4192333,4.192333,0.016984294319951035,0.000996748718054371,3
8105,20221018_110209.mat,4192532,4.192532,0.0024966785929288844,0.000996748718054371,3
8106,20221018_110209.mat,4192731,4.192731,0.002594138968330795,0.000996748718054371,3
8107,20221018_110209.mat,4192930,4.19293,0.0010122208572733546,0.000996748718054371,3
8108,20221018_110209.mat,4203477,4.203477,0.00697484968882085,0.000996748718054371,3
8109,20221018_110209.mat,4203676,4.203676,0.0017954082260761162,0.000996748718054371,3
8110,20221018_110209.mat,4203875,4.203875,0.0010016610801556395,0.000996748718054371,3
8111,20221018_110209.mat,4206860,4.20686,0.006616895339242058,0.000996748718054371,3
8112,20221018_110209.mat,4207059,4.207059,0.003911959862052261,0.000996748718054371,3
8113,20221018_110209.mat,4210641,4.210641,0.007470864369356647,0.000996748718054371,3
8114,20221018_110209.mat,4210840,4.21084,0.007719862778862962,0.000996748718054371,3
8115,20221018_110209.mat,4229546,4.229546,0.0016717884821625354,0.000996748718054371,3
8116,20221018_110209.mat,4229745,4.229745,0.003616612393012173,0.000996748718054371,3
8117,20221018_110209.mat,4245267,4.245267,0.0020146992259432424,0.000996748718054371,3
8118,20221018_110209.mat,4257406,4.257406,0.0011879946797435832,0.000996748718054371,3
8119,20221018_110209.mat,4257605,4.257605,0.0015996083501806815,0.000996748718054371,3
8120,20221018_110209.mat,4262779,4.262779,0.0020539061236978817,0.000996748718054371,3
8121,20221018_110209.mat,4266162,4.266162,0.00349865541451832,0.000996748718054371,3
8122,20221018_110209.mat,4266361,4.266361,0.001397178951901064,0.000996748718054371,3
8123,20221018_110209.mat,4272729,4.272729,0.0012835447736455553,0.000996748718054371,3
8124,20221018_110209.mat,4283674,4.283674,0.0024497906497798457,0.000996748718054371,3
8125,20221018_110209.mat,4284669,4.284669,0.09818440921415043,0.000996748718054371,3
8126,20221018_110209.mat,4284868,4.284868,0.05097731731390581,0.000996748718054371,3
8127,20221018_110209.mat,4285067,4.285067,0.01693185639055794,0.000996748718054371,3
8128,20221018_110209.mat,4285266,4.285266,0.005955646658929684,0.000996748718054371,3
8129,20221018_110209.mat,4285465,4.285465,0.0011324953809128614,0.000996748718054371,3
8130,20221018_110209.mat,4298201,4.298201,0.002268518940487582,0.000996748718054371,3
8131,20221018_110209.mat,4298400,4.2984,0.0035530574719247632,0.000996748718054371,3
8132,20221018_110209.mat,4305763,4.305763,0.002829300554863578,0.000996748718054371,3
8133,20221018_110209.mat,4317703,4.317703,0.011416600214295629,0.000996748718054371,3
8134,20221018_110209.mat,4317902,4.317902,0.014043042691404483,0.000996748718054371,3
8135,20221018_110209.mat,4318101,4.318101,0.001462054522180085,0.000996748718054371,3
8136,20221018_110209.mat,4325663,4.325663,0.009383843457702837,0.000996748718054371,3
8137,20221018_110209.mat,4325862,4.325862,0.005217143302845458,0.000996748718054371,3
8138,20221018_110209.mat,4331832,4.331832,0.004450580393407707,0.000996748718054371,3
8139,20221018_110209.mat,4332031,4.332031,0.004770844461713767,0.000996748718054371,3
8140,20221018_110209.mat,4332230,4.33223,0.0011148361891362478,0.000996748718054371,3
8141,20221018_110209.mat,4352727,4.352727,0.0019209168205838653,0.000996748718054371,3
8142,20221018_110209.mat,4357105,4.357105,0.0010442996675435936,0.000996748718054371,3
8143,20221018_110209.mat,4359891,4.359891,0.003872343420058774,0.000996748718054371,3
8144,20221018_110209.mat,4377602,4.377602,0.0016240967109798447,0.000996748718054371,3
8145,20221018_110209.mat,4378199,4.378199,0.006495282957617025,0.000996748718054371,3
8146,20221018_110209.mat,4378398,4.378398,0.0017971078729329616,0.000996748718054371,3
8147,20221018_110209.mat,4383970,4.38397,0.010933602068645886,0.000996748718054371,3
8148,20221018_110209.mat,4384169,4.384169,0.005714427239771613,0.000996748718054371,3
8149,20221018_110209.mat,4384368,4.384368,0.0016537275735997905,0.000996748718054371,3
8150,20221018_110209.mat,4391532,4.391532,0.020653333372935744,0.000996748718054371,3
8151,20221018_110209.mat,4391731,4.391731,0.003577987174115001,0.000996748718054371,3
8152,20221018_110209.mat,4391930,4.39193,0.002094580715029283,0.000996748718054371,3
8153,20221018_110209.mat,4393721,4.393721,0.1035176512226938,0.000996748718054371,3
8154,20221018_110209.mat,4393920,4.39392,0.034684098853365146,0.000996748718054371,3
8155,20221018_110209.mat,4394119,4.394119,0.0030823982200483334,0.000996748718054371,3
8156,20221018_110209.mat,4394318,4.394318,0.0011339298521607305,0.000996748718054371,3
8157,20221018_110209.mat,4404268,4.404268,0.003933369396826858,0.000996748718054371,3
8158,20221018_110209.mat,4404467,4.404467,0.001808751206458376,0.000996748718054371,3
8159,20221018_110209.mat,4404865,4.404865,0.0010575749160866177,0.000996748718054371,3
8160,20221018_110209.mat,4435710,4.43571,0.004654000323417547,0.000996748718054371,3
8161,20221018_110209.mat,4435909,4.435909,0.001160624882765459,0.000996748718054371,3
8162,20221018_110209.mat,4467152,4.467152,0.005915990236284694,0.000996748718054371,3
8163,20221018_110209.mat,4467351,4.467351,0.006279857291836631,0.000996748718054371,3
8164,20221018_110209.mat,4488445,4.488445,0.0010792822264596874,0.000996748718054371,3
8165,20221018_110209.mat,4489042,4.489042,0.001169794917844933,0.000996748718054371,3
8166,20221018_110209.mat,4501579,4.501579,0.0026726006790003167,0.000996748718054371,3
8167,20221018_110209.mat,4501778,4.501778,0.0010909972810443829,0.000996748718054371,3
8168,20221018_110209.mat,4550931,4.550931,0.0048667785421471,0.000996748718054371,3
8169,20221018_110209.mat,4551130,4.55113,0.0018852264820751743,0.000996748718054371,3
8170,20221018_110209.mat,4559687,4.559687,0.002216323254825197,0.000996748718054371,3
8171,20221018_110209.mat,4582771,4.582771,0.0015646182495785733,0.000996748718054371,3
8172,20221018_110209.mat,4584363,4.584363,0.0016200873361416697,0.000996748718054371,3
8173,20221018_110209.mat,4591925,4.591925,0.0016579644914336263,0.000996748718054371,3
8174,20221018_110209.mat,4596701,4.596701,0.0022502459613599536,0.000996748718054371,3
8175,20221018_110209.mat,4611029,4.611029,0.020899351134160096,0.000996748718054371,3
8176,20221018_110209.mat,4611228,4.611228,0.04047602834925808,0.000996748718054371,3
8177,20221018_110209.mat,4611427,4.611427,0.007025058745384497,0.000996748718054371,3
8178,20221018_110209.mat,4611626,4.611626,0.0025054459701888666,0.000996748718054371,3
8179,20221018_110209.mat,4622372,4.622372,0.0012619302065482057,0.000996748718054371,3
8180,20221018_110209.mat,4637695,4.637695,0.001132624446070652,0.000996748718054371,3
8181,20221018_110209.mat,4637894,4.637894,0.0012632039974040108,0.000996748718054371,3
8182,20221018_110209.mat,4641874,4.641874,0.0019047193142849102,0.000996748718054371,3
8183,20221018_110209.mat,4642073,4.642073,0.001978136705114679,0.000996748718054371,3
8184,20221018_110209.mat,4662570,4.66257,0.001148025479917539,0.000996748718054371,3
8185,20221018_110209.mat,4667147,4.667147,0.0019162078351121989,0.000996748718054371,3
8186,20221018_110209.mat,4706350,4.70635,0.0010259872327589847,0.000996748718054371,3
8187,20221018_110209.mat,4711524,4.711524,0.0037825854613806405,0.000996748718054371,3
8188,20221018_110209.mat,4721673,4.721673,0.0012387347419565353,0.000996748718054371,3
8189,20221018_110209.mat,4726250,4.72625,0.003914914908743791,0.000996748718054371,3
8190,20221018_110209.mat,4730429,4.730429,0.0018808594194860096,0.000996748718054371,3
8191,20221018_110209.mat,4735802,4.735802,0.0018148053173261012,0.000996748718054371,3
8192,20221018_110209.mat,4751523,4.751523,0.0011219903205833288,0.000996748718054371,3
8193,20221018_110209.mat,4755304,4.755304,0.011474945290788874,0.000996748718054371,3
8194,20221018_110209.mat,4755503,4.755503,0.0021291725439350245,0.000996748718054371,3
8195,20221018_110209.mat,4768438,4.768438,0.019108727222620706,0.000996748718054371,3
8196,20221018_110209.mat,4768637,4.768637,0.010179465269252353,0.000996748718054371,3
8197,20221018_110209.mat,4768836,4.768836,0.0015160642147135806,0.000996748718054371,3
8198,20221018_110209.mat,4771423,4.771423,0.0014892914778510615,0.000996748718054371,3
8199,20221018_110209.mat,4788537,4.788537,0.00362667777768972,0.000996748718054371,3
8200,20221018_110209.mat,4788736,4.788736,0.004386465052069716,0.000996748718054371,3
8201,20221018_110209.mat,4788935,4.788935,0.0012836983378869437,0.000996748718054371,3
8202,20221018_110209.mat,4850625,4.850625,0.022026862893464127,0.000996748718054371,3
8203,20221018_110209.mat,4850824,4.850824,0.010988712124860666,0.000996748718054371,3
8204,20221018_110209.mat,4851023,4.851023,0.0022019178392034895,0.000996748718054371,3
8205,20221018_110209.mat,4851222,4.851222,0.001190111424829064,0.000996748718054371,3
8206,20221018_110209.mat,4861968,4.861968,0.015492416980341896,0.000996748718054371,3
8207,20221018_110209.mat,4862167,4.862167,0.0018950216830964123,0.000996748718054371,3
8208,20221018_110209.mat,4862764,4.862764,0.0015456605583127575,0.000996748718054371,3
8209,20221018_110209.mat,4865152,4.865152,0.003956791961841962,0.000996748718054371,3
8210,20221018_110209.mat,4865351,4.865351,0.0018292936986132212,0.000996748718054371,3
8211,20221018_110209.mat,4869331,4.869331,0.0011186949230629322,0.000996748718054371,3
8212,20221018_110209.mat,4875898,4.875898,0.005357141590614724,0.000996748718054371,3
8213,20221018_110209.mat,4876097,4.876097,0.0029572196123630575,0.000996748718054371,3
8214,20221018_110209.mat,4876296,4.876296,0.0010208463525528727,0.000996748718054371,3
8215,20221018_110209.mat,4882863,4.882863,0.0016094898662127905,0.000996748718054371,3
8216,20221018_110209.mat,4883062,4.883062,0.0013549744197541294,0.000996748718054371,3
8217,20221018_110209.mat,4884853,4.884853,0.001248567349588812,0.000996748718054371,3
8218,20221018_110209.mat,4887838,4.887838,0.0010876946169662558,0.000996748718054371,3
8219,20221018_110209.mat,4888236,4.888236,0.002600957585347906,0.000996748718054371,3
8220,20221018_110209.mat,4888435,4.888435,0.004927588990999903,0.000996748718054371,3
8221,20221018_110209.mat,4888833,4.888833,0.0010885107456241098,0.000996748718054371,3
8222,20221018_110209.mat,4912713,4.912713,0.017395943610404585,0.000996748718054371,3
8223,20221018_110209.mat,4912912,4.912912,0.0036874616735988117,0.000996748718054371,3
8224,20221018_110209.mat,4913111,4.913111,0.001332273069286408,0.000996748718054371,3
8225,20221018_110209.mat,4914106,4.914106,0.0022443120626526062,0.000996748718054371,3
8226,20221018_110209.mat,4916096,4.916096,0.0021566503293837754,0.000996748718054371,3
8227,20221018_110209.mat,4927041,4.927041,0.0026271000482208646,0.000996748718054371,3
8228,20221018_110209.mat,4927240,4.92724,0.0010270022052814981,0.000996748718054371,3
8229,20221018_110209.mat,4933608,4.933608,0.008650639425085219,0.000996748718054371,3
8230,20221018_110209.mat,4933807,4.933807,0.011248877143944958,0.000996748718054371,3
8231,20221018_110209.mat,4934006,4.934006,0.00148554678583151,0.000996748718054371,3
8232,20221018_110209.mat,4976592,4.976592,0.002271658126214022,0.000996748718054371,3
8233,20221018_110209.mat,4976791,4.976791,0.0018276897525777332,0.000996748718054371,3
8234,20221018_110209.mat,4984353,4.984353,0.001446350773889259,0.000996748718054371,3
8235,20221018_110209.mat,4984552,4.984552,0.0013016525936883493,0.000996748718054371,3
8236,20221018_110214.mat,11542,0.011542,0.001161402890668909,0.0009842885535221724,3
8237,20221018_110214.mat,25671,0.025671,0.001086824104145448,0.0009842885535221724,3
8238,20221018_110214.mat,25870,0.02587,0.001943169920976851,0.0009842885535221724,3
8239,20221018_110214.mat,30049,0.030049,0.0009923903950898915,0.0009842885535221724,3
8240,20221018_110214.mat,37014,0.037014,0.0016402055217034706,0.0009842885535221724,3
8241,20221018_110214.mat,37213,0.037213,0.0022471519854935728,0.0009842885535221724,3
8242,20221018_110214.mat,48357,0.048357,0.006540337534164462,0.0009842885535221724,3
8243,20221018_110214.mat,48556,0.048556,0.003953098767810941,0.0009842885535221724,3
8244,20221018_110214.mat,53531,0.053531,0.003415608599995369,0.0009842885535221724,3
8245,20221018_110214.mat,53730,0.05373,0.0010884603961670359,0.0009842885535221724,3
8246,20221018_110214.mat,60098,0.060098,0.0014297968634491625,0.0009842885535221724,3
8247,20221018_110214.mat,60297,0.060297,0.0011471832615914624,0.0009842885535221724,3
8248,20221018_110214.mat,69053,0.069053,0.0018746870903501584,0.0009842885535221724,3
8249,20221018_110214.mat,69252,0.069252,0.0034888925985453478,0.0009842885535221724,3
8250,20221018_110214.mat,71242,0.071242,0.00294785519045726,0.0009842885535221724,3
8251,20221018_110214.mat,71441,0.071441,0.0017634461465765282,0.0009842885535221724,3
8252,20221018_110214.mat,80993,0.080993,0.0011659344576663482,0.0009842885535221724,3
8253,20221018_110214.mat,82784,0.082784,0.0011141864861686356,0.0009842885535221724,3
8254,20221018_110214.mat,82983,0.082983,0.0015247233390048693,0.0009842885535221724,3
8255,20221018_110214.mat,91142,0.091142,0.0028683053334477137,0.0009842885535221724,3
8256,20221018_110214.mat,94724,0.094724,0.0011730900501141302,0.0009842885535221724,3
8257,20221018_110214.mat,96117,0.096117,0.0014722105915407127,0.0009842885535221724,3
8258,20221018_110214.mat,96913,0.096913,0.0057426129685385395,0.0009842885535221724,3
8259,20221018_110214.mat,124176,0.124176,0.014286564519149846,0.0009842885535221724,3
8260,20221018_110214.mat,124375,0.124375,0.00600350995693266,0.0009842885535221724,3
8261,20221018_110214.mat,124574,0.124574,0.0009862173181534421,0.0009842885535221724,3
8262,20221018_110214.mat,124773,0.124773,0.009428238305598623,0.0009842885535221724,3
8263,20221018_110214.mat,124972,0.124972,0.004658606598157339,0.0009842885535221724,3
8264,20221018_110214.mat,125171,0.125171,0.0011529226859487902,0.0009842885535221724,3
8265,20221018_110214.mat,131141,0.131141,0.0036104131589829794,0.0009842885535221724,3
8266,20221018_110214.mat,131340,0.13134,0.0013419228003650105,0.0009842885535221724,3
8267,20221018_110214.mat,144872,0.144872,0.006759109929791285,0.0009842885535221724,3
8268,20221018_110214.mat,145071,0.145071,0.014231196703543985,0.0009842885535221724,3
8269,20221018_110214.mat,145270,0.14527,0.0017292982423238244,0.0009842885535221724,3
8270,20221018_110214.mat,145469,0.145469,0.0011211294954623604,0.0009842885535221724,3
8271,20221018_110214.mat,150444,0.150444,0.0034052651815500755,0.0009842885535221724,3
8272,20221018_110214.mat,150643,0.150643,0.0013063349352110405,0.0009842885535221724,3
8273,20221018_110214.mat,165170,0.16517,0.0013888992915951231,0.0009842885535221724,3
8274,20221018_110214.mat,165369,0.165369,0.006885479363631754,0.0009842885535221724,3
8275,20221018_110214.mat,165568,0.165568,0.0011952962290597408,0.0009842885535221724,3
8276,20221018_110214.mat,205169,0.205169,0.0014558027864496708,0.0009842885535221724,3
8277,20221018_110214.mat,205368,0.205368,0.0015908755902415265,0.0009842885535221724,3
8278,20221018_110214.mat,209149,0.209149,0.0023404055774508704,0.0009842885535221724,3
8279,20221018_110214.mat,209348,0.209348,0.0011416122273473534,0.0009842885535221724,3
8280,20221018_110214.mat,211537,0.211537,0.009234475010320264,0.0009842885535221724,3
8281,20221018_110214.mat,211736,0.211736,0.004931209631827385,0.0009842885535221724,3
8282,20221018_110214.mat,211935,0.211935,0.0010867580538900317,0.0009842885535221724,3
8283,20221018_110214.mat,253327,0.253327,0.006605544374255041,0.0009842885535221724,3
8284,20221018_110214.mat,253526,0.253526,0.001148462207297134,0.0009842885535221724,3
8285,20221018_110214.mat,288152,0.288152,0.0009992035436552024,0.0009842885535221724,3
8286,20221018_110214.mat,297107,0.297107,0.0013034843987020104,0.0009842885535221724,3
8287,20221018_110214.mat,305863,0.305863,0.006429943446187135,0.0009842885535221724,3
8288,20221018_110214.mat,306062,0.306062,0.0015220783258560351,0.0009842885535221724,3
8289,20221018_110214.mat,306261,0.306261,0.0011417827388745267,0.0009842885535221724,3
8290,20221018_110214.mat,308052,0.308052,0.0012257311614616959,0.0009842885535221724,3
8291,20221018_110214.mat,309246,0.309246,0.0019286294592635409,0.0009842885535221724,3
8292,20221018_110214.mat,312231,0.312231,0.0025374526683682517,0.0009842885535221724,3
8293,20221018_110214.mat,318997,0.318997,0.0028009781144594233,0.0009842885535221724,3
8294,20221018_110214.mat,333126,0.333126,0.005428130542936529,0.0009842885535221724,3
8295,20221018_110214.mat,333325,0.333325,0.003503162742746659,0.0009842885535221724,3
8296,20221018_110214.mat,337305,0.337305,0.005536526800847769,0.0009842885535221724,3
8297,20221018_110214.mat,348847,0.348847,0.0011510201246649426,0.0009842885535221724,3
8298,20221018_110214.mat,349046,0.349046,0.00298827610600588,0.0009842885535221724,3
8299,20221018_110214.mat,357802,0.357802,0.001124743173958033,0.0009842885535221724,3
8300,20221018_110214.mat,369742,0.369742,0.11801211660042392,0.0009842885535221724,3
8301,20221018_110214.mat,369941,0.369941,0.01663433258955781,0.0009842885535221724,3
8302,20221018_110214.mat,370140,0.37014,0.006376294764347784,0.0009842885535221724,3
8303,20221018_110214.mat,370339,0.370339,0.001521409568864592,0.0009842885535221724,3
8304,20221018_110214.mat,371533,0.371533,0.01111312416038714,0.0009842885535221724,3
8305,20221018_110214.mat,371732,0.371732,0.011360913716462109,0.0009842885535221724,3
8306,20221018_110214.mat,371931,0.371931,0.0016529125448352811,0.0009842885535221724,3
8307,20221018_110214.mat,372130,0.37213,0.0010368932054597138,0.0009842885535221724,3
8308,20221018_110214.mat,411532,0.411532,0.015953109894738363,0.0009842885535221724,3
8309,20221018_110214.mat,411731,0.411731,0.13705812886726998,0.0009842885535221724,3
8310,20221018_110214.mat,411930,0.41193,0.01892456609396829,0.0009842885535221724,3
8311,20221018_110214.mat,412129,0.412129,0.005197906814663219,0.0009842885535221724,3
8312,20221018_110214.mat,412328,0.412328,0.002236057832955329,0.0009842885535221724,3
8313,20221018_110214.mat,415910,0.41591,0.004280176066650537,0.0009842885535221724,3
8314,20221018_110214.mat,416109,0.416109,0.002646246188170995,0.0009842885535221724,3
8315,20221018_110214.mat,417701,0.417701,0.0011347771944218708,0.0009842885535221724,3
8316,20221018_110214.mat,430039,0.430039,0.0012700411630832177,0.0009842885535221724,3
8317,20221018_110214.mat,431830,0.43183,0.023866924826830692,0.0009842885535221724,3
8318,20221018_110214.mat,432029,0.432029,0.00385302256546116,0.0009842885535221724,3
8319,20221018_110214.mat,432228,0.432228,0.001388582089460418,0.0009842885535221724,3
8320,20221018_110214.mat,443770,0.44377,0.010658336738349846,0.0009842885535221724,3
8321,20221018_110214.mat,443969,0.443969,0.0015470004925760882,0.0009842885535221724,3
8322,20221018_110214.mat,444168,0.444168,0.001030520154529325,0.0009842885535221724,3
8323,20221018_110214.mat,444964,0.444964,0.0033332386946414464,0.0009842885535221724,3
8324,20221018_110214.mat,445163,0.445163,0.0011311721078123493,0.0009842885535221724,3
8325,20221018_110214.mat,465660,0.46566,0.002677544161532362,0.0009842885535221724,3
8326,20221018_110214.mat,465859,0.465859,0.006227866284376466,0.0009842885535221724,3
8327,20221018_110214.mat,466058,0.466058,0.0012009359034019815,0.0009842885535221724,3
8328,20221018_110214.mat,470635,0.470635,0.0010669577789166843,0.0009842885535221724,3
8329,20221018_110214.mat,472625,0.472625,0.001996339657628726,0.0009842885535221724,3
8330,20221018_110214.mat,473421,0.473421,0.003489823626713012,0.0009842885535221724,3
8331,20221018_110214.mat,473620,0.47362,0.005126875490722032,0.0009842885535221724,3
8332,20221018_110214.mat,473819,0.473819,0.007703929328031565,0.0009842885535221724,3
8333,20221018_110214.mat,476008,0.476008,0.0042982647572319815,0.0009842885535221724,3
8334,20221018_110214.mat,476207,0.476207,0.0019148064904837988,0.0009842885535221724,3
8335,20221018_110214.mat,497898,0.497898,0.0009874617842925647,0.0009842885535221724,3
8336,20221018_110214.mat,547847,0.547847,0.0009856728046437524,0.0009842885535221724,3
8337,20221018_110214.mat,553618,0.553618,0.0010542008757339126,0.0009842885535221724,3
8338,20221018_110214.mat,553817,0.553817,0.000998750779704668,0.0009842885535221724,3
8339,20221018_110214.mat,566752,0.566752,0.003501347408005887,0.0009842885535221724,3
8340,20221018_110214.mat,566951,0.566951,0.011624502662983545,0.0009842885535221724,3
8341,20221018_110214.mat,567150,0.56715,0.0013263335944567417,0.0009842885535221724,3
8342,20221018_110214.mat,588045,0.588045,0.0012133737751499208,0.0009842885535221724,3
8343,20221018_110214.mat,590433,0.590433,0.0011759799011701745,0.0009842885535221724,3
8344,20221018_110214.mat,593418,0.593418,0.001044893315542388,0.0009842885535221724,3
8345,20221018_110214.mat,594015,0.594015,0.00817221438954424,0.0009842885535221724,3
8346,20221018_110214.mat,594214,0.594214,0.009684116709311205,0.0009842885535221724,3
8347,20221018_110214.mat,594413,0.594413,0.0018992151180506841,0.0009842885535221724,3
8348,20221018_110214.mat,594612,0.594612,0.0010619104457079013,0.0009842885535221724,3
8349,20221018_110214.mat,604363,0.604363,0.027966254695559738,0.0009842885535221724,3
8350,20221018_110214.mat,604562,0.604562,0.08342031342878842,0.0009842885535221724,3
8351,20221018_110214.mat,604761,0.604761,0.01346138421541624,0.0009842885535221724,3
8352,20221018_110214.mat,604960,0.60496,0.004673937115868887,0.0009842885535221724,3
8353,20221018_110214.mat,605159,0.605159,0.0009904068002230713,0.0009842885535221724,3
8354,20221018_110214.mat,606154,0.606154,0.005580439735846381,0.0009842885535221724,3
8355,20221018_110214.mat,606353,0.606353,0.0013011408421184697,0.0009842885535221724,3
8356,20221018_110214.mat,620482,0.620482,0.0011014222052935642,0.0009842885535221724,3
8357,20221018_110214.mat,620681,0.620681,0.0014130573497060743,0.0009842885535221724,3
8358,20221018_110214.mat,623268,0.623268,0.0009960585028552054,0.0009842885535221724,3
8359,20221018_110214.mat,625457,0.625457,0.017902225986964414,0.0009842885535221724,3
8360,20221018_110214.mat,625656,0.625656,0.005023756443671393,0.0009842885535221724,3
8361,20221018_110214.mat,625855,0.625855,0.001552064242346561,0.0009842885535221724,3
8362,20221018_110214.mat,627447,0.627447,0.004018532976317874,0.0009842885535221724,3
8363,20221018_110214.mat,646352,0.646352,0.02339028334015319,0.0009842885535221724,3
8364,20221018_110214.mat,646551,0.646551,0.010490335941773957,0.0009842885535221724,3
8365,20221018_110214.mat,646750,0.64675,0.002342560666544939,0.0009842885535221724,3
8366,20221018_110214.mat,662670,0.66267,0.0011887128383554935,0.0009842885535221724,3
8367,20221018_110214.mat,662869,0.662869,0.0011763995555996525,0.0009842885535221724,3
8368,20221018_110214.mat,674809,0.674809,0.009027817093280708,0.0009842885535221724,3
8369,20221018_110214.mat,675008,0.675008,0.001380156974027013,0.0009842885535221724,3
8370,20221018_110214.mat,683764,0.683764,0.008545443695968808,0.0009842885535221724,3
8371,20221018_110214.mat,683963,0.683963,0.004686265253806451,0.0009842885535221724,3
8372,20221018_110214.mat,684162,0.684162,0.001212277678444687,0.0009842885535221724,3
8373,20221018_110214.mat,691127,0.691127,0.0028992203342380466,0.0009842885535221724,3
8374,20221018_110214.mat,691326,0.691326,0.0012954235496844204,0.0009842885535221724,3
8375,20221018_110214.mat,700082,0.700082,0.00396794706194892,0.0009842885535221724,3
8376,20221018_110214.mat,700281,0.700281,0.0011861060623265345,0.0009842885535221724,3
8377,20221018_110214.mat,701276,0.701276,0.001384216830757102,0.0009842885535221724,3
8378,20221018_110214.mat,707246,0.707246,0.020457683470000817,0.0009842885535221724,3
8379,20221018_110214.mat,707445,0.707445,0.0312177342494947,0.0009842885535221724,3
8380,20221018_110214.mat,707644,0.707644,0.002449783692607046,0.0009842885535221724,3
8381,20221018_110214.mat,707843,0.707843,0.0016808675075443186,0.0009842885535221724,3
8382,20221018_110214.mat,711624,0.711624,0.001073577078493377,0.0009842885535221724,3
8383,20221018_110214.mat,714609,0.714609,0.03807594670509735,0.0009842885535221724,3
8384,20221018_110214.mat,714808,0.714808,0.012251637214062472,0.0009842885535221724,3
8385,20221018_110214.mat,715007,0.715007,0.0017420778673912102,0.0009842885535221724,3
8386,20221018_110214.mat,721773,0.721773,0.002162536726881791,0.0009842885535221724,3
8387,20221018_110214.mat,721972,0.721972,0.0014534781884216737,0.0009842885535221724,3
8388,20221018_110214.mat,732320,0.73232,0.0009845229423416152,0.0009842885535221724,3
8389,20221018_110214.mat,746847,0.746847,0.0033238392356222746,0.0009842885535221724,3
8390,20221018_110214.mat,751822,0.751822,0.0037723574423848246,0.0009842885535221724,3
8391,20221018_110214.mat,752021,0.752021,0.0015888656096983696,0.0009842885535221724,3
8392,20221018_110214.mat,757394,0.757394,0.018206361638236326,0.0009842885535221724,3
8393,20221018_110214.mat,757593,0.757593,0.0026203410290922746,0.0009842885535221724,3
8394,20221018_110214.mat,757792,0.757792,0.0010451087823371659,0.0009842885535221724,3
8395,20221018_110214.mat,759583,0.759583,0.016034774008884027,0.0009842885535221724,3
8396,20221018_110214.mat,759782,0.759782,0.010663224657191533,0.0009842885535221724,3
8397,20221018_110214.mat,759981,0.759981,0.0013962270004494372,0.0009842885535221724,3
8398,20221018_110214.mat,761772,0.761772,0.001293927398595288,0.0009842885535221724,3
8399,20221018_110214.mat,764558,0.764558,0.09220130089136276,0.0009842885535221724,3
8400,20221018_110214.mat,764757,0.764757,0.13005392663234924,0.0009842885535221724,3
8401,20221018_110214.mat,764956,0.764956,0.014289598111966978,0.0009842885535221724,3
8402,20221018_110214.mat,765155,0.765155,0.0031533530221769792,0.0009842885535221724,3
8403,20221018_110214.mat,776299,0.776299,0.002077511356378076,0.0009842885535221724,3
8404,20221018_110214.mat,776498,0.776498,0.0011414365000767647,0.0009842885535221724,3
8405,20221018_110214.mat,783463,0.783463,0.003510854723429571,0.0009842885535221724,3
8406,20221018_110214.mat,785055,0.785055,0.001195307744248279,0.0009842885535221724,3
8407,20221018_110214.mat,807144,0.807144,0.0017003598837169104,0.0009842885535221724,3
8408,20221018_110214.mat,807343,0.807343,0.0011301459318001392,0.0009842885535221724,3
8409,20221018_110214.mat,814706,0.814706,0.048794518452446686,0.0009842885535221724,3
8410,20221018_110214.mat,814905,0.814905,0.018487180256018674,0.0009842885535221724,3
8411,20221018_110214.mat,815104,0.815104,0.0036631296203233775,0.0009842885535221724,3
8412,20221018_110214.mat,815303,0.815303,0.001572119247490531,0.0009842885535221724,3
8413,20221018_110214.mat,822069,0.822069,0.0017860037613681413,0.0009842885535221724,3
8414,20221018_110214.mat,837392,0.837392,0.0010217976698142154,0.0009842885535221724,3
8415,20221018_110214.mat,845551,0.845551,0.0012722418443072456,0.0009842885535221724,3
8416,20221018_110214.mat,847541,0.847541,0.002100232308946497,0.0009842885535221724,3
8417,20221018_110214.mat,848735,0.848735,0.006315809982588199,0.0009842885535221724,3
8418,20221018_110214.mat,848934,0.848934,0.0025933227343614414,0.0009842885535221724,3
8419,20221018_110214.mat,851720,0.85172,0.0015947183981890728,0.0009842885535221724,3
8420,20221018_110214.mat,854705,0.854705,0.0044019041635712354,0.0009842885535221724,3
8421,20221018_110214.mat,854904,0.854904,0.0010013366450118385,0.0009842885535221724,3
8422,20221018_110214.mat,859481,0.859481,0.003680199590269983,0.0009842885535221724,3
8423,20221018_110214.mat,859680,0.85968,0.001014536429204562,0.0009842885535221724,3
8424,20221018_110214.mat,873212,0.873212,0.0011799147937501717,0.0009842885535221724,3
8425,20221018_110214.mat,880177,0.880177,0.0020964789188316277,0.0009842885535221724,3
8426,20221018_110214.mat,880376,0.880376,0.0011988963027488582,0.0009842885535221724,3
8427,20221018_110214.mat,899082,0.899082,0.0013757642652516056,0.0009842885535221724,3
8428,20221018_110214.mat,909430,0.90943,0.007802219874678622,0.0009842885535221724,3
8429,20221018_110214.mat,909629,0.909629,0.0025413885556105687,0.0009842885535221724,3
8430,20221018_110214.mat,914405,0.914405,0.0010057056409407408,0.0009842885535221724,3
8431,20221018_110214.mat,925350,0.92535,0.0011317091716371768,0.0009842885535221724,3
8432,20221018_110214.mat,927340,0.92734,0.000997588396901477,0.0009842885535221724,3
8433,20221018_110214.mat,956792,0.956792,0.0039012648620874546,0.0009842885535221724,3
8434,20221018_110214.mat,956991,0.956991,0.009817244445834523,0.0009842885535221724,3
8435,20221018_110214.mat,957190,0.95719,0.001635405083532733,0.0009842885535221724,3
8436,20221018_110214.mat,957389,0.957389,0.0010115080828696683,0.0009842885535221724,3
8437,20221018_110214.mat,964752,0.964752,0.001588606286643445,0.0009842885535221724,3
8438,20221018_110214.mat,970523,0.970523,0.00848330946892545,0.0009842885535221724,3
8439,20221018_110214.mat,970722,0.970722,0.00099206138845321,0.0009842885535221724,3
8440,20221018_110214.mat,971319,0.971319,0.0013336887858765936,0.0009842885535221724,3
8441,20221018_110214.mat,971518,0.971518,0.0017648479022667625,0.0009842885535221724,3
8442,20221018_110214.mat,975697,0.975697,0.00122920931486276,0.0009842885535221724,3
8443,20221018_110214.mat,975896,0.975896,0.002245936549219129,0.0009842885535221724,3
8444,20221018_110214.mat,979876,0.979876,0.001340751384442779,0.0009842885535221724,3
8445,20221018_110214.mat,980075,0.980075,0.0011562278334554005,0.0009842885535221724,3
8446,20221018_110214.mat,993607,0.993607,0.0013509824275613634,0.0009842885535221724,3
8447,20221018_110214.mat,993806,0.993806,0.002360416719110907,0.0009842885535221724,3
8448,20221018_110214.mat,1001965,1.001965,0.0013443737270089596,0.0009842885535221724,3
8449,20221018_110214.mat,1015099,1.015099,0.0011614138917356177,0.0009842885535221724,3
8450,20221018_110214.mat,1015298,1.015298,0.0016472826468918868,0.0009842885535221724,3
8451,20221018_110214.mat,1016094,1.016094,0.027836039074526638,0.0009842885535221724,3
8452,20221018_110214.mat,1016293,1.016293,0.0038663776488977617,0.0009842885535221724,3
8453,20221018_110214.mat,1016492,1.016492,0.0015374472556016685,0.0009842885535221724,3
8454,20221018_110214.mat,1066043,1.066043,0.0018256500759247546,0.0009842885535221724,3
8455,20221018_110214.mat,1066242,1.066242,0.0033946318884553977,0.0009842885535221724,3
8456,20221018_110214.mat,1097883,1.097883,0.0013235261306416477,0.0009842885535221724,3
8457,20221018_110214.mat,1098082,1.098082,0.030917270731092388,0.0009842885535221724,3
8458,20221018_110214.mat,1098281,1.098281,0.007404449084728872,0.0009842885535221724,3
8459,20221018_110214.mat,1098480,1.09848,0.002747901995818328,0.0009842885535221724,3
8460,20221018_110214.mat,1100072,1.100072,0.008269175131705518,0.0009842885535221724,3
8461,20221018_110214.mat,1100271,1.100271,0.0045554443009929195,0.0009842885535221724,3
8462,20221018_110214.mat,1100470,1.10047,0.0012192895310524235,0.0009842885535221724,3
8463,20221018_110214.mat,1103455,1.103455,0.00293923794536625,0.0009842885535221724,3
8464,20221018_110214.mat,1103654,1.103654,0.001490476067383775,0.0009842885535221724,3
8465,20221018_110214.mat,1112410,1.11241,0.012814751200872908,0.0009842885535221724,3
8466,20221018_110214.mat,1112609,1.112609,0.004786631483876464,0.0009842885535221724,3
8467,20221018_110214.mat,1112808,1.112808,0.0015086898607687116,0.0009842885535221724,3
8468,20221018_110214.mat,1133504,1.133504,0.0011454419947076744,0.0009842885535221724,3
8469,20221018_110214.mat,1133703,1.133703,0.0013847189569456669,0.0009842885535221724,3
8470,20221018_110214.mat,1153205,1.153205,0.02366220080440248,0.0009842885535221724,3
8471,20221018_110214.mat,1153404,1.153404,0.004695505558033744,0.0009842885535221724,3
8472,20221018_110214.mat,1153603,1.153603,0.0020464932842107013,0.0009842885535221724,3
8473,20221018_110214.mat,1158379,1.158379,0.0011238861115727018,0.0009842885535221724,3
8474,20221018_110214.mat,1159573,1.159573,0.006126135036572606,0.0009842885535221724,3
8475,20221018_110214.mat,1159772,1.159772,0.007258936862248369,0.0009842885535221724,3
8476,20221018_110214.mat,1159971,1.159971,0.0010059285200649333,0.0009842885535221724,3
8477,20221018_110214.mat,1162956,1.162956,0.001961238019490487,0.0009842885535221724,3
8478,20221018_110214.mat,1163155,1.163155,0.0018856938149499221,0.0009842885535221724,3
8479,20221018_110214.mat,1173503,1.173503,0.00665122461667601,0.0009842885535221724,3
8480,20221018_110214.mat,1173702,1.173702,0.0022697555362240452,0.0009842885535221724,3
8481,20221018_110214.mat,1175095,1.175095,0.0011221753024310832,0.0009842885535221724,3
8482,20221018_110214.mat,1177085,1.177085,0.0010010685372330052,0.0009842885535221724,3
8483,20221018_110214.mat,1180866,1.180866,0.01162472731832103,0.0009842885535221724,3
8484,20221018_110214.mat,1181065,1.181065,0.0048627691483585835,0.0009842885535221724,3
8485,20221018_110214.mat,1201761,1.201761,0.0010743909744413151,0.0009842885535221724,3
8486,20221018_110214.mat,1216686,1.216686,0.0035070064948831896,0.0009842885535221724,3
8487,20221018_110214.mat,1216885,1.216885,0.00430986658958004,0.0009842885535221724,3
8488,20221018_110214.mat,1218278,1.218278,0.0059405837129699966,0.0009842885535221724,3
8489,20221018_110214.mat,1218477,1.218477,0.001449894461663159,0.0009842885535221724,3
8490,20221018_110214.mat,1236785,1.236785,0.001022794117424824,0.0009842885535221724,3
8491,20221018_110214.mat,1248725,1.248725,0.0014843646332520406,0.0009842885535221724,3
8492,20221018_110214.mat,1254894,1.254894,0.0012422404592342749,0.0009842885535221724,3
8493,20221018_110214.mat,1268824,1.268824,0.001551361504651005,0.0009842885535221724,3
8494,20221018_110214.mat,1272804,1.272804,0.001257881454141493,0.0009842885535221724,3
8495,20221018_110214.mat,1273202,1.273202,0.017633058442694884,0.0009842885535221724,3
8496,20221018_110214.mat,1273401,1.273401,0.0013569337514106527,0.0009842885535221724,3
8497,20221018_110214.mat,1301659,1.301659,0.004868403288115249,0.0009842885535221724,3
8498,20221018_110214.mat,1306435,1.306435,0.001036141891841626,0.0009842885535221724,3
8499,20221018_110214.mat,1307629,1.307629,0.0018926307178505836,0.0009842885535221724,3
8500,20221018_110214.mat,1311211,1.311211,0.0012107267019501357,0.0009842885535221724,3
8501,20221018_110214.mat,1318375,1.318375,0.0013844817594795239,0.0009842885535221724,3
8502,20221018_110214.mat,1323350,1.32335,0.0012345005687776237,0.0009842885535221724,3
8503,20221018_110214.mat,1323549,1.323549,0.001256959512927123,0.0009842885535221724,3
8504,20221018_110214.mat,1327529,1.327529,0.007180008251303684,0.0009842885535221724,3
8505,20221018_110214.mat,1327728,1.327728,0.004434749370567345,0.0009842885535221724,3
8506,20221018_110214.mat,1330713,1.330713,0.001014466645740292,0.0009842885535221724,3
8507,20221018_110214.mat,1332106,1.332106,0.001356943167262263,0.0009842885535221724,3
8508,20221018_110214.mat,1332305,1.332305,0.0010441731767688843,0.0009842885535221724,3
8509,20221018_110214.mat,1345240,1.34524,0.0012617300395137072,0.0009842885535221724,3
8510,20221018_110214.mat,1349021,1.349021,0.008320716974259432,0.0009842885535221724,3
8511,20221018_110214.mat,1349220,1.34922,0.006036383592666495,0.0009842885535221724,3
8512,20221018_110214.mat,1349419,1.349419,0.0014136062565928331,0.0009842885535221724,3
8513,20221018_110214.mat,1355588,1.355588,0.001312014418505743,0.0009842885535221724,3
8514,20221018_110214.mat,1355787,1.355787,0.002626774543556721,0.0009842885535221724,3
8515,20221018_110214.mat,1357777,1.357777,0.0019691863307786457,0.0009842885535221724,3
8516,20221018_110214.mat,1367329,1.367329,0.0052975415058343425,0.0009842885535221724,3
8517,20221018_110214.mat,1381657,1.381657,0.009681687008368045,0.0009842885535221724,3
8518,20221018_110214.mat,1381856,1.381856,0.009057077689901128,0.0009842885535221724,3
8519,20221018_110214.mat,1382055,1.382055,0.0016679395864339559,0.0009842885535221724,3
8520,20221018_110214.mat,1382254,1.382254,0.0010465143679943736,0.0009842885535221724,3
8521,20221018_110214.mat,1391607,1.391607,0.015417959374264769,0.0009842885535221724,3
8522,20221018_110214.mat,1391806,1.391806,0.012792589952752991,0.0009842885535221724,3
8523,20221018_110214.mat,1392005,1.392005,0.0020859325613820662,0.0009842885535221724,3
8524,20221018_110214.mat,1392204,1.392204,0.0013395268312208232,0.0009842885535221724,3
8525,20221018_110214.mat,1401557,1.401557,0.0020357285490410714,0.0009842885535221724,3
8526,20221018_110214.mat,1401756,1.401756,0.0022317852804532774,0.0009842885535221724,3
8527,20221018_110214.mat,1402154,1.402154,0.0010077400941206648,0.0009842885535221724,3
8528,20221018_110214.mat,1409517,1.409517,0.0018239462849780302,0.0009842885535221724,3
8529,20221018_110214.mat,1423646,1.423646,0.0027886151818551563,0.0009842885535221724,3
8530,20221018_110214.mat,1423845,1.423845,0.008226021009463779,0.0009842885535221724,3
8531,20221018_110214.mat,1424044,1.424044,0.0013540234467582118,0.0009842885535221724,3
8532,20221018_110214.mat,1426034,1.426034,0.009595869955984965,0.0009842885535221724,3
8533,20221018_110214.mat,1426233,1.426233,0.003408153457970137,0.0009842885535221724,3
8534,20221018_110214.mat,1445735,1.445735,0.011278827458018727,0.0009842885535221724,3
8535,20221018_110214.mat,1445934,1.445934,0.006044659385569295,0.0009842885535221724,3
8536,20221018_110214.mat,1446133,1.446133,0.0011533507299318023,0.0009842885535221724,3
8537,20221018_110214.mat,1470411,1.470411,0.0017962342978919015,0.0009842885535221724,3
8538,20221018_110214.mat,1494689,1.494689,0.0012419222276271009,0.0009842885535221724,3
8539,20221018_110214.mat,1496679,1.496679,0.010542562815843303,0.0009842885535221724,3
8540,20221018_110214.mat,1496878,1.496878,0.002035528096793108,0.0009842885535221724,3
8541,20221018_110214.mat,1497077,1.497077,0.0011172110862438308,0.0009842885535221724,3
8542,20221018_110214.mat,1497475,1.497475,0.028549283637412246,0.0009842885535221724,3
8543,20221018_110214.mat,1497674,1.497674,0.01087601996539132,0.0009842885535221724,3
8544,20221018_110214.mat,1497873,1.497873,0.0014773177028138248,0.0009842885535221724,3
8545,20221018_110214.mat,1498470,1.49847,0.012663275805026701,0.0009842885535221724,3
8546,20221018_110214.mat,1498669,1.498669,0.006046700667431071,0.0009842885535221724,3
8547,20221018_110214.mat,1498868,1.498868,0.0012490605042751938,0.0009842885535221724,3
8548,20221018_110214.mat,1506032,1.506032,0.0020933271658819764,0.0009842885535221724,3
8549,20221018_110214.mat,1512002,1.512002,0.0010023249841945416,0.0009842885535221724,3
8550,20221018_110214.mat,1520957,1.520957,0.0012894285292761873,0.0009842885535221724,3
8551,20221018_110214.mat,1534091,1.534091,0.004081876956561484,0.0009842885535221724,3
8552,20221018_110214.mat,1552399,1.552399,0.0036088732840593484,0.0009842885535221724,3
8553,20221018_110214.mat,1552598,1.552598,0.00126367912074299,0.0009842885535221724,3
8554,20221018_110214.mat,1554787,1.554787,0.009280107545230985,0.0009842885535221724,3
8555,20221018_110214.mat,1554986,1.554986,0.0009870604143419088,0.0009842885535221724,3
8556,20221018_110214.mat,1572896,1.572896,0.002262362156989639,0.0009842885535221724,3
8557,20221018_110214.mat,1573095,1.573095,0.0009917183936971686,0.0009842885535221724,3
8558,20221018_110214.mat,1573294,1.573294,0.0024271139173645045,0.0009842885535221724,3
8559,20221018_110214.mat,1581652,1.581652,0.0016453935683352857,0.0009842885535221724,3
8560,20221018_110214.mat,1582050,1.58205,0.002796690356436108,0.0009842885535221724,3
8561,20221018_110214.mat,1582249,1.582249,0.0012371206213688257,0.0009842885535221724,3
8562,20221018_110214.mat,1594985,1.594985,0.0034496076822407647,0.0009842885535221724,3
8563,20221018_110214.mat,1595184,1.595184,0.004602170084258421,0.0009842885535221724,3
8564,20221018_110214.mat,1609114,1.609114,0.0012657145405720078,0.0009842885535221724,3
8565,20221018_110214.mat,1611900,1.6119,0.008923860177700542,0.0009842885535221724,3
8566,20221018_110214.mat,1612099,1.612099,0.01645824625389695,0.0009842885535221724,3
8567,20221018_110214.mat,1612298,1.612298,0.003163782524137671,0.0009842885535221724,3
8568,20221018_110214.mat,1612497,1.612497,0.0012418422594301683,0.0009842885535221724,3
8569,20221018_110214.mat,1616278,1.616278,0.005180027749021785,0.0009842885535221724,3
8570,20221018_110214.mat,1616477,1.616477,0.022944060483014797,0.0009842885535221724,3
8571,20221018_110214.mat,1616676,1.616676,0.004763769245903278,0.0009842885535221724,3
8572,20221018_110214.mat,1616875,1.616875,0.0014911685901669001,0.0009842885535221724,3
8573,20221018_110214.mat,1636974,1.636974,0.0015169514262215412,0.0009842885535221724,3
8574,20221018_110214.mat,1641551,1.641551,0.01060881411064114,0.0009842885535221724,3
8575,20221018_110214.mat,1641750,1.64175,0.010631795896517414,0.0009842885535221724,3
8576,20221018_110214.mat,1641949,1.641949,0.0021929250426730223,0.0009842885535221724,3
8577,20221018_110214.mat,1642148,1.642148,0.0010206634691688227,0.0009842885535221724,3
8578,20221018_110214.mat,1663242,1.663242,0.0010804425158767556,0.0009842885535221724,3
8579,20221018_110214.mat,1666028,1.666028,0.001435550233515579,0.0009842885535221724,3
8580,20221018_110214.mat,1681550,1.68155,0.0033495285119825653,0.0009842885535221724,3
8581,20221018_110214.mat,1681749,1.681749,0.002396987220852814,0.0009842885535221724,3
8582,20221018_110214.mat,1692097,1.692097,0.008165431902360675,0.0009842885535221724,3
8583,20221018_110214.mat,1692296,1.692296,0.004700296610692004,0.0009842885535221724,3
8584,20221018_110214.mat,1697868,1.697868,0.001049911935997485,0.0009842885535221724,3
8585,20221018_110214.mat,1703241,1.703241,0.02252476713811056,0.0009842885535221724,3
8586,20221018_110214.mat,1703440,1.70344,0.01019054698677257,0.0009842885535221724,3
8587,20221018_110214.mat,1703639,1.703639,0.0016522699591532018,0.0009842885535221724,3
8588,20221018_110214.mat,1703838,1.703838,0.0010049447074223076,0.0009842885535221724,3
8589,20221018_110214.mat,1707022,1.707022,0.0011436267293415425,0.0009842885535221724,3
8590,20221018_110214.mat,1727519,1.727519,0.0015941855849178142,0.0009842885535221724,3
8591,20221018_110214.mat,1727718,1.727718,0.0028856416219631316,0.0009842885535221724,3
8592,20221018_110214.mat,1730902,1.730902,0.0014476989449004592,0.0009842885535221724,3
8593,20221018_110214.mat,1737867,1.737867,0.0012026172494386089,0.0009842885535221724,3
8594,20221018_110214.mat,1739061,1.739061,0.0009936696798426964,0.0009842885535221724,3
8595,20221018_110214.mat,1741648,1.741648,0.0018349192522731333,0.0009842885535221724,3
8596,20221018_110214.mat,1744235,1.744235,0.013653839260301597,0.0009842885535221724,3
8597,20221018_110214.mat,1744434,1.744434,0.008604561617860712,0.0009842885535221724,3
8598,20221018_110214.mat,1744633,1.744633,0.0018671206595281366,0.0009842885535221724,3
8599,20221018_110214.mat,1744832,1.744832,0.0010302720426895809,0.0009842885535221724,3
8600,20221018_110214.mat,1754384,1.754384,0.0022281780404998204,0.0009842885535221724,3
8601,20221018_110214.mat,1782841,1.782841,0.0015179862258850384,0.0009842885535221724,3
8602,20221018_110214.mat,1783040,1.78304,0.0010707680733048088,0.0009842885535221724,3
8603,20221018_110214.mat,1791796,1.791796,0.004031258568127008,0.0009842885535221724,3
8604,20221018_110214.mat,1794383,1.794383,0.0011674127150345655,0.0009842885535221724,3
8605,20221018_110214.mat,1795179,1.795179,0.0011400858464797811,0.0009842885535221724,3
8606,20221018_110214.mat,1795378,1.795378,0.0017115978184820654,0.0009842885535221724,3
8607,20221018_110214.mat,1802940,1.80294,0.0016635951541509747,0.0009842885535221724,3
8608,20221018_110214.mat,1803736,1.803736,0.005061654957144042,0.0009842885535221724,3
8609,20221018_110214.mat,1803935,1.803935,0.0030804673311000718,0.0009842885535221724,3
8610,20221018_110214.mat,1804333,1.804333,0.0014938492438869935,0.0009842885535221724,3
8611,20221018_110214.mat,1804532,1.804532,0.0011596227774357867,0.0009842885535221724,3
8612,20221018_110214.mat,1821845,1.821845,0.04556660110151567,0.0009842885535221724,3
8613,20221018_110214.mat,1822044,1.822044,0.018373823711495835,0.0009842885535221724,3
8614,20221018_110214.mat,1822243,1.822243,0.005544340296191771,0.0009842885535221724,3
8615,20221018_110214.mat,1822442,1.822442,0.0016627107104427714,0.0009842885535221724,3
8616,20221018_110214.mat,1829407,1.829407,0.001927147847069432,0.0009842885535221724,3
8617,20221018_110214.mat,1831994,1.831994,0.0012233174123406252,0.0009842885535221724,3
8618,20221018_110214.mat,1835974,1.835974,0.001485763652679971,0.0009842885535221724,3
8619,20221018_110214.mat,1836173,1.836173,0.0024955704775263075,0.0009842885535221724,3
8620,20221018_110214.mat,1836770,1.83677,0.0016819014221482768,0.0009842885535221724,3
8621,20221018_110214.mat,1838760,1.83876,0.0021653852440989786,0.0009842885535221724,3
8622,20221018_110214.mat,1838959,1.838959,0.0010003640497245792,0.0009842885535221724,3
8623,20221018_110214.mat,1861048,1.861048,0.0019273830446877626,0.0009842885535221724,3
8624,20221018_110214.mat,1872988,1.872988,0.0020416724083148967,0.0009842885535221724,3
8625,20221018_110214.mat,1887515,1.887515,0.0018999894723197165,0.0009842885535221724,3
8626,20221018_110214.mat,1887714,1.887714,0.001002169977577634,0.0009842885535221724,3
8627,20221018_110214.mat,1892888,1.892888,0.017668848032880907,0.0009842885535221724,3
8628,20221018_110214.mat,1893087,1.893087,0.011913582394237376,0.0009842885535221724,3
8629,20221018_110214.mat,1893286,1.893286,0.0028839957051681984,0.0009842885535221724,3
8630,20221018_110214.mat,1893485,1.893485,0.0010193486106627769,0.0009842885535221724,3
8631,20221018_110214.mat,1904629,1.904629,0.0011314363343947573,0.0009842885535221724,3
8632,20221018_110214.mat,1907216,1.907216,0.0010621641256898112,0.0009842885535221724,3
8633,20221018_110214.mat,1926519,1.926519,0.0021141474797145435,0.0009842885535221724,3
8634,20221018_110214.mat,1929504,1.929504,0.00826109822788569,0.0009842885535221724,3
8635,20221018_110214.mat,1929703,1.929703,0.0028173003967809584,0.0009842885535221724,3
8636,20221018_110214.mat,1941046,1.941046,0.0014352042928128578,0.0009842885535221724,3
8637,20221018_110214.mat,1953981,1.953981,0.0015950642599540602,0.0009842885535221724,3
8638,20221018_110214.mat,2004328,2.004328,0.010328545046979196,0.0009842885535221724,3
8639,20221018_110214.mat,2004527,2.004527,0.0064852085335047075,0.0009842885535221724,3
8640,20221018_110214.mat,2004726,2.004726,0.0018370068584735802,0.0009842885535221724,3
8641,20221018_110214.mat,2030198,2.030198,0.006212528806093697,0.0009842885535221724,3
8642,20221018_110214.mat,2030397,2.030397,0.003310635931552184,0.0009842885535221724,3
8643,20221018_110214.mat,2034775,2.034775,0.005364198119155459,0.0009842885535221724,3
8644,20221018_110214.mat,2034974,2.034974,0.0021761511165688703,0.0009842885535221724,3
8645,20221018_110214.mat,2042138,2.042138,0.02646181651672748,0.0009842885535221724,3
8646,20221018_110214.mat,2042337,2.042337,0.0070944103378717295,0.0009842885535221724,3
8647,20221018_110214.mat,2042536,2.042536,0.0023258014070779566,0.0009842885535221724,3
8648,20221018_110214.mat,2050695,2.050695,0.0020450701412476663,0.0009842885535221724,3
8649,20221018_110214.mat,2052685,2.052685,0.0031195100181217847,0.0009842885535221724,3
8650,20221018_110214.mat,2052884,2.052884,0.001462236031885971,0.0009842885535221724,3
8651,20221018_110214.mat,2054874,2.054874,0.014979768215215766,0.0009842885535221724,3
8652,20221018_110214.mat,2055073,2.055073,0.005745723748811574,0.0009842885535221724,3
8653,20221018_110214.mat,2055272,2.055272,0.0012484723276815434,0.0009842885535221724,3
8654,20221018_110214.mat,2057660,2.05766,0.001063027462838866,0.0009842885535221724,3
8655,20221018_110214.mat,2058854,2.058854,0.0012469435026665478,0.0009842885535221724,3
8656,20221018_110214.mat,2073580,2.07358,0.00471767114311756,0.0009842885535221724,3
8657,20221018_110214.mat,2073779,2.073779,0.028481543872984162,0.0009842885535221724,3
8658,20221018_110214.mat,2073978,2.073978,0.004426616617730774,0.0009842885535221724,3
8659,20221018_110214.mat,2074177,2.074177,0.002718105875957741,0.0009842885535221724,3
8660,20221018_110214.mat,2074376,2.074376,0.0010830040179411965,0.0009842885535221724,3
8661,20221018_110214.mat,2085520,2.08552,0.001326471473601347,0.0009842885535221724,3
8662,20221018_110214.mat,2085719,2.085719,0.0016336665888786633,0.0009842885535221724,3
8663,20221018_110214.mat,2088306,2.088306,0.0345732261704175,0.0009842885535221724,3
8664,20221018_110214.mat,2088505,2.088505,0.008706353170773886,0.0009842885535221724,3
8665,20221018_110214.mat,2088704,2.088704,0.0018294340116444513,0.0009842885535221724,3
8666,20221018_110214.mat,2104823,2.104823,0.001531071867928398,0.0009842885535221724,3
8667,20221018_110214.mat,2108007,2.108007,0.0011445171141863729,0.0009842885535221724,3
8668,20221018_110214.mat,2112186,2.112186,0.001249052646711564,0.0009842885535221724,3
8669,20221018_110214.mat,2120942,2.120942,0.014797140020957694,0.0009842885535221724,3
8670,20221018_110214.mat,2121141,2.121141,0.0019491776007609187,0.0009842885535221724,3
8671,20221018_110214.mat,2121340,2.12134,0.0013889205334685559,0.0009842885535221724,3
8672,20221018_110214.mat,2138056,2.138056,0.0032889524231180505,0.0009842885535221724,3
8673,20221018_110214.mat,2171886,2.171886,0.0013307173020484556,0.0009842885535221724,3
8674,20221018_110214.mat,2191985,2.191985,0.003140742943807957,0.0009842885535221724,3
8675,20221018_110214.mat,2207507,2.207507,0.0022027097346178216,0.0009842885535221724,3
8676,20221018_110214.mat,2253874,2.253874,0.0012470917427848335,0.0009842885535221724,3
8677,20221018_110214.mat,2286908,2.286908,0.002693973756838358,0.0009842885535221724,3
8678,20221018_110214.mat,2287107,2.287107,0.0014576852865050233,0.0009842885535221724,3
8679,20221018_110214.mat,2298848,2.298848,0.003006100695739076,0.0009842885535221724,3
8680,20221018_110214.mat,2299047,2.299047,0.0010498332742950942,0.0009842885535221724,3
8681,20221018_110214.mat,2300042,2.300042,0.002624573727756547,0.0009842885535221724,3
8682,20221018_110214.mat,2328897,2.328897,0.01398458820886322,0.0009842885535221724,3
8683,20221018_110214.mat,2329096,2.329096,0.0026664448935649395,0.0009842885535221724,3
8684,20221018_110214.mat,2339245,2.339245,0.0026699365562235892,0.0009842885535221724,3
8685,20221018_110214.mat,2339444,2.339444,0.0048180904867533205,0.0009842885535221724,3
8686,20221018_110214.mat,2344817,2.344817,0.001580111423043945,0.0009842885535221724,3
8687,20221018_110214.mat,2360538,2.360538,0.012382198530236239,0.0009842885535221724,3
8688,20221018_110214.mat,2360737,2.360737,0.004358034807591483,0.0009842885535221724,3
8689,20221018_110214.mat,2360936,2.360936,0.0014276296701009445,0.0009842885535221724,3
8690,20221018_110214.mat,2368100,2.3681,0.0014165753215982823,0.0009842885535221724,3
8691,20221018_110214.mat,2391582,2.391582,0.003025176861908834,0.0009842885535221724,3
8692,20221018_110214.mat,2391781,2.391781,0.0011993333615363151,0.0009842885535221724,3
8693,20221018_110214.mat,2400139,2.400139,0.0010520665407622565,0.0009842885535221724,3
8694,20221018_110214.mat,2401731,2.401731,0.001077480771136973,0.0009842885535221724,3
8695,20221018_110214.mat,2408298,2.408298,0.012971244585524922,0.0009842885535221724,3
8696,20221018_110214.mat,2408497,2.408497,0.019684825830568332,0.0009842885535221724,3
8697,20221018_110214.mat,2408696,2.408696,0.0015242602472860622,0.0009842885535221724,3
8698,20221018_110214.mat,2408895,2.408895,0.0010181257220106656,0.0009842885535221724,3
8699,20221018_110214.mat,2414666,2.414666,0.0010892243556582665,0.0009842885535221724,3
8700,20221018_110214.mat,2425611,2.425611,0.0009981815683861477,0.0009842885535221724,3
8701,20221018_110214.mat,2425810,2.42581,0.0010269866224624858,0.0009842885535221724,3
8702,20221018_110214.mat,2441730,2.44173,0.0011021406113901702,0.0009842885535221724,3
8703,20221018_110214.mat,2449889,2.449889,0.001938594754403143,0.0009842885535221724,3
8704,20221018_110214.mat,2453272,2.453272,0.001737763745097871,0.0009842885535221724,3
8705,20221018_110214.mat,2453471,2.453471,0.001180443014307452,0.0009842885535221724,3
8706,20221018_110214.mat,2476754,2.476754,0.0015197354143149959,0.0009842885535221724,3
8707,20221018_110214.mat,2487301,2.487301,0.001036483465544457,0.0009842885535221724,3
8708,20221018_110214.mat,2493669,2.493669,0.0012067488623778463,0.0009842885535221724,3
8709,20221018_110214.mat,2509788,2.509788,0.0011340300437833349,0.0009842885535221724,3
8710,20221018_110214.mat,2510584,2.510584,0.0026348740273732622,0.0009842885535221724,3
8711,20221018_110214.mat,2510783,2.510783,0.002354030077068543,0.0009842885535221724,3
8712,20221018_110214.mat,2531280,2.53128,0.0017623769291149887,0.0009842885535221724,3
8713,20221018_110214.mat,2535857,2.535857,0.01038227299043638,0.0009842885535221724,3
8714,20221018_110214.mat,2536056,2.536056,0.005794569920466834,0.0009842885535221724,3
8715,20221018_110214.mat,2536255,2.536255,0.0011413245069811667,0.0009842885535221724,3
8716,20221018_110214.mat,2540235,2.540235,0.0018390450416153768,0.0009842885535221724,3
8717,20221018_110214.mat,2559339,2.559339,0.000995745522888143,0.0009842885535221724,3
8718,20221018_110214.mat,2559538,2.559538,0.0013429840928696898,0.0009842885535221724,3
8719,20221018_110214.mat,2563120,2.56312,0.0013328296103753603,0.0009842885535221724,3
8720,20221018_110214.mat,2591975,2.591975,0.008457610883186608,0.0009842885535221724,3
8721,20221018_110214.mat,2592174,2.592174,0.001462004022455588,0.0009842885535221724,3
8722,20221018_110214.mat,2613865,2.613865,0.0021926156389672656,0.0009842885535221724,3
8723,20221018_110214.mat,2614064,2.614064,0.001700633959469728,0.0009842885535221724,3
8724,20221018_110214.mat,2624611,2.624611,0.0010027065171636883,0.0009842885535221724,3
8725,20221018_110214.mat,2647894,2.647894,0.0011283182566299366,0.0009842885535221724,3
8726,20221018_110214.mat,2652073,2.652073,0.019618790162573462,0.0009842885535221724,3
8727,20221018_110214.mat,2652272,2.652272,0.004241764132304508,0.0009842885535221724,3
8728,20221018_110214.mat,2652471,2.652471,0.001570653163594218,0.0009842885535221724,3
8729,20221018_110214.mat,2674162,2.674162,0.0013836555512981047,0.0009842885535221724,3
8730,20221018_110214.mat,2690480,2.69048,0.0010598315309785801,0.0009842885535221724,3
8731,20221018_110214.mat,2701027,2.701027,0.0015992062970521118,0.0009842885535221724,3
8732,20221018_110214.mat,2701226,2.701226,0.0011032570092536502,0.0009842885535221724,3
8733,20221018_110214.mat,2713365,2.713365,0.0017880769887971446,0.0009842885535221724,3
8734,20221018_110214.mat,2749185,2.749185,0.0014665413666612697,0.0009842885535221724,3
8735,20221018_110214.mat,2758140,2.75814,0.0010737986882939695,0.0009842885535221724,3
8736,20221018_110214.mat,2758339,2.758339,0.001359484197799772,0.0009842885535221724,3
8737,20221018_110214.mat,2777642,2.777642,0.00781805165534167,0.0009842885535221724,3
8738,20221018_110214.mat,2777841,2.777841,0.011721682758776424,0.0009842885535221724,3
8739,20221018_110214.mat,2778040,2.77804,0.0031854831058825924,0.0009842885535221724,3
8740,20221018_110214.mat,2778239,2.778239,0.001356079153361724,0.0009842885535221724,3
8741,20221018_110214.mat,2782816,2.782816,0.0016888125598175643,0.0009842885535221724,3
8742,20221018_110214.mat,2784408,2.784408,0.002587968506011556,0.0009842885535221724,3
8743,20221018_110214.mat,2787393,2.787393,0.026482006881626535,0.0009842885535221724,3
8744,20221018_110214.mat,2787592,2.787592,0.005051472429761316,0.0009842885535221724,3
8745,20221018_110214.mat,2787791,2.787791,0.00118809478650381,0.0009842885535221724,3
8746,20221018_110214.mat,2792368,2.792368,0.01637717798178576,0.0009842885535221724,3
8747,20221018_110214.mat,2792567,2.792567,0.003696046189372669,0.0009842885535221724,3
8748,20221018_110214.mat,2792766,2.792766,0.0012912360479157483,0.0009842885535221724,3
8749,20221018_110214.mat,2810676,2.810676,0.0011365823734531928,0.0009842885535221724,3
8750,20221018_110214.mat,2810875,2.810875,0.001203405983522554,0.0009842885535221724,3
8751,20221018_110214.mat,2812865,2.812865,0.007434373021186359,0.0009842885535221724,3
8752,20221018_110214.mat,2813064,2.813064,0.003962527656947413,0.0009842885535221724,3
8753,20221018_110214.mat,2813263,2.813263,0.0011848776999516986,0.0009842885535221724,3
8754,20221018_110214.mat,2826198,2.826198,0.0012605870729207526,0.0009842885535221724,3
8755,20221018_110214.mat,2859232,2.859232,0.017879501491157822,0.0009842885535221724,3
8756,20221018_110214.mat,2859431,2.859431,0.0031884104213802666,0.0009842885535221724,3
8757,20221018_110214.mat,2862416,2.862416,0.0014532840243931418,0.0009842885535221724,3
8758,20221018_110214.mat,2862615,2.862615,0.0031912740507995165,0.0009842885535221724,3
8759,20221018_110214.mat,2872366,2.872366,0.004959531269159722,0.0009842885535221724,3
8760,20221018_110214.mat,2872565,2.872565,0.007383310565060841,0.0009842885535221724,3
8761,20221018_110214.mat,2878336,2.878336,0.0010757710954086997,0.0009842885535221724,3
8762,20221018_110214.mat,2878535,2.878535,0.0014958909218564505,0.0009842885535221724,3
8763,20221018_110214.mat,2883510,2.88351,0.014616703186382682,0.0009842885535221724,3
8764,20221018_110214.mat,2883709,2.883709,0.01251066294383342,0.0009842885535221724,3
8765,20221018_110214.mat,2883908,2.883908,0.0026019265848887746,0.0009842885535221724,3
8766,20221018_110214.mat,2884107,2.884107,0.0009925439445535777,0.0009842885535221724,3
8767,20221018_110214.mat,2886893,2.886893,0.001101640006270391,0.0009842885535221724,3
8768,20221018_110214.mat,2898037,2.898037,0.001437831313343304,0.0009842885535221724,3
8769,20221018_110214.mat,2911569,2.911569,0.0025358979292660587,0.0009842885535221724,3
8770,20221018_110214.mat,2911768,2.911768,0.001641686153116267,0.0009842885535221724,3
8771,20221018_110214.mat,2912365,2.912365,0.0012472391736185996,0.0009842885535221724,3
8772,20221018_110214.mat,2913758,2.913758,0.002172320691337767,0.0009842885535221724,3
8773,20221018_110214.mat,2913957,2.913957,0.003667418904798689,0.0009842885535221724,3
8774,20221018_110214.mat,2915350,2.91535,0.0011538893994507257,0.0009842885535221724,3
8775,20221018_110214.mat,2924106,2.924106,0.0011104348536415728,0.0009842885535221724,3
8776,20221018_110214.mat,2928484,2.928484,0.001639273066249742,0.0009842885535221724,3
8777,20221018_110214.mat,2928683,2.928683,0.00140550328393478,0.0009842885535221724,3
8778,20221018_110214.mat,2941021,2.941021,0.0010537866779132279,0.0009842885535221724,3
8779,20221018_110214.mat,2941220,2.94122,0.0017782297578793711,0.0009842885535221724,3
8780,20221018_110214.mat,2949578,2.949578,0.0027035027569612966,0.0009842885535221724,3
8781,20221018_110214.mat,2949777,2.949777,0.0015471924300940873,0.0009842885535221724,3
8782,20221018_110214.mat,2954553,2.954553,0.0010159968873701853,0.0009842885535221724,3
8783,20221018_110214.mat,2963707,2.963707,0.0009977431256701166,0.0009842885535221724,3
8784,20221018_110214.mat,2965896,2.965896,0.0010217562911370938,0.0009842885535221724,3
8785,20221018_110214.mat,2968284,2.968284,0.005399621598431432,0.0009842885535221724,3
8786,20221018_110214.mat,2968483,2.968483,0.0021494290273525395,0.0009842885535221724,3
8787,20221018_110214.mat,2968682,2.968682,0.00635950598481366,0.0009842885535221724,3
8788,20221018_110214.mat,2968881,2.968881,0.02815202982641226,0.0009842885535221724,3
8789,20221018_110214.mat,2969080,2.96908,0.004168278108001442,0.0009842885535221724,3
8790,20221018_110214.mat,2969279,2.969279,0.0011328589237954965,0.0009842885535221724,3
8791,20221018_110214.mat,2970871,2.970871,0.001429122757201027,0.0009842885535221724,3
8792,20221018_110214.mat,2971269,2.971269,0.001038376192093352,0.0009842885535221724,3
8793,20221018_110214.mat,2971468,2.971468,0.003393440628535785,0.0009842885535221724,3
8794,20221018_110214.mat,2971667,2.971667,0.0023178975195967634,0.0009842885535221724,3
8795,20221018_110214.mat,2971866,2.971866,0.04671791662925864,0.0009842885535221724,3
8796,20221018_110214.mat,2972065,2.972065,0.10836331719733282,0.0009842885535221724,3
8797,20221018_110214.mat,2972264,2.972264,0.23476773253449706,0.0009842885535221724,3
8798,20221018_110214.mat,2972463,2.972463,0.05356155835415295,0.0009842885535221724,3
8799,20221018_110214.mat,2972662,2.972662,0.1328297261153423,0.0009842885535221724,3
8800,20221018_110214.mat,2972861,2.972861,0.16465160836904916,0.0009842885535221724,3
8801,20221018_110214.mat,2973060,2.97306,0.3587602359894163,0.0009842885535221724,3
8802,20221018_110214.mat,2973259,2.973259,0.09205550121009953,0.0009842885535221724,3
8803,20221018_110214.mat,2973458,2.973458,0.022585601302813816,0.0009842885535221724,3
8804,20221018_110214.mat,2973657,2.973657,0.005927797388041528,0.0009842885535221724,3
8805,20221018_110214.mat,2973856,2.973856,0.0015542755497734452,0.0009842885535221724,3
8806,20221018_110214.mat,2974055,2.974055,0.0014204798706448887,0.0009842885535221724,3
8807,20221018_110214.mat,2974254,2.974254,0.055473198925084725,0.0009842885535221724,3
8808,20221018_110214.mat,2974453,2.974453,4.053865664633282,0.0009842885535221724,3
8809,20221018_110214.mat,2974652,2.974652,4.481406902226644,0.0009842885535221724,3
8810,20221018_110214.mat,2974851,2.974851,1.7327266892360387,0.0009842885535221724,3
8811,20221018_110214.mat,2975050,2.97505,0.6597217172167106,0.0009842885535221724,3
8812,20221018_110214.mat,2975249,2.975249,0.4133865216064565,0.0009842885535221724,3
8813,20221018_110214.mat,2975448,2.975448,0.322682906752849,0.0009842885535221724,3
8814,20221018_110214.mat,2975647,2.975647,0.11196420858418336,0.0009842885535221724,3
8815,20221018_110214.mat,2975846,2.975846,0.06673816571942652,0.0009842885535221724,3
8816,20221018_110214.mat,2976045,2.976045,0.07677565619527671,0.0009842885535221724,3
8817,20221018_110214.mat,2976244,2.976244,0.03560263331402406,0.0009842885535221724,3
8818,20221018_110214.mat,2976443,2.976443,0.013818771705065146,0.0009842885535221724,3
8819,20221018_110214.mat,2976642,2.976642,0.008690693110880453,0.0009842885535221724,3
8820,20221018_110214.mat,2976841,2.976841,0.014305709845922249,0.0009842885535221724,3
8821,20221018_110214.mat,2977040,2.97704,0.008845335295389486,0.0009842885535221724,3
8822,20221018_110214.mat,2977239,2.977239,0.007339459513809721,0.0009842885535221724,3
8823,20221018_110214.mat,2977438,2.977438,0.0066082675453547485,0.0009842885535221724,3
8824,20221018_110214.mat,2977637,2.977637,0.013827750298028393,0.0009842885535221724,3
8825,20221018_110214.mat,2977836,2.977836,0.010905481535372302,0.0009842885535221724,3
8826,20221018_110214.mat,2978035,2.978035,0.010360743499759366,0.0009842885535221724,3
8827,20221018_110214.mat,2978234,2.978234,0.006446860084447704,0.0009842885535221724,3
8828,20221018_110214.mat,2978433,2.978433,0.0043222940725212745,0.0009842885535221724,3
8829,20221018_110214.mat,2978632,2.978632,0.004445235099747308,0.0009842885535221724,3
8830,20221018_110214.mat,2978831,2.978831,0.004989077974953907,0.0009842885535221724,3
8831,20221018_110214.mat,2979030,2.97903,0.003954270117411084,0.0009842885535221724,3
8832,20221018_110214.mat,2979229,2.979229,0.004109409057877606,0.0009842885535221724,3
8833,20221018_110214.mat,2979428,2.979428,0.0036120838529795406,0.0009842885535221724,3
8834,20221018_110214.mat,2979627,2.979627,0.003316761558270634,0.0009842885535221724,3
8835,20221018_110214.mat,2979826,2.979826,0.0029686048229889436,0.0009842885535221724,3
8836,20221018_110214.mat,2980025,2.980025,0.004019394408429943,0.0009842885535221724,3
8837,20221018_110214.mat,2980224,2.980224,0.002255640799639661,0.0009842885535221724,3
8838,20221018_110214.mat,2980423,2.980423,0.006513028683442289,0.0009842885535221724,3
8839,20221018_110214.mat,2980622,2.980622,0.005940400649865789,0.0009842885535221724,3
8840,20221018_110214.mat,2980821,2.980821,0.0029920438738878807,0.0009842885535221724,3
8841,20221018_110214.mat,2981020,2.98102,0.00333462484542922,0.0009842885535221724,3
8842,20221018_110214.mat,2981219,2.981219,0.002641214819595189,0.0009842885535221724,3
8843,20221018_110214.mat,2981418,2.981418,0.002123628888413059,0.0009842885535221724,3
8844,20221018_110214.mat,2981617,2.981617,0.002272874185013804,0.0009842885535221724,3
8845,20221018_110214.mat,2981816,2.981816,0.0031765815869518447,0.0009842885535221724,3
8846,20221018_110214.mat,2982015,2.982015,0.00174989953720937,0.0009842885535221724,3
8847,20221018_110214.mat,2982214,2.982214,0.001137104777522316,0.0009842885535221724,3
8848,20221018_110214.mat,2982413,2.982413,0.0018266106573300973,0.0009842885535221724,3
8849,20221018_110214.mat,2982612,2.982612,0.002902178225119893,0.0009842885535221724,3
8850,20221018_110214.mat,2982811,2.982811,0.001142884500067515,0.0009842885535221724,3
8851,20221018_110214.mat,2983010,2.98301,0.002556397360201962,0.0009842885535221724,3
8852,20221018_110214.mat,2983209,2.983209,0.002732770203469429,0.0009842885535221724,3
8853,20221018_110214.mat,2983408,2.983408,0.0041791211732444145,0.0009842885535221724,3
8854,20221018_110214.mat,2983607,2.983607,0.0024021838479094167,0.0009842885535221724,3
8855,20221018_110214.mat,2984005,2.984005,0.0017647827113064255,0.0009842885535221724,3
8856,20221018_110214.mat,2984204,2.984204,0.000999866564272487,0.0009842885535221724,3
8857,20221018_110214.mat,2984602,2.984602,0.001015175877680624,0.0009842885535221724,3
8858,20221018_110214.mat,2984801,2.984801,0.0009875882262008907,0.0009842885535221724,3
8859,20221018_110214.mat,2985000,2.985,0.0012890113407207752,0.0009842885535221724,3
8860,20221018_110214.mat,2985199,2.985199,0.0011897347752424915,0.0009842885535221724,3
8861,20221018_110214.mat,2985597,2.985597,0.0022299733527825186,0.0009842885535221724,3
8862,20221018_110214.mat,2985796,2.985796,0.001774529471217355,0.0009842885535221724,3
8863,20221018_110214.mat,2985995,2.985995,0.0017675129069815527,0.0009842885535221724,3
8864,20221018_110214.mat,2986194,2.986194,0.001726860109896603,0.0009842885535221724,3
8865,20221018_110214.mat,2986393,2.986393,0.0012977016653812356,0.0009842885535221724,3
8866,20221018_110214.mat,2986592,2.986592,0.001030286360676652,0.0009842885535221724,3
8867,20221018_110214.mat,2986791,2.986791,0.0011563502862818591,0.0009842885535221724,3
8868,20221018_110214.mat,2986990,2.98699,0.0038402873012551462,0.0009842885535221724,3
8869,20221018_110214.mat,2987189,2.987189,0.004543885241153527,0.0009842885535221724,3
8870,20221018_110214.mat,2987388,2.987388,0.003333794109087165,0.0009842885535221724,3
8871,20221018_110214.mat,2987587,2.987587,0.004828079925469089,0.0009842885535221724,3
8872,20221018_110214.mat,2987786,2.987786,0.0011813522555318649,0.0009842885535221724,3
8873,20221018_110214.mat,2988184,2.988184,0.0015752814103327777,0.0009842885535221724,3
8874,20221018_110214.mat,2988383,2.988383,0.0010091421926486518,0.0009842885535221724,3
8875,20221018_110214.mat,2988582,2.988582,0.003468938272705135,0.0009842885535221724,3
8876,20221018_110214.mat,2988781,2.988781,0.001260239141979787,0.0009842885535221724,3
8877,20221018_110214.mat,2988980,2.98898,0.001438422043766537,0.0009842885535221724,3
8878,20221018_110214.mat,2989179,2.989179,0.000986458553686485,0.0009842885535221724,3
8879,20221018_110214.mat,2989378,2.989378,0.0016429171021978429,0.0009842885535221724,3
8880,20221018_110214.mat,2989577,2.989577,0.0016613156941264512,0.0009842885535221724,3
8881,20221018_110214.mat,2990174,2.990174,0.08842868085566179,0.0009842885535221724,3
8882,20221018_110214.mat,2990373,2.990373,0.036990420023131756,0.0009842885535221724,3
8883,20221018_110214.mat,2990572,2.990572,0.003776252140432383,0.0009842885535221724,3
8884,20221018_110214.mat,2990771,2.990771,0.0016144536960691815,0.0009842885535221724,3
8885,20221018_110214.mat,2990970,2.99097,0.0013448980266653795,0.0009842885535221724,3
8886,20221018_110214.mat,2991368,2.991368,0.0032524263127141663,0.0009842885535221724,3
8887,20221018_110214.mat,2991567,2.991567,0.0014796992045700132,0.0009842885535221724,3
8888,20221018_110214.mat,2991766,2.991766,0.004491259108825478,0.0009842885535221724,3
8889,20221018_110214.mat,2991965,2.991965,0.0023929736680904936,0.0009842885535221724,3
8890,20221018_110214.mat,2992164,2.992164,0.0022867286313402284,0.0009842885535221724,3
8891,20221018_110214.mat,2992363,2.992363,0.002265160673650355,0.0009842885535221724,3
8892,20221018_110214.mat,2992761,2.992761,0.0016546046688401036,0.0009842885535221724,3
8893,20221018_110214.mat,2992960,2.99296,0.007098906522361369,0.0009842885535221724,3
8894,20221018_110214.mat,2993159,2.993159,0.002763585368905581,0.0009842885535221724,3
8895,20221018_110214.mat,2993358,2.993358,0.002142042642472281,0.0009842885535221724,3
8896,20221018_110214.mat,2993557,2.993557,0.0017733011603474505,0.0009842885535221724,3
8897,20221018_110214.mat,2993756,2.993756,0.0024176473304680026,0.0009842885535221724,3
8898,20221018_110214.mat,2993955,2.993955,0.0010631735967057611,0.0009842885535221724,3
8899,20221018_110214.mat,2994154,2.994154,0.0020012766166429383,0.0009842885535221724,3
8900,20221018_110214.mat,2994353,2.994353,0.0013377522184179502,0.0009842885535221724,3
8901,20221018_110214.mat,2994552,2.994552,0.0030599846031057545,0.0009842885535221724,3
8902,20221018_110214.mat,2994751,2.994751,0.002597582422002371,0.0009842885535221724,3
8903,20221018_110214.mat,2994950,2.99495,0.00866038213084321,0.0009842885535221724,3
8904,20221018_110214.mat,2995149,2.995149,0.003660330792640752,0.0009842885535221724,3
8905,20221018_110214.mat,2995348,2.995348,0.0015213811297239456,0.0009842885535221724,3
8906,20221018_110214.mat,2995547,2.995547,0.0013521631480577522,0.0009842885535221724,3
8907,20221018_110214.mat,2995746,2.995746,0.0011432543794317356,0.0009842885535221724,3
8908,20221018_110214.mat,2995945,2.995945,0.002509107186026503,0.0009842885535221724,3
8909,20221018_110214.mat,2996343,2.996343,0.0011309339071288783,0.0009842885535221724,3
8910,20221018_110214.mat,2996542,2.996542,0.0015846406912112159,0.0009842885535221724,3
8911,20221018_110214.mat,2996741,2.996741,0.001679705343158487,0.0009842885535221724,3
8912,20221018_110214.mat,2996940,2.99694,0.00362027069966466,0.0009842885535221724,3
8913,20221018_110214.mat,2997139,2.997139,0.0020761629890304915,0.0009842885535221724,3
8914,20221018_110214.mat,2997537,2.997537,0.0014311791435539327,0.0009842885535221724,3
8915,20221018_110214.mat,2998731,2.998731,0.0010977828111057516,0.0009842885535221724,3
8916,20221018_110214.mat,2998930,2.99893,0.0010596441052169972,0.0009842885535221724,3
8917,20221018_110214.mat,2999129,2.999129,0.001979583786678795,0.0009842885535221724,3
8918,20221018_110214.mat,3002711,3.002711,0.0010696968190735785,0.0009842885535221724,3
8919,20221018_110214.mat,3003507,3.003507,0.001304567924851683,0.0009842885535221724,3
8920,20221018_110214.mat,3004104,3.004104,0.0010763760011002358,0.0009842885535221724,3
8921,20221018_110214.mat,3007089,3.007089,0.0010388126360378106,0.0009842885535221724,3
8922,20221018_110214.mat,3010273,3.010273,0.0010415577202793724,0.0009842885535221724,3
8923,20221018_110214.mat,3011467,3.011467,0.0011230678008707098,0.0009842885535221724,3
8924,20221018_110214.mat,3011666,3.011666,0.0010934094489390596,0.0009842885535221724,3
8925,20221018_110214.mat,3011865,3.011865,0.0013621330953145713,0.0009842885535221724,3
8926,20221018_110214.mat,3012462,3.012462,0.001176157132943773,0.0009842885535221724,3
8927,20221018_110214.mat,3012661,3.012661,0.0009845638800861551,0.0009842885535221724,3
8928,20221018_110214.mat,3013457,3.013457,0.0031965811466152898,0.0009842885535221724,3
8929,20221018_110214.mat,3013656,3.013656,0.0017309889713272182,0.0009842885535221724,3
8930,20221018_110214.mat,3013855,3.013855,0.0010953339771543264,0.0009842885535221724,3
8931,20221018_110214.mat,3014850,3.01485,0.0019937521772623737,0.0009842885535221724,3
8932,20221018_110214.mat,3015049,3.015049,0.001060509493860549,0.0009842885535221724,3
8933,20221018_110214.mat,3015248,3.015248,0.002985254308235108,0.0009842885535221724,3
8934,20221018_110214.mat,3015447,3.015447,0.003879019141739852,0.0009842885535221724,3
8935,20221018_110214.mat,3028979,3.028979,0.001258004168459962,0.0009842885535221724,3
8936,20221018_110214.mat,3029775,3.029775,0.0012617752395808703,0.0009842885535221724,3
8937,20221018_110214.mat,3029974,3.029974,0.0011418809037819224,0.0009842885535221724,3
8938,20221018_110214.mat,3030571,3.030571,0.0013642169395607154,0.0009842885535221724,3
8939,20221018_110214.mat,3031168,3.031168,0.0013153391734866849,0.0009842885535221724,3
8940,20221018_110214.mat,3031765,3.031765,0.0011779948906774375,0.0009842885535221724,3
8941,20221018_110214.mat,3032362,3.032362,0.0010618428457388925,0.0009842885535221724,3
8942,20221018_110214.mat,3034153,3.034153,0.001129380907290742,0.0009842885535221724,3
8943,20221018_110214.mat,3034750,3.03475,0.0011802364092643207,0.0009842885535221724,3
8944,20221018_110214.mat,3035745,3.035745,0.0009995823168216956,0.0009842885535221724,3
8945,20221018_110214.mat,3036740,3.03674,0.0010298443857809712,0.0009842885535221724,3
8946,20221018_110214.mat,3037735,3.037735,0.0011350007217341932,0.0009842885535221724,3
8947,20221018_110214.mat,3037934,3.037934,0.0010657756774771305,0.0009842885535221724,3
8948,20221018_110214.mat,3054849,3.054849,0.0012078605544014315,0.0009842885535221724,3
8949,20221018_110214.mat,3055048,3.055048,0.0011943481993904233,0.0009842885535221724,3
8950,20221018_110214.mat,3056242,3.056242,0.0016221833663790366,0.0009842885535221724,3
8951,20221018_110214.mat,3057635,3.057635,0.0013434562393669204,0.0009842885535221724,3
8952,20221018_110214.mat,3058829,3.058829,0.000990789932917531,0.0009842885535221724,3
8953,20221018_110214.mat,3059028,3.059028,0.0009980948726251164,0.0009842885535221724,3
8954,20221018_110214.mat,3065595,3.065595,0.0015423396456506497,0.0009842885535221724,3
8955,20221018_110214.mat,3065794,3.065794,0.0013003773565209468,0.0009842885535221724,3
8956,20221018_110214.mat,3074550,3.07455,0.0015680561441195646,0.0009842885535221724,3
8957,20221018_110214.mat,3074749,3.074749,0.0011330923627208896,0.0009842885535221724,3
8958,20221018_110214.mat,3075545,3.075545,0.0010407814271387692,0.0009842885535221724,3
8959,20221018_110214.mat,3076142,3.076142,0.0013471238625101362,0.0009842885535221724,3
8960,20221018_110214.mat,3076341,3.076341,0.0013388807128926208,0.0009842885535221724,3
8961,20221018_110214.mat,3077734,3.077734,0.00143515358817747,0.0009842885535221724,3
8962,20221018_110214.mat,3079326,3.079326,0.0012874397588885423,0.0009842885535221724,3
8963,20221018_110214.mat,3081117,3.081117,0.001298833165976496,0.0009842885535221724,3
8964,20221018_110214.mat,3092062,3.092062,0.0010443370197919554,0.0009842885535221724,3
8965,20221018_110214.mat,3095843,3.095843,0.0015689575962391416,0.0009842885535221724,3
8966,20221018_110214.mat,3096639,3.096639,0.001965657433424522,0.0009842885535221724,3
8967,20221018_110214.mat,3097236,3.097236,0.00163491920592537,0.0009842885535221724,3
8968,20221018_110214.mat,3098032,3.098032,0.0015967714950529135,0.0009842885535221724,3
8969,20221018_110214.mat,3098629,3.098629,0.0014202701138883484,0.0009842885535221724,3
8970,20221018_110214.mat,3099425,3.099425,0.001502416919058779,0.0009842885535221724,3
8971,20221018_110214.mat,3100022,3.100022,0.0012179775764638878,0.0009842885535221724,3
8972,20221018_110214.mat,3105196,3.105196,0.0015845693326008972,0.0009842885535221724,3
8973,20221018_110214.mat,3105395,3.105395,0.0012643939847980614,0.0009842885535221724,3
8974,20221018_110214.mat,3119325,3.119325,0.0011038067608731478,0.0009842885535221724,3
8975,20221018_110214.mat,3119524,3.119524,0.0018646649908544346,0.0009842885535221724,3
8976,20221018_110214.mat,3120519,3.120519,0.0018135137060272014,0.0009842885535221724,3
8977,20221018_110214.mat,3121315,3.121315,0.0013530100466164743,0.0009842885535221724,3
8978,20221018_110214.mat,3121514,3.121514,0.0009916182482334881,0.0009842885535221724,3
8979,20221018_110214.mat,3122310,3.12231,0.001377152239974524,0.0009842885535221724,3
8980,20221018_110214.mat,3123106,3.123106,0.0010520927063250687,0.0009842885535221724,3
8981,20221018_110214.mat,3123305,3.123305,0.0011606330492215846,0.0009842885535221724,3
8982,20221018_110214.mat,3124101,3.124101,0.0013656065716202833,0.0009842885535221724,3
8983,20221018_110214.mat,3125096,3.125096,0.0012663731325074292,0.0009842885535221724,3
8984,20221018_110214.mat,3126091,3.126091,0.0010790911353958264,0.0009842885535221724,3
8985,20221018_110214.mat,3127086,3.127086,0.0011190085843805317,0.0009842885535221724,3
8986,20221018_110214.mat,3128479,3.128479,0.0011080122001788822,0.0009842885535221724,3
8987,20221018_110214.mat,3130469,3.130469,0.0009959982701404273,0.0009842885535221724,3
8988,20221018_110214.mat,3131464,3.131464,0.0010249615873492248,0.0009842885535221724,3
8989,20221018_110214.mat,3132857,3.132857,0.0031867743201312343,0.0009842885535221724,3
8990,20221018_110214.mat,3133056,3.133056,0.0012319212391288278,0.0009842885535221724,3
8991,20221018_110214.mat,3144996,3.144996,0.0016239529299438902,0.0009842885535221724,3
8992,20221018_110214.mat,3145991,3.145991,0.001971840949692842,0.0009842885535221724,3
8993,20221018_110214.mat,3146787,3.146787,0.0018254486344870613,0.0009842885535221724,3
8994,20221018_110214.mat,3147583,3.147583,0.0009845499000633907,0.0009842885535221724,3
8995,20221018_110214.mat,3147782,3.147782,0.0016436309404744,0.0009842885535221724,3
8996,20221018_110214.mat,3148578,3.148578,0.0015641767576439645,0.0009842885535221724,3
8997,20221018_110214.mat,3149374,3.149374,0.0011892710420931163,0.0009842885535221724,3
8998,20221018_110214.mat,3150369,3.150369,0.00124916283838893,0.0009842885535221724,3
8999,20221018_110214.mat,3160319,3.160319,0.0010685711207286427,0.0009842885535221724,3
9000,20221018_110214.mat,3166289,3.166289,0.003358211997877661,0.0009842885535221724,3
9001,20221018_110214.mat,3166488,3.166488,0.0012426844259177945,0.0009842885535221724,3
9002,20221018_110214.mat,3172657,3.172657,0.0018222241685248242,0.0009842885535221724,3
9003,20221018_110214.mat,3174647,3.174647,0.0018320742997627213,0.0009842885535221724,3
9004,20221018_110214.mat,3178229,3.178229,0.0014159143627681182,0.0009842885535221724,3
9005,20221018_110214.mat,3191562,3.191562,0.0011119090714295753,0.0009842885535221724,3
9006,20221018_110214.mat,3271759,3.271759,0.0011073348940360919,0.0009842885535221724,3
9007,20221018_110214.mat,3292057,3.292057,0.0013117775780983989,0.0009842885535221724,3
9008,20221018_110214.mat,3316534,3.316534,0.0010465012155574346,0.0009842885535221724,3
9009,20221018_110214.mat,3316733,3.316733,0.0011773236106922755,0.0009842885535221724,3
9010,20221018_110214.mat,3320713,3.320713,0.003781636365328603,0.0009842885535221724,3
9011,20221018_110214.mat,3320912,3.320912,0.0019482194114465534,0.0009842885535221724,3
9012,20221018_110214.mat,3437924,3.437924,0.0010876895455677043,0.0009842885535221724,3
9013,20221018_110214.mat,3455038,3.455038,0.00108551870849549,0.0009842885535221724,3
9014,20221018_110214.mat,3530459,3.530459,0.0014837053770279732,0.0009842885535221724,3
9015,20221018_110214.mat,3583791,3.583791,0.0025294610630951222,0.0009842885535221724,3
9016,20221018_110214.mat,3733837,3.733837,0.0009861704416041944,0.0009842885535221724,3
9017,20221018_110214.mat,3766274,3.766274,0.0010176108384203739,0.0009842885535221724,3
9018,20221018_110214.mat,3806273,3.806273,0.0021310043425585576,0.0009842885535221724,3
9019,20221018_110214.mat,3806472,3.806472,0.0011591325676785322,0.0009842885535221724,3
9020,20221018_110214.mat,3836521,3.836521,0.0009947634907439683,0.0009842885535221724,3
9021,20221018_110214.mat,3840501,3.840501,0.0012937290408347045,0.0009842885535221724,3
9022,20221018_110214.mat,3840700,3.8407,0.000991189792647282,0.0009842885535221724,3
9023,20221018_110214.mat,3888261,3.888261,0.0024220178758331866,0.0009842885535221724,3
9024,20221018_110214.mat,3888460,3.88846,0.0013152315231857354,0.0009842885535221724,3
9025,20221018_110214.mat,3891644,3.891644,0.0010357460972150643,0.0009842885535221724,3
9026,20221018_110214.mat,3962289,3.962289,0.001215071893986259,0.0009842885535221724,3
9027,20221018_110214.mat,4165667,4.165667,0.001014757368755279,0.0009842885535221724,3
9028,20221018_110214.mat,4166065,4.166065,0.0020953919432909183,0.0009842885535221724,3
9029,20221018_110214.mat,4166264,4.166264,0.001127816191289949,0.0009842885535221724,3
9030,20221018_110214.mat,4193328,4.193328,0.000993794338350722,0.0009842885535221724,3
9031,20221018_110214.mat,4243277,4.243277,0.0009853654841457738,0.0009842885535221724,3
9032,20221018_110214.mat,4369045,4.369045,0.0011823073654067644,0.0009842885535221724,3
9033,20221018_110214.mat,4398696,4.398696,0.001059175395712611,0.0009842885535221724,3
9034,20221018_110214.mat,4531628,4.531628,0.0015371613498676856,0.0009842885535221724,3
9035,20221018_110214.mat,4559289,4.559289,0.002718771406294708,0.0009842885535221724,3
9036,20221018_110214.mat,4559488,4.559488,0.0014599136020529832,0.0009842885535221724,3
9037,20221018_110214.mat,4561080,4.56108,0.0014635500572711764,0.0009842885535221724,3
9038,20221018_110214.mat,4567448,4.567448,0.00348431356624602,0.0009842885535221724,3
9039,20221018_110214.mat,4567647,4.567647,0.0020220084926335807,0.0009842885535221724,3
9040,20221018_110214.mat,4568841,4.568841,0.0010062080308505476,0.0009842885535221724,3
9041,20221018_110214.mat,4572821,4.572821,0.00185388347733745,0.0009842885535221724,3
9042,20221018_110214.mat,4582771,4.582771,0.001263500146163646,0.0009842885535221724,3
9043,20221018_110214.mat,4585358,4.585358,0.0012217563023772,0.0009842885535221724,3
9044,20221018_110214.mat,4585557,4.585557,0.0017390397660450776,0.0009842885535221724,3
9045,20221018_110214.mat,4585756,4.585756,0.0012812232287435696,0.0009842885535221724,3
9046,20221018_110214.mat,4585955,4.585955,0.003541601891101798,0.0009842885535221724,3
9047,20221018_110214.mat,4586154,4.586154,0.0770338042727873,0.0009842885535221724,3
9048,20221018_110214.mat,4586353,4.586353,5.806500510310213,0.0009842885535221724,3
9049,20221018_110214.mat,4586552,4.586552,4.714785092163199,0.0009842885535221724,3
9050,20221018_110214.mat,4586751,4.586751,1.255639708786411,0.0009842885535221724,3
9051,20221018_110214.mat,4586950,4.58695,1.1556417949231992,0.0009842885535221724,3
9052,20221018_110214.mat,4587149,4.587149,0.8018502035518963,0.0009842885535221724,3
9053,20221018_110214.mat,4587348,4.587348,0.37396777481938337,0.0009842885535221724,3
9054,20221018_110214.mat,4587547,4.587547,0.10753627379426774,0.0009842885535221724,3
9055,20221018_110214.mat,4587746,4.587746,0.06667747018775058,0.0009842885535221724,3
9056,20221018_110214.mat,4587945,4.587945,0.08304389671038641,0.0009842885535221724,3
9057,20221018_110214.mat,4588144,4.588144,0.06025905239946127,0.0009842885535221724,3
9058,20221018_110214.mat,4588343,4.588343,0.289488962277622,0.0009842885535221724,3
9059,20221018_110214.mat,4588542,4.588542,0.3181375361808207,0.0009842885535221724,3
9060,20221018_110214.mat,4588741,4.588741,0.13696894692872894,0.0009842885535221724,3
9061,20221018_110214.mat,4588940,4.58894,0.037780259186686746,0.0009842885535221724,3
9062,20221018_110214.mat,4589139,4.589139,0.03779029264457824,0.0009842885535221724,3
9063,20221018_110214.mat,4589338,4.589338,0.021414538745586246,0.0009842885535221724,3
9064,20221018_110214.mat,4589537,4.589537,0.05427885765642765,0.0009842885535221724,3
9065,20221018_110214.mat,4589736,4.589736,0.02074775673347692,0.0009842885535221724,3
9066,20221018_110214.mat,4589935,4.589935,0.01046978021765863,0.0009842885535221724,3
9067,20221018_110214.mat,4590134,4.590134,0.01171549878091377,0.0009842885535221724,3
9068,20221018_110214.mat,4590333,4.590333,0.007707261448510435,0.0009842885535221724,3
9069,20221018_110214.mat,4590532,4.590532,0.007799642897572209,0.0009842885535221724,3
9070,20221018_110214.mat,4590731,4.590731,0.014193816025777973,0.0009842885535221724,3
9071,20221018_110214.mat,4590930,4.59093,0.012615157859178544,0.0009842885535221724,3
9072,20221018_110214.mat,4591129,4.591129,0.009353572648826664,0.0009842885535221724,3
9073,20221018_110214.mat,4591328,4.591328,0.006090266084079345,0.0009842885535221724,3
9074,20221018_110214.mat,4591527,4.591527,0.010053124281564452,0.0009842885535221724,3
9075,20221018_110214.mat,4591726,4.591726,0.007536406568112649,0.0009842885535221724,3
9076,20221018_110214.mat,4591925,4.591925,0.006307667810863231,0.0009842885535221724,3
9077,20221018_110214.mat,4592124,4.592124,0.006174043741948794,0.0009842885535221724,3
9078,20221018_110214.mat,4592323,4.592323,0.0781679958487986,0.0009842885535221724,3
9079,20221018_110214.mat,4592522,4.592522,0.03421486226971853,0.0009842885535221724,3
9080,20221018_110214.mat,4592721,4.592721,0.010235975437570412,0.0009842885535221724,3
9081,20221018_110214.mat,4592920,4.59292,0.005581394471236985,0.0009842885535221724,3
9082,20221018_110214.mat,4593119,4.593119,0.004954342933813047,0.0009842885535221724,3
9083,20221018_110214.mat,4593318,4.593318,0.004688002224775211,0.0009842885535221724,3
9084,20221018_110214.mat,4593517,4.593517,0.006109530958551216,0.0009842885535221724,3
9085,20221018_110214.mat,4593716,4.593716,0.006959916651604149,0.0009842885535221724,3
9086,20221018_110214.mat,4593915,4.593915,0.008494028491770084,0.0009842885535221724,3
9087,20221018_110214.mat,4594114,4.594114,0.002891885803394459,0.0009842885535221724,3
9088,20221018_110214.mat,4594313,4.594313,0.0025864338711508884,0.0009842885535221724,3
9089,20221018_110214.mat,4594512,4.594512,0.006011562109929011,0.0009842885535221724,3
9090,20221018_110214.mat,4594711,4.594711,0.0024649322315131264,0.0009842885535221724,3
9091,20221018_110214.mat,4594910,4.59491,0.003733703676950952,0.0009842885535221724,3
9092,20221018_110214.mat,4595109,4.595109,0.0024840092420664915,0.0009842885535221724,3
9093,20221018_110214.mat,4595308,4.595308,0.0015486978612627945,0.0009842885535221724,3
9094,20221018_110214.mat,4595507,4.595507,0.001450167055564914,0.0009842885535221724,3
9095,20221018_110214.mat,4595706,4.595706,0.002791579318450685,0.0009842885535221724,3
9096,20221018_110214.mat,4595905,4.595905,0.0011088017104211852,0.0009842885535221724,3
9097,20221018_110214.mat,4596104,4.596104,0.0019751009407960474,0.0009842885535221724,3
9098,20221018_110214.mat,4596303,4.596303,0.001203286678171293,0.0009842885535221724,3
9099,20221018_110214.mat,4596502,4.596502,0.002292297488261792,0.0009842885535221724,3
9100,20221018_110214.mat,4596701,4.596701,0.002947949577824325,0.0009842885535221724,3
9101,20221018_110214.mat,4596900,4.5969,0.0031671093054134554,0.0009842885535221724,3
9102,20221018_110214.mat,4597099,4.597099,0.002042606490986115,0.0009842885535221724,3
9103,20221018_110214.mat,4597298,4.597298,0.0031078229598676997,0.0009842885535221724,3
9104,20221018_110214.mat,4597497,4.597497,0.0013840442118092443,0.0009842885535221724,3
9105,20221018_110214.mat,4597696,4.597696,0.0026129556043433134,0.0009842885535221724,3
9106,20221018_110214.mat,4598094,4.598094,0.001697272018724492,0.0009842885535221724,3
9107,20221018_110214.mat,4598890,4.59889,0.0010795630332641015,0.0009842885535221724,3
9108,20221018_110214.mat,4599288,4.599288,0.001049307714618111,0.0009842885535221724,3
9109,20221018_110214.mat,4599487,4.599487,0.005089992375263629,0.0009842885535221724,3
9110,20221018_110214.mat,4599686,4.599686,0.0023788113119437297,0.0009842885535221724,3
9111,20221018_110214.mat,4599885,4.599885,0.0013657505640495087,0.0009842885535221724,3
9112,20221018_110214.mat,4600084,4.600084,0.00123251651306473,0.0009842885535221724,3
9113,20221018_110214.mat,4600283,4.600283,0.0014496896420447027,0.0009842885535221724,3
9114,20221018_110214.mat,4600482,4.600482,0.0023349682997512323,0.0009842885535221724,3
9115,20221018_110214.mat,4600681,4.600681,0.0015462960921395362,0.0009842885535221724,3
9116,20221018_110214.mat,4600880,4.60088,0.001163371292680923,0.0009842885535221724,3
9117,20221018_110214.mat,4601079,4.601079,0.0011378879339343849,0.0009842885535221724,3
9118,20221018_110214.mat,4601278,4.601278,0.0015930145039458753,0.0009842885535221724,3
9119,20221018_110214.mat,4601477,4.601477,0.010125252329433369,0.0009842885535221724,3
9120,20221018_110214.mat,4601676,4.601676,0.008462254922945318,0.0009842885535221724,3
9121,20221018_110214.mat,4601875,4.601875,0.0019373324178512676,0.0009842885535221724,3
9122,20221018_110214.mat,4602074,4.602074,0.0010808201157735645,0.0009842885535221724,3
9123,20221018_110214.mat,4602273,4.602273,0.001083719199425634,0.0009842885535221724,3
9124,20221018_110214.mat,4602472,4.602472,0.004527002510189292,0.0009842885535221724,3
9125,20221018_110214.mat,4602671,4.602671,0.0011090969775601276,0.0009842885535221724,3
9126,20221018_110214.mat,4603268,4.603268,0.0012751838111466638,0.0009842885535221724,3
9127,20221018_110214.mat,4603467,4.603467,0.0026528140671556255,0.0009842885535221724,3
9128,20221018_110214.mat,4603666,4.603666,0.001179651431798918,0.0009842885535221724,3
9129,20221018_110214.mat,4604064,4.604064,0.001053865044529059,0.0009842885535221724,3
9130,20221018_110214.mat,4604263,4.604263,0.0023424334803662052,0.0009842885535221724,3
9131,20221018_110214.mat,4605258,4.605258,0.0011622407319984605,0.0009842885535221724,3
9132,20221018_110214.mat,4606452,4.606452,0.003795208977124629,0.0009842885535221724,3
9133,20221018_110214.mat,4606651,4.606651,0.0069161117632839724,0.0009842885535221724,3
9134,20221018_110214.mat,4606850,4.60685,0.002833332235354351,0.0009842885535221724,3
9135,20221018_110214.mat,4607248,4.607248,0.001488312007943459,0.0009842885535221724,3
9136,20221018_110214.mat,4607447,4.607447,0.0010527102801516648,0.0009842885535221724,3
9137,20221018_110214.mat,4607646,4.607646,0.002241247664716439,0.0009842885535221724,3
9138,20221018_110214.mat,4608044,4.608044,0.0010539051625453601,0.0009842885535221724,3
9139,20221018_110214.mat,4608442,4.608442,0.02574822414495929,0.0009842885535221724,3
9140,20221018_110214.mat,4608641,4.608641,0.0803088455928299,0.0009842885535221724,3
9141,20221018_110214.mat,4608840,4.60884,0.010332058136856635,0.0009842885535221724,3
9142,20221018_110214.mat,4609039,4.609039,0.002218416147532449,0.0009842885535221724,3
9143,20221018_110214.mat,4609437,4.609437,0.0010275235990365279,0.0009842885535221724,3
9144,20221018_110214.mat,4610631,4.610631,0.0012164217405489222,0.0009842885535221724,3
9145,20221018_110214.mat,4612024,4.612024,0.00224307679108831,0.0009842885535221724,3
9146,20221018_110214.mat,4612223,4.612223,0.003152348504818681,0.0009842885535221724,3
9147,20221018_110214.mat,4612422,4.612422,0.001000064205884915,0.0009842885535221724,3
9148,20221018_110214.mat,4612621,4.612621,0.006745335951226204,0.0009842885535221724,3
9149,20221018_110214.mat,4612820,4.61282,0.04495286856146236,0.0009842885535221724,3
9150,20221018_110214.mat,4613019,4.613019,0.003545830484258987,0.0009842885535221724,3
9151,20221018_110214.mat,4613218,4.613218,0.0022070822293338748,0.0009842885535221724,3
9152,20221018_110214.mat,4613417,4.613417,0.0019445073480775404,0.0009842885535221724,3
9153,20221018_110214.mat,4613616,4.613616,0.0013288236330576402,0.0009842885535221724,3
9154,20221018_110214.mat,4613815,4.613815,0.0016260930862895659,0.0009842885535221724,3
9155,20221018_110214.mat,4614014,4.614014,0.0011208496782580133,0.0009842885535221724,3
9156,20221018_110214.mat,4614412,4.614412,0.0012584660177453598,0.0009842885535221724,3
9157,20221018_110214.mat,4614611,4.614611,0.0015861564583708803,0.0009842885535221724,3
9158,20221018_110214.mat,4614810,4.61481,0.0025394962956099424,0.0009842885535221724,3
9159,20221018_110214.mat,4615009,4.615009,0.00520271298426134,0.0009842885535221724,3
9160,20221018_110214.mat,4615208,4.615208,0.001094726071870237,0.0009842885535221724,3
9161,20221018_110214.mat,4615805,4.615805,0.0013564546931183468,0.0009842885535221724,3
9162,20221018_110214.mat,4616004,4.616004,0.0012047076779284228,0.0009842885535221724,3
9163,20221018_110214.mat,4616800,4.6168,0.0010047049622059754,0.0009842885535221724,3
9164,20221018_110214.mat,4616999,4.616999,0.0014073112319177015,0.0009842885535221724,3
9165,20221018_110214.mat,4617596,4.617596,0.0013109250411953305,0.0009842885535221724,3
9166,20221018_110214.mat,4617795,4.617795,0.0010144928077800248,0.0009842885535221724,3
9167,20221018_110214.mat,4618193,4.618193,0.001208949270726362,0.0009842885535221724,3
9168,20221018_110214.mat,4618392,4.618392,0.0019128181870720002,0.0009842885535221724,3
9169,20221018_110214.mat,4618790,4.61879,0.001866090304688083,0.0009842885535221724,3
9170,20221018_110214.mat,4618989,4.618989,0.0016992127943403694,0.0009842885535221724,3
9171,20221018_110214.mat,4619188,4.619188,0.004977803899721877,0.0009842885535221724,3
9172,20221018_110214.mat,4619387,4.619387,0.0010995852376934122,0.0009842885535221724,3
9173,20221018_110214.mat,4619785,4.619785,0.0009974750418979608,0.0009842885535221724,3
9174,20221018_110214.mat,4620183,4.620183,0.0012574428531003097,0.0009842885535221724,3
9175,20221018_110214.mat,4620581,4.620581,0.0028654143853425657,0.0009842885535221724,3
9176,20221018_110214.mat,4620780,4.62078,0.002185026506000145,0.0009842885535221724,3
9177,20221018_110214.mat,4620979,4.620979,0.0020202527433005398,0.0009842885535221724,3
9178,20221018_110214.mat,4621178,4.621178,0.0022452876388294424,0.0009842885535221724,3
9179,20221018_110214.mat,4621974,4.621974,0.0016562944679699922,0.0009842885535221724,3
9180,20221018_110214.mat,4622770,4.62277,0.0010950484701405835,0.0009842885535221724,3
9181,20221018_110214.mat,4623168,4.623168,0.001493005176204278,0.0009842885535221724,3
9182,20221018_110214.mat,4623367,4.623367,0.003167582724102727,0.0009842885535221724,3
9183,20221018_110214.mat,4623566,4.623566,0.0026309912852981085,0.0009842885535221724,3
9184,20221018_110214.mat,4623765,4.623765,0.0014657983014944637,0.0009842885535221724,3
9185,20221018_110214.mat,4624959,4.624959,0.000991461567710523,0.0009842885535221724,3
9186,20221018_110214.mat,4625158,4.625158,0.0028487137319688945,0.0009842885535221724,3
9187,20221018_110214.mat,4629337,4.629337,0.004571752101647959,0.0009842885535221724,3
9188,20221018_110214.mat,4629934,4.629934,0.003999598404759183,0.0009842885535221724,3
9189,20221018_110214.mat,4630133,4.630133,0.001710984740651194,0.0009842885535221724,3
9190,20221018_110214.mat,4638292,4.638292,0.0010276747815138848,0.0009842885535221724,3
9191,20221018_110214.mat,4638690,4.63869,0.0012094160229268658,0.0009842885535221724,3
9192,20221018_110214.mat,4638889,4.638889,0.003694412396093016,0.0009842885535221724,3
9193,20221018_110214.mat,4640282,4.640282,0.0012751822625116452,0.0009842885535221724,3
9194,20221018_110214.mat,4644262,4.644262,0.002360566678188989,0.0009842885535221724,3
9195,20221018_110214.mat,4644660,4.64466,0.0029214732287741185,0.0009842885535221724,3
9196,20221018_110214.mat,4644859,4.644859,0.003334387767129855,0.0009842885535221724,3
9197,20221018_110214.mat,4646451,4.646451,0.0015793333902720918,0.0009842885535221724,3
9198,20221018_110214.mat,4646650,4.64665,0.004747356165460773,0.0009842885535221724,3
9199,20221018_110214.mat,4647645,4.647645,0.0011218352813837866,0.0009842885535221724,3
9200,20221018_110214.mat,4653416,4.653416,0.00271215406485227,0.0009842885535221724,3
9201,20221018_110214.mat,4653615,4.653615,0.0015046260400856189,0.0009842885535221724,3
9202,20221018_110214.mat,4655207,4.655207,0.0014128555341993755,0.0009842885535221724,3
9203,20221018_110214.mat,4677097,4.677097,0.0012259164554803774,0.0009842885535221724,3
9204,20221018_110214.mat,4687843,4.687843,0.0011733423126238437,0.0009842885535221724,3
9205,20221018_110214.mat,4691823,4.691823,0.001341783565435745,0.0009842885535221724,3
9206,20221018_110214.mat,4693216,4.693216,0.001173870967240817,0.0009842885535221724,3
9207,20221018_110214.mat,4710529,4.710529,0.0021227545348927383,0.0009842885535221724,3
9208,20221018_110214.mat,4726250,4.72625,0.0011432303003239986,0.0009842885535221724,3
9209,20221018_110214.mat,4835899,4.835899,0.0017245405447261933,0.0009842885535221724,3
9210,20221018_110214.mat,4874704,4.874704,0.0010870927518366652,0.0009842885535221724,3
9211,20221018_110214.mat,4874903,4.874903,0.002371894299166429,0.0009842885535221724,3
9212,20221018_110214.mat,4880077,4.880077,0.001011785076380188,0.0009842885535221724,3
9213,20221018_110214.mat,4892415,4.892415,0.0010178301405133915,0.0009842885535221724,3
9214,20221018_110214.mat,4899977,4.899977,0.00100668576742925,0.0009842885535221724,3
9215,20221018_110214.mat,4900176,4.900176,0.0018176788803419715,0.0009842885535221724,3
9216,20221018_110214.mat,4915897,4.915897,0.001084267984133275,0.0009842885535221724,3
9217,20221018_110214.mat,4943160,4.94316,0.0009891759611912604,0.0009842885535221724,3
9218,20221018_110214.mat,4952911,4.952911,0.0012002160016715252,0.0009842885535221724,3
9219,20221018_110214.mat,4953110,4.95311,0.0010302147687513722,0.0009842885535221724,3
9220,20221018_110219.mat,123380,0.12338,0.000962707827365734,0.0009399533996637943,3
9221,20221018_110219.mat,130544,0.130544,0.0010480526243447459,0.0009399533996637943,3
9222,20221018_110219.mat,130743,0.130743,0.0022036739124280573,0.0009399533996637943,3
9223,20221018_110219.mat,173329,0.173329,0.0009663069087908036,0.0009399533996637943,3
9224,20221018_110219.mat,173926,0.173926,0.0012870050337831114,0.0009399533996637943,3
9225,20221018_110219.mat,303077,0.303077,0.0009515269154016955,0.0009399533996637943,3
9226,20221018_110219.mat,393025,0.393025,0.000991820881090319,0.0009399533996637943,3
9227,20221018_110219.mat,402975,0.402975,0.0009848933513647402,0.0009399533996637943,3
9228,20221018_110219.mat,611527,0.611527,0.004603504401831269,0.0009399533996637943,3
9229,20221018_110219.mat,611726,0.611726,0.004784965735290218,0.0009399533996637943,3
9230,20221018_110219.mat,611925,0.611925,0.0011235420543709784,0.0009399533996637943,3
9231,20221018_110219.mat,679983,0.679983,0.0015415007615206446,0.0009399533996637943,3
9232,20221018_110219.mat,822467,0.822467,0.0009466004777137082,0.0009399533996637943,3
9233,20221018_110219.mat,902266,0.902266,0.0009452768543574561,0.0009399533996637943,3
9234,20221018_110219.mat,1221860,1.22186,0.0009754330262765184,0.0009399533996637943,3
9235,20221018_110219.mat,1431407,1.431407,0.002040325921961232,0.0009399533996637943,3
9236,20221018_110219.mat,1431606,1.431606,0.0018904569952765075,0.0009399533996637943,3
9237,20221018_110219.mat,1441556,1.441556,0.0009478894635878905,0.0009399533996637943,3
9238,20221018_110219.mat,1801149,1.801149,0.0009888922992018032,0.0009399533996637943,3
9239,20221018_110219.mat,1901047,1.901047,0.0009991779812248398,0.0009399533996637943,3
9240,20221018_110219.mat,1910997,1.910997,0.0009686803980012497,0.0009399533996637943,3
9241,20221018_110219.mat,1990796,1.990796,0.0009519275636940374,0.0009399533996637943,3
9242,20221018_110219.mat,2120743,2.120743,0.0009603829702001897,0.0009399533996637943,3
9243,20221018_110219.mat,2440735,2.440735,0.0032810701440070308,0.0009399533996637943,3
9244,20221018_110219.mat,2440934,2.440934,0.0011608198212108938,0.0009399533996637943,3
9245,20221018_110219.mat,2450088,2.450088,0.0009617517722381646,0.0009399533996637943,3
9246,20221018_110219.mat,2490087,2.490087,0.0009896134794772765,0.0009399533996637943,3
9247,20221018_110219.mat,2560135,2.560135,0.0009444052836237366,0.0009399533996637943,3
9248,20221018_110219.mat,2620034,2.620034,0.0009587786343082663,0.0009399533996637943,3
9249,20221018_110219.mat,2689883,2.689883,0.0009572080992626862,0.0009399533996637943,3
9250,20221018_110219.mat,2729882,2.729882,0.0009529417280983186,0.0009399533996637943,3
9251,20221018_110219.mat,2770080,2.77008,0.001597393640478987,0.0009399533996637943,3
9252,20221018_110219.mat,2799731,2.799731,0.0009642848563028197,0.0009399533996637943,3
9253,20221018_110219.mat,2889679,2.889679,0.0009488069720467932,0.0009399533996637943,3
9254,20221018_110219.mat,2919529,2.919529,0.0009444539697089425,0.0009399533996637943,3
9255,20221018_110219.mat,2989378,2.989378,0.0009464486467830755,0.0009399533996637943,3
9256,20221018_110219.mat,3009477,3.009477,0.0009498769263854503,0.0009399533996637943,3
9257,20221018_110219.mat,3039327,3.039327,0.0009468521209765244,0.0009399533996637943,3
9258,20221018_110219.mat,3044103,3.044103,0.0009879786108541468,0.0009399533996637943,3
9259,20221018_110219.mat,3044302,3.044302,0.006102610740630847,0.0009399533996637943,3
9260,20221018_110219.mat,3044501,3.044501,0.0013638313946756956,0.0009399533996637943,3
9261,20221018_110219.mat,3099226,3.099226,0.000945997074016814,0.0009399533996637943,3
9262,20221018_110219.mat,3179224,3.179224,0.0009531577440606981,0.0009399533996637943,3
9263,20221018_110219.mat,3189174,3.189174,0.0009501781189191985,0.0009399533996637943,3
9264,20221018_110219.mat,3219223,3.219223,0.0009442517418034608,0.0009399533996637943,3
9265,20221018_110219.mat,3289072,3.289072,0.0009960461834305743,0.0009399533996637943,3
9266,20221018_110219.mat,3358921,3.358921,0.0009771206958506106,0.0009399533996637943,3
9267,20221018_110219.mat,3370065,3.370065,0.0022340990202044404,0.0009399533996637943,3
9268,20221018_110219.mat,3370264,3.370264,0.0014505134511774128,0.0009399533996637943,3
9269,20221018_110219.mat,3398920,3.39892,0.0009679436213588939,0.0009399533996637943,3
9270,20221018_110219.mat,3464988,3.464988,0.0012991152537623683,0.0009399533996637943,3
9271,20221018_110219.mat,3708564,3.708564,0.000947536988715557,0.0009399533996637943,3
9272,20221018_110219.mat,3788363,3.788363,0.0009431946017677991,0.0009399533996637943,3
9273,20221018_110219.mat,3848262,3.848262,0.000977153160320322,0.0009399533996637943,3
9274,20221018_110219.mat,3968060,3.96806,0.0009526753809329274,0.0009399533996637943,3
9275,20221018_110219.mat,4257804,4.257804,0.0009494931305941757,0.0009399533996637943,3
9276,20221018_110219.mat,4267754,4.267754,0.000955732550316505,0.0009399533996637943,3
9277,20221018_110219.mat,4277704,4.277704,0.0009468842690819686,0.0009399533996637943,3
9278,20221018_110219.mat,4287654,4.287654,0.0009531747208156026,0.0009399533996637943,3
9279,20221018_110219.mat,4357702,4.357702,0.0009510273844539396,0.0009399533996637943,3
9280,20221018_110219.mat,4427551,4.427551,0.00095758813344485,0.0009399533996637943,3
9281,20221018_110219.mat,4677097,4.677097,0.0009701849703130146,0.0009399533996637943,3
9282,20221018_110219.mat,4936792,4.936792,0.0009642694048776978,0.0009399533996637943,3
9283,20221018_110224.mat,8557,0.008557,0.0009547898270989192,0.0009430164864936953,3
9284,20221018_110224.mat,18507,0.018507,0.0009470038688358373,0.0009430164864936953,3
9285,20221018_110224.mat,108455,0.108455,0.0010720387490764371,0.0009430164864936953,3
9286,20221018_110224.mat,216512,0.216512,0.002463813488763062,0.0009430164864936953,3
9287,20221018_110224.mat,218303,0.218303,0.0009781747002903661,0.0009430164864936953,3
9288,20221018_110224.mat,227258,0.227258,0.0021828936628331633,0.0009430164864936953,3
9289,20221018_110224.mat,527947,0.527947,0.0010112547725543077,0.0009430164864936953,3
9290,20221018_110224.mat,657695,0.657695,0.0009667777485999632,0.0009430164864936953,3
9291,20221018_110224.mat,897490,0.89749,0.0009531738016512459,0.0009430164864936953,3
9292,20221018_110224.mat,1007338,1.007338,0.0009879329183177246,0.0009430164864936953,3
9293,20221018_110224.mat,1306833,1.306833,0.0010142062854475015,0.0009430164864936953,3
9294,20221018_110224.mat,1346832,1.346832,0.0009589549067438177,0.0009430164864936953,3
9295,20221018_110224.mat,1476779,1.476779,0.0009442379810249091,0.0009430164864936953,3
9296,20221018_110224.mat,1486729,1.486729,0.000949344867954012,0.0009430164864936953,3
9297,20221018_110224.mat,1504639,1.504639,0.0029646008895045776,0.0009430164864936953,3
9298,20221018_110224.mat,1504838,1.504838,0.00475716887461588,0.0009430164864936953,3
9299,20221018_110224.mat,1505037,1.505037,0.0009674788101717238,0.0009430164864936953,3
9300,20221018_110224.mat,1746424,1.746424,0.000955314297011938,0.0009430164864936953,3
9301,20221018_110224.mat,1756374,1.756374,0.000972913307624048,0.0009430164864936953,3
9302,20221018_110224.mat,1906221,1.906221,0.0009557154297943136,0.0009430164864936953,3
9303,20221018_110224.mat,2085918,2.085918,0.0009639708456590916,0.0009430164864936953,3
9304,20221018_110224.mat,2105818,2.105818,0.0009687009748957886,0.0009430164864936953,3
9305,20221018_110224.mat,2145817,2.145817,0.0009439433077377365,0.0009430164864936953,3
9306,20221018_110224.mat,2165916,2.165916,0.001018438171996587,0.0009430164864936953,3
9307,20221018_110224.mat,2195766,2.195766,0.0009870387207264715,0.0009430164864936953,3
9308,20221018_110224.mat,2235765,2.235765,0.0009544041396404587,0.0009430164864936953,3
9309,20221018_110224.mat,2425611,2.425611,0.0009750090147743377,0.0009430164864936953,3
9310,20221018_110224.mat,2505410,2.50541,0.0009820800032449345,0.0009430164864936953,3
9311,20221018_110224.mat,2700629,2.700629,0.0010532955269601642,0.0009430164864936953,3
9312,20221018_110224.mat,2745205,2.745205,0.0009492413775677381,0.0009430164864936953,3
9313,20221018_110224.mat,2815054,2.815054,0.0009603622855860452,0.0009430164864936953,3
9314,20221018_110224.mat,2855053,2.855053,0.0009628174912012242,0.0009430164864936953,3
9315,20221018_110224.mat,2954951,2.954951,0.000954354898255206,0.0009430164864936953,3
9316,20221018_110224.mat,3094649,3.094649,0.000955241862422341,0.0009430164864936953,3
9317,20221018_110224.mat,3364493,3.364493,0.0009656935305230671,0.0009430164864936953,3
9318,20221018_110224.mat,3394343,3.394343,0.001001404504263151,0.0009430164864936953,3
9319,20221018_110224.mat,3644088,3.644088,0.0009556632892624975,0.0009430164864936953,3
9320,20221018_110224.mat,3654038,3.654038,0.0009609889008243457,0.0009430164864936953,3
9321,20221018_110224.mat,3883883,3.883883,0.0009514314283776055,0.0009430164864936953,3
9322,20221018_110224.mat,4023581,4.023581,0.000979945675722715,0.0009430164864936953,3
9323,20221018_110224.mat,4383174,4.383174,0.0009870415931343055,0.0009430164864936953,3
9324,20221018_110224.mat,4403273,4.403273,0.0009468357733298458,0.0009430164864936953,3
9325,20221018_110224.mat,4433123,4.433123,0.0009455428894268447,0.0009430164864936953,3
9326,20221018_110224.mat,4622969,4.622969,0.0010235548549439887,0.0009430164864936953,3
9327,20221018_110224.mat,4662968,4.662968,0.0009455106691577681,0.0009430164864936953,3
9328,20221018_110224.mat,4702967,4.702967,0.0009995732652762824,0.0009430164864936953,3
9329,20221018_110224.mat,4752916,4.752916,0.0009724267437184503,0.0009430164864936953,3
9330,20221018_110224.mat,4762866,4.762866,0.0009495008288766576,0.0009430164864936953,3
9331,20221018_110229.mat,103480,0.10348,0.0009457239634681153,0.0009432144866906471,3
9332,20221018_110229.mat,203378,0.203378,0.0009720476499363039,0.0009432144866906471,3
9333,20221018_110229.mat,213527,0.213527,0.0009512133138073856,0.0009432144866906471,3
9334,20221018_110229.mat,373324,0.373324,0.0010228090761961292,0.0009432144866906471,3
9335,20221018_110229.mat,463272,0.463272,0.000954338760910231,0.0009432144866906471,3
9336,20221018_110229.mat,782866,0.782866,0.0009570778633961793,0.0009432144866906471,3
9337,20221018_110229.mat,842765,0.842765,0.0009518169512646613,0.0009432144866906471,3
9338,20221018_110229.mat,942663,0.942663,0.0009900153184539589,0.0009432144866906471,3
9339,20221018_110229.mat,1152409,1.152409,0.0009583065242646083,0.0009432144866906471,3
9340,20221018_110229.mat,1442153,1.442153,0.0009670525950096798,0.0009432144866906471,3
9341,20221018_110229.mat,1671799,1.671799,0.0009754837689615043,0.0009432144866906471,3
9342,20221018_110229.mat,1679958,1.679958,0.0009839978593772732,0.0009432144866906471,3
9343,20221018_110229.mat,1751797,1.751797,0.0009484584882643669,0.0009432144866906471,3
9344,20221018_110229.mat,1841546,1.841546,0.0009832018871322908,0.0009432144866906471,3
9345,20221018_110229.mat,1941444,1.941444,0.0011864208705241017,0.0009432144866906471,3
9346,20221018_110229.mat,2031392,2.031392,0.0009479031630571758,0.0009432144866906471,3
9347,20221018_110229.mat,2350986,2.350986,0.000959642876870949,0.0009432144866906471,3
9348,20221018_110229.mat,2460834,2.460834,0.0009492553738791683,0.0009432144866906471,3
9349,20221018_110229.mat,2750578,2.750578,0.0009577860795426199,0.0009432144866906471,3
9350,20221018_110229.mat,2800527,2.800527,0.0009755637892124022,0.0009432144866906471,3
9351,20221018_110229.mat,2920325,2.920325,0.0010056871555252946,0.0009432144866906471,3
9352,20221018_110229.mat,2990174,2.990174,0.0009507429178680515,0.0009432144866906471,3
9353,20221018_110229.mat,3199920,3.19992,0.0009478183792116521,0.0009432144866906471,3
9354,20221018_110229.mat,3299818,3.299818,0.000993283736753107,0.0009432144866906471,3
9355,20221018_110229.mat,3399716,3.399716,0.0009546670966676345,0.0009432144866906471,3
9356,20221018_110229.mat,3649461,3.649461,0.0009473240945318714,0.0009432144866906471,3
9357,20221018_110229.mat,3766473,3.766473,0.001407966260138802,0.0009432144866906471,3
9358,20221018_110229.mat,3766672,3.766672,0.001116083345026665,0.0009432144866906471,3
9359,20221018_110229.mat,3869754,3.869754,0.0014885306530939438,0.0009432144866906471,3
9360,20221018_110229.mat,3939006,3.939006,0.0009506302087526208,0.0009432144866906471,3
9361,20221018_110229.mat,4008855,4.008855,0.0010154402904863748,0.0009432144866906471,3
9362,20221018_110229.mat,4028954,4.028954,0.0009885845419024377,0.0009432144866906471,3
9363,20221018_110229.mat,4228551,4.228551,0.0009588765601755024,0.0009432144866906471,3
9364,20221018_110229.mat,4268550,4.26855,0.0009736009726158621,0.0009432144866906471,3
9365,20221018_110229.mat,4807840,4.80784,0.0009812793028440559,0.0009432144866906471,3
9366,20221018_110229.mat,4857789,4.857789,0.000990480166029983,0.0009432144866906471,3
9367,20221018_110229.mat,4867739,4.867739,0.0010032875376410285,0.0009432144866906471,3
9368,20221018_110229.mat,4997686,4.997686,0.0009520898868054921,0.0009432144866906471,3
9369,20221018_110234.mat,75620,0.07562,0.0010013135519728194,0.0009418254021322583,3
9370,20221018_110234.mat,95719,0.095719,0.001027299940964575,0.0009418254021322583,3
9371,20221018_110234.mat,105669,0.105669,0.000950054032008469,0.0009418254021322583,3
9372,20221018_110234.mat,135519,0.135519,0.0009749282551011899,0.0009418254021322583,3
9373,20221018_110234.mat,425263,0.425263,0.0009925985470774891,0.0009418254021322583,3
9374,20221018_110234.mat,724758,0.724758,0.0009482729919965933,0.0009418254021322583,3
9375,20221018_110234.mat,774707,0.774707,0.0010112324394772818,0.0009418254021322583,3
9376,20221018_110234.mat,784657,0.784657,0.0009697987536991564,0.0009418254021322583,3
9377,20221018_110234.mat,794607,0.794607,0.0009720375905883741,0.0009418254021322583,3
9378,20221018_110234.mat,934504,0.934504,0.0009509877605157653,0.0009418254021322583,3
9379,20221018_110234.mat,944454,0.944454,0.0009426162337391964,0.0009418254021322583,3
9380,20221018_110234.mat,954404,0.954404,0.0009473871577173687,0.0009418254021322583,3
9381,20221018_110234.mat,1154200,1.1542,0.0009598330511934427,0.0009418254021322583,3
9382,20221018_110234.mat,1164150,1.16415,0.0009430822060810781,0.0009418254021322583,3
9383,20221018_110234.mat,1204149,1.204149,0.0009612161270031978,0.0009418254021322583,3
9384,20221018_110234.mat,1214099,1.214099,0.0009678027591659262,0.0009418254021322583,3
9385,20221018_110234.mat,1254098,1.254098,0.0009456356013067185,0.0009418254021322583,3
9386,20221018_110234.mat,1733290,1.73329,0.0009492916223480568,0.0009418254021322583,3
9387,20221018_110234.mat,1743439,1.743439,0.0009568875434482489,0.0009418254021322583,3
9388,20221018_110234.mat,1803338,1.803338,0.000968511925917845,0.0009418254021322583,3
9389,20221018_110234.mat,2152782,2.152782,0.0009558428708004717,0.0009418254021322583,3
9390,20221018_110234.mat,2711972,2.711972,0.000988457503508869,0.0009418254021322583,3
9391,20221018_110234.mat,2751971,2.751971,0.000948188904780152,0.0009418254021322583,3
9392,20221018_110234.mat,2782020,2.78202,0.0009821660640433939,0.0009418254021322583,3
9393,20221018_110234.mat,2801920,2.80192,0.000995192408010107,0.0009418254021322583,3
9394,20221018_110234.mat,3021616,3.021616,0.0009664307737318013,0.0009418254021322583,3
9395,20221018_110234.mat,3051466,3.051466,0.000982123016040214,0.0009418254021322583,3
9396,20221018_110234.mat,3101415,3.101415,0.0009617137058516495,0.0009418254021322583,3
9397,20221018_110234.mat,3151364,3.151364,0.0009505633752663521,0.0009418254021322583,3
9398,20221018_110234.mat,3391159,3.391159,0.0009625102026580293,0.0009418254021322583,3
9399,20221018_110234.mat,3630755,3.630755,0.0009900035756551715,0.0009418254021322583,3
9400,20221018_110234.mat,3670754,3.670754,0.0009427905121265043,0.0009418254021322583,3
9401,20221018_110234.mat,3690654,3.690654,0.0009561764829088935,0.0009418254021322583,3
9402,20221018_110234.mat,3710554,3.710554,0.0009469131136505914,0.0009418254021322583,3
9403,20221018_110234.mat,3750553,3.750553,0.0009682607629162741,0.0009418254021322583,3
9404,20221018_110234.mat,3780602,3.780602,0.000960877569904507,0.0009418254021322583,3
9405,20221018_110234.mat,3940399,3.940399,0.000995509602635819,0.0009418254021322583,3
9406,20221018_110234.mat,3950349,3.950349,0.0009743956850656622,0.0009418254021322583,3
9407,20221018_110234.mat,4120096,4.120096,0.0009549071531239765,0.0009418254021322583,3
9408,20221018_110234.mat,4200094,4.200094,0.0010041279482785673,0.0009418254021322583,3
9409,20221018_110234.mat,4269943,4.269943,0.0009439366608653592,0.0009418254021322583,3
9410,20221018_110234.mat,4279893,4.279893,0.0009438090957473758,0.0009418254021322583,3
9411,20221018_110234.mat,4339792,4.339792,0.0009577788633452874,0.0009418254021322583,3
9412,20221018_110234.mat,4569438,4.569438,0.0009628862497504438,0.0009418254021322583,3
9413,20221018_110234.mat,4629337,4.629337,0.0009472962011685211,0.0009418254021322583,3
9414,20221018_110234.mat,4709335,4.709335,0.0009584471405917033,0.0009418254021322583,3
9415,20221018_110234.mat,4819183,4.819183,0.0009514923784650376,0.0009418254021322583,3
9416,20221018_110234.mat,4859182,4.859182,0.0009605439162908128,0.0009418254021322583,3
9417,20221018_110234.mat,4969030,4.96903,0.0009580718690120863,0.0009418254021322583,3
9418,20221018_110239.mat,71441,0.071441,0.0009615031307199553,0.0009424700121469013,3
9419,20221018_110239.mat,261287,0.261287,0.0009678386793620741,0.0009424700121469013,3
9420,20221018_110239.mat,271237,0.271237,0.0009427262913584292,0.0009424700121469013,3
9421,20221018_110239.mat,301087,0.301087,0.0010105638125918507,0.0009424700121469013,3
9422,20221018_110239.mat,311037,0.311037,0.0009631465108293053,0.0009424700121469013,3
9423,20221018_110239.mat,331136,0.331136,0.001014295882282131,0.0009424700121469013,3
9424,20221018_110239.mat,381085,0.381085,0.0009861473530114531,0.0009424700121469013,3
9425,20221018_110239.mat,500883,0.500883,0.0010511401707519411,0.0009424700121469013,3
9426,20221018_110239.mat,570732,0.570732,0.0009939742883102937,0.0009424700121469013,3
9427,20221018_110239.mat,610731,0.610731,0.0009731084550178316,0.0009424700121469013,3
9428,20221018_110239.mat,620681,0.620681,0.000984856177062008,0.0009424700121469013,3
9429,20221018_110239.mat,690729,0.690729,0.0009530702255352759,0.0009424700121469013,3
9430,20221018_110239.mat,730529,0.730529,0.0009885548462877074,0.0009424700121469013,3
9431,20221018_110239.mat,790428,0.790428,0.0009890469795517467,0.0009424700121469013,3
9432,20221018_110239.mat,1090122,1.090122,0.0009703768767229484,0.0009424700121469013,3
9433,20221018_110239.mat,1120171,1.120171,0.0009573849116947088,0.0009424700121469013,3
9434,20221018_110239.mat,1239969,1.239969,0.0009611437472541243,0.0009424700121469013,3
9435,20221018_110239.mat,1259869,1.259869,0.00096071838187778,0.0009424700121469013,3
9436,20221018_110239.mat,1289918,1.289918,0.0009507980576896192,0.0009424700121469013,3
9437,20221018_110239.mat,1329917,1.329917,0.000950014719894494,0.0009424700121469013,3
9438,20221018_110239.mat,1479764,1.479764,0.0009504013738423501,0.0009424700121469013,3
9439,20221018_110239.mat,1489714,1.489714,0.0009659791580075407,0.0009424700121469013,3
9440,20221018_110239.mat,1579463,1.579463,0.0009518032040347996,0.0009424700121469013,3
9441,20221018_110239.mat,1589612,1.589612,0.0009693357760245107,0.0009424700121469013,3
9442,20221018_110239.mat,1759359,1.759359,0.000983365373351631,0.0009424700121469013,3
9443,20221018_110239.mat,1889107,1.889107,0.0009584821310597568,0.0009424700121469013,3
9444,20221018_110239.mat,2088903,2.088903,0.001031681483656087,0.0009424700121469013,3
9445,20221018_110239.mat,2108803,2.108803,0.000950047985957847,0.0009424700121469013,3
9446,20221018_110239.mat,2168901,2.168901,0.001029530830976098,0.0009424700121469013,3
9447,20221018_110239.mat,2428397,2.428397,0.0009648904638790832,0.0009424700121469013,3
9448,20221018_110239.mat,2478545,2.478545,0.0009642346483552443,0.0009424700121469013,3
9449,20221018_110239.mat,2508395,2.508395,0.0009466564219131376,0.0009424700121469013,3
9450,20221018_110239.mat,2588194,2.588194,0.0009455480555652897,0.0009424700121469013,3
9451,20221018_110239.mat,2678142,2.678142,0.0009562406505915895,0.0009424700121469013,3
9452,20221018_110239.mat,2818039,2.818039,0.0009567366786190416,0.0009424700121469013,3
9453,20221018_110239.mat,3117733,3.117733,0.0009606196310518846,0.0009424700121469013,3
9454,20221018_110239.mat,3197532,3.197532,0.0010098581328267784,0.0009424700121469013,3
9455,20221018_110239.mat,3317330,3.31733,0.0009711863629558107,0.0009424700121469013,3
9456,20221018_110239.mat,3357329,3.357329,0.0009924309835290367,0.0009424700121469013,3
9457,20221018_110239.mat,3387378,3.387378,0.000985621707656452,0.0009424700121469013,3
9458,20221018_110239.mat,3407278,3.407278,0.000947131756927119,0.0009424700121469013,3
9459,20221018_110239.mat,3527076,3.527076,0.000950864592155802,0.0009424700121469013,3
9460,20221018_110239.mat,3726872,3.726872,0.0009516523485043769,0.0009424700121469013,3
9461,20221018_110239.mat,3776821,3.776821,0.0009508748367855233,0.0009424700121469013,3
9462,20221018_110239.mat,3796721,3.796721,0.0009589516043009233,0.0009424700121469013,3
9463,20221018_110239.mat,3826770,3.82677,0.0009752438065329496,0.0009424700121469013,3
9464,20221018_110239.mat,3946568,3.946568,0.0009922789976643423,0.0009424700121469013,3
9465,20221018_110239.mat,4006069,4.006069,0.0016670415641124588,0.0009424700121469013,3
9466,20221018_110239.mat,4236312,4.236312,0.0009447268538526007,0.0009424700121469013,3
9467,20221018_110239.mat,4296211,4.296211,0.0009466384138470699,0.0009424700121469013,3
9468,20221018_110239.mat,4635705,4.635705,0.0010246415173288713,0.0009424700121469013,3
9469,20221018_110239.mat,4775602,4.775602,0.0009496868319493815,0.0009424700121469013,3
9470,20221018_110239.mat,4785552,4.785552,0.0010173615805650642,0.0009424700121469013,3
9471,20221018_110239.mat,4945349,4.945349,0.0009745225466418764,0.0009424700121469013,3
9472,20221018_110244.mat,122584,0.122584,0.0009751258587686037,0.000941460001605674,3
9473,20221018_110244.mat,202582,0.202582,0.0010274568611396,0.000941460001605674,3
9474,20221018_110244.mat,252531,0.252531,0.0009514202053548933,0.000941460001605674,3
9475,20221018_110244.mat,362379,0.362379,0.0009535201328034114,0.000941460001605674,3
9476,20221018_110244.mat,452128,0.452128,0.0009761580266175055,0.000941460001605674,3
9477,20221018_110244.mat,592025,0.592025,0.0009896258209916122,0.000941460001605674,3
9478,20221018_110244.mat,821671,0.821671,0.0009474663717226714,0.000941460001605674,3
9479,20221018_110244.mat,831621,0.831621,0.0009990304974403404,0.000941460001605674,3
9480,20221018_110244.mat,1011517,1.011517,0.000969779477787777,0.000941460001605674,3
9481,20221018_110244.mat,1021467,1.021467,0.0009479959059309541,0.000941460001605674,3
9482,20221018_110244.mat,1101266,1.101266,0.000972779849382936,0.000941460001605674,3
9483,20221018_110244.mat,1131315,1.131315,0.0009547056879119321,0.000941460001605674,3
9484,20221018_110244.mat,1161364,1.161364,0.0009620057779799093,0.000941460001605674,3
9485,20221018_110244.mat,1251113,1.251113,0.0009451984970234599,0.000941460001605674,3
9486,20221018_110244.mat,1261063,1.261063,0.0009688028675167515,0.000941460001605674,3
9487,20221018_110244.mat,1920350,1.92035,0.0009673065928455695,0.000941460001605674,3
9488,20221018_110244.mat,2326310,2.32631,0.006393748417526086,0.000941460001605674,3
9489,20221018_110244.mat,2326509,2.326509,0.010929618465257755,0.000941460001605674,3
9490,20221018_110244.mat,2326708,2.326708,0.0019113010301388014,0.000941460001605674,3
9491,20221018_110244.mat,2399741,2.399741,0.0009462485840352452,0.000941460001605674,3
9492,20221018_110244.mat,2729285,2.729285,0.000999571898141332,0.000941460001605674,3
9493,20221018_110244.mat,2879132,2.879132,0.000987919880375417,0.000941460001605674,3
9494,20221018_110244.mat,3058829,3.058829,0.0010080867380217165,0.000941460001605674,3
9495,20221018_110244.mat,3188776,3.188776,0.0009562848504177452,0.000941460001605674,3
9496,20221018_110244.mat,3249670,3.24967,0.0012069060513545614,0.000941460001605674,3
9497,20221018_110244.mat,3458222,3.458222,0.0009489295593369482,0.000941460001605674,3
9498,20221018_110244.mat,3518320,3.51832,0.0009583928233372482,0.000941460001605674,3
9499,20221018_110244.mat,3678117,3.678117,0.0009498294659005481,0.000941460001605674,3
9500,20221018_110244.mat,3688067,3.688067,0.0009525456715631767,0.000941460001605674,3
9501,20221018_110244.mat,3777816,3.777816,0.0009469554718204819,0.000941460001605674,3
9502,20221018_110244.mat,3877714,3.877714,0.0009685054461805122,0.000941460001605674,3
9503,20221018_110244.mat,3907763,3.907763,0.0009473535601351484,0.000941460001605674,3
9504,20221018_110244.mat,3927663,3.927663,0.0009714988208375442,0.000941460001605674,3
9505,20221018_110244.mat,3987562,3.987562,0.0009744210103621601,0.000941460001605674,3
9506,20221018_110244.mat,4027561,4.027561,0.0009442042000054715,0.000941460001605674,3
9507,20221018_110244.mat,4057610,4.05761,0.0009696179170439074,0.000941460001605674,3
9508,20221018_110244.mat,4347155,4.347155,0.0009569808617224288,0.000941460001605674,3
9509,20221018_110244.mat,4426954,4.426954,0.0009468650317789004,0.000941460001605674,3
9510,20221018_110244.mat,4526852,4.526852,0.0009577650787251761,0.000941460001605674,3
9511,20221018_110244.mat,4696599,4.696599,0.0009765442105812577,0.000941460001605674,3
9512,20221018_110244.mat,4716698,4.716698,0.0009825275929868135,0.000941460001605674,3
9513,20221018_110244.mat,4816397,4.816397,0.000981581929200393,0.000941460001605674,3
9514,20221018_110244.mat,4866346,4.866346,0.00098786948388934,0.000941460001605674,3
9515,20221018_110244.mat,4966244,4.966244,0.0009496833872344477,0.000941460001605674,3
9516,20221018_110244.mat,4986343,4.986343,0.0009551457318899073,0.000941460001605674,3
9517,20221018_110249.mat,23482,0.023482,0.0009730667005142957,0.0009450852508027655,3
9518,20221018_110249.mat,43382,0.043382,0.0009875639999255962,0.0009450852508027655,3
9519,20221018_110249.mat,133330,0.13333,0.0009876809168062202,0.0009450852508027655,3
9520,20221018_110249.mat,143280,0.14328,0.000974622317528342,0.0009450852508027655,3
9521,20221018_110249.mat,153230,0.15323,0.0009718406749635934,0.0009450852508027655,3
9522,20221018_110249.mat,233228,0.233228,0.0009505920522946497,0.0009450852508027655,3
9523,20221018_110249.mat,253128,0.253128,0.0009580027178782206,0.0009450852508027655,3
9524,20221018_110249.mat,353026,0.353026,0.0009464774469768568,0.0009450852508027655,3
9525,20221018_110249.mat,432825,0.432825,0.0010030239144347588,0.0009450852508027655,3
9526,20221018_110249.mat,562772,0.562772,0.0009700284909104909,0.0009450852508027655,3
9527,20221018_110249.mat,802368,0.802368,0.0009855911955517222,0.0009450852508027655,3
9528,20221018_110249.mat,952215,0.952215,0.0009975840238095326,0.0009450852508027655,3
9529,20221018_110249.mat,1022064,1.022064,0.00094990573332433,0.0009450852508027655,3
9530,20221018_110249.mat,1032014,1.032014,0.0009871270753675156,0.0009450852508027655,3
9531,20221018_110249.mat,1151812,1.151812,0.00098751240815433,0.0009450852508027655,3
9532,20221018_110249.mat,1181861,1.181861,0.0010200489318832053,0.0009450852508027655,3
9533,20221018_110249.mat,1251710,1.25171,0.0009567254524343145,0.0009450852508027655,3
9534,20221018_110249.mat,1281759,1.281759,0.0009778755395023998,0.0009450852508027655,3
9535,20221018_110249.mat,1311609,1.311609,0.0009820764978443087,0.0009450852508027655,3
9536,20221018_110249.mat,1365339,1.365339,0.004099500988983268,0.0009450852508027655,3
9537,20221018_110249.mat,1501455,1.501455,0.0010044621532302488,0.0009450852508027655,3
9538,20221018_110249.mat,1511405,1.511405,0.0009563099560831516,0.0009450852508027655,3
9539,20221018_110249.mat,1591204,1.591204,0.0009628762021773155,0.0009450852508027655,3
9540,20221018_110249.mat,1611303,1.611303,0.0009694820826478943,0.0009450852508027655,3
9541,20221018_110249.mat,1681152,1.681152,0.0010031864531824834,0.0009450852508027655,3
9542,20221018_110249.mat,1721151,1.721151,0.0009485137009759233,0.0009450852508027655,3
9543,20221018_110249.mat,1741051,1.741051,0.0009632183430376871,0.0009450852508027655,3
9544,20221018_110249.mat,2390189,2.390189,0.0010250648533705565,0.0009450852508027655,3
9545,20221018_110249.mat,2430188,2.430188,0.000968826675308197,0.0009450852508027655,3
9546,20221018_110249.mat,2599935,2.599935,0.0009465456140195627,0.0009450852508027655,3
9547,20221018_110249.mat,2779831,2.779831,0.0009521380059722428,0.0009450852508027655,3
9548,20221018_110249.mat,3024004,3.024004,0.0009893096961677398,0.0009450852508027655,3
9549,20221018_110249.mat,3059426,3.059426,0.0009734680371102418,0.0009450852508027655,3
9550,20221018_110249.mat,3099425,3.099425,0.0009614322939598887,0.0009450852508027655,3
9551,20221018_110249.mat,3149374,3.149374,0.0010007659785066494,0.0009450852508027655,3
9552,20221018_110249.mat,3169274,3.169274,0.0009597809710054558,0.0009450852508027655,3
9553,20221018_110249.mat,3249272,3.249272,0.0009508314143897514,0.0009450852508027655,3
9554,20221018_110249.mat,3259222,3.259222,0.0010258266836393878,0.0009450852508027655,3
9555,20221018_110249.mat,3468968,3.468968,0.0009671071945688973,0.0009450852508027655,3
9556,20221018_110249.mat,3518917,3.518917,0.0010341208568313267,0.0009450852508027655,3
9557,20221018_110249.mat,3638715,3.638715,0.0009635814901446933,0.0009450852508027655,3
9558,20221018_110249.mat,3718713,3.718713,0.0010081312787302732,0.0009450852508027655,3
9559,20221018_110249.mat,3748563,3.748563,0.001016071852853957,0.0009450852508027655,3
9560,20221018_110249.mat,3818611,3.818611,0.0009452205042969135,0.0009450852508027655,3
9561,20221018_110249.mat,4088256,4.088256,0.0009496911286737799,0.0009450852508027655,3
9562,20221018_110249.mat,4387950,4.38795,0.0009687074459066494,0.0009450852508027655,3
9563,20221018_110249.mat,4417800,4.4178,0.0009503669108689768,0.0009450852508027655,3
9564,20221018_110249.mat,4477699,4.477699,0.001001475092629245,0.0009450852508027655,3
9565,20221018_110249.mat,4937190,4.93719,0.0009975976286326974,0.0009450852508027655,3
9566,20221018_110254.mat,47561,0.047561,0.0009530549284441607,0.000943710178122454,3
9567,20221018_110254.mat,157608,0.157608,0.001041093241566523,0.000943710178122454,3
9568,20221018_110254.mat,207557,0.207557,0.0009483673055108748,0.000943710178122454,3
9569,20221018_110254.mat,237407,0.237407,0.0010043282757165282,0.000943710178122454,3
9570,20221018_110254.mat,357404,0.357404,0.0009891300184688978,0.000943710178122454,3
9571,20221018_110254.mat,387254,0.387254,0.001025562631751594,0.000943710178122454,3
9572,20221018_110254.mat,407353,0.407353,0.0009604419042877187,0.000943710178122454,3
9573,20221018_110254.mat,427253,0.427253,0.000985511292615006,0.000943710178122454,3
9574,20221018_110254.mat,457103,0.457103,0.0009830291179346638,0.000943710178122454,3
9575,20221018_110254.mat,507251,0.507251,0.0009746180972522514,0.000943710178122454,3
9576,20221018_110254.mat,826845,0.826845,0.0009475343617112308,0.000943710178122454,3
9577,20221018_110254.mat,936693,0.936693,0.0010023995273080312,0.000943710178122454,3
9578,20221018_110254.mat,956593,0.956593,0.000946252312158556,0.000943710178122454,3
9579,20221018_110254.mat,966742,0.966742,0.0009513023759866123,0.000943710178122454,3
9580,20221018_110254.mat,1116589,1.116589,0.0009731891812379208,0.000943710178122454,3
9581,20221018_110254.mat,1336285,1.336285,0.0009536314824835444,0.000943710178122454,3
9582,20221018_110254.mat,1416283,1.416283,0.0009893364611128451,0.000943710178122454,3
9583,20221018_110254.mat,1666028,1.666028,0.0009500925000599566,0.000943710178122454,3
9584,20221018_110254.mat,1695878,1.695878,0.0009738606455782896,0.000943710178122454,3
9585,20221018_110254.mat,1885724,1.885724,0.0009644743872716319,0.000943710178122454,3
9586,20221018_110254.mat,1895674,1.895674,0.0009440996011031528,0.000943710178122454,3
9587,20221018_110254.mat,1985622,1.985622,0.0009836730115987365,0.000943710178122454,3
9588,20221018_110254.mat,2115370,2.11537,0.0010221345497935374,0.000943710178122454,3
9589,20221018_110254.mat,2185418,2.185418,0.0009547119906273729,0.000943710178122454,3
9590,20221018_110254.mat,2215268,2.215268,0.0009559874851562968,0.000943710178122454,3
9591,20221018_110254.mat,2315166,2.315166,0.0009482135623066468,0.000943710178122454,3
9592,20221018_110254.mat,2375264,2.375264,0.0009730713589580917,0.000943710178122454,3
9593,20221018_110254.mat,2395164,2.395164,0.0009567860789055203,0.000943710178122454,3
9594,20221018_110254.mat,2431581,2.431581,0.003095253212879478,0.000943710178122454,3
9595,20221018_110254.mat,2431780,2.43178,0.0013932696311814011,0.000943710178122454,3
9596,20221018_110254.mat,2648889,2.648889,0.0010337016197239075,0.000943710178122454,3
9597,20221018_110254.mat,2649088,2.649088,0.0024095084148744402,0.000943710178122454,3
9598,20221018_110254.mat,2649287,2.649287,0.0012619528885547922,0.000943710178122454,3
9599,20221018_110254.mat,2652869,2.652869,0.0016883260637086902,0.000943710178122454,3
9600,20221018_110254.mat,2653068,2.653068,0.00195879281894356,0.000943710178122454,3
9601,20221018_110254.mat,2653665,2.653665,0.0013546296953196404,0.000943710178122454,3
9602,20221018_110254.mat,2653864,2.653864,0.000988558789974649,0.000943710178122454,3
9603,20221018_110254.mat,2814656,2.814656,0.000985283228586269,0.000943710178122454,3
9604,20221018_110254.mat,2874754,2.874754,0.0009477995300472915,0.000943710178122454,3
9605,20221018_110254.mat,2954553,2.954553,0.000960605511476736,0.000943710178122454,3
9606,20221018_110254.mat,3054451,3.054451,0.0009479541129438284,0.000943710178122454,3
9607,20221018_110254.mat,3134449,3.134449,0.000980403544399625,0.000943710178122454,3
9608,20221018_110254.mat,3224397,3.224397,0.000977357041737262,0.000943710178122454,3
9609,20221018_110254.mat,3234347,3.234347,0.0010525320148724604,0.000943710178122454,3
9610,20221018_110254.mat,3424193,3.424193,0.0009602410751518357,0.000943710178122454,3
9611,20221018_110254.mat,3633939,3.633939,0.0009456061802100556,0.000943710178122454,3
9612,20221018_110254.mat,3743787,3.743787,0.0009555172092112412,0.000943710178122454,3
9613,20221018_110254.mat,3965075,3.965075,0.0021528416184215414,0.000943710178122454,3
9614,20221018_110254.mat,3965274,3.965274,0.0030181519089562303,0.000943710178122454,3
9615,20221018_110254.mat,4147160,4.14716,0.0009858617427270133,0.000943710178122454,3
9616,20221018_110254.mat,4512922,4.512922,0.0009602679693373476,0.000943710178122454,3
9617,20221018_110254.mat,4682669,4.682669,0.0009869485353407562,0.000943710178122454,3
9618,20221018_110259.mat,159996,0.159996,0.0009403387749102986,0.0009372614801439816,3
9619,20221018_110259.mat,449740,0.44974,0.0009418491749187674,0.0009372614801439816,3
9620,20221018_110259.mat,459690,0.45969,0.0009420453914281377,0.0009372614801439816,3
9621,20221018_110259.mat,649536,0.649536,0.0009400727084704083,0.0009372614801439816,3
9622,20221018_110259.mat,689336,0.689336,0.0009548623489768906,0.0009372614801439816,3
9623,20221018_110259.mat,1368722,1.368722,0.0009411954367352459,0.0009372614801439816,3
9624,20221018_110259.mat,1728315,1.728315,0.0009892316044529724,0.0009372614801439816,3
9625,20221018_110259.mat,1848312,1.848312,0.000975832017509707,0.0009372614801439816,3
9626,20221018_110259.mat,1888311,1.888311,0.0009844133969999606,0.0009372614801439816,3
9627,20221018_110259.mat,2048108,2.048108,0.0009856399995650772,0.0009372614801439816,3
9628,20221018_110259.mat,2068008,2.068008,0.0010033195599157764,0.0009372614801439816,3
9629,20221018_110259.mat,2127907,2.127907,0.0009381398636720299,0.0009372614801439816,3
9630,20221018_110259.mat,2427601,2.427601,0.0009483286818624227,0.0009372614801439816,3
9631,20221018_110259.mat,3266784,3.266784,0.0010150119303882546,0.0009372614801439816,3
9632,20221018_110259.mat,3296833,3.296833,0.0009384412873408893,0.0009372614801439816,3
9633,20221018_110259.mat,3556528,3.556528,0.000942905062399743,0.0009372614801439816,3
9634,20221018_110259.mat,4325862,4.325862,0.0009664849723244933,0.0009372614801439816,3
9635,20221018_110259.mat,4395711,4.395711,0.0009549204159815717,0.0009372614801439816,3
9636,20221018_110259.mat,4515708,4.515708,0.000949001512530429,0.0009372614801439816,3
9637,20221018_110259.mat,4615606,4.615606,0.0009475474201772418,0.0009372614801439816,3
9638,20221018_110259.mat,4755503,4.755503,0.0009375821090734184,0.0009372614801439816,3
9639,20221018_110259.mat,4865351,4.865351,0.0009458220990960879,0.0009372614801439816,3
9640,20221018_110304.mat,97510,0.09751,0.0009843406452989176,0.0009431388687726135,3
9641,20221018_110304.mat,347255,0.347255,0.0009485456772542638,0.0009431388687726135,3
9642,20221018_110304.mat,367354,0.367354,0.0009709212345815722,0.0009431388687726135,3
9643,20221018_110304.mat,407353,0.407353,0.0009855065448506031,0.0009431388687726135,3
9644,20221018_110304.mat,437203,0.437203,0.0010033251789904763,0.0009431388687726135,3
9645,20221018_110304.mat,676998,0.676998,0.000967586357513711,0.0009431388687726135,3
9646,20221018_110304.mat,747046,0.747046,0.0009559400895536795,0.0009431388687726135,3
9647,20221018_110304.mat,1186637,1.186637,0.0009566402733908752,0.0009431388687726135,3
9648,20221018_110304.mat,1416283,1.416283,0.0009959296278146557,0.0009431388687726135,3
9649,20221018_110304.mat,1795975,1.795975,0.0009483356475497137,0.0009431388687726135,3
9650,20221018_110304.mat,1983632,1.983632,0.001215491531769023,0.0009431388687726135,3
9651,20221018_110304.mat,1983831,1.983831,0.0009499511046833659,0.0009431388687726135,3
9652,20221018_110304.mat,2175667,2.175667,0.0009545171901904174,0.0009431388687726135,3
9653,20221018_110304.mat,2189796,2.189796,0.0012766790235373554,0.0009431388687726135,3
9654,20221018_110304.mat,2295664,2.295664,0.0009892150917952256,0.0009431388687726135,3
9655,20221018_110304.mat,2305614,2.305614,0.0009625555078390169,0.0009431388687726135,3
9656,20221018_110304.mat,2745205,2.745205,0.0009674055982616945,0.0009431388687726135,3
9657,20221018_110304.mat,3224795,3.224795,0.0009446012917420925,0.0009431388687726135,3
9658,20221018_110304.mat,3644685,3.644685,0.006903067438265493,0.0009431388687726135,3
9659,20221018_110304.mat,3644884,3.644884,0.002239385202545472,0.0009431388687726135,3
9660,20221018_110304.mat,3904181,3.904181,0.0010006782299790081,0.0009431388687726135,3
9661,20221018_110304.mat,3984179,3.984179,0.0009816851121775068,0.0009431388687726135,3
9662,20221018_110304.mat,4124076,4.124076,0.0010196491419930903,0.0009431388687726135,3
9663,20221018_110304.mat,4303972,4.303972,0.0009635670901387291,0.0009431388687726135,3
9664,20221018_110304.mat,4393721,4.393721,0.0009547863741065296,0.0009431388687726135,3
9665,20221018_110304.mat,4403870,4.40387,0.0009473917863621652,0.0009431388687726135,3
9666,20221018_110304.mat,4873510,4.87351,0.0009947280330542267,0.0009431388687726135,3
9667,20221018_110309.mat,84774,0.084774,0.0009974142401126876,0.0009352389971374632,3
9668,20221018_110309.mat,174523,0.174523,0.0009478744772279057,0.0009352389971374632,3
9669,20221018_110309.mat,474416,0.474416,0.0009756964530633936,0.0009352389971374632,3
9670,20221018_110309.mat,494316,0.494316,0.0009435956010135961,0.0009352389971374632,3
9671,20221018_110309.mat,584264,0.584264,0.0009611314636069734,0.0009352389971374632,3
9672,20221018_110309.mat,744260,0.74426,0.000982726193526361,0.0009352389971374632,3
9673,20221018_110309.mat,1193801,1.193801,0.000974636375249684,0.0009352389971374632,3
9674,20221018_110309.mat,1433596,1.433596,0.000975193347699852,0.0009352389971374632,3
9675,20221018_110309.mat,1523544,1.523544,0.0009502050558154686,0.0009352389971374632,3
9676,20221018_110309.mat,1623442,1.623442,0.0010124919346503178,0.0009352389971374632,3
9677,20221018_110309.mat,2263028,2.263028,0.000937937426810532,0.0009352389971374632,3
9678,20221018_110309.mat,2382826,2.382826,0.0009578526017443384,0.0009352389971374632,3
9679,20221018_110309.mat,2572672,2.572672,0.0009557619748266299,0.0009352389971374632,3
9680,20221018_110309.mat,2702619,2.702619,0.0009959045976290445,0.0009352389971374632,3
9681,20221018_110309.mat,3122310,3.12231,0.0009419257552289482,0.0009352389971374632,3
9682,20221018_110309.mat,3292057,3.292057,0.0009374538682749292,0.0009352389971374632,3
9683,20221018_110309.mat,3391955,3.391955,0.0009779620033993298,0.0009352389971374632,3
9684,20221018_110309.mat,3641899,3.641899,0.0009666706143730133,0.0009352389971374632,3
9685,20221018_110309.mat,4011442,4.011442,0.0009583687045997754,0.0009352389971374632,3
9686,20221018_110309.mat,4051441,4.051441,0.0009535284812401102,0.0009352389971374632,3
9687,20221018_110309.mat,4361284,4.361284,0.0009601226820785771,0.0009352389971374632,3
9688,20221018_110309.mat,4730827,4.730827,0.0009916886985894553,0.0009352389971374632,3
9689,20221018_110309.mat,4780776,4.780776,0.0009725076362774727,0.0009352389971374632,3
9690,20221018_110314.mat,359593,0.359593,0.0009415677379476203,0.0009374573652199236,3
9691,20221018_110314.mat,589438,0.589438,0.0009626523048719541,0.0009374573652199236,3
9692,20221018_110314.mat,599388,0.599388,0.0009410468603514854,0.0009374573652199236,3
9693,20221018_110314.mat,649337,0.649337,0.001000100029178587,0.0009374573652199236,3
9694,20221018_110314.mat,819283,0.819283,0.0009500030893149001,0.0009374573652199236,3
9695,20221018_110314.mat,1039178,1.039178,0.0009841930303974276,0.0009374573652199236,3
9696,20221018_110314.mat,1378871,1.378871,0.000992540103370226,0.0009374573652199236,3
9697,20221018_110314.mat,1448720,1.44872,0.0009440881725570893,0.0009374573652199236,3
9698,20221018_110314.mat,1468819,1.468819,0.0009454139687175514,0.0009374573652199236,3
9699,20221018_110314.mat,1568717,1.568717,0.000962888660468794,0.0009374573652199236,3
9700,20221018_110314.mat,1638566,1.638566,0.0009622671113000354,0.0009374573652199236,3
9701,20221018_110314.mat,1838561,1.838561,0.0009689694710135739,0.0009374573652199236,3
9702,20221018_110314.mat,1938459,1.938459,0.0009675449226085418,0.0009374573652199236,3
9703,20221018_110314.mat,2028407,2.028407,0.0009531483959142027,0.0009374573652199236,3
9704,20221018_110314.mat,2637944,2.637944,0.0009753490452216534,0.0009374573652199236,3
9705,20221018_110314.mat,2657844,2.657844,0.000945026834580861,0.0009374573652199236,3
9706,20221018_110314.mat,2777841,2.777841,0.0009424618225118577,0.0009374573652199236,3
9707,20221018_110314.mat,2787791,2.787791,0.0009526019516494927,0.0009374573652199236,3
9708,20221018_110314.mat,2997736,2.997736,0.0009551397329563757,0.0009374573652199236,3
9709,20221018_110314.mat,3337429,3.337429,0.0009494868392671079,0.0009374573652199236,3
9710,20221018_110314.mat,4116912,4.116912,0.000938663576368089,0.0009374573652199236,3
9711,20221018_110314.mat,4166861,4.166861,0.0009484560298807971,0.0009374573652199236,3
9712,20221018_110314.mat,4366856,4.366856,0.0009621819170591967,0.0009374573652199236,3
9713,20221018_110314.mat,4536603,4.536603,0.0009476988532581077,0.0009374573652199236,3
9714,20221018_110314.mat,4966443,4.966443,0.0009590612254556631,0.0009374573652199236,3
9715,20221018_110319.mat,46765,0.046765,0.0009600696839011982,0.0009433493640667605,3
9716,20221018_110319.mat,126763,0.126763,0.0009706219992017318,0.0009433493640667605,3
9717,20221018_110319.mat,166762,0.166762,0.0009520240498389599,0.0009433493640667605,3
9718,20221018_110319.mat,546653,0.546653,0.0009679632636090557,0.0009433493640667605,3
9719,20221018_110319.mat,786448,0.786448,0.0009463162325539795,0.0009433493640667605,3
9720,20221018_110319.mat,1026442,1.026442,0.0010204042654069659,0.0009433493640667605,3
9721,20221018_110319.mat,1086341,1.086341,0.0009501589231622656,0.0009433493640667605,3
9722,20221018_110319.mat,1096291,1.096291,0.0009545141960806162,0.0009433493640667605,3
9723,20221018_110319.mat,1226238,1.226238,0.0009440531120080012,0.0009433493640667605,3
9724,20221018_110319.mat,1466232,1.466232,0.0009462378525551005,0.0009433493640667605,3
9725,20221018_110319.mat,1965921,1.965921,0.0009516330656232912,0.0009433493640667605,3
9726,20221018_110319.mat,2026019,2.026019,0.0009614315281446695,0.0009433493640667605,3
9727,20221018_110319.mat,2365712,2.365712,0.0009517348410874734,0.0009433493640667605,3
9728,20221018_110319.mat,2415860,2.41586,0.0009487077804340842,0.0009433493640667605,3
9729,20221018_110319.mat,2565707,2.565707,0.0009693140177781077,0.0009433493640667605,3
9730,20221018_110319.mat,2615656,2.615656,0.0009643666241223482,0.0009433493640667605,3
9731,20221018_110319.mat,2835551,2.835551,0.0009501993245668273,0.0009433493640667605,3
9732,20221018_110319.mat,3065396,3.065396,0.000962480544857442,0.0009433493640667605,3
9733,20221018_110319.mat,3195343,3.195343,0.000948349473992957,0.0009433493640667605,3
9734,20221018_110319.mat,3375438,3.375438,0.0009542696333446726,0.0009433493640667605,3
9735,20221018_110319.mat,3515335,3.515335,0.0010190403106710064,0.0009433493640667605,3
9736,20221018_110319.mat,3835128,3.835128,0.0009434304116544563,0.0009433493640667605,3
9737,20221018_110319.mat,4224969,4.224969,0.000954186877709976,0.0009433493640667605,3
9738,20221018_110319.mat,4474913,4.474913,0.0009453937260845896,0.0009433493640667605,3
9739,20221018_110324.mat,270242,0.270242,0.00094152638121648,0.0009350883814137052,3
9740,20221018_110324.mat,310241,0.310241,0.0009806341254543966,0.0009350883814137052,3
9741,20221018_110324.mat,880177,0.880177,0.0009472622172650593,0.0009350883814137052,3
9742,20221018_110324.mat,1579861,1.579861,0.0009395721645343501,0.0009350883814137052,3
9743,20221018_110324.mat,1729708,1.729708,0.0009358683726142694,0.0009350883814137052,3
9744,20221018_110324.mat,2029800,2.0298,0.0009572729773700395,0.0009350883814137052,3
9745,20221018_110324.mat,2969478,2.969478,0.000964137055645213,0.0009350883814137052,3
9746,20221018_110324.mat,3029377,3.029377,0.0009465224164539793,0.0009350883814137052,3
9747,20221018_110324.mat,3249272,3.249272,0.000936183112776827,0.0009350883814137052,3
9748,20221018_110324.mat,3299420,3.29942,0.0009469964426572507,0.0009350883814137052,3
9749,20221018_110324.mat,3359319,3.359319,0.0009383819796908613,0.0009350883814137052,3
9750,20221018_110324.mat,3689261,3.689261,0.0009805496660986192,0.0009350883814137052,3
9751,20221018_110324.mat,3919106,3.919106,0.000980715900815595,0.0009350883814137052,3
9752,20221018_110324.mat,4019203,4.019203,0.0009493809566353894,0.0009350883814137052,3
9753,20221018_110324.mat,4239098,4.239098,0.0009408370367468474,0.0009350883814137052,3
9754,20221018_110324.mat,4369045,4.369045,0.0009475908037463699,0.0009350883814137052,3
9755,20221018_110324.mat,4478893,4.478893,0.0009665561626129355,0.0009350883814137052,3
9756,20221018_110324.mat,4568841,4.568841,0.0009392770254604085,0.0009350883814137052,3
9757,20221018_110324.mat,4598890,4.59889,0.0009675080342514364,0.0009350883814137052,3
9758,20221018_110324.mat,4608840,4.60884,0.0009844016011166243,0.0009350883814137052,3
9759,20221018_110329.mat,422079,0.422079,0.0009757979386213509,0.0009407499573182705,3
9760,20221018_110329.mat,442178,0.442178,0.0009519431021769962,0.0009407499573182705,3
9761,20221018_110329.mat,472028,0.472028,0.000956817507279496,0.0009407499573182705,3
9762,20221018_110329.mat,686550,0.68655,0.0014997970740311896,0.0009407499573182705,3
9763,20221018_110329.mat,912017,0.912017,0.0009441806989216324,0.0009407499573182705,3
9764,20221018_110329.mat,1031815,1.031815,0.0009435835484111696,0.0009407499573182705,3
9765,20221018_110329.mat,1231810,1.23181,0.0009502099275082804,0.0009407499573182705,3
9766,20221018_110329.mat,1491704,1.491704,0.0009523633462445467,0.0009407499573182705,3
9767,20221018_110329.mat,1551603,1.551603,0.0020307969914858974,0.0009407499573182705,3
9768,20221018_110329.mat,1551802,1.551802,0.001816219500432967,0.0009407499573182705,3
9769,20221018_110329.mat,1761548,1.761548,0.0009686928142828785,0.0009407499573182705,3
9770,20221018_110329.mat,1861446,1.861446,0.0009719643540590489,0.0009407499573182705,3
9771,20221018_110329.mat,1981443,1.981443,0.0009523598567814619,0.0009407499573182705,3
9772,20221018_110329.mat,2241337,2.241337,0.0009789214951425246,0.0009407499573182705,3
9773,20221018_110329.mat,2431382,2.431382,0.0009714287571275922,0.0009407499573182705,3
9774,20221018_110329.mat,2531280,2.53128,0.0009578790681483856,0.0009407499573182705,3
9775,20221018_110329.mat,2991169,2.991169,0.0009419231979932029,0.0009407499573182705,3
9776,20221018_110329.mat,3021019,3.021019,0.0009480130580989505,0.0009407499573182705,3
9777,20221018_110329.mat,3331061,3.331061,0.0009551377144130387,0.0009407499573182705,3
9778,20221018_110329.mat,3371060,3.37106,0.0009523521799176695,0.0009407499573182705,3
9779,20221018_110329.mat,3550956,3.550956,0.0009507379037037251,0.0009407499573182705,3
9780,20221018_110329.mat,3560906,3.560906,0.0009490697604227636,0.0009407499573182705,3
9781,20221018_110329.mat,3650854,3.650854,0.000983160715092905,0.0009407499573182705,3
9782,20221018_110329.mat,3710753,3.710753,0.0009692600954799085,0.0009407499573182705,3
9783,20221018_110329.mat,3720902,3.720902,0.0009534626300839764,0.0009407499573182705,3
9784,20221018_110329.mat,4140593,4.140593,0.000954592676541774,0.0009407499573182705,3
9785,20221018_110329.mat,4250640,4.25064,0.0009562101762969461,0.0009407499573182705,3
9786,20221018_110329.mat,4560483,4.560483,0.0009686777193749937,0.0009407499573182705,3
9787,20221018_110329.mat,4570433,4.570433,0.0009681162757631185,0.0009407499573182705,3
9788,20221018_110334.mat,489142,0.489142,0.000966811059263981,0.0009432313693854513,3
9789,20221018_110334.mat,1138479,1.138479,0.0009771830351621102,0.0009432313693854513,3
9790,20221018_110334.mat,1205741,1.205741,0.0030473630900128296,0.0009432313693854513,3
9791,20221018_110334.mat,1205940,1.20594,0.0013495691588614252,0.0009432313693854513,3
9792,20221018_110334.mat,1218676,1.218676,0.0009847549783665369,0.0009432313693854513,3
9793,20221018_110334.mat,1393597,1.393597,0.0009467612675022692,0.0009432313693854513,3
9794,20221018_110334.mat,1816273,1.816273,0.0014150520901766044,0.0009432313693854513,3
9795,20221018_110334.mat,1816472,1.816472,0.005376326292479607,0.0009432313693854513,3
9796,20221018_110334.mat,2310390,2.31039,0.0011051607958400805,0.0009432313693854513,3
9797,20221018_110334.mat,2318350,2.31835,0.000974151387428625,0.0009432313693854513,3
9798,20221018_110334.mat,2355364,2.355364,0.000958803072537512,0.0009432313693854513,3
9799,20221018_110334.mat,2358349,2.358349,0.0009564758051048373,0.0009432313693854513,3
9800,20221018_110334.mat,2398149,2.398149,0.0012396509757192145,0.0009432313693854513,3
9801,20221018_110334.mat,2398348,2.398348,0.0009642236564998046,0.0009432313693854513,3
9802,20221018_110334.mat,2401532,2.401532,0.00725071799225557,0.0009432313693854513,3
9803,20221018_110334.mat,2401731,2.401731,0.001780632672920067,0.0009432313693854513,3
9804,20221018_110334.mat,2401930,2.40193,0.0013615318151942873,0.0009432313693854513,3
9805,20221018_110334.mat,2402726,2.402726,0.009562320621219755,0.0009432313693854513,3
9806,20221018_110334.mat,2402925,2.402925,0.003961996969160182,0.0009432313693854513,3
9807,20221018_110334.mat,2403124,2.403124,0.0035281314185342735,0.0009432313693854513,3
9808,20221018_110334.mat,2403323,2.403323,0.002272418124661103,0.0009432313693854513,3
9809,20221018_110334.mat,2403920,2.40392,0.001091051787245567,0.0009432313693854513,3
9810,20221018_110334.mat,2404119,2.404119,0.004063490345403267,0.0009432313693854513,3
9811,20221018_110334.mat,2404318,2.404318,0.001463918381485081,0.0009432313693854513,3
9812,20221018_110334.mat,2404517,2.404517,0.00520937727363176,0.0009432313693854513,3
9813,20221018_110334.mat,2404716,2.404716,0.019445611405836165,0.0009432313693854513,3
9814,20221018_110334.mat,2404915,2.404915,0.008114398596429397,0.0009432313693854513,3
9815,20221018_110334.mat,2405114,2.405114,0.0012169117208187218,0.0009432313693854513,3
9816,20221018_110334.mat,2406706,2.406706,0.0014172013211541756,0.0009432313693854513,3
9817,20221018_110334.mat,2406905,2.406905,0.0015113269757411887,0.0009432313693854513,3
9818,20221018_110334.mat,2409094,2.409094,0.0010638136207222594,0.0009432313693854513,3
9819,20221018_110334.mat,2418646,2.418646,0.00245071665932761,0.0009432313693854513,3
9820,20221018_110334.mat,2418845,2.418845,0.003107627867573361,0.0009432313693854513,3
9821,20221018_110334.mat,2423621,2.423621,0.0020374294922671696,0.0009432313693854513,3
9822,20221018_110334.mat,2423820,2.42382,0.0014228095695629956,0.0009432313693854513,3
9823,20221018_110334.mat,2428198,2.428198,0.0010075735485316508,0.0009432313693854513,3
9824,20221018_110334.mat,2432576,2.432576,0.0012789564626727065,0.0009432313693854513,3
9825,20221018_110334.mat,2432775,2.432775,0.0009463425923850553,0.0009432313693854513,3
9826,20221018_110334.mat,2452476,2.452476,0.001672818627069825,0.0009432313693854513,3
9827,20221018_110334.mat,2452675,2.452675,0.0016532291510283628,0.0009432313693854513,3
9828,20221018_110334.mat,2452874,2.452874,0.0013103518837072163,0.0009432313693854513,3
9829,20221018_110334.mat,2460635,2.460635,0.0018486868203979243,0.0009432313693854513,3
9830,20221018_110334.mat,2460834,2.460834,0.004871731109652102,0.0009432313693854513,3
9831,20221018_110334.mat,2461033,2.461033,0.0010791989562983259,0.0009432313693854513,3
9832,20221018_110334.mat,2469789,2.469789,0.001012122415494238,0.0009432313693854513,3
9833,20221018_110334.mat,2473172,2.473172,0.0014985039526712956,0.0009432313693854513,3
9834,20221018_110334.mat,2473371,2.473371,0.004395362534991091,0.0009432313693854513,3
9835,20221018_110334.mat,2473570,2.47357,0.0009603525984366338,0.0009432313693854513,3
9836,20221018_110334.mat,2482326,2.482326,0.0011022510748151795,0.0009432313693854513,3
9837,20221018_110334.mat,2483122,2.483122,0.001787694084019655,0.0009432313693854513,3
9838,20221018_110334.mat,2483321,2.483321,0.0027276002530045897,0.0009432313693854513,3
9839,20221018_110334.mat,2483520,2.48352,0.0011361128871733898,0.0009432313693854513,3
9840,20221018_110334.mat,2490684,2.490684,0.0011548469939842972,0.0009432313693854513,3
9841,20221018_110334.mat,2491480,2.49148,0.0009604416187542481,0.0009432313693854513,3
9842,20221018_110334.mat,2492674,2.492674,0.0010655079510448289,0.0009432313693854513,3
9843,20221018_110334.mat,2494863,2.494863,0.0011142883104652158,0.0009432313693854513,3
9844,20221018_110334.mat,2496057,2.496057,0.000968864793785551,0.0009432313693854513,3
9845,20221018_110334.mat,2519539,2.519539,0.0009570026962309669,0.0009432313693854513,3
9846,20221018_110334.mat,2520534,2.520534,0.0012945791393813525,0.0009432313693854513,3
9847,20221018_110334.mat,2552374,2.552374,0.0009620642815563313,0.0009432313693854513,3
9848,20221018_110334.mat,2557349,2.557349,0.002128888823909422,0.0009432313693854513,3
9849,20221018_110334.mat,2557548,2.557548,0.0010338007889169924,0.0009432313693854513,3
9850,20221018_110334.mat,2568692,2.568692,0.0009510677355401401,0.0009432313693854513,3
9851,20221018_110334.mat,2658043,2.658043,0.0009446660363537445,0.0009432313693854513,3
9852,20221018_110334.mat,2954155,2.954155,0.0023961288002351485,0.0009432313693854513,3
9853,20221018_110334.mat,2954354,2.954354,0.0011277553926136272,0.0009432313693854513,3
9854,20221018_110334.mat,3163304,3.163304,0.0009954209255601503,0.0009432313693854513,3
9855,20221018_110334.mat,3203303,3.203303,0.0009738746979074098,0.0009432313693854513,3
9856,20221018_110334.mat,3329469,3.329469,0.0024216094939500474,0.0009432313693854513,3
9857,20221018_110334.mat,3329668,3.329668,0.005533943744789857,0.0009432313693854513,3
9858,20221018_110334.mat,3357727,3.357727,0.0009454444024163034,0.0009432313693854513,3
9859,20221018_110334.mat,3495236,3.495236,0.0038118239837543633,0.0009432313693854513,3
9860,20221018_110334.mat,3495435,3.495435,0.0013559763974425973,0.0009432313693854513,3
9861,20221018_110334.mat,3577821,3.577821,0.0009612336365139585,0.0009432313693854513,3
9862,20221018_110334.mat,3587771,3.587771,0.0009517939987750216,0.0009432313693854513,3
9863,20221018_110334.mat,3857615,3.857615,0.000993967627737782,0.0009432313693854513,3
9864,20221018_110334.mat,4247456,4.247456,0.0009709012105473925,0.0009432313693854513,3
9865,20221018_110334.mat,4287455,4.287455,0.0009623806327117786,0.0009432313693854513,3
9866,20221018_110334.mat,4497798,4.497798,0.00108804322419811,0.0009432313693854513,3
9867,20221018_110334.mat,4507350,4.50735,0.000949005516229436,0.0009432313693854513,3
9868,20221018_110334.mat,4940374,4.940374,0.00155268526072669,0.0009432313693854513,3
9869,20221018_110339.mat,146066,0.146066,0.0009557055731406903,0.0009446481766423099,3
9870,20221018_110339.mat,247357,0.247357,0.0013568281092114028,0.0009446481766423099,3
9871,20221018_110339.mat,247556,0.247556,0.0011861996372005842,0.0009446481766423099,3
9872,20221018_110339.mat,249944,0.249944,0.0011115195436537263,0.0009446481766423099,3
9873,20221018_110339.mat,492326,0.492326,0.0030540535143135667,0.0009446481766423099,3
9874,20221018_110339.mat,492525,0.492525,0.005710706333900629,0.0009446481766423099,3
9875,20221018_110339.mat,493122,0.493122,0.002264552982388386,0.0009446481766423099,3
9876,20221018_110339.mat,493321,0.493321,0.0010503018734186798,0.0009446481766423099,3
9877,20221018_110339.mat,644163,0.644163,0.000996387558596149,0.0009446481766423099,3
9878,20221018_110339.mat,735902,0.735902,0.0009630024277732151,0.0009446481766423099,3
9879,20221018_110339.mat,840576,0.840576,0.003247538248329,0.0009446481766423099,3
9880,20221018_110339.mat,970722,0.970722,0.0014358018971036594,0.0009446481766423099,3
9881,20221018_110339.mat,971120,0.97112,0.0013594039327739717,0.0009446481766423099,3
9882,20221018_110339.mat,1118778,1.118778,0.0009563832091825564,0.0009446481766423099,3
9883,20221018_110339.mat,1123156,1.123156,0.0009479614110734105,0.0009446481766423099,3
9884,20221018_110339.mat,1123355,1.123355,0.0012406101646007175,0.0009446481766423099,3
9885,20221018_110339.mat,1131912,1.131912,0.0010279259124087684,0.0009446481766423099,3
9886,20221018_110339.mat,1148230,1.14823,0.0019893225706744577,0.0009446481766423099,3
9887,20221018_110339.mat,1150817,1.150817,0.0014148454552917753,0.0009446481766423099,3
9888,20221018_110339.mat,1151016,1.151016,0.002506416731264691,0.0009446481766423099,3
9889,20221018_110339.mat,1151215,1.151215,0.0009933083781020918,0.0009446481766423099,3
9890,20221018_110339.mat,1151613,1.151613,0.0011070006363461753,0.0009446481766423099,3
9891,20221018_110339.mat,1483744,1.483744,0.0010431441301734785,0.0009446481766423099,3
9892,20221018_110339.mat,1675580,1.67558,0.0009563275553555004,0.0009446481766423099,3
9893,20221018_110339.mat,1695679,1.695679,0.0009844456473815017,0.0009446481766423099,3
9894,20221018_110339.mat,1858262,1.858262,0.001461519059997628,0.0009446481766423099,3
9895,20221018_110339.mat,1901246,1.901246,0.0013012589182732023,0.0009446481766423099,3
9896,20221018_110339.mat,2055670,2.05567,0.000987026411695443,0.0009446481766423099,3
9897,20221018_110339.mat,2585408,2.585408,0.0009538119463754725,0.0009446481766423099,3
9898,20221018_110339.mat,2745404,2.745404,0.0018108946119712991,0.0009446481766423099,3
9899,20221018_110339.mat,2774856,2.774856,0.001386113818076115,0.0009446481766423099,3
9900,20221018_110339.mat,2775652,2.775652,0.0009771378723148162,0.0009446481766423099,3
9901,20221018_110339.mat,2789582,2.789582,0.0016139126133852004,0.0009446481766423099,3
9902,20221018_110339.mat,2790378,2.790378,0.0018083884207339058,0.0009446481766423099,3
9903,20221018_110339.mat,2798935,2.798935,0.0011610743326039886,0.0009446481766423099,3
9904,20221018_110339.mat,2802915,2.802915,0.0010164990543956687,0.0009446481766423099,3
9905,20221018_110339.mat,2814457,2.814457,0.0010336541222066616,0.0009446481766423099,3
9906,20221018_110339.mat,2985398,2.985398,0.000955340485373561,0.0009446481766423099,3
9907,20221018_110339.mat,3615233,3.615233,0.000961155627015231,0.0009446481766423099,3
9908,20221018_110339.mat,3785378,3.785378,0.0009824728406920033,0.0009446481766423099,3
9909,20221018_110339.mat,3805278,3.805278,0.0009468163212014846,0.0009446481766423099,3
9910,20221018_110339.mat,3825377,3.825377,0.0009824410953171055,0.0009446481766423099,3
9911,20221018_110339.mat,4175219,4.175219,0.0009589359016327625,0.0009446481766423099,3
9912,20221018_110344.mat,523569,0.523569,0.0009431847816022845,0.0009350111357194289,3
9913,20221018_110344.mat,783662,0.783662,0.0009557322187235704,0.0009350111357194289,3
9914,20221018_110344.mat,847143,0.847143,0.0018132491836112658,0.0009350111357194289,3
9915,20221018_110344.mat,847342,0.847342,0.0014915423689283492,0.0009350111357194289,3
9916,20221018_110344.mat,1333499,1.333499,0.0009432289529679426,0.0009350111357194289,3
9917,20221018_110344.mat,1353399,1.353399,0.0009402088137095989,0.0009350111357194289,3
9918,20221018_110344.mat,1623442,1.623442,0.0009359471293924752,0.0009350111357194289,3
9919,20221018_110344.mat,1763339,1.763339,0.0009388039083314273,0.0009350111357194289,3
9920,20221018_110344.mat,1863436,1.863436,0.0009448654549761949,0.0009350111357194289,3
9921,20221018_110344.mat,1963334,1.963334,0.0009875036830287451,0.0009350111357194289,3
9922,20221018_110344.mat,2053282,2.053282,0.0009407207239464652,0.0009350111357194289,3
9923,20221018_110344.mat,2103430,2.10343,0.0009591228219376865,0.0009350111357194289,3
9924,20221018_110344.mat,2303425,2.303425,0.0009477172248709738,0.0009350111357194289,3
9925,20221018_110344.mat,2453272,2.453272,0.0009390694973682904,0.0009350111357194289,3
9926,20221018_110344.mat,2503221,2.503221,0.0009548911712456739,0.0009350111357194289,3
9927,20221018_110344.mat,2533270,2.53327,0.001017218809518267,0.0009350111357194289,3
9928,20221018_110344.mat,2613268,2.613268,0.0009636304278944634,0.0009350111357194289,3
9929,20221018_110344.mat,2653267,2.653267,0.0009381319900925208,0.0009350111357194289,3
9930,20221018_110344.mat,2693266,2.693266,0.0009797732862105806,0.0009350111357194289,3
9931,20221018_110344.mat,2783214,2.783214,0.0009589492630427742,0.0009350111357194289,3
9932,20221018_110344.mat,2843312,2.843312,0.0009746578329381865,0.0009350111357194289,3
9933,20221018_110344.mat,3163105,3.163105,0.0009385382441377567,0.0009350111357194289,3
9934,20221018_110344.mat,3253053,3.253053,0.0009474028627699146,0.0009350111357194289,3
9935,20221018_110344.mat,3363100,3.3631,0.0009782163784720363,0.0009350111357194289,3
9936,20221018_110344.mat,3493047,3.493047,0.0009645504553423301,0.0009350111357194289,3
9937,20221018_110344.mat,3693042,3.693042,0.000971803105780435,0.0009350111357194289,3
9938,20221018_110344.mat,4442874,4.442874,0.000941493839922726,0.0009350111357194289,3
9939,20221018_110344.mat,4511529,4.511529,0.0024888377741481486,0.0009350111357194289,3
9940,20221018_110344.mat,4511728,4.511728,0.003062821822969859,0.0009350111357194289,3
9941,20221018_110344.mat,4692818,4.692818,0.000970733218024886,0.0009350111357194289,3
9942,20221018_110344.mat,4712917,4.712917,0.000953863928056536,0.0009350111357194289,3
9943,20221018_110344.mat,4972811,4.972811,0.0010110736690136578,0.0009350111357194289,3
